{
    "appid": "3382850",
    "type": "Beta",
    "name": "Jock Studio Playtest",
    "schinese_name": "",
    "isfreeapp": "0",
    "change_number": "27855279",
    "update_time": "2025-03-09 09:08:57",
    "depot": {
        "3382851": {
            "manifests": {
                "public": {
                    "gid": "8700543000042881144",
                    "size": "2805088473",
                    "download": "2136248688"
                }
            },
            "decryptionkey": "a87612d6ed8043943561f98d6e1585dbccb10fc34b3bb766a7af9d707dd8c964"
        },
        "3382853": {
            "config": {
                "oslist": "windows"
            },
            "manifests": {
                "public": {
                    "gid": "2166715781087750863",
                    "size": "2805088473",
                    "download": "2136248560"
                }
            },
            "decryptionkey": "0777b30391dccd0fb1c33e97b02edd6ce8ae3b78b9f85eeaac4822a65e84c177"
        },
        "3382852": {
            "config": {
                "oslist": "macos"
            },
            "manifests": {
                "public": {
                    "gid": "2824133250046298512",
                    "size": "2831274052",
                    "download": "2144503952"
                }
            },
            "decryptionkey": ""
        },
        "branches": {
            "public": {
                "buildid": "16808713",
                "timeupdated": "1734660933"
            }
        }
    }
}