{
    "appid": "2992500",
    "type": "Game",
    "name": "Coin Factory",
    "schinese_name": "",
    "isfreeapp": "0",
    "change_number": "29015648",
    "update_time": "2025-05-16 11:00:46",
    "depot": {
        "baselanguages": "english",
        "228989": {
            "config": {
                "oslist": "windows"
            },
            "depotfromapp": "228980",
            "sharedinstall": "1"
        },
        "2992501": {
            "manifests": {
                "public": {
                    "gid": "3810210552179315877",
                    "size": "69809071",
                    "download": "31279568"
                }
            },
            "decryptionkey": "1865f60cdf6edd6825d81e7d2b3c37b8c8e898a7344e644031e32d1202f2b2be"
        },
        "2992502": {
            "config": {
                "oslist": "linux"
            },
            "manifests": {
                "public": {
                    "gid": "4715994870033555967",
                    "size": "309666780",
                    "download": "92517344"
                }
            },
            "decryptionkey": "19082cb052a3081ebbd5e13a5719209755f216c795eb3b4ad84b1811e990f390"
        },
        "branches": {
            "public": {
                "buildid": "16833941",
                "timeupdated": "1734947975"
            }
        },
        "privatebranches": "1"
    }
}