{
    "appid": "3486240",
    "type": "Game",
    "name": "最后的修仙者",
    "schinese_name": "",
    "isfreeapp": "0",
    "change_number": "28929617",
    "update_time": "2025-05-12 06:31:57",
    "depot": {
        "baselanguages": "schinese",
        "3486241": {
            "config": {
                "oslist": "windows"
            },
            "manifests": {
                "public": {
                    "gid": "5270805974855596492",
                    "size": "593897464",
                    "download": "534096512"
                }
            },
            "decryptionkey": "a164389c120eaec1ad988654e1865803b19b5e9c7b746a3abe9b4cedf6bbb143"
        },
        "branches": {
            "public": {
                "buildid": "18422675",
                "timeupdated": "1747002693"
            }
        },
        "privatebranches": "1"
    }
}