{
    "appid": "3044070",
    "type": "Game",
    "name": "If you touch me, I will marry you.",
    "schinese_name": "",
    "isfreeapp": "0",
    "change_number": "28684235",
    "update_time": "2025-04-27 00:13:27",
    "depot": {
        "3044071": {
            "manifests": {
                "public": {
                    "gid": "8661152433606110636",
                    "size": "9797999781",
                    "download": "1252267632"
                }
            },
            "decryptionkey": "e101d384d2f386c91a207af0681c07a4ef44ef5f3ea62febfc143d963098b803"
        },
        "branches": {
            "public": {
                "buildid": "14806293",
                "timeupdated": "1719088273"
            }
        }
    }
}