{
    "appid": "3037020",
    "type": "Game",
    "name": "Project Phoenix",
    "schinese_name": "",
    "isfreeapp": "0",
    "change_number": "27265290",
    "update_time": "2025-02-01 12:35:33",
    "depot": {
        "228989": {
            "config": {
                "oslist": "windows"
            },
            "depotfromapp": "228980",
            "sharedinstall": "1"
        },
        "228990": {
            "config": {
                "oslist": "windows"
            },
            "depotfromapp": "228980",
            "sharedinstall": "1"
        },
        "3037021": {
            "manifests": {
                "public": {
                    "gid": "2705054002309166847",
                    "size": "3341925566",
                    "download": "3247089376"
                }
            },
            "decryptionkey": "a3830d5c285f8c42cf096d1295ce21dd0d664205c6fc94ed46d0d12ec774a2b7"
        },
        "branches": {
            "public": {
                "buildid": "14649613",
                "timeupdated": "1717847105"
            }
        }
    }
}