{
    "appid": "3440750",
    "type": "Game",
    "name": "Beats&Boss",
    "schinese_name": "跟着节奏打Boss",
    "isfreeapp": "0",
    "change_number": "28229309",
    "update_time": "2025-03-31 21:53:51",
    "depot": {
        "3440751": {
            "manifests": {
                "public": {
                    "gid": "5509079541208203850",
                    "size": "225374484",
                    "download": "60293776"
                }
            },
            "decryptionkey": "cb7120f796b61e1f1bea030b9bf31e52db9e01309d8d9d2210fa4a6c1d553427"
        },
        "baselanguages": "english,schinese",
        "branches": {
            "public": {
                "buildid": "17909019",
                "timeupdated": "1743246580"
            }
        }
    }
}