{
    "appid": "3020640",
    "type": "Demo",
    "name": "Bang Bang Barrage Demo",
    "schinese_name": "枪豆人试玩版",
    "isfreeapp": "0",
    "change_number": "27412467",
    "update_time": "2025-02-11 10:28:51",
    "depot": {
        "baselanguages": "english,schinese",
        "3020641": {
            "config": {
                "oslist": "windows"
            },
            "manifests": {
                "public": {
                    "gid": "2245142404039406108",
                    "size": "375354016",
                    "download": "119617632"
                }
            },
            "decryptionkey": "cf521e3ddbd8f305957d77d4e83f64320e4de16152d9657918113462bfcd06d3"
        },
        "3020642": {
            "config": {
                "oslist": "windows"
            }
        },
        "branches": {
            "public": {
                "buildid": "17262892",
                "timeupdated": "1739240928"
            }
        },
        "privatebranches": "1"
    }
}