{
    "appid": "3085010",
    "type": "Game",
    "name": "EmojiShooter",
    "schinese_name": "表情包射手",
    "isfreeapp": "0",
    "change_number": "28541536",
    "update_time": "2025-04-18 10:21:30",
    "depot": {
        "3085011": {
            "manifests": {
                "public": {
                    "gid": "276998826331859419",
                    "size": "142670768",
                    "download": "72345616"
                }
            },
            "decryptionkey": "4dd1db2d667abc92b12d01713d0861c15911e7e31f99ffb7f5fbb5b4304531c9"
        },
        "branches": {
            "public": {
                "buildid": "18127147",
                "timeupdated": "1744799106"
            }
        }
    }
}