{
    "appid": "3265170",
    "type": "Demo",
    "name": "How Can a Joker Like Me Play Cards with a Beautiful Girl Demo",
    "schinese_name": "身为小丑的我怎么可能和美少女一起打牌 Demo",
    "isfreeapp": "0",
    "change_number": "25999857",
    "update_time": "2024-11-01 10:03:19",
    "depot": {
        "228989": {
            "config": {
                "oslist": "windows"
            },
            "depotfromapp": "228980",
            "sharedinstall": "1"
        },
        "228990": {
            "config": {
                "oslist": "windows"
            },
            "depotfromapp": "228980",
            "sharedinstall": "1"
        },
        "3265171": {
            "manifests": {
                "public": {
                    "gid": "1242444756710997408",
                    "size": "414478388",
                    "download": "295046240"
                }
            },
            "decryptionkey": "f93a4abe5333b7821e645009699330d91f4238eea40df695a4df13827ace3c08"
        },
        "branches": {
            "public": {
                "buildid": "15874874",
                "timeupdated": "1727697655"
            }
        }
    }
}