{
    "appid": "3261260",
    "type": "Demo",
    "name": "Two Falls (Nishu Takuatshina) Demo",
    "schinese_name": "",
    "isfreeapp": "0",
    "change_number": "28451589",
    "update_time": "2025-04-13 16:09:41",
    "depot": {
        "228989": {
            "config": {
                "oslist": "windows"
            },
            "depotfromapp": "228980",
            "sharedinstall": "1"
        },
        "228990": {
            "config": {
                "oslist": "windows"
            },
            "depotfromapp": "228980",
            "sharedinstall": "1"
        },
        "3261261": {
            "manifests": {
                "public": {
                    "gid": "6426520674321191271",
                    "size": "8115773799",
                    "download": "7564390432"
                }
            },
            "decryptionkey": "0c8249455d9b2c533ff87b24500717afa8a47cf9fe04fb29c3c0bdab55f5a440"
        },
        "branches": {
            "public": {
                "buildid": "15958327",
                "timeupdated": "1728411825"
            }
        },
        "privatebranches": "1"
    }
}