{
    "appid": "2989860",
    "type": "Game",
    "name": "Ells Tales: Egg",
    "schinese_name": "",
    "isfreeapp": "0",
    "change_number": "28535239",
    "update_time": "2025-04-18 01:58:46",
    "depot": {
        "228988": {
            "config": {
                "oslist": "windows"
            },
            "depotfromapp": "228980",
            "sharedinstall": "1"
        },
        "228990": {
            "config": {
                "oslist": "windows"
            },
            "depotfromapp": "228980",
            "sharedinstall": "1"
        },
        "2989861": {
            "manifests": {
                "public": {
                    "gid": "7264289115068229815",
                    "size": "194549977",
                    "download": "108782256"
                }
            },
            "decryptionkey": "ed37edecb3fe16e574b80a7ce84b07b2338e60c5c7d89786e632ee7006362bff"
        },
        "branches": {
            "public": {
                "buildid": "14681648",
                "timeupdated": "1718130443"
            }
        }
    }
}