{
    "appid": "3016890",
    "type": "Game",
    "name": "Vibrant Frame",
    "schinese_name": "青春之框",
    "isfreeapp": "0",
    "change_number": "28946854",
    "update_time": "2025-05-13 04:04:09",
    "depot": {
        "3016891": {
            "config": {
                "oslist": "windows"
            },
            "manifests": {
                "public": {
                    "gid": "4934792718492158174",
                    "size": "984163175",
                    "download": "784787744"
                }
            },
            "decryptionkey": "9501d006a8a1d0c2336b472c408e18f877e01a35bf94fafd5012824dd221382e"
        },
        "baselanguages": "english,koreana,schinese,tchinese,japanese",
        "branches": {
            "public": {
                "buildid": "15599004",
                "timeupdated": "1725524623"
            }
        },
        "privatebranches": "1"
    }
}