{
    "appid": "3079760",
    "type": "Demo",
    "name": "Bored Wife Demo",
    "schinese_name": "",
    "isfreeapp": "0",
    "change_number": "26284405",
    "update_time": "2024-11-21 01:56:03",
    "depot": {
        "3079761": {
            "manifests": {
                "public": {
                    "gid": "353184080704059031",
                    "size": "807868177",
                    "download": "648451504"
                }
            },
            "decryptionkey": "c10e93f82cae0245210eaa96cbb4b2ca54836e892fa2924072aa4e5b2e92bbcd"
        },
        "branches": {
            "public": {
                "buildid": "14886122",
                "timeupdated": "1719747074"
            }
        }
    }
}