{
    "appid": "3633810",
    "type": "DLC",
    "name": "台北仲夏夜之夢 - DLC",
    "schinese_name": "",
    "isfreeapp": "0",
    "change_number": "28901436",
    "update_time": "2025-05-09 20:24:49",
    "depot": {
        "3633810": {
            "config": {
                "oslist": "windows"
            },
            "manifests": {
                "public": {
                    "gid": "5936531779436684646",
                    "size": "27789314325",
                    "download": "26985406752"
                }
            },
            "dlcappid": "3633810",
            "decryptionkey": "e5eeaa4d2870530dd19c02a48d2951e74c0f67c20725bed63d7f4e2f14a9e54c"
        },
        "branches": {
            "public": {
                "buildid": "18402926",
                "timeupdated": "1746793484"
            }
        }
    }
}