{
    "appid": "3233850",
    "type": "Demo",
    "name": "Rusty Dudes Demo",
    "schinese_name": "",
    "isfreeapp": "0",
    "change_number": "25796643",
    "update_time": "2024-10-19 12:02:59",
    "depot": {
        "228989": {
            "config": {
                "oslist": "windows"
            },
            "depotfromapp": "228980",
            "sharedinstall": "1"
        },
        "228990": {
            "config": {
                "oslist": "windows"
            },
            "depotfromapp": "228980",
            "sharedinstall": "1"
        },
        "3233851": {
            "manifests": {
                "public": {
                    "gid": "8573538256545647736",
                    "size": "1663929226",
                    "download": "1331333248"
                }
            },
            "decryptionkey": "e0a7ffb9ba3b7ea672a7269016aeea750df28d43f64c7acdfa3106948f673f2f"
        },
        "branches": {
            "public": {
                "buildid": "16104583",
                "timeupdated": "1729310575"
            }
        }
    }
}