{
    "appid": "3253560",
    "type": "Game",
    "name": "Shining Princess Lapisphilia",
    "schinese_name": "苍天煌姬拉碧丝菲莉亚",
    "isfreeapp": "0",
    "change_number": "29016528",
    "update_time": "2025-05-16 12:24:49",
    "depot": {
        "3253561": {
            "config": {
                "language": "english",
                "oslist": "windows"
            },
            "manifests": {
                "public": {
                    "gid": "7334963751315864232",
                    "size": "588591546",
                    "download": "460118512"
                }
            },
            "decryptionkey": ""
        },
        "3253562": {
            "config": {
                "language": "japanese",
                "oslist": "windows"
            },
            "manifests": {
                "public": {
                    "gid": "4753018610623677372",
                    "size": "588669829",
                    "download": "460161728"
                }
            },
            "decryptionkey": ""
        },
        "3253563": {
            "config": {
                "language": "schinese",
                "oslist": "windows"
            },
            "manifests": {
                "public": {
                    "gid": "6235014351359411927",
                    "size": "605178215",
                    "download": "467998576"
                }
            },
            "decryptionkey": "8ace83849b10752affe8d0b15622b872dfd2cbaa4b1993c2ac0a91edd3c60988"
        },
        "3253564": {
            "config": {
                "language": "tchinese",
                "oslist": "windows"
            },
            "manifests": {
                "public": {
                    "gid": "4033704442646903995",
                    "size": "605178175",
                    "download": "467998848"
                }
            },
            "decryptionkey": ""
        },
        "branches": {
            "public": {
                "buildid": "17535476",
                "timeupdated": "1740680468"
            }
        }
    }
}