{
    "appid": "3065810",
    "type": "Game",
    "name": "One Room Dungeon",
    "schinese_name": "",
    "isfreeapp": "0",
    "change_number": "28911906",
    "update_time": "2025-05-10 08:05:04",
    "depot": {
        "3065811": {
            "config": {
                "oslist": "windows"
            },
            "manifests": {
                "public": {
                    "gid": "2004239929669917710",
                    "size": "693839322",
                    "download": "227730448"
                }
            },
            "decryptionkey": "e1b08aba9947af1cae1108f45aab20472d3ddccf83a59792f23e9d606b1d1620"
        },
        "3065812": {
            "config": {
                "oslist": "macos"
            },
            "manifests": {
                "public": {
                    "gid": "6194688028094039577",
                    "size": "686597485",
                    "download": "225692256"
                }
            }
        },
        "branches": {
            "public": {
                "buildid": "18399453",
                "timeupdated": "1746835498"
            }
        }
    }
}