{
    "appid": "3308550",
    "type": "Game",
    "name": "Sky End Market",
    "schinese_name": "",
    "isfreeapp": "0",
    "change_number": "29044728",
    "update_time": "2025-05-18 08:08:01",
    "depot": {
        "3308551": {
            "manifests": {
                "public": {
                    "gid": "5784663855563671278",
                    "size": "232131441",
                    "download": "89650272"
                }
            },
            "decryptionkey": "5b5aa1204c361ba263216225aa96c111290227d271cd317fdabe6af3ea232251"
        },
        "branches": {
            "public": {
                "buildid": "18498209",
                "timeupdated": "1747436858"
            }
        }
    }
}