{
    "appid": "2988340",
    "type": "Game",
    "name": "Journey of Harvest",
    "schinese_name": "收获之旅",
    "isfreeapp": "0",
    "change_number": "28762834",
    "update_time": "2025-05-01 12:00:13",
    "depot": {
        "2988341": {
            "manifests": {
                "public": {
                    "gid": "6327657523333998495",
                    "size": "1316502301",
                    "download": "342877232"
                }
            },
            "decryptionkey": "fc209a3364614d8e296a555dc2ff8930c51722b0c3e0b42aacbdab179f689fa5"
        },
        "branches": {
            "public": {
                "buildid": "18289646",
                "timeupdated": "1745983752"
            }
        }
    }
}