{
    "appid": "3057410",
    "type": "Game",
    "name": "Mounted War",
    "schinese_name": "骑战：烈火之剑",
    "isfreeapp": "0",
    "change_number": "29046390",
    "update_time": "2025-05-18 13:52:52",
    "depot": {
        "3057411": {
            "manifests": {
                "public": {
                    "gid": "7121146886278468186",
                    "size": "6886765453",
                    "download": "3063846032"
                }
            },
            "decryptionkey": "1ea34118b8f46445e19bc0fab21225d96648db634ab6655ed4d47c6ac0879eb9"
        },
        "branches": {
            "public": {
                "buildid": "18507010",
                "timeupdated": "1747547569"
            }
        }
    }
}