{
    "appid": "3128230",
    "type": "Demo",
    "name": "代号肉鸽：流放之地（WhatRogue：Exile Land）Demo",
    "schinese_name": "代号肉鸽：流放之地 Demo",
    "isfreeapp": "0",
    "change_number": "26685919",
    "update_time": "2024-12-18 07:53:23",
    "depot": {
        "baselanguages": "english,schinese",
        "3128231": {
            "manifests": {
                "public": {
                    "gid": "7455756457389260109",
                    "size": "648977354",
                    "download": "240613840"
                }
            },
            "decryptionkey": "c17813e4adbfd80feffc2cd984323b7d0f6d1ab3186b7021a927bd9ef1fae69a"
        },
        "branches": {
            "public": {
                "buildid": "15974864",
                "timeupdated": "1728895162"
            }
        },
        "privatebranches": "1"
    }
}