{
    "appid": "3344240",
    "type": "Demo",
    "name": "Eyes That Hypnotise Demo",
    "schinese_name": "",
    "isfreeapp": "0",
    "change_number": "27439286",
    "update_time": "2025-02-12 20:49:00",
    "depot": {
        "3344241": {
            "config": {
                "oslist": "macos"
            },
            "manifests": {
                "public": {
                    "gid": "8633965930833840671",
                    "size": "454531688",
                    "download": "105325840"
                }
            },
            "decryptionkey": ""
        },
        "3344242": {
            "config": {
                "oslist": "windows"
            },
            "manifests": {
                "public": {
                    "gid": "6542213354847083815",
                    "size": "430138713",
                    "download": "97817184"
                }
            },
            "decryptionkey": "48c23101edbd4b5a07651e70965890c84af542a092fff14d2cab756c3cbf0c59"
        },
        "branches": {
            "public": {
                "buildid": "17336138",
                "timeupdated": "1739364533"
            }
        },
        "privatebranches": "1"
    }
}