{
    "appid": "3017480",
    "type": "Demo",
    "name": "Party Club Demo",
    "schinese_name": "",
    "isfreeapp": "0",
    "change_number": "27454332",
    "update_time": "2025-02-13 15:36:46",
    "depot": {
        "3017481": {
            "config": {
                "language": "english",
                "oslist": "windows"
            },
            "manifests": {
                "public": {
                    "gid": "8630824329720213334",
                    "size": "4329469609",
                    "download": "843114880"
                }
            },
            "decryptionkey": "cd9058cde5106b5cae6c07e389e8699ecef3a809f0205a5f7e4ed9094a9c628e"
        },
        "3017482": {
            "config": {
                "language": "english",
                "oslist": "macos"
            },
            "manifests": {
                "public": {
                    "gid": "8766728191189848698",
                    "size": "1805907570",
                    "download": "1204977296"
                }
            },
            "decryptionkey": ""
        },
        "hasdepotsindlc": "0",
        "branches": {
            "public": {
                "buildid": "17282026",
                "timeupdated": "1738943747"
            }
        }
    }
}