{
    "appid": "3415850",
    "type": "Demo",
    "name": "Rocket Boots Mania Demo",
    "schinese_name": "",
    "isfreeapp": "0",
    "change_number": "27537596",
    "update_time": "2025-02-18 23:59:47",
    "depot": {
        "3415851": {
            "manifests": {
                "public": {
                    "gid": "350004380862403421",
                    "size": "3774634411",
                    "download": "1401361872"
                }
            },
            "decryptionkey": "b4005e61df6d97173b0c25b4df49dc9b7ff7b5ebd625d9a08b3c470c4a4e2fc3"
        },
        "branches": {
            "public": {
                "buildid": "17409684",
                "timeupdated": "1739972096"
            }
        },
        "privatebranches": "1"
    }
}