{
    "appid": "3001980",
    "type": "Music",
    "name": "Doki Doki AI Interrogation Soundtrack",
    "schinese_name": "",
    "isfreeapp": "0",
    "change_number": "23730470",
    "update_time": "2024-07-16 02:47:07",
    "depot": {
        "3001981": {
            "manifests": {
                "public": {
                    "gid": "8403431508233119859",
                    "size": "20003194",
                    "download": "19399008"
                }
            },
            "decryptionkey": "9e0754dff5e0ba9eb2b275059bec6d754644c6d217aaf4b1e920ddea9b418c80"
        },
        "3001982": {
            "config": {
                "highqualityaudio": "1"
            },
            "manifests": {
                "public": {
                    "gid": "7813560619028408007",
                    "size": "165429242",
                    "download": "156994192"
                }
            },
            "decryptionkey": "4e9aa44ee7e07c8967813ab72aa3351d60fb4993b136d221c92b3da542630fed"
        },
        "branches": {
            "public": {
                "buildid": "14463228",
                "timeupdated": "1716435098"
            }
        }
    }
}