{
    "appid": "3196550",
    "type": "Game",
    "name": "花奴令 HUANU POEMS",
    "schinese_name": "",
    "isfreeapp": "0",
    "change_number": "28873043",
    "update_time": "2025-05-08 09:37:03",
    "depot": {
        "228990": {
            "config": {
                "oslist": "windows"
            },
            "depotfromapp": "228980",
            "sharedinstall": "1"
        },
        "3196551": {
            "manifests": {
                "public": {
                    "gid": "5361893115854040917",
                    "size": "32707704141",
                    "download": "28797820544"
                }
            },
            "decryptionkey": "219c98232ac909c816efe8fce4d1f41ac51190d80bbc9616ce691e6180ec6ac3"
        },
        "baselanguages": "english,tchinese",
        "branches": {
            "public": {
                "buildid": "17525736",
                "timeupdated": "1740635201"
            }
        }
    }
}