{
    "appid": "3200830",
    "type": "Game",
    "name": "Cave Ghost",
    "schinese_name": "",
    "isfreeapp": "0",
    "change_number": "25261749",
    "update_time": "2024-09-17 21:02:45",
    "depot": {
        "3200831": {
            "manifests": {
                "public": {
                    "gid": "5484626801592625802",
                    "size": "89317589",
                    "download": "30378912"
                }
            },
            "decryptionkey": "a1aa4dfbf57dec26f745be5ccf9e5e08005fae66dc2c672ddc8907f56ae2c0fb"
        },
        "branches": {
            "public": {
                "buildid": "15523761",
                "timeupdated": "1724880881"
            }
        }
    }
}