{
    "appid": "3268980",
    "type": "Music",
    "name": "AWAKEN - Astral Blade Soundtrack",
    "schinese_name": "",
    "isfreeapp": "0",
    "change_number": "28496382",
    "update_time": "2025-04-16 06:16:32",
    "depot": {
        "3268981": {
            "manifests": {
                "public": {
                    "gid": "3729834395234426787",
                    "size": "176350772",
                    "download": "100533280"
                }
            },
            "decryptionkey": "d13a2616074945630a8783a6718bdf19afd7aad84686cc63ffc97a7aac599c6a"
        },
        "3268982": {
            "config": {
                "highqualityaudio": "1"
            },
            "manifests": {
                "public": {
                    "gid": "6451551363872849320",
                    "size": "889936834",
                    "download": "760744480"
                }
            },
            "decryptionkey": "20b83b5892e766fcd9be07a31a18ca75ce2f63f90525db219c0c0c3e807e1be2"
        },
        "branches": {
            "public": {
                "buildid": "15954148",
                "timeupdated": "1728309561"
            }
        }
    }
}