{
    "appid": "2965660",
    "type": "Game",
    "name": "PILGRIM",
    "schinese_name": "",
    "isfreeapp": "0",
    "change_number": "29015559",
    "update_time": "2025-05-16 10:54:47",
    "depot": {
        "228989": {
            "config": {
                "oslist": "windows"
            },
            "depotfromapp": "228980",
            "sharedinstall": "1"
        },
        "228990": {
            "config": {
                "oslist": "windows"
            },
            "depotfromapp": "228980",
            "sharedinstall": "1"
        },
        "2965661": {
            "manifests": {
                "public": {
                    "gid": "6121758808360196508",
                    "size": "702550166",
                    "download": "549473376"
                }
            },
            "decryptionkey": "f0915354709d3813ae653f8bd002cfb65030eda052000e004b678946d8060ce4"
        },
        "branches": {
            "public": {
                "buildid": "17228317",
                "timeupdated": "1738611068"
            }
        },
        "privatebranches": "1"
    }
}