{
    "appid": "3288270",
    "type": "Game",
    "name": "Monster Care Simulator",
    "schinese_name": "",
    "isfreeapp": "0",
    "change_number": "29043292",
    "update_time": "2025-05-18 04:15:23",
    "depot": {
        "3288271": {
            "manifests": {
                "public": {
                    "gid": "3267564641846894669",
                    "size": "3019176232",
                    "download": "994780800"
                }
            },
            "decryptionkey": "3fb90eeaf9bded22b7e94db0b157e734d017d6c5409e84add5ae511ce9958730"
        },
        "branches": {
            "public": {
                "buildid": "18262805",
                "timeupdated": "1745831449"
            }
        },
        "privatebranches": "1"
    }
}