{
    "appid": "2987900",
    "type": "Demo",
    "name": "异星家园 Demo",
    "schinese_name": "",
    "isfreeapp": "0",
    "change_number": "26895607",
    "update_time": "2025-01-08 01:10:48",
    "depot": {
        "2987901": {
            "config": {
                "oslist": "windows"
            },
            "manifests": {
                "public": {
                    "gid": "8812837078682214690",
                    "size": "320205917",
                    "download": "67059312"
                }
            },
            "decryptionkey": "8fbe56c0b86018719135fd2c7c313091786e2bdd52da68a4f1157e0f812d1c7e"
        },
        "baselanguages": "english,schinese",
        "branches": {
            "public": {
                "buildid": "14477312",
                "timeupdated": "1716522121"
            }
        }
    }
}