{
    "appid": "3060280",
    "type": "Demo",
    "name": "The Forever Winter Demo",
    "schinese_name": "永恒寒冬",
    "isfreeapp": "0",
    "change_number": "27964694",
    "update_time": "2025-03-15 04:36:24",
    "depot": {
        "baselanguages": "english,german,french,italian,koreana,spanish,schinese,russian,japanese,polish,ukrainian",
        "228989": {
            "config": {
                "oslist": "windows"
            },
            "depotfromapp": "228980",
            "sharedinstall": "1"
        },
        "228990": {
            "config": {
                "oslist": "windows"
            },
            "depotfromapp": "228980",
            "sharedinstall": "1"
        },
        "3060282": {
            "config": {
                "oslist": "windows",
                "osarch": "64"
            },
            "manifests": {
                "public": {
                    "gid": "6295685042119326859",
                    "size": "78887205750",
                    "download": "55032332560"
                }
            },
            "decryptionkey": "321ee9f3d49960571c1de2981d3df65c6d86d73a4c10367a0052f4938d7e39ab"
        },
        "branches": {
            "public": {
                "buildid": "17700469",
                "timeupdated": "1741984575"
            }
        },
        "privatebranches": "1"
    }
}