{
    "appid": "2966110",
    "type": "Game",
    "name": "EYE TO ME",
    "schinese_name": "",
    "isfreeapp": "0",
    "change_number": "28903669",
    "update_time": "2025-05-09 22:33:01",
    "depot": {
        "baselanguages": "english,schinese,russian,japanese",
        "2966111": {
            "config": {
                "oslist": "windows,linux"
            },
            "manifests": {
                "public": {
                    "gid": "2498328498089372552",
                    "size": "317492754",
                    "download": "268613376"
                }
            },
            "decryptionkey": "c55d22c99fb631f74ac9a5546e90f0a9bf3f7bbd99aeafc0cb7708ad0b7fbca3"
        },
        "2966112": {
            "config": {
                "language": "schinese",
                "oslist": "windows,linux"
            },
            "manifests": {
                "public": {
                    "gid": "8023979298520913531",
                    "size": "317492397",
                    "download": "268618704"
                }
            },
            "decryptionkey": "3a6038c37fc7d6ea540cc48292e706e14b4da7bdd1727fecaf3417228a4f8367"
        },
        "2966113": {
            "config": {
                "language": "japanese",
                "oslist": "windows,linux"
            },
            "manifests": {
                "public": {
                    "gid": "6956909415476456890",
                    "size": "317494189",
                    "download": "268605472"
                }
            },
            "decryptionkey": ""
        },
        "2966114": {
            "config": {
                "language": "russian",
                "oslist": "windows,linux"
            },
            "manifests": {
                "public": {
                    "gid": "5347965464423742622",
                    "size": "317494878",
                    "download": "269124096"
                }
            },
            "decryptionkey": ""
        },
        "branches": {
            "public": {
                "buildid": "14649193",
                "timeupdated": "1717841768"
            }
        }
    }
}