{
    "appid": "3219810",
    "type": "Demo",
    "name": "Wrekless Demo",
    "schinese_name": "",
    "isfreeapp": "0",
    "change_number": "26183469",
    "update_time": "2024-11-14 07:39:13",
    "depot": {
        "228989": {
            "config": {
                "oslist": "windows"
            },
            "depotfromapp": "228980",
            "sharedinstall": "1"
        },
        "228990": {
            "config": {
                "oslist": "windows"
            },
            "depotfromapp": "228980",
            "sharedinstall": "1"
        },
        "3219811": {
            "manifests": {
                "public": {
                    "gid": "5527127621929442247",
                    "size": "32548069736",
                    "download": "8474488496"
                }
            },
            "decryptionkey": "ea31fd79b61389136d03c7bb36888602bab00f9f5f986291404a550a48cdaa7b"
        },
        "branches": {
            "public": {
                "buildid": "16021605",
                "timeupdated": "1728752964"
            }
        },
        "privatebranches": "1"
    }
}