{
    "appid": "3305350",
    "type": "Game",
    "name": "Night at the Office",
    "schinese_name": "",
    "isfreeapp": "0",
    "change_number": "28657683",
    "update_time": "2025-04-25 10:53:44",
    "depot": {
        "baselanguages": "english",
        "3305351": {
            "config": {
                "language": "english",
                "oslist": "windows",
                "osarch": "64"
            },
            "manifests": {
                "public": {
                    "gid": "806569530338504225",
                    "size": "2339999315",
                    "download": "915997104"
                }
            },
            "decryptionkey": "842c51278f52d510828f7775e7729a67c2bd44b4832bb0c89cf165eb5fcc6038"
        },
        "branches": {
            "public": {
                "buildid": "17396388",
                "timeupdated": "1739813027"
            }
        }
    }
}