{
    "appid": "3103390",
    "type": "Game",
    "name": "Furry Cosplay",
    "schinese_name": "",
    "isfreeapp": "0",
    "change_number": "28480063",
    "update_time": "2025-04-15 13:20:01",
    "depot": {
        "3103391": {
            "manifests": {
                "public": {
                    "gid": "2216644136676927298",
                    "size": "320605335",
                    "download": "163703600"
                }
            },
            "decryptionkey": "cb5834bf7a27b043d00a507437602433a66a1a3616c6000c153c371f3050bf7f"
        },
        "branches": {
            "public": {
                "buildid": "15117798",
                "timeupdated": "1721689258"
            }
        }
    }
}