{
    "appid": "2955430",
    "type": "Demo",
    "name": "Choppy Cuts Demo",
    "schinese_name": "乱剪一通Demo",
    "isfreeapp": "0",
    "change_number": "27036529",
    "update_time": "2025-01-17 12:26:03",
    "depot": {
        "baselanguages": "",
        "2955431": {
            "config": {
                "oslist": "windows,linux"
            },
            "manifests": {
                "public": {
                    "gid": "8800036182799797735",
                    "size": "1543381462",
                    "download": "380442576"
                }
            },
            "decryptionkey": "df1c3c5eb6a7e1cbfe09b24999ea79f9b542a38ea409e7baf9fe819c4e6edaa2"
        },
        "2955432": {
            "config": {
                "oslist": "macos"
            },
            "manifests": {
                "public": {
                    "gid": "3830801683559957852",
                    "size": "1686569713",
                    "download": "411632592"
                }
            },
            "decryptionkey": ""
        },
        "branches": {
            "public": {
                "buildid": "17025445",
                "timeupdated": "1737080044"
            }
        },
        "privatebranches": "1"
    }
}