{
    "appid": "3032190",
    "type": "Game",
    "name": "Just Date Vegan",
    "schinese_name": "",
    "isfreeapp": "0",
    "change_number": "29047091",
    "update_time": "2025-05-18 16:12:17",
    "depot": {
        "3032191": {
            "manifests": {
                "public": {
                    "gid": "8159607395548252355",
                    "size": "840129091",
                    "download": "254683120"
                }
            },
            "decryptionkey": "4d9a65f594a9a059e9c183a946d7a5ac772c0b3b78a71ab3192e789694aa4a22"
        },
        "baselanguages": "english,russian",
        "branches": {
            "public": {
                "buildid": "18166457",
                "timeupdated": "1745058403"
            }
        }
    }
}