{
    "appid": "3101620",
    "type": "Game",
    "name": "Electric Fairyland",
    "schinese_name": "",
    "isfreeapp": "0",
    "change_number": "28398367",
    "update_time": "2025-04-10 10:10:04",
    "depot": {
        "228990": {
            "config": {
                "oslist": "windows"
            },
            "depotfromapp": "228980",
            "sharedinstall": "1"
        },
        "3101621": {
            "manifests": {
                "public": {
                    "gid": "6144238905537081408",
                    "size": "142627397",
                    "download": "66948624"
                }
            },
            "decryptionkey": "5dead3376ad70fbb830a3bf9b974daf6ef60a4eb507fc141edc35148d41eb74d"
        },
        "baselanguages": "english",
        "branches": {
            "public": {
                "buildid": "15498911",
                "timeupdated": "1724714058"
            }
        }
    }
}