{
    "appid": "3078700",
    "type": "Demo",
    "name": "卡牌迷境 Demo",
    "schinese_name": "",
    "isfreeapp": "0",
    "change_number": "26207102",
    "update_time": "2024-11-15 15:16:07",
    "depot": {
        "baselanguages": "english,koreana,spanish,schinese,tchinese,japanese,brazilian",
        "3078701": {
            "config": {
                "oslist": "windows",
                "osarch": "64"
            },
            "manifests": {
                "public": {
                    "gid": "8728919378315966522",
                    "size": "2031047392",
                    "download": "685061888"
                }
            },
            "decryptionkey": "5e3fde0a234cb0db1634394e0c5f667321304e2f1c5739bf49f43c60101812d7"
        },
        "3078702": {
            "config": {
                "oslist": "macos",
                "osarch": "64"
            },
            "manifests": {
                "public": {
                    "gid": "9179600714746123622",
                    "size": "715404638",
                    "download": "543130160"
                }
            },
            "decryptionkey": ""
        },
        "branches": {
            "public": {
                "buildid": "16325427",
                "timeupdated": "1730972455"
            }
        }
    }
}