{
    "appid": "3118580",
    "type": "Game",
    "name": "101 Cats Hidden in Shanghai",
    "schinese_name": "",
    "isfreeapp": "0",
    "change_number": "27800213",
    "update_time": "2025-03-06 02:09:20",
    "depot": {
        "3118581": {
            "manifests": {
                "public": {
                    "gid": "9015574413245505212",
                    "size": "583926164",
                    "download": "91771008"
                }
            },
            "decryptionkey": "1b26163e51b71904efdc196d3ef27cf32e25e67f8138a748a4524734c1e02a54"
        },
        "branches": {
            "public": {
                "buildid": "15105185",
                "timeupdated": "1721581882"
            }
        }
    }
}