{
    "appid": "3633180",
    "type": "Game",
    "name": "Undead Horde: Dark Conqueror",
    "schinese_name": "亡灵大军：黑暗征服者",
    "isfreeapp": "0",
    "change_number": "28565416",
    "update_time": "2025-04-20 02:24:07",
    "depot": {
        "3633181": {
            "manifests": {
                "public": {
                    "gid": "1974634628831382476",
                    "size": "2975104613",
                    "download": "2033230256"
                }
            },
            "decryptionkey": "c131906faeb327c72bb2ad71d94102d05c56bf1aa8ce61cee350337bbad66763"
        },
        "baselanguages": "english,german,french,italian,koreana,spanish,schinese,tchinese,russian,japanese",
        "branches": {
            "public": {
                "buildid": "18150622",
                "timeupdated": "1744930235"
            }
        }
    }
}