{
    "appid": "3405150",
    "type": "DLC",
    "name": "Incursion Red River - Supporter Edition",
    "schinese_name": "",
    "isfreeapp": "0",
    "change_number": "28445339",
    "update_time": "2025-04-12 22:55:43",
    "depot": {
        "3405150": {
            "manifests": {
                "public": {
                    "gid": "1887001357310105880",
                    "size": "29395505140",
                    "download": "12880516272"
                }
            },
            "dlcappid": "3405150",
            "decryptionkey": "66466595306f5647e00fca5435234afc25e2a2f757c1ab2d550917767e80b71e"
        },
        "branches": {
            "public": {
                "buildid": "16752606",
                "timeupdated": "1734294253"
            }
        }
    }
}