{
    "appid": "3132540",
    "type": "DLC",
    "name": "Fuga: Melodies of Steel (Manga) Vol. 1",
    "schinese_name": "",
    "isfreeapp": "0",
    "change_number": "26183469",
    "update_time": "2024-11-14 07:34:05",
    "depot": {
        "3132541": {
            "manifests": {
                "public": {
                    "gid": "781185304898532365",
                    "size": "126489486",
                    "download": "128138896"
                }
            },
            "dlcappid": "3132540",
            "decryptionkey": "cd3e495999f321353088138a8cf9e06764182c642ce8ad1bc3036e2c9e99cc40"
        },
        "3132542": {
            "dlcappid": "3132540"
        },
        "branches": {
            "public": {
                "buildid": "16093101",
                "timeupdated": "1729471412"
            }
        },
        "privatebranches": "1"
    }
}