{
    "appid": "3191050",
    "type": "Game",
    "name": "BRAZILIAN DRUG DEALER 3: I OPENED A PORTAL TO HELL IN THE FAVELA TRYING TO REVIVE MIT AIA I NEED TO CLOSE IT",
    "schinese_name": "",
    "isfreeapp": "0",
    "change_number": "29045520",
    "update_time": "2025-05-18 10:34:51",
    "depot": {
        "3191051": {
            "manifests": {
                "public": {
                    "gid": "974097183424982132",
                    "size": "378729905",
                    "download": "152508960"
                }
            },
            "decryptionkey": "e97a6611a86761cb9413ca9d1e9acc72aa8505f58000f6082f159bae7b92b1fc"
        },
        "baselanguages": "english,brazilian",
        "branches": {
            "public": {
                "buildid": "18500007",
                "timeupdated": "1747457120"
            }
        },
        "privatebranches": "1"
    }
}