{
    "appid": "2969200",
    "type": "Demo",
    "name": "Untraveled Lands: Chantico Demo",
    "schinese_name": "卡牌探险：雨林迷踪 Demo",
    "isfreeapp": "0",
    "change_number": "24667213",
    "update_time": "2024-08-06 19:35:02",
    "depot": {
        "2969201": {
            "manifests": {
                "public": {
                    "gid": "2163446085015949967",
                    "size": "695705875",
                    "download": "277817248"
                }
            },
            "decryptionkey": "805e726986601ef58e06f5ed1915c533ec2fa5634703f10ef19e252ccbb194ab"
        },
        "branches": {
            "public": {
                "buildid": "15190346",
                "timeupdated": "1722944095"
            }
        },
        "privatebranches": "1"
    }
}