{
    "appid": "3391760",
    "type": "Demo",
    "name": "Kill Ze Bugs Demo",
    "schinese_name": "",
    "isfreeapp": "0",
    "change_number": "26856540",
    "update_time": "2025-01-04 06:15:37",
    "depot": {
        "3391761": {
            "manifests": {
                "public": {
                    "gid": "2767503595117291738",
                    "size": "101035160",
                    "download": "32118800"
                }
            },
            "decryptionkey": "065d9b0a8b7bce314baa065cd0ec5f8e1c77b48289826870befcc1344cef7483"
        },
        "branches": {
            "public": {
                "buildid": "16901210",
                "timeupdated": "1735942530"
            }
        },
        "privatebranches": "1"
    }
}