{
    "appid": "3028010",
    "type": "Game",
    "name": "The Lazy Demon Lord and the Four Stones of Dispel",
    "schinese_name": "怠惰魔王与解咒石",
    "isfreeapp": "0",
    "change_number": "29046489",
    "update_time": "2025-05-18 14:14:57",
    "depot": {
        "3028011": {
            "config": {
                "language": "japanese"
            },
            "manifests": {
                "public": {
                    "gid": "4667148704015190279",
                    "size": "591171009",
                    "download": "351982640"
                }
            },
            "decryptionkey": ""
        },
        "3028012": {
            "config": {
                "language": "schinese"
            },
            "manifests": {
                "public": {
                    "gid": "5053230550907718006",
                    "size": "585560978",
                    "download": "359049984"
                }
            },
            "decryptionkey": "3915632716e41d090161e6f48d58ce20afa84d5dfedea0f94ecd5176584f8c2c"
        },
        "3028013": {
            "config": {
                "language": "english"
            },
            "manifests": {
                "public": {
                    "gid": "2010801399529406301",
                    "size": "578202089",
                    "download": "365225904"
                }
            },
            "decryptionkey": ""
        },
        "baselanguages": "english,schinese,japanese",
        "branches": {
            "public": {
                "buildid": "18137692",
                "timeupdated": "1744855799"
            }
        }
    }
}