{
    "appid": "3051270",
    "type": "Game",
    "name": "FPV Worldwide",
    "schinese_name": "",
    "isfreeapp": "0",
    "change_number": "26846512",
    "update_time": "2025-01-03 10:12:34",
    "depot": {
        "228989": {
            "config": {
                "oslist": "windows"
            },
            "depotfromapp": "228980",
            "sharedinstall": "1"
        },
        "228990": {
            "config": {
                "oslist": "windows"
            },
            "depotfromapp": "228980",
            "sharedinstall": "1"
        },
        "3051271": {
            "config": {
                "language": "english",
                "oslist": "windows",
                "osarch": "64"
            },
            "manifests": {
                "public": {
                    "gid": "8780679235992647132",
                    "size": "814791204",
                    "download": "539499904"
                }
            },
            "decryptionkey": "481897b4c01f4707dcce465e947ba971c59d60af5b7ca30d048cbe888df00107"
        },
        "branches": {
            "public": {
                "buildid": "15747447",
                "timeupdated": "1726695121"
            }
        }
    }
}