{
    "appid": "2978180",
    "type": "Game",
    "name": "Desktop Cat Cafe",
    "schinese_name": "",
    "isfreeapp": "0",
    "change_number": "29048545",
    "update_time": "2025-05-18 20:16:15",
    "depot": {
        "2978182": {
            "config": {
                "oslist": "windows"
            },
            "manifests": {
                "public": {
                    "gid": "4230371852736201191",
                    "size": "467389406",
                    "download": "275507184"
                },
                "1.16.15": {
                    "gid": "7326514968955157808",
                    "size": "576073923",
                    "download": "206485216"
                },
                "1.16.16": {
                    "gid": "7838857590086083535",
                    "size": "576083375",
                    "download": "206469728"
                },
                "1.17.0": {
                    "gid": "1387533618104272928",
                    "size": "576846415",
                    "download": "206543264"
                },
                "1.18.2": {
                    "gid": "4230371852736201191",
                    "size": "467389406",
                    "download": "275507184"
                },
                "1.6.0": {
                    "gid": "912146845626767619",
                    "size": "355829931",
                    "download": "198515392"
                },
                "1.6.1": {
                    "gid": "3039902550051868083",
                    "size": "355808535",
                    "download": "198507600"
                },
                "1.6.10": {
                    "gid": "255208051583819108",
                    "size": "456861083",
                    "download": "272204816"
                },
                "1.6.13": {
                    "gid": "2367257921123489027",
                    "size": "465634606",
                    "download": "274966064"
                },
                "1.6.2": {
                    "gid": "3358891305757387635",
                    "size": "355812120",
                    "download": "198494368"
                },
                "1.6.5": {
                    "gid": "2500077546247658275",
                    "size": "401886734",
                    "download": "231475408"
                },
                "1.6.6": {
                    "gid": "8822760374188061261",
                    "size": "456875245",
                    "download": "272224832"
                },
                "1.6.7": {
                    "gid": "2151139943423620349",
                    "size": "456862963",
                    "download": "272225504"
                },
                "1.6.8": {
                    "gid": "8530572976737300023",
                    "size": "456862996",
                    "download": "272210112"
                },
                "1.6.9": {
                    "gid": "3721605444242207940",
                    "size": "456878243",
                    "download": "272240768"
                }
            },
            "decryptionkey": "d6bea2a0a1765210588d094e276e30ae626646e06aff410a036627892aeb5ceb"
        },
        "2978183": {
            "config": {
                "oslist": "macos"
            }
        },
        "branches": {
            "public": {
                "buildid": "18230498",
                "timeupdated": "1745534301"
            },
            "1.16.15": {
                "buildid": "17915862",
                "description": "Fixes",
                "timeupdated": "1743343993"
            },
            "1.16.16": {
                "buildid": "17925727",
                "description": "Hotfix",
                "timeupdated": "1743429483"
            },
            "1.17.0": {
                "buildid": "17997369",
                "description": "Staff",
                "timeupdated": "1743878300"
            },
            "1.18.2": {
                "buildid": "18230498",
                "description": "Release 1.18.2",
                "timeupdated": "1745534267"
            },
            "1.6.0": {
                "buildid": "17625166",
                "description": "FIRST PUBLIC RELEASE",
                "timeupdated": "1741291440"
            },
            "1.6.1": {
                "buildid": "17627533",
                "description": "Release 1.6.1",
                "timeupdated": "1741305276"
            },
            "1.6.10": {
                "buildid": "17767547",
                "description": "Release 1.6.10",
                "timeupdated": "1742311575"
            },
            "1.6.13": {
                "buildid": "17906790",
                "description": "Release 1.6.13",
                "timeupdated": "1743218464"
            },
            "1.6.2": {
                "buildid": "17633868",
                "description": "Release 1.6.2",
                "timeupdated": "1741344854"
            },
            "1.6.5": {
                "buildid": "17650351",
                "description": "Release 1.6.5",
                "timeupdated": "1741490413"
            },
            "1.6.6": {
                "buildid": "17664097",
                "description": "Release 1.6.6",
                "timeupdated": "1741623286"
            },
            "1.6.7": {
                "buildid": "17667172",
                "description": "Release 1.6.7",
                "timeupdated": "1741637935"
            },
            "1.6.8": {
                "buildid": "17682171",
                "description": "Release 1.6.8",
                "timeupdated": "1741720240"
            },
            "1.6.9": {
                "buildid": "17683526",
                "description": "Release 1.6.9",
                "timeupdated": "1741727630"
            }
        },
        "privatebranches": "1"
    }
}