{
    "appid": "3514150",
    "type": "Music",
    "name": "NieR Replicant ver.1.22474487139... Original Soundtrack",
    "schinese_name": "",
    "isfreeapp": "0",
    "change_number": "28736706",
    "update_time": "2025-04-30 06:18:53",
    "depot": {
        "3514151": {
            "manifests": {
                "public": {
                    "gid": "3684556428335853003",
                    "size": "457908459",
                    "download": "416172640"
                }
            },
            "decryptionkey": "73032d6c163eeb8b15bc1392f932fb263b0640faa0d8e4f009274b26781cbeaa"
        },
        "branches": {
            "public": {
                "buildid": "17392362",
                "timeupdated": "1739792643"
            }
        }
    }
}