{
    "appid": "3037430",
    "type": "Demo",
    "name": "Space Variance Authority Demo",
    "schinese_name": "",
    "isfreeapp": "0",
    "change_number": "26375805",
    "update_time": "2024-12-04 23:12:27",
    "depot": {
        "3037431": {
            "config": {
                "oslist": "windows"
            },
            "manifests": {
                "public": {
                    "gid": "8300793864291784873",
                    "size": "144198382",
                    "download": "32998832"
                }
            },
            "decryptionkey": "ca11af42bc90c184113b1e30fd86ba7f0148f69b9102f22a12104a0df8b695ca"
        },
        "baselanguages": "english",
        "branches": {
            "public": {
                "buildid": "16278472",
                "timeupdated": "1730619790"
            }
        }
    }
}