{
    "appid": "3374720",
    "type": "Game",
    "name": "Tales Beyond The Tomb - The Farm's Secret",
    "schinese_name": "",
    "isfreeapp": "0",
    "change_number": "28825988",
    "update_time": "2025-05-06 00:30:53",
    "depot": {
        "3374721": {
            "manifests": {
                "public": {
                    "gid": "8125637331716267630",
                    "size": "5675871387",
                    "download": "4321294912"
                }
            },
            "decryptionkey": "28dd8bb14e71b58196601970f55da06dac5e13330dba028f93fcfddee54f4714"
        },
        "branches": {
            "public": {
                "buildid": "16875268",
                "timeupdated": "1735563686"
            }
        }
    }
}