{
    "appid": "3256540",
    "type": "Demo",
    "name": "The Stone of Madness Demo",
    "schinese_name": "",
    "isfreeapp": "0",
    "change_number": "27816607",
    "update_time": "2025-03-06 22:45:22",
    "depot": {
        "228988": {
            "config": {
                "oslist": "windows"
            },
            "depotfromapp": "228980",
            "sharedinstall": "1"
        },
        "228990": {
            "config": {
                "oslist": "windows"
            },
            "depotfromapp": "228980",
            "sharedinstall": "1"
        },
        "baselanguages": "english,german,french,koreana,spanish,schinese,tchinese,japanese,brazilian",
        "3256541": {
            "manifests": {
                "public": {
                    "gid": "7635064239099787511",
                    "size": "6034722401",
                    "download": "2207027056"
                }
            },
            "decryptionkey": "7c1f6058703a6f10f5fceecf9966e87d3a7f5719e2fc33d13d417f1af331b0f8"
        },
        "3256542": {
            "config": {
                "steamdeck": "1"
            },
            "manifests": {
                "public": {
                    "gid": "581904090307900156",
                    "size": "6444995593",
                    "download": "2507289616"
                }
            }
        },
        "branches": {
            "public": {
                "buildid": "17039081",
                "timeupdated": "1737120830"
            }
        },
        "privatebranches": "1"
    }
}