{
    "appid": "3264570",
    "type": "Game",
    "name": "Last Landlord",
    "schinese_name": "最后的大地主",
    "isfreeapp": "0",
    "change_number": "26808488",
    "update_time": "2024-12-29 13:02:58",
    "depot": {
        "baselanguages": "english,schinese",
        "3264576": {
            "config": {
                "oslist": "windows",
                "osarch": "64"
            },
            "manifests": {
                "public": {
                    "gid": "7442048142346535886",
                    "size": "1597752011",
                    "download": "521328992"
                }
            },
            "decryptionkey": "23340f04de5087724d516abe87e9038d95bf2b1a1d591f761ec08fa4c811cc0d"
        },
        "branches": {
            "public": {
                "buildid": "16868814",
                "timeupdated": "1735448574"
            }
        }
    }
}