{
    "appid": "3129690",
    "type": "Demo",
    "name": "Cat Bait: Demo",
    "schinese_name": "",
    "isfreeapp": "0",
    "change_number": "24635639",
    "update_time": "2024-08-03 23:06:48",
    "depot": {
        "3129691": {
            "config": {
                "oslist": "windows",
                "osarch": "64"
            },
            "manifests": {
                "public": {
                    "gid": "8641834248288791369",
                    "size": "105884296",
                    "download": "51161744"
                }
            },
            "decryptionkey": "78488f62e863fc48ef96287407312d4595ef99a344a1d11a4e3142555c2233c2"
        },
        "3129692": {
            "config": {
                "oslist": "linux",
                "osarch": "64"
            },
            "manifests": {
                "public": {
                    "gid": "7012741688523612881",
                    "size": "112950864",
                    "download": "52924896"
                }
            },
            "decryptionkey": ""
        },
        "3129693": {
            "config": {
                "oslist": "windows",
                "osarch": "32"
            },
            "manifests": {
                "public": {
                    "gid": "4730037341733668612",
                    "size": "97148040",
                    "download": "48247648"
                }
            },
            "decryptionkey": ""
        },
        "branches": {
            "public": {
                "buildid": "15250898",
                "timeupdated": "1722697604"
            }
        }
    }
}