{
    "appid": "3001070",
    "type": "Game",
    "name": "逐鹿问鼎：君王成长计划/Strive for power:King Growth Program",
    "schinese_name": "",
    "isfreeapp": "0",
    "change_number": "28983828",
    "update_time": "2025-05-14 23:14:57",
    "depot": {
        "hasdepotsindlc": "1",
        "3001071": {
            "manifests": {
                "public": {
                    "gid": "1692540519698089431",
                    "size": "2080657851",
                    "download": "691805296"
                }
            },
            "decryptionkey": "976e061cedadc0d0fa4bc826b43ded3561540a126530dee5eb06d2b82f08dc8c"
        },
        "3149920": {
            "dlcappid": "3149920",
            "manifests": {
                "public": {
                    "gid": "2558553082552143640",
                    "size": "217332606",
                    "download": "39160544"
                }
            },
            "config": {
                "optionaldlc": "3149920"
            },
            "decryptionkey": "5269fcffd03514f7effef2f1812afb8aee84a93b5139fb064494d369dce88e3e"
        },
        "workshopdepot": "3001070",
        "branches": {
            "public": {
                "buildid": "18441275",
                "timeupdated": "1747124443"
            }
        },
        "appmanagesdlc": "1",
        "workshopdepotdecryptionkey": "737ad3f510e2bf22439414a0de5c9fcac3662269261eca3a656c432855e41e15"
    }
}