{
    "appid": "2985840",
    "type": "Game",
    "name": "Undead Onslaught",
    "schinese_name": "",
    "isfreeapp": "0",
    "change_number": "29042906",
    "update_time": "2025-05-18 03:12:27",
    "depot": {
        "2985841": {
            "config": {
                "oslist": "windows,linux"
            },
            "manifests": {
                "public": {
                    "gid": "3064894054196474657",
                    "size": "818334664",
                    "download": "209562656"
                }
            },
            "decryptionkey": "e9af02e6c6b881fa85029e349913cafdedd808b4e65dd37ca48dcdf8532b5e16"
        },
        "2985842": {
            "config": {
                "oslist": "macos"
            },
            "manifests": {
                "public": {
                    "gid": "5710628557330531573",
                    "size": "821989370",
                    "download": "214462832"
                }
            }
        },
        "branches": {
            "public": {
                "buildid": "17980833",
                "timeupdated": "1743750322"
            }
        },
        "privatebranches": "1"
    }
}