{
    "appid": "3331570",
    "type": "Game",
    "name": "Valkeala Birds",
    "schinese_name": "",
    "isfreeapp": "0",
    "change_number": "28812290",
    "update_time": "2025-05-05 02:32:05",
    "depot": {
        "228989": {
            "config": {
                "oslist": "windows"
            },
            "depotfromapp": "228980",
            "sharedinstall": "1"
        },
        "228990": {
            "config": {
                "oslist": "windows"
            },
            "depotfromapp": "228980",
            "sharedinstall": "1"
        },
        "229000": {
            "config": {
                "oslist": "windows"
            },
            "depotfromapp": "228980",
            "sharedinstall": "1"
        },
        "3331571": {
            "manifests": {
                "public": {
                    "gid": "3114412959846204192",
                    "size": "742828222",
                    "download": "605430128"
                }
            },
            "decryptionkey": "cf0f3f3d7ab6e43d7591201244f3ed009da73897275bc7736cb690c76a446486"
        },
        "branches": {
            "public": {
                "buildid": "16301630",
                "timeupdated": "1730815247"
            }
        }
    }
}