{
    "appid": "3247210",
    "type": "Demo",
    "name": "百鬼夜行サバイバー Demo",
    "schinese_name": "",
    "isfreeapp": "0",
    "change_number": "27429209",
    "update_time": "2025-02-12 07:53:18",
    "depot": {
        "3247211": {
            "manifests": {
                "public": {
                    "gid": "483651245152338031",
                    "size": "748858437",
                    "download": "112656304"
                }
            },
            "decryptionkey": "09f5f3be3dc32fef78bf7b4e6010647cafe680d9cb0e5255313ec5e20a38d799"
        },
        "branches": {
            "public": {
                "buildid": "16048775",
                "timeupdated": "1728980892"
            }
        }
    }
}