{
    "appid": "3113320",
    "type": "Beta",
    "name": "MOBA Esport Manager 25 Playtest",
    "schinese_name": "",
    "isfreeapp": "0",
    "change_number": "26575609",
    "update_time": "2024-12-10 21:29:16",
    "depot": {
        "3113321": {
            "manifests": {
                "public": {
                    "gid": "6405601999524929089",
                    "size": "319001615",
                    "download": "122732832"
                }
            },
            "decryptionkey": "8422064a8843f3a011545cb539e5eabf2c69e3081865a791770ae7a1870d6f21"
        },
        "branches": {
            "public": {
                "buildid": "15906496",
                "timeupdated": "1727894354"
            }
        }
    }
}