{
    "appid": "3277160",
    "type": "Demo",
    "name": "Single Espresso Demo",
    "schinese_name": "",
    "isfreeapp": "0",
    "change_number": "26162340",
    "update_time": "2024-11-13 02:24:51",
    "depot": {
        "3277161": {
            "config": {
                "language": "english",
                "oslist": "windows",
                "osarch": "64"
            },
            "manifests": {
                "public": {
                    "gid": "6402943401566331306",
                    "size": "1118224780",
                    "download": "343353376"
                }
            },
            "decryptionkey": "70d188786dd2505eda401402a3d3b989b86da01601c1a0d3e510983a51398515"
        },
        "3277162": {
            "config": {
                "language": "english",
                "oslist": "macos",
                "osarch": "64"
            },
            "manifests": {
                "public": {
                    "gid": "6825516713468221237",
                    "size": "1075745820",
                    "download": "319978160"
                }
            },
            "decryptionkey": ""
        },
        "branches": {
            "public": {
                "buildid": "16129229",
                "timeupdated": "1729555140"
            }
        }
    }
}