{
    "appid": "3338600",
    "type": "Game",
    "name": "The Last Experiment: A Memetric Story",
    "schinese_name": "",
    "isfreeapp": "0",
    "change_number": "28316939",
    "update_time": "2025-04-05 05:18:42",
    "depot": {
        "baselanguages": "english,german,russian,hungarian,turkish",
        "3338601": {
            "config": {
                "oslist": "windows"
            },
            "manifests": {
                "public": {
                    "gid": "544240643589314093",
                    "size": "2094748552",
                    "download": "399303712"
                }
            },
            "decryptionkey": "6e6d485b13a5a14f93d95056614e2bf52ac307a83e25488cafc5b56ea400eecd"
        },
        "branches": {
            "public": {
                "buildid": "17970295",
                "timeupdated": "1743685369"
            }
        }
    }
}