{
    "appid": "3283260",
    "type": "Demo",
    "name": "Card Summoner Demo",
    "schinese_name": "",
    "isfreeapp": "0",
    "change_number": "27407407",
    "update_time": "2025-02-11 03:37:48",
    "depot": {
        "3283261": {
            "config": {
                "oslist": "windows"
            },
            "manifests": {
                "public": {
                    "gid": "668437355029207699",
                    "size": "3589791634",
                    "download": "818998624"
                }
            },
            "decryptionkey": "c32c38f7115c77ebada7db8c73d1a9b03795f02da7b75624a70cbb176d2a1d9e"
        },
        "branches": {
            "public": {
                "buildid": "16274259",
                "timeupdated": "1730548998"
            }
        }
    }
}