{
    "appid": "3346870",
    "type": "DLC",
    "name": "Taiwan Love Story⁵ Artbook",
    "schinese_name": "台湾恋爱物语⁵ Artbook",
    "isfreeapp": "0",
    "change_number": "28019367",
    "update_time": "2025-03-19 02:57:06",
    "depot": {
        "3346871": {
            "manifests": {
                "public": {
                    "gid": "2042801836880557936",
                    "size": "796406692",
                    "download": "665634224"
                }
            },
            "dlcappid": "3346870",
            "decryptionkey": "44c94c69a119fccdf16968acf55d9a009d53fbd0f43ad58d5a7ba5eca1b4c90c"
        },
        "branches": {
            "public": {
                "buildid": "17682556",
                "timeupdated": "1741722348"
            }
        }
    }
}