{
    "appid": "2987880",
    "type": "Game",
    "name": "視靈 貳",
    "schinese_name": "视灵 贰",
    "isfreeapp": "0",
    "change_number": "24089500",
    "update_time": "2024-06-24 13:24:28",
    "depot": {
        "baselanguages": "english,schinese,tchinese",
        "hasdepotsindlc": "0",
        "2987881": {
            "manifests": {
                "public": {
                    "gid": "4635608436246190938",
                    "size": "1495372113",
                    "download": "1305622512"
                }
            },
            "decryptionkey": "57332003daaf39d2416d48609ad052130d021dcedff96d9f52c3abaafb8f67d1"
        },
        "branches": {
            "public": {
                "buildid": "14814082",
                "timeupdated": "1719206664"
            }
        }
    }
}