{
    "appid": "3029820",
    "type": "Application",
    "name": "Ai Vpet",
    "schinese_name": "Ai Vpet / 守护与智友",
    "isfreeapp": "0",
    "change_number": "27721075",
    "update_time": "2025-03-01 00:22:32",
    "depot": {
        "workshopdepot": "3029820",
        "baselanguages": "english,schinese,tchinese,japanese",
        "3029821": {
            "manifests": {
                "public": {
                    "gid": "592353083599291622",
                    "size": "2137175382",
                    "download": "993595824"
                }
            },
            "decryptionkey": "60031b73d42ead35d77383add371662c4a8d630ac1da5a154fe2db8e6c3ed872"
        },
        "3169500": {
            "dlcappid": "3169500"
        },
        "branches": {
            "public": {
                "buildid": "17526933",
                "timeupdated": "1740640855"
            }
        },
        "workshopdepotdecryptionkey": "d4dbabaefdbee79940c25186e8b73261d43728e02dd8045d21b092b6c3d992d4"
    }
}