{
    "appid": "2954830",
    "type": "Game",
    "name": "Sex Counselor",
    "schinese_name": "",
    "isfreeapp": "0",
    "change_number": "28889910",
    "update_time": "2025-05-09 04:32:23",
    "depot": {
        "2954831": {
            "config": {
                "oslist": "windows"
            },
            "manifests": {
                "public": {
                    "gid": "1206190691558173423",
                    "size": "527017028",
                    "download": "225336352"
                }
            },
            "decryptionkey": "4e3e1465723e0c744bebbae0b9b0a03b78753f435800c1aa3addaac3c93c9bb1"
        },
        "branches": {
            "public": {
                "buildid": "14839620",
                "timeupdated": "1719374063"
            }
        },
        "privatebranches": "1"
    }
}