{
    "appid": "3554790",
    "type": "Game",
    "name": "Burial",
    "schinese_name": "",
    "isfreeapp": "0",
    "change_number": "29019574",
    "update_time": "2025-05-16 16:12:56",
    "depot": {
        "228989": {
            "config": {
                "oslist": "windows"
            },
            "depotfromapp": "228980",
            "sharedinstall": "1"
        },
        "228990": {
            "config": {
                "oslist": "windows"
            },
            "depotfromapp": "228980",
            "sharedinstall": "1"
        },
        "3554791": {
            "config": {
                "oslist": "windows",
                "osarch": "64"
            },
            "manifests": {
                "public": {
                    "gid": "175953127253195027",
                    "size": "4086892647",
                    "download": "3910996256"
                }
            },
            "decryptionkey": "e29d22f12cc2f879e40ab18cc32a34fa82fea36c7b19b5ca2b19abef37beb325"
        },
        "branches": {
            "public": {
                "buildid": "18487949",
                "timeupdated": "1747383150"
            }
        }
    }
}