{
    "appid": "2961880",
    "type": "Game",
    "name": "Grocery Store Simulator",
    "schinese_name": "超市模拟器",
    "isfreeapp": "0",
    "change_number": "29015497",
    "update_time": "2025-05-16 10:48:47",
    "depot": {
        "228989": {
            "config": {
                "oslist": "windows"
            },
            "depotfromapp": "228980",
            "sharedinstall": "1"
        },
        "228990": {
            "config": {
                "oslist": "windows"
            },
            "depotfromapp": "228980",
            "sharedinstall": "1"
        },
        "2961881": {
            "manifests": {
                "public": {
                    "gid": "5687205862925538620",
                    "size": "6738505168",
                    "download": "6407709408"
                },
                "local": {
                    "gid": "620895183577641138",
                    "size": "6679200066",
                    "download": "6353196512"
                }
            },
            "decryptionkey": "457905f421cfe00bc3a56c517ae769144b2c9179f04d30f67c893513c173574c"
        },
        "branches": {
            "public": {
                "buildid": "18182820",
                "timeupdated": "1745259412"
            },
            "local": {
                "buildid": "18003648",
                "description": "Local Content Server",
                "lcsrequired": "1",
                "timeupdated": "1743967735"
            }
        },
        "privatebranches": "1"
    }
}