{
    "appid": "3228480",
    "type": "Demo",
    "name": "Midnight Murder Club Guest Pass Edition",
    "schinese_name": "《Midnight Murder Club》訪客通行證版",
    "isfreeapp": "0",
    "change_number": "27728227",
    "update_time": "2025-03-01 09:03:46",
    "depot": {
        "3228481": {
            "manifests": {
                "public": {
                    "gid": "9179221094463118953",
                    "size": "3733629564",
                    "download": "2916704992"
                }
            },
            "decryptionkey": "0588ae1da0bde4c4b655bc64255feac9aee5c7f2c318d4094782ab62196a77a4"
        },
        "branches": {
            "public": {
                "buildid": "16739520",
                "timeupdated": "1734124485"
            }
        },
        "privatebranches": "1"
    }
}