{
    "appid": "3173080",
    "type": "Demo",
    "name": "Awaken Infinity Demo",
    "schinese_name": "",
    "isfreeapp": "0",
    "change_number": "24962488",
    "update_time": "2024-08-28 01:31:01",
    "depot": {
        "3173081": {
            "manifests": {
                "public": {
                    "gid": "1133474025125639146",
                    "size": "216206367",
                    "download": "63953360"
                }
            },
            "decryptionkey": "a83c0b1332a3c6636040422666ae9aa49ed0ea41fba0144650ddd9c3bf532c53"
        },
        "branches": {
            "public": {
                "buildid": "15385758",
                "timeupdated": "1723749443"
            }
        }
    }
}