{
    "appid": "3344150",
    "type": "Game",
    "name": "Gift Collector [ギフトコレクター]",
    "schinese_name": "",
    "isfreeapp": "0",
    "change_number": "27496402",
    "update_time": "2025-02-16 02:14:51",
    "depot": {
        "3344151": {
            "manifests": {
                "public": {
                    "gid": "5968451666248173042",
                    "size": "8250166998",
                    "download": "3681618352"
                }
            },
            "decryptionkey": "f1c6362979190f75050e9a30b13a60912afdeb63fb9ee9f6292f87f6ae3198c3"
        },
        "branches": {
            "public": {
                "buildid": "16835659",
                "timeupdated": "1734962690"
            }
        }
    }
}