{
    "appid": "3476490",
    "type": "Game",
    "name": "Battle AirForce",
    "schinese_name": "",
    "isfreeapp": "0",
    "change_number": "29014597",
    "update_time": "2025-05-16 09:24:04",
    "depot": {
        "3476491": {
            "config": {
                "oslist": "windows"
            },
            "manifests": {
                "public": {
                    "gid": "3957829084345326033",
                    "size": "10359468",
                    "download": "7624192"
                }
            },
            "decryptionkey": "56a3159d5f8bef8602ef1e7efeeb814a019f7d5f717f680f288482c1b19b3a2a"
        },
        "3476492": {
            "config": {
                "oslist": "macos",
                "osarch": "64"
            },
            "manifests": {
                "public": {
                    "gid": "7561366890529239970",
                    "size": "12335891",
                    "download": "7986896"
                }
            }
        },
        "3476493": {
            "config": {
                "oslist": "linux",
                "osarch": "64"
            },
            "manifests": {
                "public": {
                    "gid": "5695285550216652691",
                    "size": "11801683",
                    "download": "7833936"
                }
            }
        },
        "branches": {
            "public": {
                "buildid": "18309232",
                "timeupdated": "1746136016"
            }
        },
        "privatebranches": "1"
    }
}