{
    "appid": "3146810",
    "type": "Demo",
    "name": "Look Closer! Demo",
    "schinese_name": "",
    "isfreeapp": "0",
    "change_number": "24816838",
    "update_time": "2024-08-16 20:37:43",
    "depot": {
        "3146811": {
            "config": {
                "oslist": "windows"
            },
            "manifests": {
                "public": {
                    "gid": "2271636023616213953",
                    "size": "2600363018",
                    "download": "1070610256"
                }
            },
            "decryptionkey": "44e27e67bdfa19bf37d0b564efdcf8b8769e9f78f40592c9a468eac564f701cd"
        },
        "baselanguages": "english",
        "branches": {
            "public": {
                "buildid": "15244044",
                "timeupdated": "1722625040"
            }
        }
    }
}