{
    "appid": "3262320",
    "type": "Game",
    "name": "修仙•母珠传 Pig Training Legend",
    "schinese_name": "",
    "isfreeapp": "0",
    "change_number": "28958319",
    "update_time": "2025-05-13 18:32:48",
    "depot": {
        "hasdepotsindlc": "1",
        "baselanguages": "english,koreana,schinese,tchinese,japanese",
        "3262321": {
            "manifests": {
                "public": {
                    "gid": "8541929244800510915",
                    "size": "290664952",
                    "download": "145038208"
                },
                "alpha-1": {
                    "gid": "2932238962353874542",
                    "size": "267941167",
                    "download": "129514288"
                }
            },
            "decryptionkey": "f7e001ed53f7bd875d4829c18c215c9112ae8a429efcf86acda4eed829a6fa77"
        },
        "branches": {
            "public": {
                "buildid": "16843952",
                "timeupdated": "1735054896"
            },
            "alpha-1": {
                "buildid": "16643812",
                "description": "beta branch For review",
                "timeupdated": "1733594910"
            }
        }
    }
}