{
    "appid": "2957670",
    "type": "Game",
    "name": "愿 紅衣小女孩",
    "schinese_name": "",
    "isfreeapp": "0",
    "change_number": "26816664",
    "update_time": "2024-12-30 19:32:33",
    "depot": {
        "baselanguages": "english,tchinese",
        "2957671": {
            "config": {
                "oslist": "windows"
            },
            "manifests": {
                "public": {
                    "gid": "8732832280822080305",
                    "size": "19421039304",
                    "download": "7608724624"
                }
            },
            "decryptionkey": "2c5597cc4b0bade562f5d787619619927917c00871635ac779e20196708997cd"
        },
        "3285250": {
            "dlcappid": "3285250",
            "config": {
                "oslist": "windows"
            },
            "manifests": {
                "public": {
                    "gid": "4707045616295780015",
                    "size": "935278048",
                    "download": "311939824"
                }
            },
            "decryptionkey": "67018ce868158b09230c09c27e426293272e429e55503a6f6d7f64913e2596a5"
        },
        "branches": {
            "public": {
                "buildid": "16874393",
                "timeupdated": "1735558345"
            }
        },
        "privatebranches": "1"
    }
}