{
    "appid": "2959500",
    "type": "DLC",
    "name": "The Star Named EOS - Artbook",
    "schinese_name": "",
    "isfreeapp": "0",
    "change_number": "24472084",
    "update_time": "2024-07-23 14:53:40",
    "depot": {
        "2959500": {
            "dlcappid": "2959500",
            "manifests": {
                "public": {
                    "gid": "1070548840627838547",
                    "size": "86492654",
                    "download": "81106160"
                }
            },
            "decryptionkey": "e87e2a8697c538cbe15889d146018e7d8b7475e411d4354fc63e0789b78cb0f2"
        },
        "branches": {
            "public": {
                "buildid": "14156763",
                "timeupdated": "1721208554"
            }
        }
    }
}