{
    "appid": "3095620",
    "type": "Demo",
    "name": "How Old is James? Demo",
    "schinese_name": "",
    "isfreeapp": "0",
    "change_number": "25424634",
    "update_time": "2024-09-27 20:57:13",
    "depot": {
        "3095621": {
            "config": {
                "oslist": "windows",
                "osarch": "64"
            },
            "manifests": {
                "public": {
                    "gid": "805878552202338508",
                    "size": "1256430866",
                    "download": "217323728"
                }
            },
            "decryptionkey": "1b5d2ba9680b49da5e3920be07dae16ff4421e986c8129332f4d19982f4ca7db"
        },
        "3095622": {
            "config": {
                "oslist": "macos",
                "osarch": "64"
            },
            "manifests": {
                "public": {
                    "gid": "4037903575086325979",
                    "size": "1291387618",
                    "download": "228986496"
                }
            },
            "decryptionkey": ""
        },
        "branches": {
            "public": {
                "buildid": "15022571",
                "timeupdated": "1720866165"
            }
        }
    }
}