{
    "appid": "2945280",
    "type": "Demo",
    "name": "Wild Assault Demo",
    "schinese_name": "兽猎突袭 Demo",
    "isfreeapp": "0",
    "change_number": "28403922",
    "update_time": "2025-04-10 17:25:30",
    "depot": {
        "baselanguages": "english,german,french,spanish,schinese,russian,thai,japanese,portuguese",
        "228989": {
            "config": {
                "oslist": "windows"
            },
            "depotfromapp": "228980",
            "sharedinstall": "1"
        },
        "228990": {
            "config": {
                "oslist": "windows"
            },
            "depotfromapp": "228980",
            "sharedinstall": "1"
        },
        "229000": {
            "config": {
                "oslist": "windows"
            },
            "depotfromapp": "228980",
            "sharedinstall": "1"
        },
        "229001": {
            "config": {
                "oslist": "windows"
            },
            "depotfromapp": "228980",
            "sharedinstall": "1"
        },
        "229007": {
            "config": {
                "oslist": "windows"
            },
            "depotfromapp": "228980",
            "sharedinstall": "1"
        },
        "2945281": {
            "manifests": {
                "public": {
                    "gid": "9139617332995959381",
                    "size": "24040752117",
                    "download": "18035519776"
                }
            },
            "decryptionkey": "4e3b38767354aa100154e148147f93cb93835a4b259ee2301fff590ea231f778"
        },
        "2945282": {
            "config": {
                "language": "english"
            },
            "manifests": {
                "public": {
                    "gid": "4236326547429659094",
                    "size": "34714817",
                    "download": "32141056"
                }
            },
            "decryptionkey": "40d27506766267e300c55a33e13b94654252f229ca2b1ea89078c23dc8449a4e"
        },
        "2945283": {
            "config": {
                "language": "schinese"
            },
            "manifests": {
                "public": {
                    "gid": "769267613129956651",
                    "size": "52276858",
                    "download": "48177456"
                }
            },
            "decryptionkey": "440c21d757b8a9f6d642c7219c115d23d780a4a1fd21091b52d06ddb8f95d06e"
        },
        "2945284": {
            "config": {
                "language": "japanese"
            },
            "manifests": {
                "public": {
                    "gid": "6887881467482822902",
                    "size": "34714819",
                    "download": "32141056"
                }
            }
        },
        "2945285": {
            "config": {
                "language": "russian"
            },
            "manifests": {
                "public": {
                    "gid": "5781598027461420770",
                    "size": "34714817",
                    "download": "32141056"
                }
            },
            "decryptionkey": "902429aae8593436bca2a3d3fe98ae7f601728c9e0b4df6d40d6af93216993da"
        },
        "2945286": {
            "config": {
                "language": "spanish"
            },
            "manifests": {
                "public": {
                    "gid": "4907444609730236843",
                    "size": "34714819",
                    "download": "32141056"
                }
            }
        },
        "2945287": {
            "config": {
                "language": "thai"
            },
            "manifests": {}
        },
        "2945288": {
            "config": {
                "language": "german"
            },
            "manifests": {}
        },
        "2945289": {
            "config": {
                "language": "portuguese"
            },
            "manifests": {}
        },
        "3333920": {
            "config": {
                "language": "french"
            },
            "manifests": {}
        },
        "branches": {
            "public": {
                "buildid": "16121693",
                "timeupdated": "1729511925"
            }
        },
        "privatebranches": "1"
    }
}