{
    "appid": "3265470",
    "type": "Demo",
    "name": "108 Silly Ways to Die Demo",
    "schinese_name": "杠精的108种死法 DEMO",
    "isfreeapp": "0",
    "change_number": "27450156",
    "update_time": "2025-02-13 09:18:31",
    "depot": {
        "3265471": {
            "manifests": {
                "public": {
                    "gid": "128525502956437417",
                    "size": "7965167780",
                    "download": "7003974960"
                }
            },
            "decryptionkey": "8325feca35e41e3acaed851cc4e41daf73663f18f9ad02b7cb5efc5366ebeb64"
        },
        "baselanguages": "english",
        "branches": {
            "public": {
                "buildid": "16111385",
                "timeupdated": "1729403241"
            }
        }
    }
}