{
    "appid": "3148280",
    "type": "Demo",
    "name": "Voxel Project VR Demo",
    "schinese_name": "",
    "isfreeapp": "0",
    "change_number": "27520072",
    "update_time": "2025-02-18 01:25:36",
    "depot": {
        "3148281": {
            "manifests": {
                "public": {
                    "gid": "519687385293883191",
                    "size": "2613042583",
                    "download": "646504064"
                }
            },
            "decryptionkey": "549621e176c196b0ce5d800529e2a44a903103919e9d1926474c996eaf4d60ba"
        },
        "branches": {
            "public": {
                "buildid": "17131141",
                "timeupdated": "1737820235"
            }
        },
        "privatebranches": "1"
    }
}