{
    "appid": "2970160",
    "type": "Game",
    "name": "Sexy Beats",
    "schinese_name": "",
    "isfreeapp": "0",
    "change_number": "25748127",
    "update_time": "2024-10-16 22:08:22",
    "depot": {
        "2970161": {
            "manifests": {
                "public": {
                    "gid": "2455337051795567450",
                    "size": "376238204",
                    "download": "243614720"
                }
            },
            "decryptionkey": "826dc2a36ea64270af08bbf588aea068270fb42b0041820c6e8b08eade1cb8ca"
        },
        "branches": {
            "public": {
                "buildid": "15058130",
                "timeupdated": "1721196272"
            }
        },
        "privatebranches": "1"
    }
}