{
    "appid": "3240960",
    "type": "Music",
    "name": "Last Time I Saw You - Soundtrack",
    "schinese_name": "",
    "isfreeapp": "0",
    "change_number": "26373315",
    "update_time": "2024-12-05 02:20:14",
    "depot": {
        "3240961": {
            "manifests": {
                "public": {
                    "gid": "9116865219209387832",
                    "size": "231691851",
                    "download": "125988624"
                }
            },
            "decryptionkey": "c24378c26f17fc10b905a6f3a04f876f65aac6ed50cc12ad3d66ee2901b39288"
        },
        "3240962": {
            "config": {
                "highqualityaudio": "1"
            },
            "manifests": {
                "public": {
                    "gid": "3720470328053445054",
                    "size": "470476694",
                    "download": "355493840"
                }
            },
            "decryptionkey": ""
        },
        "branches": {
            "public": {
                "buildid": "16106826",
                "timeupdated": "1729336657"
            }
        }
    }
}