{
    "appid": "2972190",
    "type": "Demo",
    "name": "Only Way is Down Demo",
    "schinese_name": "",
    "isfreeapp": "0",
    "change_number": "28257225",
    "update_time": "2025-04-02 06:49:56",
    "depot": {
        "228989": {
            "config": {
                "oslist": "windows"
            },
            "depotfromapp": "228980",
            "sharedinstall": "1"
        },
        "228990": {
            "config": {
                "oslist": "windows"
            },
            "depotfromapp": "228980",
            "sharedinstall": "1"
        },
        "2972191": {
            "manifests": {
                "public": {
                    "gid": "8264339882449250535",
                    "size": "3994073603",
                    "download": "3685351760"
                }
            },
            "decryptionkey": "eadc346eff7c86eb91ce2701b4c72802132b0056281654fbb6f68ee458a0701a"
        },
        "baselanguages": "english,german,french,italian,koreana,spanish,schinese,russian,thai,japanese,portuguese,polish,turkish,ukrainian,indonesian",
        "branches": {
            "public": {
                "buildid": "14716087",
                "timeupdated": "1718358299"
            }
        }
    }
}