{
    "appid": "3443170",
    "type": "Demo",
    "name": "Daughters of the Dragon Demo",
    "schinese_name": "",
    "isfreeapp": "0",
    "change_number": "27225727",
    "update_time": "2025-01-30 06:26:53",
    "depot": {
        "3443171": {
            "manifests": {
                "public": {
                    "gid": "7468687276989937682",
                    "size": "438610894",
                    "download": "368454160"
                }
            },
            "decryptionkey": "c0683035bb85d4c3b2fd976dc996ebc7bcdd4a2cd643975cb85b3cc58b7fb019"
        },
        "branches": {
            "public": {
                "buildid": "17080439",
                "timeupdated": "1737479135"
            }
        }
    }
}