{
    "appid": "3376980",
    "type": "Demo",
    "name": "Anoxia Station Demo",
    "schinese_name": "",
    "isfreeapp": "0",
    "change_number": "27727418",
    "update_time": "2025-03-01 07:47:18",
    "depot": {
        "3376981": {
            "manifests": {
                "public": {
                    "gid": "7685925757152723729",
                    "size": "621638399",
                    "download": "401761552"
                }
            },
            "decryptionkey": "260672f2c3670e2b727c57dca9d368ad7dfb33004e034796ead2deecc3eeb7f2"
        },
        "branches": {
            "public": {
                "buildid": "17306897",
                "timeupdated": "1739973995"
            }
        },
        "privatebranches": "1"
    }
}