{
    "appid": "3122300",
    "type": "Game",
    "name": "SCP Fatal Flee",
    "schinese_name": "",
    "isfreeapp": "0",
    "change_number": "28992564",
    "update_time": "2025-05-15 09:04:12",
    "depot": {
        "baselanguages": "english",
        "228989": {
            "config": {
                "oslist": "windows"
            },
            "depotfromapp": "228980",
            "sharedinstall": "1"
        },
        "228990": {
            "config": {
                "oslist": "windows"
            },
            "depotfromapp": "228980",
            "sharedinstall": "1"
        },
        "3122301": {
            "config": {
                "language": "english",
                "oslist": "windows"
            },
            "manifests": {
                "public": {
                    "gid": "7582255883305507451",
                    "size": "3872497489",
                    "download": "3579816544"
                }
            },
            "decryptionkey": "c5fd8e7ec2edf1a0d1460253e893132dbb5c3e2e0011d519b690f794a74cae3b"
        },
        "branches": {
            "public": {
                "buildid": "15236282",
                "timeupdated": "1722582404"
            }
        }
    }
}