{
    "appid": "3249050",
    "type": "Game",
    "name": "Tap 4 Sex",
    "schinese_name": "",
    "isfreeapp": "0",
    "change_number": "29016528",
    "update_time": "2025-05-16 12:24:46",
    "depot": {
        "228989": {
            "config": {
                "oslist": "windows"
            },
            "depotfromapp": "228980",
            "sharedinstall": "1"
        },
        "228990": {
            "config": {
                "oslist": "windows"
            },
            "depotfromapp": "228980",
            "sharedinstall": "1"
        },
        "3249051": {
            "manifests": {
                "public": {
                    "gid": "3864336938570500762",
                    "size": "543372098",
                    "download": "460255328"
                },
                "tests": {
                    "gid": "3864336938570500762",
                    "size": "543372098",
                    "download": "460255328"
                }
            },
            "decryptionkey": "fd15f7e4566aef8ab5ac7b08f42cd6e357cffe18d894de30cdcc800cca25de94"
        },
        "branches": {
            "public": {
                "buildid": "18084454",
                "timeupdated": "1744474685"
            },
            "tests": {
                "buildid": "18084454",
                "description": "Tests Branch",
                "timeupdated": "1744474479"
            }
        }
    }
}