{
    "appid": "3319870",
    "type": "DLC",
    "name": "DYNASTY WARRIORS: ORIGINS - Original Soundtrack (Digital Edition)",
    "schinese_name": "真・三国无双 起源 - 音乐精选辑（数字版）",
    "isfreeapp": "0",
    "change_number": "27034305",
    "update_time": "2025-01-17 09:00:33",
    "depot": {
        "3319870": {
            "config": {
                "oslist": "windows"
            },
            "manifests": {
                "public": {
                    "gid": "2027069962015143615",
                    "size": "150886376",
                    "download": "149878768"
                }
            },
            "dlcappid": "3319870",
            "decryptionkey": "69380b72ac8cb5b3f7914bbb0e828d1529ef6b2a20076ceb73945c656515e5c7"
        },
        "branches": {
            "public": {
                "buildid": "16543877",
                "timeupdated": "1732666727"
            }
        }
    },
    "access_token": 1595971489372741222
}