{
    "appid": "3097280",
    "type": "Game",
    "name": "Sweet Hospital",
    "schinese_name": "",
    "isfreeapp": "0",
    "change_number": "24540256",
    "update_time": "2024-07-28 03:55:33",
    "depot": {
        "3097281": {
            "manifests": {
                "public": {
                    "gid": "4881040212107513493",
                    "size": "217264716",
                    "download": "185806464"
                }
            },
            "decryptionkey": "d2394330c3a71193cbeb66ddf9b7e3a5bffbbaabe9d5dffeecbc67c89e46e325"
        },
        "branches": {
            "public": {
                "buildid": "15036991",
                "timeupdated": "1721052601"
            }
        }
    }
}