{
    "appid": "2968600",
    "type": "Game",
    "name": "6th Floor",
    "schinese_name": "",
    "isfreeapp": "0",
    "change_number": "23845209",
    "update_time": "2024-06-06 04:49:49",
    "depot": {
        "228989": {
            "config": {
                "oslist": "windows"
            },
            "depotfromapp": "228980",
            "sharedinstall": "1"
        },
        "228990": {
            "config": {
                "oslist": "windows"
            },
            "depotfromapp": "228980",
            "sharedinstall": "1"
        },
        "2968601": {
            "config": {
                "oslist": "windows",
                "osarch": "64"
            },
            "manifests": {
                "public": {
                    "gid": "7281603051810248793",
                    "size": "902580287",
                    "download": "753350144"
                }
            },
            "decryptionkey": "14af28541d5bad772626a66bd1d1df556458761344456b4be7fa49963d03f2c5"
        },
        "branches": {
            "public": {
                "buildid": "14617717",
                "timeupdated": "1717620585"
            }
        }
    }
}