{
    "appid": "3062200",
    "type": "Demo",
    "name": "Amerzone - The Explorer's Legacy Demo",
    "schinese_name": "",
    "isfreeapp": "0",
    "change_number": "27503195",
    "update_time": "2025-02-16 22:14:05",
    "depot": {
        "3062201": {
            "manifests": {
                "public": {
                    "gid": "3248723616588318470",
                    "size": "4241037338",
                    "download": "3621117104"
                }
            },
            "decryptionkey": "a8f88c4129167922dfdc892c64f5669bbece006474cef6f6218231c777a515bc"
        },
        "branches": {
            "public": {
                "buildid": "17002040",
                "timeupdated": "1737473727"
            }
        },
        "privatebranches": "1"
    }
}