{
    "appid": "2950420",
    "type": "Demo",
    "name": "Sun City Demo",
    "schinese_name": "",
    "isfreeapp": "0",
    "change_number": "23855245",
    "update_time": "2024-07-16 02:47:05",
    "depot": {
        "2950421": {
            "manifests": {
                "public": {
                    "gid": "3348088899269736664",
                    "size": "301516653",
                    "download": "170255856"
                }
            },
            "decryptionkey": "0483b506b17390280a474ac80baa4163c2925c44f9f9e2540ef60563b5c9a204"
        },
        "branches": {
            "public": {
                "buildid": "14625650",
                "timeupdated": "1717676717"
            }
        }
    }
}