{
    "appid": "3152410",
    "type": "Demo",
    "name": "星际工业国 Demo",
    "schinese_name": "",
    "isfreeapp": "0",
    "change_number": "25051954",
    "update_time": "2024-09-03 13:41:03",
    "depot": {
        "3152411": {
            "manifests": {
                "public": {
                    "gid": "8138996658386887934",
                    "size": "350994372",
                    "download": "173966752"
                }
            },
            "decryptionkey": "12c8b1e081617ef524c8698865ccd0ebe6710d1f6ebe71ea8eafbbdfe17bbdb5"
        },
        "branches": {
            "public": {
                "buildid": "15271909",
                "timeupdated": "1722917705"
            }
        }
    }
}