{
    "appid": "2959470",
    "type": "Music",
    "name": "The Star Named Eos Soundtrack",
    "schinese_name": "《The Star Named EOS：未晓星程》- Soundtrack",
    "isfreeapp": "0",
    "change_number": "24472060",
    "update_time": "2024-07-23 14:52:32",
    "depot": {
        "2959472": {
            "manifests": {
                "public": {
                    "gid": "5838401901375122324",
                    "size": "96318896",
                    "download": "96077424"
                }
            },
            "decryptionkey": "b76e349a86b0759c12c60ae8ac865a40a772a89e179d4667b2b7251ea2e6abc9"
        },
        "2959471": {
            "config": {
                "highqualityaudio": "1"
            },
            "manifests": {
                "public": {
                    "gid": "3777292805630468611",
                    "size": "924361374",
                    "download": "641662944"
                }
            },
            "decryptionkey": "8f5f7fbc4f4218ae7c9941ec7a6604164f2455bc099ee6ed81b9bb3ad96ac080"
        },
        "branches": {
            "public": {
                "buildid": "15071390",
                "timeupdated": "1721281421"
            }
        }
    }
}