{
    "appid": "3251880",
    "type": "Demo",
    "name": "Cinema Simulator 2025 Demo",
    "schinese_name": "",
    "isfreeapp": "0",
    "change_number": "26183469",
    "update_time": "2024-11-14 07:40:46",
    "depot": {
        "3251881": {
            "manifests": {
                "public": {
                    "gid": "4491846643602212901",
                    "size": "2479011580",
                    "download": "839801024"
                }
            },
            "decryptionkey": "400bf7bd2f7324f3887a8bc0e1610ed75b24583cdbc8315382b9e26635d39bb6"
        },
        "branches": {
            "public": {
                "buildid": "16183389",
                "timeupdated": "1730280158"
            }
        },
        "privatebranches": "1"
    }
}