{
    "appid": "3051380",
    "type": "Game",
    "name": "lofi aquarium",
    "schinese_name": "洛菲水族馆 · Lofi Aquarium",
    "isfreeapp": "0",
    "change_number": "28963493",
    "update_time": "2025-05-13 23:32:52",
    "depot": {
        "228990": {
            "config": {
                "oslist": "windows"
            },
            "depotfromapp": "228980",
            "sharedinstall": "1"
        },
        "3051381": {
            "manifests": {
                "public": {
                    "gid": "1770648580080176308",
                    "size": "485039292",
                    "download": "162613376"
                }
            },
            "decryptionkey": "5fcfb32effeb4f67d8a9f23bb27db5e3c5cbda63e30f12615b70f40ea8c7771d"
        },
        "baselanguages": "english,german,french,italian,koreana,spanish,schinese,tchinese,russian,thai,japanese,portuguese,dutch,ukrainian",
        "branches": {
            "public": {
                "buildid": "18172635",
                "timeupdated": "1745149719"
            }
        }
    }
}