{
    "appid": "3295540",
    "type": "Demo",
    "name": "Rogue Waters Demo",
    "schinese_name": "",
    "isfreeapp": "0",
    "change_number": "28587138",
    "update_time": "2025-04-22 02:02:58",
    "depot": {
        "228988": {
            "config": {
                "oslist": "windows"
            },
            "depotfromapp": "228980",
            "sharedinstall": "1"
        },
        "228990": {
            "config": {
                "oslist": "windows"
            },
            "depotfromapp": "228980",
            "sharedinstall": "1"
        },
        "229005": {
            "config": {
                "oslist": "windows"
            },
            "depotfromapp": "228980",
            "sharedinstall": "1"
        },
        "229033": {
            "config": {
                "oslist": "windows"
            },
            "depotfromapp": "228980",
            "sharedinstall": "1"
        },
        "3295541": {
            "manifests": {
                "public": {
                    "gid": "3849900906143578895",
                    "size": "5938229729",
                    "download": "4766084544"
                }
            },
            "decryptionkey": "e07e0d237a6b208045af470142db7aa2e49439c71623179ac3791a03eeb7e2f2"
        },
        "baselanguages": "english,german,french,italian,koreana,spanish,schinese,tchinese,russian,japanese,polish,brazilian",
        "branches": {
            "public": {
                "buildid": "17322523",
                "timeupdated": "1739371993"
            }
        },
        "privatebranches": "1"
    }
}