{
    "appid": "3032180",
    "type": "Demo",
    "name": "小猫换装 Demo",
    "schinese_name": "小猫换装 DEMO",
    "isfreeapp": "0",
    "change_number": "24390118",
    "update_time": "2024-07-17 06:28:47",
    "depot": {
        "3032181": {
            "manifests": {
                "public": {
                    "gid": "730461394028150615",
                    "size": "422628295",
                    "download": "281963488"
                }
            },
            "decryptionkey": "74752929456fcd4fa95f3b0c96bf36847e0dad4f3af2eee3f15b1b304c581e09"
        },
        "baselanguages": "english,german,french,italian,koreana,spanish,schinese,tchinese,russian,thai,japanese,portuguese,polish,danish,dutch,finnish,norwegian,swedish,hungarian,czech,romanian,turkish,arabic,brazilian,bulgarian,greek,ukrainian,latam,vietnamese,indonesian",
        "branches": {
            "public": {
                "buildid": "14620259",
                "timeupdated": "1717639016"
            }
        }
    }
}