{
    "appid": "3160290",
    "type": "Demo",
    "name": "Vivid World Demo",
    "schinese_name": "灵动世界：试玩版",
    "isfreeapp": "0",
    "change_number": "26380562",
    "update_time": "2024-12-05 05:07:28",
    "depot": {
        "3160291": {
            "manifests": {
                "public": {
                    "gid": "5614771918668535744",
                    "size": "755425233",
                    "download": "509426544"
                }
            },
            "decryptionkey": "f4eb514a7ba9a54ff86fe88e700c0ce1647d4be4acab37f2bc210966b50bcf6b"
        },
        "branches": {
            "public": {
                "buildid": "16174843",
                "timeupdated": "1729830480"
            }
        },
        "privatebranches": "1"
    }
}