{
    "appid": "2984560",
    "type": "Beta",
    "name": "Ultra Strikers Playtest",
    "schinese_name": "",
    "isfreeapp": "0",
    "change_number": "28768251",
    "update_time": "2025-05-01 20:19:55",
    "depot": {
        "228989": {
            "config": {
                "oslist": "windows"
            },
            "depotfromapp": "228980",
            "sharedinstall": "1"
        },
        "228990": {
            "config": {
                "oslist": "windows"
            },
            "depotfromapp": "228980",
            "sharedinstall": "1"
        },
        "2984561": {
            "manifests": {
                "public": {
                    "gid": "3829147958374373791",
                    "size": "5939923857",
                    "download": "5110568464"
                }
            },
            "decryptionkey": "daf7e3fd2f3256e8fc631194e7b693ec1aa7c74d5d292ef87d9b793806b339e6"
        },
        "branches": {
            "public": {
                "buildid": "15476307",
                "timeupdated": "1724447382"
            }
        },
        "privatebranches": "1"
    }
}