{
    "appid": "2976490",
    "type": "Game",
    "name": "The Stalked 2",
    "schinese_name": "",
    "isfreeapp": "0",
    "change_number": "28928022",
    "update_time": "2025-05-12 02:34:23",
    "depot": {
        "2976491": {
            "manifests": {
                "public": {
                    "gid": "9142109144705891286",
                    "size": "7378490254",
                    "download": "3097433680"
                }
            },
            "decryptionkey": "6984e8dddcd7172c7cd0eda21e514fb2e8be4f057bba81de922a2f276f95e014"
        },
        "branches": {
            "public": {
                "buildid": "17891465",
                "timeupdated": "1743127175"
            }
        }
    }
}