{
    "appid": "3187540",
    "type": "Game",
    "name": "OutRUN",
    "schinese_name": "",
    "isfreeapp": "0",
    "change_number": "28694956",
    "update_time": "2025-04-28 02:54:31",
    "depot": {
        "228989": {
            "config": {
                "oslist": "windows"
            },
            "depotfromapp": "228980",
            "sharedinstall": "1"
        },
        "228990": {
            "config": {
                "oslist": "windows"
            },
            "depotfromapp": "228980",
            "sharedinstall": "1"
        },
        "3187541": {
            "manifests": {
                "public": {
                    "gid": "482212781481191768",
                    "size": "1668632587",
                    "download": "1312400976"
                }
            },
            "decryptionkey": "de8d57a084ff9dc9208bb2be11e1a2ec8e3c6f5b6e73e27b01bcab293c8ff485"
        },
        "branches": {
            "public": {
                "buildid": "16734508",
                "timeupdated": "1734089521"
            }
        }
    }
}