{
    "appid": "3283420",
    "type": "Music",
    "name": "Coridden - Original Soundtrack",
    "schinese_name": "",
    "isfreeapp": "0",
    "change_number": "27316086",
    "update_time": "2025-02-05 07:48:04",
    "depot": {
        "3283421": {
            "manifests": {
                "public": {
                    "gid": "2757087224294380045",
                    "size": "213120336",
                    "download": "117103168"
                }
            },
            "decryptionkey": "beb3e1bd1cb19e3f19e4b325ca9ac3f5e49048d953cb71106d5dfa6d67ae4200"
        },
        "3283422": {
            "config": {
                "highqualityaudio": "1"
            },
            "manifests": {
                "public": {
                    "gid": "6543659330218026766",
                    "size": "883614806",
                    "download": "699195952"
                }
            },
            "decryptionkey": "8ad8c8e9156a6a4fa9e1ce119454aada7a00ee7789959636427a4f04ae2226ea"
        },
        "branches": {
            "public": {
                "buildid": "16298375",
                "timeupdated": "1730798473"
            }
        }
    }
}