{
    "appid": "3207880",
    "type": "Game",
    "name": "Universe Horizon",
    "schinese_name": "",
    "isfreeapp": "0",
    "change_number": "28668571",
    "update_time": "2025-04-25 22:51:09",
    "depot": {
        "3207881": {
            "config": {
                "oslist": "windows"
            },
            "manifests": {
                "public": {
                    "gid": "5335142607158289452",
                    "size": "290420484",
                    "download": "115036192"
                }
            },
            "decryptionkey": "3d4bf445cc303aca2dce3f23328852d8b2a846bc8877066895e8b5baa9c07ac6"
        },
        "3207882": {
            "config": {
                "language": "english",
                "oslist": "linux",
                "osarch": "64"
            },
            "manifests": {
                "public": {
                    "gid": "7628394532120139996",
                    "size": "421653866",
                    "download": "127126352"
                }
            }
        },
        "branches": {
            "public": {
                "buildid": "17042106",
                "timeupdated": "1737129860"
            }
        }
    }
}