{
    "appid": "3481960",
    "type": "Demo",
    "name": "No Alibi Demo",
    "schinese_name": "",
    "isfreeapp": "0",
    "change_number": "27410272",
    "update_time": "2025-02-11 07:10:23",
    "depot": {
        "3481961": {
            "config": {
                "oslist": "windows"
            },
            "manifests": {
                "public": {
                    "gid": "6509567646065531913",
                    "size": "95717907",
                    "download": "67110928"
                }
            },
            "decryptionkey": "3884cd1b92d2526c536db2595f82b4301e3b1431d2b7216afaa452ea46306758"
        },
        "3481962": {
            "config": {
                "oslist": "linux"
            },
            "manifests": {
                "public": {
                    "gid": "8161478519706612787",
                    "size": "99968032",
                    "download": "65500624"
                }
            },
            "decryptionkey": ""
        },
        "branches": {
            "public": {
                "buildid": "17313648",
                "timeupdated": "1739229019"
            }
        }
    }
}