{
    "appid": "3581210",
    "type": "Game",
    "name": "你能活到第几集",
    "schinese_name": "",
    "isfreeapp": "0",
    "change_number": "28951607",
    "update_time": "2025-05-13 10:31:17",
    "depot": {
        "3581211": {
            "manifests": {
                "public": {
                    "gid": "8122471080558596196",
                    "size": "414478273",
                    "download": "270907824"
                }
            },
            "decryptionkey": "1e61ad14aa34237d96e02b1c8f67526e00d25fa5ec59870b5290f8162e698afd"
        },
        "branches": {
            "public": {
                "buildid": "18009649",
                "timeupdated": "1744020392"
            }
        }
    }
}