{
    "appid": "3054100",
    "type": "Demo",
    "name": "Rhythm Witch Demo",
    "schinese_name": "",
    "isfreeapp": "0",
    "change_number": "27077900",
    "update_time": "2025-01-20 23:18:44",
    "depot": {
        "3054101": {
            "config": {
                "oslist": "windows",
                "osarch": "64"
            },
            "manifests": {
                "public": {
                    "gid": "2726052171915433248",
                    "size": "763576623",
                    "download": "256514528"
                }
            },
            "decryptionkey": "e7a17711e67d47a8e85c737110e6eb0280559d968213fb087238a3087e7b0d63"
        },
        "baselanguages": "english,schinese,tchinese,japanese",
        "branches": {
            "public": {
                "buildid": "17038423",
                "timeupdated": "1737386318"
            }
        }
    }
}