{
    "appid": "3076650",
    "type": "Demo",
    "name": "Murder at the Birch Tree Theater Demo",
    "schinese_name": "",
    "isfreeapp": "0",
    "change_number": "24432886",
    "update_time": "2024-07-19 21:45:36",
    "depot": {
        "baselanguages": "english",
        "2864591": {
            "config": {
                "oslist": "windows"
            },
            "manifests": {
                "public": {
                    "gid": "8419083215461410150",
                    "size": "355940820",
                    "download": "299624752"
                }
            },
            "depotfromapp": "2864590",
            "decryptionkey": "c58f51fb6911539a3f2db893727e44a1df112db9632a17c4ff846811228eacce"
        },
        "2864592": {
            "config": {
                "oslist": "macos"
            },
            "manifests": {
                "public": {
                    "gid": "7209065453119083298",
                    "size": "422125814",
                    "download": "312590864"
                }
            },
            "depotfromapp": "2864590",
            "decryptionkey": ""
        },
        "branches": {}
    }
}