{
    "appid": "3476180",
    "type": "Game",
    "name": "Chlorofell",
    "schinese_name": "",
    "isfreeapp": "1",
    "change_number": "28847539",
    "update_time": "2025-05-07 02:31:56",
    "depot": {
        "228989": {
            "config": {
                "oslist": "windows"
            },
            "depotfromapp": "228980",
            "sharedinstall": "1"
        },
        "3476181": {
            "manifests": {
                "public": {
                    "gid": "7964790330441142962",
                    "size": "148441157",
                    "download": "120275568"
                }
            },
            "decryptionkey": "f3fe17a4f43784295f26499a187d94d30b804df7a361ddb2934388d91e2342fd"
        },
        "branches": {
            "public": {
                "buildid": "17052766",
                "timeupdated": "1737239951"
            }
        }
    }
}