{
    "appid": "3248470",
    "type": "Demo",
    "name": "Dollmare Demo",
    "schinese_name": "",
    "isfreeapp": "0",
    "change_number": "25959487",
    "update_time": "2024-10-30 06:18:48",
    "depot": {
        "228988": {
            "config": {
                "oslist": "windows"
            },
            "depotfromapp": "228980",
            "sharedinstall": "1"
        },
        "228989": {
            "config": {
                "oslist": "windows"
            },
            "depotfromapp": "228980",
            "sharedinstall": "1"
        },
        "228990": {
            "config": {
                "oslist": "windows"
            },
            "depotfromapp": "228980",
            "sharedinstall": "1"
        },
        "3248471": {
            "config": {
                "oslist": "windows"
            },
            "manifests": {
                "public": {
                    "gid": "7950930749053950902",
                    "size": "1102571632",
                    "download": "932472032"
                }
            },
            "decryptionkey": "bc24e4956343d43e57338f5d9c7b3423095fa7f9e3426cf46ea7eaa234835e75"
        },
        "branches": {
            "public": {
                "buildid": "16028404",
                "timeupdated": "1728847190"
            }
        }
    }
}