{
    "appid": "3625270",
    "type": "Application",
    "name": "MateEngine",
    "schinese_name": "",
    "isfreeapp": "0",
    "change_number": "29048589",
    "update_time": "2025-05-18 20:21:29",
    "depot": {
        "workshopdepot": "3625270",
        "228989": {
            "config": {
                "oslist": "windows"
            },
            "depotfromapp": "228980",
            "sharedinstall": "1"
        },
        "228990": {
            "config": {
                "oslist": "windows"
            },
            "depotfromapp": "228980",
            "sharedinstall": "1"
        },
        "229007": {
            "config": {
                "oslist": "windows"
            },
            "depotfromapp": "228980",
            "sharedinstall": "1"
        },
        "229030": {
            "config": {
                "oslist": "windows"
            },
            "depotfromapp": "228980",
            "sharedinstall": "1"
        },
        "3625271": {
            "manifests": {
                "public": {
                    "gid": "5034002687615692012",
                    "size": "1661553033",
                    "download": "1285484144"
                }
            },
            "decryptionkey": "734456d4a0a4052b952e0aa76968df9f9c584b67bf4b28aeada100b6ed9d0860"
        },
        "3625272": {
            "config": {
                "oslist": "windows"
            }
        },
        "branches": {
            "public": {
                "buildid": "18508497",
                "timeupdated": "1747570872"
            }
        },
        "workshopdepotdecryptionkey": "d97e3ad750481e887bc385db2bed3b71745c5b84bd505dfbbbd9eb20975f8217"
    }
}