{
    "appid": "3148750",
    "type": "Game",
    "name": "Cadaver",
    "schinese_name": "",
    "isfreeapp": "0",
    "change_number": "26253459",
    "update_time": "2024-11-21 01:02:31",
    "depot": {
        "3148751": {
            "manifests": {
                "public": {
                    "gid": "6133853934707766191",
                    "size": "237446775",
                    "download": "21233792"
                }
            },
            "decryptionkey": "1db33f8ac9400741c79979e4746b949190c174015823ab439cf12fe0a1918190"
        },
        "branches": {
            "public": {
                "buildid": "15254608",
                "timeupdated": "1722758126"
            }
        }
    },
    "access_token": 1657309474790173028
}