{
    "appid": "3277900",
    "type": "DLC",
    "name": "The Seven Realms: High Lathión - Official Walkthrough",
    "schinese_name": "七界：拉菲恩圣地 - 官方攻略",
    "isfreeapp": "0",
    "change_number": "27751642",
    "update_time": "2025-03-03 18:05:30",
    "depot": {
        "3277900": {
            "manifests": {
                "public": {
                    "gid": "5263674950078368800",
                    "size": "61137229",
                    "download": "51972320"
                }
            },
            "dlcappid": "3277900",
            "decryptionkey": "96e1fda0dc61bb9d5cf45bcdaf9ed6324009eff18feaa520beb3f3873fa52310"
        },
        "branches": {
            "public": {
                "buildid": "17566158",
                "timeupdated": "1740996326"
            }
        },
        "privatebranches": "1"
    }
}