{
    "appid": "3103750",
    "type": "Game",
    "name": "PENGUIN HOTEL",
    "schinese_name": "",
    "isfreeapp": "1",
    "change_number": "28573589",
    "update_time": "2025-04-21 00:59:05",
    "depot": {
        "baselanguages": "english,schinese,tchinese,japanese",
        "228989": {
            "config": {
                "oslist": "windows"
            },
            "depotfromapp": "228980",
            "sharedinstall": "1"
        },
        "228990": {
            "config": {
                "oslist": "windows"
            },
            "depotfromapp": "228980",
            "sharedinstall": "1"
        },
        "3103751": {
            "manifests": {
                "public": {
                    "gid": "4670749740861847846",
                    "size": "625123705",
                    "download": "482082880"
                }
            },
            "decryptionkey": "6d36866671110f9fbd62e58a61c1a8768ac4ac36d2f06e53d923372869fa93a0"
        },
        "branches": {
            "public": {
                "buildid": "17956686",
                "timeupdated": "1743606856"
            }
        }
    }
}