{
    "appid": "3011850",
    "type": "Game",
    "name": "CRUELTY",
    "schinese_name": "",
    "isfreeapp": "0",
    "change_number": "29043684",
    "update_time": "2025-05-18 05:13:14",
    "depot": {
        "228989": {
            "config": {
                "oslist": "windows"
            },
            "depotfromapp": "228980",
            "sharedinstall": "1"
        },
        "228990": {
            "config": {
                "oslist": "windows"
            },
            "depotfromapp": "228980",
            "sharedinstall": "1"
        },
        "3011851": {
            "manifests": {
                "public": {
                    "gid": "8233058216048426025",
                    "size": "2754541754",
                    "download": "2597919184"
                }
            },
            "decryptionkey": "36b4e4faeec7372a15a684b165644a0ee5dd002a4b1316e6a6e875d8cc42bbac"
        },
        "baselanguages": "english,japanese",
        "branches": {
            "public": {
                "buildid": "15223255",
                "timeupdated": "1722498426"
            }
        }
    }
}