{
    "appid": "3192960",
    "type": "Game",
    "name": "Parcel Master",
    "schinese_name": "解谜大师：配送大挑战",
    "isfreeapp": "0",
    "change_number": "28817007",
    "update_time": "2025-05-05 13:31:59",
    "depot": {
        "3192961": {
            "config": {
                "oslist": "windows"
            },
            "manifests": {
                "public": {
                    "gid": "35332245097482336",
                    "size": "287516135",
                    "download": "88742272"
                }
            },
            "decryptionkey": "c05cce29eb7706a593b11afee8e674aeaf65c2ec8cd51d68ed273f37ed6b97f2"
        },
        "3192962": {
            "config": {
                "oslist": "macos"
            },
            "manifests": {
                "public": {
                    "gid": "1826099978004162467",
                    "size": "414695081",
                    "download": "114143504"
                }
            },
            "decryptionkey": ""
        },
        "3192963": {
            "config": {
                "oslist": "linux"
            },
            "manifests": {
                "public": {
                    "gid": "6048504242487797857",
                    "size": "299650594",
                    "download": "89045760"
                }
            },
            "decryptionkey": ""
        },
        "branches": {
            "public": {
                "buildid": "16399921",
                "timeupdated": "1731548205"
            }
        },
        "privatebranches": "1"
    }
}