{
    "appid": "3161850",
    "type": "Game",
    "name": "Boosted Survivors",
    "schinese_name": "",
    "isfreeapp": "0",
    "change_number": "26183469",
    "update_time": "2024-11-14 07:35:56",
    "depot": {
        "3161851": {
            "config": {
                "oslist": "windows"
            },
            "manifests": {
                "public": {
                    "gid": "8712816865441231115",
                    "size": "157395912",
                    "download": "85532320"
                }
            },
            "decryptionkey": "5cbb946ba153d98818200369d94a3675ce3d65d2935fa69fa35c97c4590ec50f"
        },
        "3161853": {
            "config": {
                "oslist": "linux"
            },
            "manifests": {
                "public": {
                    "gid": "7042045287944749834",
                    "size": "140545336",
                    "download": "81183152"
                }
            },
            "decryptionkey": ""
        },
        "hasdepotsindlc": "0",
        "branches": {
            "public": {
                "buildid": "15871900",
                "timeupdated": "1727680319"
            }
        },
        "privatebranches": "1"
    }
}