{
    "appid": "3532910",
    "type": "DLC",
    "name": "JR EAST Train Simulator: 185 series",
    "schinese_name": "",
    "isfreeapp": "0",
    "change_number": "28612485",
    "update_time": "2025-04-23 09:31:45",
    "depot": {
        "3532911": {
            "manifests": {
                "public": {
                    "gid": "6571044849234064300",
                    "size": "537056928",
                    "download": "308285664"
                }
            },
            "dlcappid": "3532910",
            "decryptionkey": "dcf9dd15aab3eeacc76357b260fa7995b0873a767b75bc6e95353bf37802f911"
        },
        "branches": {
            "public": {
                "buildid": "17761980",
                "timeupdated": "1742891341"
            }
        },
        "privatebranches": "1"
    }
}