{
    "appid": "3148070",
    "type": "Demo",
    "name": "Summer For You Demo",
    "schinese_name": "",
    "isfreeapp": "0",
    "change_number": "27257938",
    "update_time": "2025-02-01 01:14:34",
    "depot": {
        "3148071": {
            "manifests": {
                "public": {
                    "gid": "6061085008872001010",
                    "size": "1124278210",
                    "download": "904094960"
                }
            },
            "decryptionkey": "3106293a911534754cae452680b004e3ac974cb84d49f5947bbb7bff903d9028"
        },
        "branches": {
            "public": {
                "buildid": "16973245",
                "timeupdated": "1736581548"
            }
        }
    }
}