{
    "appid": "2967230",
    "type": "Demo",
    "name": "Hero Emblems II Demo",
    "schinese_name": "",
    "isfreeapp": "0",
    "change_number": "24660916",
    "update_time": "2024-08-06 10:18:24",
    "depot": {
        "baselanguages": "english,german,french,koreana,schinese,tchinese,japanese",
        "228989": {
            "config": {
                "oslist": "windows"
            },
            "depotfromapp": "228980",
            "sharedinstall": "1"
        },
        "2967231": {
            "config": {
                "oslist": "windows",
                "osarch": "64"
            },
            "manifests": {
                "public": {
                    "gid": "7990369070193395343",
                    "size": "434255155",
                    "download": "378254368"
                }
            },
            "decryptionkey": "5ab9d1b8827307912f85e14519f102d15e0619373441a1030f64d9a1071272cb"
        },
        "branches": {
            "public": {
                "buildid": "14735381",
                "timeupdated": "1718558326"
            }
        }
    }
}