{
    "appid": "3007030",
    "type": "Demo",
    "name": "ARCANA Demo",
    "schinese_name": "",
    "isfreeapp": "0",
    "change_number": "23785961",
    "update_time": "2024-07-16 02:47:08",
    "depot": {
        "3007031": {
            "manifests": {
                "public": {
                    "gid": "1628804378267623851",
                    "size": "83976346",
                    "download": "44349152"
                }
            },
            "decryptionkey": "39f961f9c9536d2e8e7af0a3cf726fda98a013202c199f524f094e0403f11127"
        },
        "branches": {
            "public": {
                "buildid": "14570533",
                "timeupdated": "1717238309"
            }
        }
    }
}