{
    "appid": "3021690",
    "type": "Demo",
    "name": "Reason Unfound Demo",
    "schinese_name": "",
    "isfreeapp": "0",
    "change_number": "24363411",
    "update_time": "2024-07-15 15:45:37",
    "depot": {
        "3021691": {
            "manifests": {
                "public": {
                    "gid": "598080106218767287",
                    "size": "712358760",
                    "download": "380029472"
                }
            },
            "decryptionkey": "35c638df1698a261ae2d4b2b90db1f06ad9917eefa33d83d6770ca1da34eb6a0"
        },
        "branches": {
            "public": {
                "buildid": "15033600",
                "timeupdated": "1721029532"
            }
        }
    }
}