{
    "appid": "3154390",
    "type": "Game",
    "name": "Neon Knights",
    "schinese_name": "",
    "isfreeapp": "0",
    "change_number": "28758536",
    "update_time": "2025-05-01 05:23:32",
    "depot": {
        "3154391": {
            "manifests": {
                "public": {
                    "gid": "5841953601472922954",
                    "size": "720154474",
                    "download": "231596240"
                },
                "beta": {
                    "gid": "5841953601472922954",
                    "size": "720154474",
                    "download": "231596240"
                }
            },
            "decryptionkey": "927d30feb940c700ada2700474a9e25c647606826660ed2f32903cbdc783b9ca"
        },
        "branches": {
            "public": {
                "buildid": "18301881",
                "timeupdated": "1746048208"
            },
            "beta": {
                "buildid": "18301881",
                "description": "for testing new content",
                "timeupdated": "1746047586"
            }
        }
    }
}