{
    "appid": "3235270",
    "type": "Game",
    "name": "Conradito Cafézito",
    "schinese_name": "",
    "isfreeapp": "0",
    "change_number": "28541536",
    "update_time": "2025-04-18 10:21:27",
    "depot": {
        "3235271": {
            "config": {
                "oslist": "windows"
            },
            "manifests": {
                "public": {
                    "gid": "6108733063160325817",
                    "size": "166933328",
                    "download": "45645024"
                }
            },
            "decryptionkey": "71e1ee172e0a5a15a333c1146e375a46671e14171d1ae10cf45d0c5723a7885d"
        },
        "branches": {
            "public": {
                "buildid": "16856726",
                "timeupdated": "1735252125"
            }
        }
    }
}