{
    "appid": "3535520",
    "type": "DLC",
    "name": "Beat Saber - Kendrick Lamar - Not Like Us",
    "schinese_name": "",
    "isfreeapp": "0",
    "change_number": "28723135",
    "update_time": "2025-04-29 16:53:53",
    "depot": {
        "3535520": {
            "manifests": {
                "public": {
                    "gid": "2539401523782823503",
                    "size": "14784470",
                    "download": "14986592"
                }
            },
            "dlcappid": "3535520",
            "decryptionkey": "166319f4c2d71e2e216fda19e51ee5ff1118e343a5a516a5c0610bb2ff652878"
        },
        "branches": {
            "public": {
                "buildid": "17455276",
                "timeupdated": "1740147735"
            }
        }
    }
}