{
    "appid": "3246270",
    "type": "Demo",
    "name": "Exo Wanderers Demo",
    "schinese_name": "孤行异星 Demo",
    "isfreeapp": "0",
    "change_number": "26373315",
    "update_time": "2024-12-05 04:50:12",
    "depot": {
        "3246271": {
            "manifests": {
                "public": {
                    "gid": "6761132870384003156",
                    "size": "2740464197",
                    "download": "2077271872"
                }
            },
            "decryptionkey": "73a689afce7a783ca117431158ef600c791e7bf39bedc3de816a20f1ef1cfd86"
        },
        "baselanguages": "english,german,french,italian,koreana,spanish,schinese,tchinese,russian,japanese,portuguese,arabic,brazilian,greek,latam",
        "branches": {
            "public": {
                "buildid": "16487983",
                "timeupdated": "1732203235"
            }
        }
    }
}