{
    "appid": "3013720",
    "type": "Demo",
    "name": "MIGLORN Demo",
    "schinese_name": "",
    "isfreeapp": "0",
    "change_number": "26685919",
    "update_time": "2024-12-18 07:57:46",
    "depot": {
        "228989": {
            "config": {
                "oslist": "windows"
            },
            "depotfromapp": "228980",
            "sharedinstall": "1"
        },
        "228990": {
            "config": {
                "oslist": "windows"
            },
            "depotfromapp": "228980",
            "sharedinstall": "1"
        },
        "3013721": {
            "manifests": {
                "public": {
                    "gid": "8315181722019018704",
                    "size": "343721500",
                    "download": "226709280"
                }
            },
            "decryptionkey": "8ad22c3ec1f8ad1fd6f71f6cfcabdb36e27e84a5c21b3cb1030cf90d99320474"
        },
        "branches": {
            "public": {
                "buildid": "16113103",
                "timeupdated": "1729429260"
            }
        }
    }
}