{
    "appid": "3026020",
    "type": "Demo",
    "name": "Klaroro - Abyss of the Soul Demo",
    "schinese_name": "克拉罗罗-深渊之魂 Demo",
    "isfreeapp": "0",
    "change_number": "24103140",
    "update_time": "2024-07-16 02:47:09",
    "depot": {
        "3026021": {
            "manifests": {
                "public": {
                    "gid": "5611641265985822265",
                    "size": "122264888",
                    "download": "81988048"
                }
            },
            "decryptionkey": "13a381cf6c2adb45c6c5fb2f057e76f77e5e0f7afde7485677fbe4d8f2623539"
        },
        "branches": {
            "public": {
                "buildid": "14606779",
                "timeupdated": "1717556991"
            }
        }
    }
}