{
    "appid": "3006010",
    "type": "Game",
    "name": "Musician Simulator",
    "schinese_name": "",
    "isfreeapp": "0",
    "change_number": "28516642",
    "update_time": "2025-04-17 05:11:24",
    "depot": {
        "3006011": {
            "manifests": {
                "public": {
                    "gid": "37630365607548677",
                    "size": "4902675444",
                    "download": "1560380112"
                }
            },
            "decryptionkey": "3d529d9240534e58f5c8a082014ad116cb2b23d5bd2fb2eb8dae75e510bad099"
        },
        "branches": {
            "public": {
                "buildid": "14882941",
                "timeupdated": "1719692003"
            }
        }
    }
}