{
    "appid": "2942190",
    "type": "Game",
    "name": "Hentai Class",
    "schinese_name": "",
    "isfreeapp": "0",
    "change_number": "29030351",
    "update_time": "2025-05-17 02:15:07",
    "depot": {
        "2942191": {
            "manifests": {
                "public": {
                    "gid": "205296033937935021",
                    "size": "197540117",
                    "download": "77360848"
                }
            },
            "decryptionkey": "2f8009853356a99f873daf3d47071326c0301e561184bb4e7a124f902f3b4c2d"
        },
        "branches": {
            "public": {
                "buildid": "17131531",
                "timeupdated": "1737843102"
            }
        },
        "privatebranches": "1"
    }
}