{
    "appid": "3106460",
    "type": "Music",
    "name": "Wobbly Life - Original Game Soundtrack",
    "schinese_name": "",
    "isfreeapp": "0",
    "change_number": "27150786",
    "update_time": "2025-01-24 22:29:17",
    "depot": {
        "3106461": {
            "manifests": {
                "public": {
                    "gid": "1676052157317739315",
                    "size": "193153850",
                    "download": "189774352"
                }
            },
            "decryptionkey": "c4e05dc23c4bd4fbb8ac04b9f8e9f6bf92067182615b17a010ab9a62acae6032"
        },
        "branches": {
            "public": {
                "buildid": "16063973",
                "timeupdated": "1729073259"
            }
        }
    }
}