{
    "appid": "3009800",
    "type": "Game",
    "name": "3D PUZZLE - OutPost",
    "schinese_name": "",
    "isfreeapp": "0",
    "change_number": "28415587",
    "update_time": "2025-04-11 04:10:58",
    "depot": {
        "3009801": {
            "manifests": {
                "public": {
                    "gid": "4104748047001906222",
                    "size": "1087369955",
                    "download": "216079024"
                }
            },
            "decryptionkey": "76901f0ddafd53dcb190ab3ab9a2885a41a01c36958a554049613d6b8065ccea"
        },
        "branches": {
            "public": {
                "buildid": "17586637",
                "timeupdated": "1741080880"
            }
        }
    }
}