{
    "appid": "3452790",
    "type": "Game",
    "name": "黄色猫片",
    "schinese_name": "",
    "isfreeapp": "0",
    "change_number": "29016323",
    "update_time": "2025-05-16 12:04:10",
    "depot": {
        "baselanguages": "schinese",
        "3452791": {
            "manifests": {
                "public": {
                    "gid": "1430492560576441393",
                    "size": "371521144",
                    "download": "291485872"
                }
            },
            "decryptionkey": "03fa1e3485e55385dc93f7b0f509d8938ae2399d0822eb90836271d6813be3a5"
        },
        "branches": {
            "public": {
                "buildid": "17720407",
                "timeupdated": "1741931647"
            }
        }
    }
}