{
    "appid": "3350790",
    "type": "Game",
    "name": "Banana Ragdoll",
    "schinese_name": "",
    "isfreeapp": "0",
    "change_number": "29007771",
    "update_time": "2025-05-16 01:11:05",
    "depot": {
        "228988": {
            "config": {
                "oslist": "windows"
            },
            "depotfromapp": "228980",
            "sharedinstall": "1"
        },
        "228989": {
            "config": {
                "oslist": "windows"
            },
            "depotfromapp": "228980",
            "sharedinstall": "1"
        },
        "228990": {
            "config": {
                "oslist": "windows"
            },
            "depotfromapp": "228980",
            "sharedinstall": "1"
        },
        "3350791": {
            "config": {
                "oslist": "windows"
            },
            "manifests": {
                "public": {
                    "gid": "1382469525048071669",
                    "size": "1140940734",
                    "download": "543227088"
                }
            },
            "decryptionkey": "65ab4a5b07e3675097e62f066a0a0edd232f7906c61f0b3b49e7303cef4f1852"
        },
        "hasdepotsindlc": "0",
        "branches": {
            "public": {
                "buildid": "17150571",
                "timeupdated": "1738016195"
            }
        }
    }
}