{
    "appid": "2945590",
    "type": "Demo",
    "name": "Beat Rider Demo",
    "schinese_name": "元气百响 Demo",
    "isfreeapp": "0",
    "change_number": "25849904",
    "update_time": "2024-10-23 11:01:52",
    "depot": {
        "hasdepotsindlc": "0",
        "2945591": {
            "config": {
                "oslist": "windows",
                "language": "english"
            },
            "manifests": {
                "public": {
                    "gid": "5252360732065949687",
                    "size": "3985631845",
                    "download": "781293152"
                }
            },
            "decryptionkey": ""
        },
        "2945592": {
            "config": {
                "oslist": "windows",
                "language": "schinese"
            },
            "manifests": {
                "public": {
                    "gid": "325403043114832600",
                    "size": "3985631845",
                    "download": "779020672"
                }
            },
            "decryptionkey": "9fba86034f7206d35316920f5483f5b018921e3787daa193285a961100e0982c"
        },
        "2945593": {
            "config": {
                "language": "japanese",
                "oslist": "windows"
            },
            "manifests": {
                "public": {
                    "gid": "7444700985528574085",
                    "size": "3985631845",
                    "download": "779020672"
                }
            },
            "decryptionkey": ""
        },
        "branches": {
            "public": {
                "buildid": "14841146",
                "timeupdated": "1719385209"
            }
        }
    }
}