{
    "appid": "2966400",
    "type": "Game",
    "name": "Silverpine Creek",
    "schinese_name": "银松  溪流 ",
    "isfreeapp": "0",
    "change_number": "29043684",
    "update_time": "2025-05-18 05:13:13",
    "depot": {
        "228989": {
            "config": {
                "oslist": "windows"
            },
            "depotfromapp": "228980",
            "sharedinstall": "1"
        },
        "228990": {
            "config": {
                "oslist": "windows"
            },
            "depotfromapp": "228980",
            "sharedinstall": "1"
        },
        "229007": {
            "config": {
                "oslist": "windows"
            },
            "depotfromapp": "228980",
            "sharedinstall": "1"
        },
        "2966401": {
            "manifests": {
                "public": {
                    "gid": "8581958631098981927",
                    "size": "3735336633",
                    "download": "3465824256"
                }
            },
            "decryptionkey": "8efc6bf92eaa09d8099bcc6d50bc038f5b173737879ed5a58c957b6bd3980ec5"
        },
        "branches": {
            "public": {
                "buildid": "17855005",
                "timeupdated": "1742921190"
            }
        }
    }
}