{
    "appid": "3439760",
    "type": "Music",
    "name": "KARMA: The Dark World - Soundtrack",
    "schinese_name": "黑暗世界：因与果 - Soundtrack",
    "isfreeapp": "0",
    "change_number": "28736706",
    "update_time": "2025-04-30 06:19:13",
    "depot": {
        "3439761": {
            "manifests": {
                "public": {
                    "gid": "8357005492645426813",
                    "size": "379130203",
                    "download": "372753392"
                }
            },
            "decryptionkey": "85e53bd743c604720a49b296774e1d86b20dec07be4f8f75edd5c693eec04b65"
        },
        "3439762": {
            "config": {
                "highqualityaudio": "1"
            },
            "manifests": {
                "public": {
                    "gid": "1943388040517855814",
                    "size": "4196793642",
                    "download": "3743588112"
                }
            },
            "decryptionkey": "3d8ff3cdda63cb444e76eae624bfb61c8e92cb81364222deeae131e571e5f478"
        },
        "branches": {
            "public": {
                "buildid": "17573685",
                "timeupdated": "1741003419"
            }
        }
    }
}