{
    "appid": "3245380",
    "type": "Game",
    "name": "They Do Not Die",
    "schinese_name": "",
    "isfreeapp": "0",
    "change_number": "28891957",
    "update_time": "2025-05-09 07:32:11",
    "depot": {
        "3245381": {
            "manifests": {
                "public": {
                    "gid": "7702414908101077353",
                    "size": "46752265",
                    "download": "40733600"
                }
            },
            "decryptionkey": "9817d6be6da4067bc2fc7c381300c218d2a27cd83cf70e2736eee9f55c26ce32"
        },
        "branches": {
            "public": {
                "buildid": "16144850",
                "timeupdated": "1729650795"
            }
        }
    }
}