{
    "appid": "3231730",
    "type": "Demo",
    "name": "Screen TRPG Demo",
    "schinese_name": "",
    "isfreeapp": "0",
    "change_number": "26987964",
    "update_time": "2025-01-14 18:48:11",
    "depot": {
        "3231731": {
            "manifests": {
                "public": {
                    "gid": "6723593458563504419",
                    "size": "7419810749",
                    "download": "3384396032"
                }
            },
            "decryptionkey": "8fd80c7c243c1e47596ae8211ebf53ff5662d9e0eb12a3f2e1d1ffee8ec083e4"
        },
        "baselanguages": "schinese",
        "branches": {
            "public": {
                "buildid": "16207782",
                "timeupdated": "1730129392"
            }
        }
    }
}