{
    "appid": "3223440",
    "type": "Beta",
    "name": "拖拖拉拉小菲镇 Playtest",
    "schinese_name": "",
    "isfreeapp": "0",
    "change_number": "26832753",
    "update_time": "2025-01-01 22:49:08",
    "depot": {
        "baselanguages": "schinese",
        "3223441": {
            "config": {
                "language": "schinese",
                "oslist": "windows",
                "osarch": "64"
            },
            "manifests": {
                "public": {
                    "gid": "5783456470882876953",
                    "size": "1944058852",
                    "download": "333189072"
                }
            },
            "decryptionkey": "88faeef3eaabdd03a4250a97b4a9163f9b2e4c234da8a1fb2150d088cd25e5c5"
        },
        "branches": {
            "public": {
                "buildid": "16886629",
                "timeupdated": "1735742944"
            }
        }
    }
}