{
    "appid": "3116640",
    "type": "Game",
    "name": "Torque Drift 2",
    "schinese_name": "",
    "isfreeapp": "0",
    "change_number": "29017426",
    "update_time": "2025-05-16 13:56:55",
    "depot": {
        "228989": {
            "config": {
                "oslist": "windows"
            },
            "depotfromapp": "228980",
            "sharedinstall": "1"
        },
        "228990": {
            "config": {
                "oslist": "windows"
            },
            "depotfromapp": "228980",
            "sharedinstall": "1"
        },
        "3116641": {
            "manifests": {
                "public": {
                    "gid": "1071536895328546601",
                    "size": "60600006084",
                    "download": "59793901344"
                }
            },
            "decryptionkey": "76d9b96d0a9d422a6133e9cba82015446749380a2945965f89fb05b584a507c8"
        },
        "baselanguages": "english,german,french,italian,koreana,spanish,schinese,russian,japanese,portuguese,turkish,brazilian,latam",
        "branches": {
            "public": {
                "buildid": "18485214",
                "timeupdated": "1747369212"
            }
        },
        "privatebranches": "1"
    }
}