{
    "appid": "3486410",
    "type": "Music",
    "name": "Threefold Recital Soundtrack",
    "schinese_name": "三相奇谈原声集",
    "isfreeapp": "0",
    "change_number": "28914300",
    "update_time": "2025-05-10 13:32:51",
    "depot": {
        "3486411": {
            "manifests": {
                "public": {
                    "gid": "9024515880274672779",
                    "size": "1401440676",
                    "download": "1127262528"
                }
            },
            "decryptionkey": "2e76a4c2e623c95f411d7444c0f873f53a21835b24d9733b94de649414e6315b"
        },
        "branches": {
            "public": {
                "buildid": "17479737",
                "timeupdated": "1740380920"
            }
        },
        "privatebranches": "1"
    }
}