{
    "appid": "3348700",
    "type": "Music",
    "name": "Golden Warden Original Soundtrack",
    "schinese_name": "",
    "isfreeapp": "0",
    "change_number": "28019573",
    "update_time": "2025-03-19 03:51:25",
    "depot": {
        "3348702": {
            "config": {
                "language": "english"
            },
            "manifests": {
                "public": {
                    "gid": "1686659447262918366",
                    "size": "57811219",
                    "download": "57099648"
                }
            },
            "decryptionkey": "75530c06f3be6a59993bf3ea1569ff329733801a3989713938dafab54076778f"
        },
        "3348701": {
            "config": {
                "language": "japanese"
            },
            "manifests": {
                "public": {
                    "gid": "5552841504067525009",
                    "size": "57811222",
                    "download": "57099904"
                }
            },
            "decryptionkey": "f079c01d671b914510f41428ed768a1259523c0786d6f06de1823c165be32a00"
        },
        "branches": {
            "public": {
                "buildid": "17181202",
                "timeupdated": "1738221418"
            }
        }
    }
}