{
    "appid": "3071060",
    "type": "Game",
    "name": "Arrive In Time",
    "schinese_name": "及时抵达",
    "isfreeapp": "0",
    "change_number": "26971885",
    "update_time": "2025-01-13 20:31:34",
    "depot": {
        "baselanguages": "english,german,french,koreana,spanish,schinese,tchinese,russian,japanese,portuguese",
        "3071061": {
            "config": {
                "oslist": "windows"
            },
            "manifests": {
                "public": {
                    "gid": "8785594461193935363",
                    "size": "605936427",
                    "download": "158855344"
                }
            },
            "decryptionkey": "d286d7a0eef4cace8320708d4f61b9df8b0408c1c3b75781ed02bd9245ed41c5"
        },
        "3071062": {
            "config": {
                "oslist": "macos"
            },
            "manifests": {
                "public": {
                    "gid": "3519546200021746012",
                    "size": "630238493",
                    "download": "166044752"
                }
            },
            "decryptionkey": ""
        },
        "branches": {
            "public": {
                "buildid": "16174581",
                "timeupdated": "1729825449"
            }
        }
    }
}