{
    "appid": "3365650",
    "type": "Music",
    "name": "FINAL FANTASY VII REMAKE Original Soundtrack",
    "schinese_name": "",
    "isfreeapp": "0",
    "change_number": "28736706",
    "update_time": "2025-04-30 06:19:30",
    "depot": {
        "3365651": {
            "manifests": {
                "public": {
                    "gid": "5610006288920982081",
                    "size": "1235240645",
                    "download": "1118982304"
                }
            },
            "decryptionkey": "6ae2f0df4ac4f2599d26e91be198cd60486c19d92fa1549e79d83ee96e41156c"
        },
        "branches": {
            "public": {
                "buildid": "16654729",
                "timeupdated": "1733479567"
            }
        }
    }
}