{
    "appid": "3212410",
    "type": "Demo",
    "name": "UnPlugged Demo",
    "schinese_name": "",
    "isfreeapp": "0",
    "change_number": "26026511",
    "update_time": "2024-11-03 21:47:07",
    "depot": {
        "3212411": {
            "config": {
                "language": "english",
                "oslist": "windows"
            },
            "manifests": {
                "public": {
                    "gid": "5928704186700592292",
                    "size": "1965379445",
                    "download": "391558336"
                }
            },
            "decryptionkey": "e481961a6559725de4a2f5e9bb8f1ac8f25c8463409ad1b294d4b802ee850c96"
        },
        "branches": {
            "public": {
                "buildid": "15952662",
                "timeupdated": "1728302578"
            }
        }
    }
}