{
    "appid": "3517040",
    "type": "Demo",
    "name": "Three Kingdoms Mushouden Demo",
    "schinese_name": "猛将三国 Demo",
    "isfreeapp": "0",
    "change_number": "27729965",
    "update_time": "2025-03-01 12:59:16",
    "depot": {
        "3517041": {
            "manifests": {
                "public": {
                    "gid": "4740940331804029611",
                    "size": "3482626775",
                    "download": "2797486992"
                }
            },
            "decryptionkey": "d5ab82c41eaab44b0f74c8cc50277870a80ee1a13a2fa8515619dd42ea98bc3a"
        },
        "branches": {
            "public": {
                "buildid": "17556555",
                "timeupdated": "1740805153"
            }
        }
    }
}