{
    "appid": "3073350",
    "type": "Game",
    "name": "Genesis Survivors",
    "schinese_name": "",
    "isfreeapp": "0",
    "change_number": "29034039",
    "update_time": "2025-05-17 07:13:05",
    "depot": {
        "3073351": {
            "manifests": {
                "public": {
                    "gid": "1136067003884597980",
                    "size": "938552613",
                    "download": "323221312"
                }
            },
            "decryptionkey": "74550d8dd474f1dbcb54856e9d28ae153953d04f03245e11bee7b258a31af80d"
        },
        "branches": {
            "public": {
                "buildid": "16694505",
                "timeupdated": "1733838137"
            }
        }
    }
}