{
    "appid": "3150200",
    "type": "Demo",
    "name": "REYNATIS Demo",
    "schinese_name": "",
    "isfreeapp": "0",
    "change_number": "26444305",
    "update_time": "2024-12-05 09:22:02",
    "depot": {
        "baselanguages": "english,japanese",
        "3150201": {
            "manifests": {
                "public": {
                    "gid": "3989259896247871470",
                    "size": "2661029824",
                    "download": "2201505616"
                }
            },
            "decryptionkey": "25eb6bc97cb0c0e73d9881825bf8251ed01438a3ea41735857febeec09d3d8ca"
        },
        "branches": {
            "public": {
                "buildid": "16468527",
                "timeupdated": "1733083181"
            }
        },
        "privatebranches": "1"
    }
}