{
    "appid": "3323110",
    "type": "DLC",
    "name": "大鹏 - The Roc 设定集",
    "schinese_name": "",
    "isfreeapp": "0",
    "change_number": "26226976",
    "update_time": "2024-11-16 23:27:50",
    "depot": {
        "3323110": {
            "manifests": {
                "public": {
                    "gid": "2789719531235166521",
                    "size": "20927300",
                    "download": "18616208"
                }
            },
            "dlcappid": "3323110",
            "decryptionkey": "995a119be7e4d8378b1c176b931058b0032d3c135ddd427adfc58566f53a9ba2"
        },
        "branches": {
            "public": {
                "buildid": "16314347",
                "timeupdated": "1730897849"
            }
        }
    }
}