{
    "appid": "3426290",
    "type": "Demo",
    "name": "GARDEN&BIRD Demo",
    "schinese_name": "花园与鸟Demo",
    "isfreeapp": "0",
    "change_number": "26876527",
    "update_time": "2025-01-06 19:15:07",
    "depot": {
        "3426291": {
            "manifests": {
                "public": {
                    "gid": "7007079942120454876",
                    "size": "508500448",
                    "download": "125571584"
                }
            },
            "decryptionkey": "96e6552df337e1a069e8e513b5a31ca77d6f9e7817cdb5d30bed9539ea88e34c"
        },
        "baselanguages": "english,schinese",
        "branches": {
            "public": {
                "buildid": "16916745",
                "timeupdated": "1736162070"
            }
        }
    }
}