{
    "appid": "3209710",
    "type": "Demo",
    "name": "元气小剧场 Demo",
    "schinese_name": "元气小剧场 Demo",
    "isfreeapp": "0",
    "change_number": "26251944",
    "update_time": "2024-11-19 06:29:58",
    "depot": {
        "3209711": {
            "manifests": {
                "public": {
                    "gid": "4429997614876746317",
                    "size": "890286922",
                    "download": "182846544"
                }
            },
            "decryptionkey": "0f4107d655c1741d850b8f786ee52bcf21dc6ea4c1fe8065ea375f958a444f27"
        },
        "branches": {
            "public": {
                "buildid": "16049329",
                "timeupdated": "1728987934"
            }
        },
        "privatebranches": "1"
    }
}