{
    "appid": "3177050",
    "type": "Game",
    "name": "Fog Racing Circuit",
    "schinese_name": "",
    "isfreeapp": "0",
    "change_number": "28607773",
    "update_time": "2025-04-23 02:58:28",
    "depot": {
        "3177051": {
            "manifests": {
                "public": {
                    "gid": "4346712279777409256",
                    "size": "288995871",
                    "download": "64574736"
                }
            },
            "decryptionkey": "4da4e402ae79264236ff827b9eec627d160896a4bf2770eb519a1fbfcf2c768d"
        },
        "branches": {
            "public": {
                "buildid": "15479696",
                "timeupdated": "1724479841"
            }
        }
    }
}