{
    "appid": "3392510",
    "type": "Game",
    "name": "Zexion",
    "schinese_name": "",
    "isfreeapp": "0",
    "change_number": "29036088",
    "update_time": "2025-05-17 11:10:55",
    "depot": {
        "3392511": {
            "config": {
                "oslist": "windows,linux",
                "osarch": "64"
            },
            "manifests": {
                "public": {
                    "gid": "1678499333260514145",
                    "size": "21190684",
                    "download": "8536768"
                }
            },
            "decryptionkey": "5d53f23ed21b4ab30e5d0695879fba7a477dc9f550e3d934ccfc2e42317c09e8"
        },
        "3392512": {
            "config": {
                "oslist": "windows",
                "osarch": "64"
            },
            "manifests": {
                "public": {
                    "gid": "4491121515301392297",
                    "size": "8387680",
                    "download": "2798352"
                }
            },
            "decryptionkey": "00d802867681ff00c5b399b781484783237bbea9b21626cb26b438d5e435868f"
        },
        "3392513": {
            "config": {
                "oslist": "linux",
                "osarch": "64"
            },
            "manifests": {
                "public": {
                    "gid": "3051681371694488559",
                    "size": "10734184",
                    "download": "2469376"
                }
            }
        },
        "branches": {
            "public": {
                "buildid": "18123440",
                "timeupdated": "1744778140"
            }
        }
    }
}