{
    "appid": "3303790",
    "type": "Game",
    "name": "Death Delivery",
    "schinese_name": "",
    "isfreeapp": "0",
    "change_number": "28077004",
    "update_time": "2025-03-22 01:19:23",
    "depot": {
        "3303791": {
            "manifests": {
                "public": {
                    "gid": "6058564812246332546",
                    "size": "1147864648",
                    "download": "389784832"
                }
            },
            "decryptionkey": "0bb27ccec2a4c69e09bb9475996623e17ee0910d20a44802bcb63df8785d2ff4"
        },
        "branches": {
            "public": {
                "buildid": "17621825",
                "timeupdated": "1741277084"
            }
        }
    }
}