{
    "appid": "3068240",
    "type": "Music",
    "name": "My Lovely Empress Original Soundtrack",
    "schinese_name": "我的可爱皇后 数位原声带",
    "isfreeapp": "0",
    "change_number": "24875866",
    "update_time": "2024-08-21 14:48:11",
    "depot": {
        "3068241": {
            "manifests": {
                "public": {
                    "gid": "4643221559603816217",
                    "size": "53709424",
                    "download": "53537232"
                }
            },
            "decryptionkey": "ff0acca214ac51d3a00f23bc38718ea7b9abe69e6b88f016438db8529a048b37"
        },
        "branches": {
            "public": {
                "buildid": "14855970",
                "timeupdated": "1719477969"
            }
        }
    }
}