{
    "appid": "3051050",
    "type": "Game",
    "name": "100 Aztec Cats",
    "schinese_name": "",
    "isfreeapp": "0",
    "change_number": "28960301",
    "update_time": "2025-05-13 20:34:42",
    "depot": {
        "3051051": {
            "manifests": {
                "public": {
                    "gid": "609643612239806986",
                    "size": "354867724",
                    "download": "35387424"
                }
            },
            "decryptionkey": "35381e95d32acefb8f0be02ac0e53a8e39180e9510baeb2c39a3ae69b99ebfda"
        },
        "3496260": {
            "dlcappid": "3496260",
            "manifests": {
                "public": {
                    "gid": "2651955156524375878",
                    "size": "39891721",
                    "download": "37349968"
                }
            },
            "decryptionkey": ""
        },
        "branches": {
            "public": {
                "buildid": "18220534",
                "timeupdated": "1745482790"
            }
        }
    }
}