{
    "appid": "3195570",
    "type": "Demo",
    "name": "Jini's Potion Shop DEMO",
    "schinese_name": "",
    "isfreeapp": "0",
    "change_number": "25917411",
    "update_time": "2024-10-27 17:02:41",
    "depot": {
        "3195571": {
            "config": {
                "oslist": "windows"
            },
            "manifests": {
                "public": {
                    "gid": "7454389813384232404",
                    "size": "396493469",
                    "download": "116578368"
                }
            },
            "decryptionkey": "490dc384e419e576fb6fad88a565c7e39fbc2edc512e6ad350222a919700cff1"
        },
        "branches": {
            "public": {
                "buildid": "16137105",
                "timeupdated": "1729604434"
            }
        }
    }
}