{
    "appid": "3034360",
    "type": "Demo",
    "name": "Sensei! I like you so much! Demo",
    "schinese_name": "太太！我喜欢你！Demo",
    "isfreeapp": "0",
    "change_number": "26416038",
    "update_time": "2024-12-05 02:53:25",
    "depot": {
        "3034361": {
            "manifests": {
                "public": {
                    "gid": "8630155477555833251",
                    "size": "2461803426",
                    "download": "230202240"
                }
            },
            "decryptionkey": "928c8be08dcd47dd4d4d1500e96e595e8e22b558e8c65e3a4431bb2085651d9a"
        },
        "baselanguages": "english,koreana,schinese,japanese",
        "branches": {
            "public": {
                "buildid": "15391907",
                "timeupdated": "1723795147"
            }
        }
    }
}