{
    "appid": "3135640",
    "type": "Game",
    "name": "泉水镇·居民的反击",
    "schinese_name": "",
    "isfreeapp": "0",
    "change_number": "26472343",
    "update_time": "2024-12-05 11:40:52",
    "depot": {
        "baselanguages": "",
        "3135641": {
            "config": {
                "language": "english",
                "oslist": "windows"
            },
            "manifests": {
                "public": {
                    "gid": "3960225260759665074",
                    "size": "467125192",
                    "download": "188065280"
                }
            },
            "decryptionkey": "2c09d0f6f2cac0b152609b7906782ee01252de6a736a1f1b2d757391a9de5824"
        },
        "branches": {
            "public": {
                "buildid": "16181775",
                "timeupdated": "1729867760"
            }
        }
    }
}