{
    "appid": "2983260",
    "type": "Game",
    "name": "LUNARiA -Virtualized Moonchild-",
    "schinese_name": "",
    "isfreeapp": "0",
    "change_number": "29015648",
    "update_time": "2025-05-16 11:00:44",
    "depot": {
        "2983261": {
            "manifests": {
                "public": {
                    "gid": "1374459849494396583",
                    "size": "3226686303",
                    "download": "2837294576"
                }
            },
            "decryptionkey": "fc7aefde9e91edf2316bbf9a8c87ca37c357afe87e857325f1e6558d3b913038"
        },
        "baselanguages": "english,schinese,japanese",
        "branches": {
            "public": {
                "buildid": "15504392",
                "timeupdated": "1724756197"
            }
        }
    }
}