{
    "appid": "3015860",
    "type": "Game",
    "name": "BACKROOMS THE COMPANY",
    "schinese_name": "",
    "isfreeapp": "0",
    "change_number": "29043684",
    "update_time": "2025-05-18 05:13:14",
    "depot": {
        "228989": {
            "config": {
                "oslist": "windows"
            },
            "depotfromapp": "228980",
            "sharedinstall": "1"
        },
        "228990": {
            "config": {
                "oslist": "windows"
            },
            "depotfromapp": "228980",
            "sharedinstall": "1"
        },
        "3015861": {
            "manifests": {
                "public": {
                    "gid": "6949847843877781616",
                    "size": "4345162749",
                    "download": "4131222304"
                }
            },
            "decryptionkey": "eac83fcf62b2fe4e99dad9f66d4105a5000472a2ed5342993b9f9f5c53095015"
        },
        "branches": {
            "public": {
                "buildid": "14959562",
                "timeupdated": "1720396570"
            }
        }
    }
}