{
    "appid": "3544490",
    "type": "Game",
    "name": "Re: GSpot Master",
    "schinese_name": "穴王拳 外传",
    "isfreeapp": "0",
    "change_number": "28914300",
    "update_time": "2025-05-10 13:32:51",
    "depot": {
        "3544491": {
            "manifests": {
                "public": {
                    "gid": "1135761666160453744",
                    "size": "740776395",
                    "download": "200569216"
                }
            },
            "decryptionkey": "45e6d7ba1541213d47e3222d77c61f2b8b4be26cd0c95b374e9317f49e8dbecf"
        },
        "branches": {
            "public": {
                "buildid": "18010187",
                "timeupdated": "1744024197"
            }
        }
    }
}