{
    "appid": "3001730",
    "type": "Game",
    "name": "[Bober Bros] It's Just A Prank",
    "schinese_name": "",
    "isfreeapp": "0",
    "change_number": "29015726",
    "update_time": "2025-05-16 11:06:47",
    "depot": {
        "baselanguages": "english,russian,ukrainian",
        "3001731": {
            "config": {
                "oslist": "windows"
            },
            "manifests": {
                "public": {
                    "gid": "4221662795837603170",
                    "size": "430493312",
                    "download": "121355568"
                }
            },
            "decryptionkey": "6c81d7ff8ce2be820639b76f00ce9a3cdda17c170bf9ef845a0aca758054509e"
        },
        "branches": {
            "public": {
                "buildid": "15305835",
                "timeupdated": "1723201621"
            }
        },
        "privatebranches": "1"
    }
}