{
    "appid": "3369050",
    "type": "Game",
    "name": "Art Detective: Hidden in Gusu",
    "schinese_name": "天工藏物：姑苏繁华图",
    "isfreeapp": "0",
    "change_number": "26868275",
    "update_time": "2025-01-05 23:25:40",
    "depot": {
        "baselanguages": "english",
        "3369051": {
            "manifests": {
                "public": {
                    "gid": "5616961272077896678",
                    "size": "3811394611",
                    "download": "1583579312"
                }
            },
            "decryptionkey": "08201e7df2d87aa386a0a5cc281edb09ee4d511f375d0fd14e471f643efc4bed"
        },
        "branches": {
            "public": {
                "buildid": "16911116",
                "timeupdated": "1736090734"
            }
        }
    }
}