{
    "appid": "3114260",
    "type": "Music",
    "name": "Everlasting Flowers Soundtrack Side A",
    "schinese_name": "",
    "isfreeapp": "0",
    "change_number": "28821089",
    "update_time": "2025-05-05 19:29:38",
    "depot": {
        "3114263": {
            "manifests": {
                "public": {
                    "gid": "7949806954390382830",
                    "size": "130370835",
                    "download": "130454768"
                }
            },
            "decryptionkey": "387b254e2c6a6e8a7670fe7b137d371510d12bd4c969406ecb275ed9c183e97a"
        },
        "3114262": {
            "config": {
                "highqualityaudio": "1"
            },
            "manifests": {
                "public": {
                    "gid": "4974332088764314224",
                    "size": "636558246",
                    "download": "534391552"
                }
            },
            "decryptionkey": "49146c6612804d877fe81afd8511e63f20d7f0a6f86b832ee34b6c705db568e6"
        },
        "branches": {
            "public": {
                "buildid": "15181439",
                "timeupdated": "1722222888"
            }
        }
    }
}