{
    "appid": "3381080",
    "type": "Game",
    "name": "Hentai Aina",
    "schinese_name": "",
    "isfreeapp": "0",
    "change_number": "28946835",
    "update_time": "2025-05-13 04:02:52",
    "depot": {
        "3381081": {
            "manifests": {
                "public": {
                    "gid": "5771411270185230444",
                    "size": "168618630",
                    "download": "96620784"
                }
            },
            "decryptionkey": "e91116d27d3277fa3a334e1263bad668af46cb5a699c90c58e5a91e02e8e22ec"
        },
        "branches": {
            "public": {
                "buildid": "16894317",
                "timeupdated": "1735851649"
            }
        }
    }
}