{
    "appid": "3064760",
    "type": "Tool",
    "name": "FOUNDRY: Mod Kit",
    "schinese_name": "",
    "isfreeapp": "0",
    "change_number": "28841535",
    "update_time": "2025-05-06 20:43:19",
    "depot": {
        "3064761": {
            "manifests": {
                "public": {
                    "gid": "7119657440058971643",
                    "size": "771308531",
                    "download": "246865744"
                },
                "legacy_update_1": {
                    "gid": "5746980962606838857",
                    "size": "763584106",
                    "download": "245137072"
                }
            },
            "decryptionkey": "c62a66c60f7a8ee8962479420f1aecc65245507e34a62d1be76882e693c93fd8"
        },
        "branches": {
            "public": {
                "buildid": "18350789",
                "timeupdated": "1746534606"
            },
            "legacy_update_1": {
                "buildid": "15386294",
                "description": "Legacy Update 1",
                "timeupdated": "1746192330"
            }
        },
        "privatebranches": "1"
    }
}