{
    "appid": "3573000",
    "type": "Game",
    "name": "Milo's Tiny Fish Pond",
    "schinese_name": "米洛的桌面鱼塘",
    "isfreeapp": "0",
    "change_number": "28852886",
    "update_time": "2025-05-07 10:03:36",
    "depot": {
        "3573001": {
            "config": {
                "oslist": "windows"
            },
            "manifests": {
                "public": {
                    "gid": "4527537429501844579",
                    "size": "170463120",
                    "download": "112404496"
                }
            },
            "decryptionkey": "681ba7a64ac3ce943f86c49cb451a9437da356759fd91bd5c4c0ef81e7cabed9"
        },
        "3573002": {
            "config": {
                "oslist": "macos"
            },
            "manifests": {
                "public": {
                    "gid": "6547458068493026908",
                    "size": "256835486",
                    "download": "131511392"
                }
            }
        },
        "branches": {
            "public": {
                "buildid": "18330502",
                "timeupdated": "1746257798"
            }
        },
        "privatebranches": "1"
    }
}