{
    "appid": "3159960",
    "type": "Game",
    "name": "The Soldier and the Golden Princess",
    "schinese_name": "金色冷笑",
    "isfreeapp": "0",
    "change_number": "29016345",
    "update_time": "2025-05-16 12:06:49",
    "depot": {
        "3159961": {
            "manifests": {
                "public": {
                    "gid": "8091649771811732158",
                    "size": "480921004",
                    "download": "283155632"
                }
            },
            "decryptionkey": "46379326dfc7a4275711815068fde2b216d8dc209ccdb27b5e71e8908bd5da53"
        },
        "3159962": {
            "config": {
                "language": "schinese"
            },
            "manifests": {
                "public": {
                    "gid": "1257277438028987773",
                    "size": "510917813",
                    "download": "287392656"
                }
            },
            "decryptionkey": "3e7a3c94cc183c81881d582fb30c5e7e237ed1510c656226e42bd34afd690e29"
        },
        "3159963": {
            "config": {
                "language": "japanese"
            },
            "manifests": {
                "public": {
                    "gid": "4073731140658821796",
                    "size": "479214641",
                    "download": "282917248"
                }
            },
            "decryptionkey": "5ebe37112ca6754310f3bb364938acad77d7637e2ea8eca74a4c9cbb1f16f566"
        },
        "branches": {
            "public": {
                "buildid": "16490611",
                "timeupdated": "1732222213"
            }
        }
    }
}