{
    "appid": "3155430",
    "type": "Game",
    "name": "FIND ALL 5: Vikings",
    "schinese_name": "",
    "isfreeapp": "0",
    "change_number": "29016345",
    "update_time": "2025-05-16 12:06:46",
    "depot": {
        "3155431": {
            "manifests": {
                "public": {
                    "gid": "4774988483666310652",
                    "size": "433188024",
                    "download": "306393952"
                }
            },
            "decryptionkey": "c9290fc1a41f85a41148afce2a76e21d46b02967ad37afb04ef99be396bf5e36"
        },
        "3155432": {
            "config": {
                "oslist": "macos"
            },
            "manifests": {
                "public": {
                    "gid": "4857649350752332759",
                    "size": "457362063",
                    "download": "313900864"
                }
            }
        },
        "3155433": {
            "config": {
                "oslist": "linux"
            },
            "manifests": {
                "public": {
                    "gid": "4071193076367845499",
                    "size": "435273500",
                    "download": "305996880"
                }
            }
        },
        "baselanguages": "english",
        "branches": {
            "public": {
                "buildid": "18011520",
                "timeupdated": "1744030454"
            }
        }
    }
}