{
    "appid": "3122420",
    "type": "Demo",
    "name": "Five Nights And VTBs Demo",
    "schinese_name": "",
    "isfreeapp": "0",
    "change_number": "26066739",
    "update_time": "2024-11-06 13:45:34",
    "depot": {
        "228989": {
            "config": {
                "oslist": "windows"
            },
            "depotfromapp": "228980",
            "sharedinstall": "1"
        },
        "228990": {
            "config": {
                "oslist": "windows"
            },
            "depotfromapp": "228980",
            "sharedinstall": "1"
        },
        "3122421": {
            "manifests": {
                "public": {
                    "gid": "2702481569923207624",
                    "size": "689923264",
                    "download": "544845296"
                }
            },
            "decryptionkey": "c4715566e1aede13dac870d54771ea60d42a4181fbdc9aada3826fdea2542cc4"
        },
        "branches": {
            "public": {
                "buildid": "16234135",
                "timeupdated": "1730280269"
            }
        }
    }
}