{
    "appid": "2963670",
    "type": "Demo",
    "name": "Check Inn Demo",
    "schinese_name": "",
    "isfreeapp": "0",
    "change_number": "27063001",
    "update_time": "2025-01-19 18:54:11",
    "depot": {
        "2963671": {
            "manifests": {
                "public": {
                    "gid": "5219806243412389274",
                    "size": "526586857",
                    "download": "181205728"
                }
            },
            "decryptionkey": "4ce58314b69234c24b965c64aa1e97a395a5874403af0509dbc2dc58940e391e"
        },
        "branches": {
            "public": {
                "buildid": "16881166",
                "timeupdated": "1736062104"
            }
        }
    }
}