{
    "appid": "3411650",
    "type": "Music",
    "name": "FINAL FANTASY IX Original Soundtrack ",
    "schinese_name": "",
    "isfreeapp": "0",
    "change_number": "28736706",
    "update_time": "2025-04-30 06:19:18",
    "depot": {
        "3411651": {
            "manifests": {
                "public": {
                    "gid": "8154851040619868467",
                    "size": "690253490",
                    "download": "620865520"
                }
            },
            "decryptionkey": "3615ec523d92af843b08803368d8fa09553588acea18b1003aa4c40f8d3a2117"
        },
        "branches": {
            "public": {
                "buildid": "16854168",
                "timeupdated": "1735214142"
            }
        }
    }
}