{
    "appid": "3104550",
    "type": "Game",
    "name": "Home Snatch",
    "schinese_name": "",
    "isfreeapp": "0",
    "change_number": "26178055",
    "update_time": "2024-11-14 00:18:24",
    "depot": {
        "3104551": {
            "manifests": {
                "public": {
                    "gid": "2733306078995305610",
                    "size": "601360092",
                    "download": "217585728"
                }
            },
            "decryptionkey": "349db2532aebcf4a79e1aade1a2484575c0ee73e302515cbeb6c49c60ccb0cc9"
        },
        "branches": {
            "public": {
                "buildid": "15157949",
                "timeupdated": "1721960895"
            }
        }
    }
}