{
    "appid": "3045020",
    "type": "Demo",
    "name": "Super Puzzled Cat Demo",
    "schinese_name": "",
    "isfreeapp": "0",
    "change_number": "26604522",
    "update_time": "2024-12-12 12:19:56",
    "depot": {
        "3045021": {
            "manifests": {
                "public": {
                    "gid": "7896554871918969352",
                    "size": "79524933",
                    "download": "57787296"
                }
            },
            "decryptionkey": "2a9580193fe40e1a88b437e3fc4e22bcec9d584b49126de32eeb1d7908cb5ee9"
        },
        "branches": {
            "public": {
                "buildid": "16716393",
                "timeupdated": "1733977134"
            }
        }
    }
}