{
    "appid": "2999650",
    "type": "DLC",
    "name": "Atlus 35th Digital History Book",
    "schinese_name": "ATLUS品牌35周年 数字历程纪念册",
    "isfreeapp": "0",
    "change_number": "25660873",
    "update_time": "2024-10-11 23:47:41",
    "depot": {
        "2999650": {
            "manifests": {
                "public": {
                    "gid": "4786858738006469344",
                    "size": "143272242",
                    "download": "88304336"
                }
            },
            "dlcappid": "2999650",
            "decryptionkey": "a2ac12bbb27f3659bc064fef1f20c10644a81b66411a1a38a76da5d395f52b2f"
        },
        "branches": {
            "public": {
                "buildid": "15610161",
                "timeupdated": "1726816931"
            }
        },
        "privatebranches": "1"
    }
}