{
    "appid": "3187700",
    "type": "Game",
    "name": "Short Trip",
    "schinese_name": "",
    "isfreeapp": "0",
    "change_number": "27065019",
    "update_time": "2025-01-20 00:55:18",
    "depot": {
        "3187701": {
            "config": {
                "oslist": "windows,linux"
            },
            "manifests": {
                "public": {
                    "gid": "4472940785314826024",
                    "size": "142751771",
                    "download": "46982496"
                },
                "staging": {
                    "gid": "4472940785314826024",
                    "size": "142751771",
                    "download": "46982496"
                }
            },
            "decryptionkey": "fabbac859c87bec545672cc0a4bf114800aad837cdd3cc01515fbd69f3b72cfa"
        },
        "3187702": {
            "config": {
                "oslist": "macos"
            },
            "manifests": {
                "public": {
                    "gid": "5082113105274470605",
                    "size": "208685337",
                    "download": "64175200"
                },
                "staging": {
                    "gid": "5082113105274470605",
                    "size": "208685337",
                    "download": "64175200"
                }
            },
            "decryptionkey": ""
        },
        "branches": {
            "public": {
                "buildid": "16714011",
                "timeupdated": "1733964700"
            },
            "staging": {
                "buildid": "16714011",
                "description": "Staging branch",
                "timeupdated": "1733958510"
            }
        }
    }
}