{
    "appid": "3091220",
    "type": "Demo",
    "name": "回到终局之始 Demo",
    "schinese_name": "",
    "isfreeapp": "0",
    "change_number": "26904508",
    "update_time": "2025-01-08 16:10:33",
    "depot": {
        "baselanguages": "schinese",
        "hasdepotsindlc": "0",
        "3091221": {
            "config": {
                "language": "schinese"
            },
            "manifests": {
                "public": {
                    "gid": "743412485053499968",
                    "size": "962929774",
                    "download": "865201792"
                }
            },
            "decryptionkey": "a7d67e177302357be3387b87d7322c79cc9313e2f1bfc498795027ae2cf870c4"
        },
        "branches": {
            "public": {
                "buildid": "16025379",
                "timeupdated": "1728808621"
            }
        }
    }
}