{
    "appid": "3014150",
    "type": "Game",
    "name": "1/8192",
    "schinese_name": "",
    "isfreeapp": "0",
    "change_number": "28982600",
    "update_time": "2025-05-14 22:51:41",
    "depot": {
        "228989": {
            "config": {
                "oslist": "windows"
            },
            "depotfromapp": "228980",
            "sharedinstall": "1"
        },
        "228990": {
            "config": {
                "oslist": "windows"
            },
            "depotfromapp": "228980",
            "sharedinstall": "1"
        },
        "3014151": {
            "manifests": {
                "public": {
                    "gid": "5630086850697669543",
                    "size": "1915264415",
                    "download": "1754222896"
                }
            },
            "decryptionkey": "6887a88c9d8d90ceddc1efad1e145cd31fce4d988dc81afa4870f3166977a711"
        },
        "baselanguages": "english,japanese",
        "branches": {
            "public": {
                "buildid": "17738672",
                "timeupdated": "1742066092"
            }
        }
    }
}