{
    "appid": "3231770",
    "type": "Demo",
    "name": "NOROI KAGO: the Grudged Domain DEMO",
    "schinese_name": "咒笼: 诅咒领域 试玩版",
    "isfreeapp": "0",
    "change_number": "26183469",
    "update_time": "2024-11-14 07:39:50",
    "depot": {
        "3231771": {
            "manifests": {
                "public": {
                    "gid": "6715320042924541018",
                    "size": "5270763623",
                    "download": "1607236960"
                }
            },
            "decryptionkey": "b6a06f51031ba146e32b7dfc007eacaf140eea67fb9efd335bae98b98de53aa8"
        },
        "branches": {
            "public": {
                "buildid": "16145545",
                "timeupdated": "1729826710"
            }
        },
        "privatebranches": "1"
    }
}