{
    "appid": "3545650",
    "type": "DLC",
    "name": "Cabernet - Art Book",
    "schinese_name": "",
    "isfreeapp": "0",
    "change_number": "28370163",
    "update_time": "2025-04-09 00:57:58",
    "depot": {
        "3545650": {
            "manifests": {
                "public": {
                    "gid": "573257669521914152",
                    "size": "5820894",
                    "download": "5224608"
                }
            },
            "dlcappid": "3545650",
            "decryptionkey": "1a887c81c2964d53677b8df12131c52197b7275f957eb9a557d6be4ccecd354d"
        },
        "branches": {
            "public": {
                "buildid": "17425398",
                "timeupdated": "1740241054"
            }
        }
    }
}