{
    "appid": "3308450",
    "type": "DLC",
    "name": "RPG Maker MZ - Soldier Character Pack 3",
    "schinese_name": "",
    "isfreeapp": "0",
    "change_number": "26200015",
    "update_time": "2024-11-15 04:21:26",
    "depot": {
        "3308450": {
            "manifests": {
                "public": {
                    "gid": "6000224317324501700",
                    "size": "169120889",
                    "download": "167214352"
                }
            },
            "dlcappid": "3308450",
            "decryptionkey": "e875bcc0a80100edd4543e58735c2acbf20c7bbd6c8198ed93475726c23ee88e"
        },
        "branches": {
            "public": {
                "buildid": "16369372",
                "timeupdated": "1731352809"
            }
        }
    }
}