{
    "appid": "3568800",
    "type": "Game",
    "name": "Welcome to the Chop House",
    "schinese_name": "",
    "isfreeapp": "0",
    "change_number": "28694956",
    "update_time": "2025-04-28 02:54:32",
    "depot": {
        "228989": {
            "config": {
                "oslist": "windows"
            },
            "depotfromapp": "228980",
            "sharedinstall": "1"
        },
        "228990": {
            "config": {
                "oslist": "windows"
            },
            "depotfromapp": "228980",
            "sharedinstall": "1"
        },
        "3568801": {
            "manifests": {
                "public": {
                    "gid": "1442534178153561897",
                    "size": "1311075274",
                    "download": "1124292528"
                }
            },
            "decryptionkey": "a2755979ac9b41d501868380a876eb7ede348beb22797a998e666d8bdec8eeef"
        },
        "branches": {
            "public": {
                "buildid": "17836367",
                "timeupdated": "1742823148"
            }
        }
    }
}