{
    "appid": "2996360",
    "type": "DLC",
    "name": "RPG Developer Bakin PixelScapes Forest Pack",
    "schinese_name": "",
    "isfreeapp": "0",
    "change_number": "26885100",
    "update_time": "2025-01-07 09:31:45",
    "depot": {
        "2996360": {
            "dlcappid": "2996360",
            "manifests": {
                "public": {
                    "gid": "7152591701723488437",
                    "size": "63692298",
                    "download": "47345472"
                }
            },
            "decryptionkey": "bc479e510075416892a729b74f8b0619305b49899d6d0d155b8091947652a9a2"
        },
        "branches": {
            "public": {
                "buildid": "16923045",
                "timeupdated": "1736213500"
            }
        }
    }
}