{
    "appid": "3245630",
    "type": "Demo",
    "name": "Vending Machine Business Simulator Demo",
    "schinese_name": "自动售货机商业模拟器 演示",
    "isfreeapp": "0",
    "change_number": "26183469",
    "update_time": "2024-11-14 07:40:29",
    "depot": {
        "3245631": {
            "manifests": {
                "public": {
                    "gid": "1962493918208609294",
                    "size": "3198617701",
                    "download": "1167397968"
                }
            },
            "decryptionkey": "e94fe6724ed672562d175954eee8dfbc82b8fffaba49354a2a40db9faaa42e67"
        },
        "3245632": {
            "manifests": {
                "public": {
                    "gid": "7488221315903565248",
                    "size": "3198679985",
                    "download": "1167449088"
                }
            },
            "decryptionkey": ""
        },
        "branches": {
            "public": {
                "buildid": "15966241",
                "timeupdated": "1728386837"
            }
        },
        "privatebranches": "1"
    }
}