{
    "appid": "3353380",
    "type": "Game",
    "name": "Dead by Skill Check",
    "schinese_name": "",
    "isfreeapp": "1",
    "change_number": "28571213",
    "update_time": "2025-04-20 18:59:12",
    "depot": {
        "228989": {
            "config": {
                "oslist": "windows"
            },
            "depotfromapp": "228980",
            "sharedinstall": "1"
        },
        "228990": {
            "config": {
                "oslist": "windows"
            },
            "depotfromapp": "228980",
            "sharedinstall": "1"
        },
        "3353381": {
            "manifests": {
                "public": {
                    "gid": "9091074392552418768",
                    "size": "1172015348",
                    "download": "904115904"
                }
            },
            "decryptionkey": "45073543b9ed7c2b056953380f6f18993b344745275a72f51b7fb43a8b6b5d84"
        },
        "branches": {
            "public": {
                "buildid": "16413639",
                "timeupdated": "1731633117"
            }
        }
    }
}