{
    "appid": "3333280",
    "type": "Beta",
    "name": "述罪 Playtest",
    "schinese_name": "",
    "isfreeapp": "0",
    "change_number": "27493682",
    "update_time": "2025-02-15 19:59:18",
    "depot": {
        "3333281": {
            "manifests": {
                "public": {
                    "gid": "4552618856185413079",
                    "size": "852899772",
                    "download": "390103520"
                }
            },
            "decryptionkey": "47178b497308ba84351149b3947de744d9de78ee148ea09aa1fcc290784c0734"
        },
        "baselanguages": "english,schinese,tchinese,japanese",
        "branches": {
            "public": {
                "buildid": "17377407",
                "timeupdated": "1739620752"
            }
        }
    }
}