{
    "appid": "3443410",
    "type": "Game",
    "name": "The Brothers Hotel",
    "schinese_name": "",
    "isfreeapp": "0",
    "change_number": "29046209",
    "update_time": "2025-05-18 13:15:06",
    "depot": {
        "hasdepotsindlc": "0",
        "228989": {
            "config": {
                "oslist": "windows"
            },
            "depotfromapp": "228980",
            "sharedinstall": "1"
        },
        "228990": {
            "config": {
                "oslist": "windows"
            },
            "depotfromapp": "228980",
            "sharedinstall": "1"
        },
        "3443411": {
            "manifests": {
                "public": {
                    "gid": "3527073632792764980",
                    "size": "9217178617",
                    "download": "8879016800"
                }
            },
            "decryptionkey": "d988ad6faa06a48a6e0bda2191a324b04f213255c17b3d8d870475fb7b25321d"
        },
        "3443412": {
            "manifests": {
                "public": {
                    "gid": "8131783440312644575",
                    "size": "9217172461",
                    "download": "8871048144"
                }
            },
            "decryptionkey": ""
        },
        "branches": {
            "public": {
                "buildid": "18436949",
                "timeupdated": "1747095763"
            }
        },
        "privatebranches": "1"
    }
}