{
    "appid": "3463550",
    "type": "Demo",
    "name": "IMMORTAL: Gates of Pyre Demo",
    "schinese_name": "",
    "isfreeapp": "0",
    "change_number": "27179289",
    "update_time": "2025-01-27 16:05:23",
    "depot": {
        "228989": {
            "config": {
                "oslist": "windows"
            },
            "depotfromapp": "228980",
            "sharedinstall": "1"
        },
        "228990": {
            "config": {
                "oslist": "windows"
            },
            "depotfromapp": "228980",
            "sharedinstall": "1"
        },
        "3463551": {
            "manifests": {
                "public": {
                    "gid": "4388556950748088558",
                    "size": "15661706404",
                    "download": "6505451504"
                }
            },
            "decryptionkey": "d30152ce48a8e9e56518c7f67651d6c03da99cee9568b59141b650bed7e7d349"
        },
        "branches": {
            "public": {
                "buildid": "17059436",
                "timeupdated": "1737336517"
            }
        }
    }
}