{
    "appid": "3412850",
    "type": "Game",
    "name": "Starling",
    "schinese_name": "",
    "isfreeapp": "1",
    "change_number": "28442993",
    "update_time": "2025-04-12 17:07:39",
    "depot": {
        "228989": {
            "config": {
                "oslist": "windows"
            },
            "depotfromapp": "228980",
            "sharedinstall": "1"
        },
        "228990": {
            "config": {
                "oslist": "windows"
            },
            "depotfromapp": "228980",
            "sharedinstall": "1"
        },
        "3412851": {
            "manifests": {
                "public": {
                    "gid": "3295559395150722573",
                    "size": "4200933259",
                    "download": "3803183984"
                }
            },
            "decryptionkey": "dd21dd7988235f476fb0de75db108714c1e9f3304416b8846276c0603a4157b0"
        },
        "branches": {
            "public": {
                "buildid": "17135694",
                "timeupdated": "1737885570"
            }
        }
    }
}