{
    "appid": "2977470",
    "type": "Demo",
    "name": "ナツノカナタ beyond Demo",
    "schinese_name": "夏日彼方 beyond Demo",
    "isfreeapp": "0",
    "change_number": "24116791",
    "update_time": "2024-07-16 02:47:06",
    "depot": {
        "2977471": {
            "config": {
                "oslist": "windows"
            },
            "manifests": {
                "public": {
                    "gid": "7494873158260599197",
                    "size": "939224226",
                    "download": "296888416"
                }
            },
            "decryptionkey": "baaea750282a9c9fa9d203e8db4429b660127f094a1146fbc60549fe3434b720"
        },
        "2977472": {
            "config": {
                "oslist": "macos"
            },
            "manifests": {
                "public": {
                    "gid": "3814860351961779009",
                    "size": "997264581",
                    "download": "310524304"
                }
            },
            "decryptionkey": ""
        },
        "branches": {
            "public": {
                "buildid": "14660633",
                "timeupdated": "1718000685"
            }
        }
    }
}