{
    "appid": "3266720",
    "type": "Demo",
    "name": "Mindbug Online Demo",
    "schinese_name": "",
    "isfreeapp": "0",
    "change_number": "25855151",
    "update_time": "2024-10-23 18:02:45",
    "depot": {
        "3266721": {
            "config": {
                "oslist": "windows"
            },
            "manifests": {
                "public": {
                    "gid": "2850484912611805325",
                    "size": "1400938041",
                    "download": "389004544"
                }
            },
            "decryptionkey": "18f156bc5136ae6b70e4b052c867cf7b258555e6773abae0c15de6d6c97c57c8"
        },
        "3266722": {
            "config": {
                "oslist": "linux"
            },
            "manifests": {
                "public": {
                    "gid": "3756607544098483744",
                    "size": "1410991821",
                    "download": "390659616"
                }
            },
            "decryptionkey": ""
        },
        "branches": {
            "public": {
                "buildid": "16023335",
                "timeupdated": "1728776092"
            }
        }
    }
}