{
    "appid": "3106490",
    "type": "Game",
    "name": "Katagiri-san is very cold",
    "schinese_name": "片桐同学非常冷淡",
    "isfreeapp": "0",
    "change_number": "28767707",
    "update_time": "2025-05-01 19:30:46",
    "depot": {
        "3106491": {
            "config": {
                "language": "english"
            },
            "manifests": {
                "public": {
                    "gid": "4332012792649806372",
                    "size": "219849327",
                    "download": "94447216"
                }
            },
            "decryptionkey": "e061ab2ba8011ec90873bda1af732299927b189a4e4a4e765cdc3f6e3f003bf0"
        },
        "3106492": {
            "config": {
                "language": "schinese"
            },
            "manifests": {
                "public": {
                    "gid": "9087277386507500237",
                    "size": "219632059",
                    "download": "94043776"
                }
            },
            "decryptionkey": "82a42b9df6542a688f8319b74f61621a8d44d52a217307eead71ebb2965b6ed1"
        },
        "baselanguages": "english,schinese",
        "branches": {
            "public": {
                "buildid": "16430574",
                "timeupdated": "1731759393"
            }
        }
    }
}