{
    "appid": "3206480",
    "type": "Game",
    "name": "Endless Life",
    "schinese_name": "",
    "isfreeapp": "0",
    "change_number": "25308793",
    "update_time": "2024-09-20 09:50:58",
    "depot": {
        "3206481": {
            "manifests": {
                "public": {
                    "gid": "7059522140809826458",
                    "size": "93779630",
                    "download": "17955232"
                }
            },
            "decryptionkey": "ece562f47f57dd27fdaacb848453c8d1340d90f330ae385dfb027f804cc67cab"
        },
        "branches": {
            "public": {
                "buildid": "15554469",
                "timeupdated": "1725111847"
            }
        }
    }
}