{
    "appid": "3172390",
    "type": "Demo",
    "name": "Dimensionals Demo",
    "schinese_name": "",
    "isfreeapp": "0",
    "change_number": "26356104",
    "update_time": "2024-12-05 03:28:26",
    "depot": {
        "3172391": {
            "config": {
                "language": "english",
                "oslist": "macos",
                "osarch": "64"
            },
            "manifests": {
                "public": {
                    "gid": "5324203856034708793",
                    "size": "2388513853",
                    "download": "1651869712"
                }
            },
            "decryptionkey": ""
        },
        "3172392": {
            "config": {
                "language": "english",
                "oslist": "windows",
                "osarch": "64"
            },
            "manifests": {
                "public": {
                    "gid": "9215136106544474513",
                    "size": "2286930316",
                    "download": "1629028080"
                }
            },
            "decryptionkey": "a208990ca816c45c1643bd227c520f6f0f7bfb34f74e17803e59a8e3de84e5c3"
        },
        "baselanguages": "english,japanese",
        "branches": {
            "public": {
                "buildid": "16529476",
                "timeupdated": "1732569625"
            }
        },
        "privatebranches": "1"
    }
}