{
    "appid": "3432540",
    "type": "Game",
    "name": "SEXXX GIRLS [18+]",
    "schinese_name": "",
    "isfreeapp": "0",
    "change_number": "28941817",
    "update_time": "2025-05-12 23:15:45",
    "depot": {
        "3432541": {
            "config": {
                "oslist": "windows"
            },
            "manifests": {
                "public": {
                    "gid": "8381110252605598113",
                    "size": "6872188647",
                    "download": "4506772384"
                }
            },
            "decryptionkey": "a9e84e299c270aa8d1abb80972bac477c46279f52335d5b4cd5763129ef7a7c8"
        },
        "3432542": {
            "config": {
                "oslist": "macos"
            },
            "manifests": {
                "public": {
                    "gid": "750692892212254945",
                    "size": "6897389988",
                    "download": "4514882384"
                }
            },
            "decryptionkey": ""
        },
        "3432543": {
            "config": {
                "oslist": "linux"
            },
            "manifests": {
                "public": {
                    "gid": "2322682828273952358",
                    "size": "6873934785",
                    "download": "4505872816"
                }
            },
            "decryptionkey": ""
        },
        "branches": {
            "public": {
                "buildid": "17282329",
                "timeupdated": "1738945362"
            }
        }
    }
}