{
    "appid": "3328720",
    "type": "Game",
    "name": "闪光公仔",
    "schinese_name": "闪光公仔",
    "isfreeapp": "0",
    "change_number": "28903669",
    "update_time": "2025-05-09 22:33:03",
    "depot": {
        "3328721": {
            "config": {
                "oslist": "windows",
                "osarch": "64"
            },
            "manifests": {
                "public": {
                    "gid": "1088978671715737836",
                    "size": "1904728247",
                    "download": "1498771696"
                }
            },
            "decryptionkey": "2b884aee62fb6f72dff10a76bfef85f1abe442945e02bb555872218a05f66f25"
        },
        "branches": {
            "public": {
                "buildid": "18246990",
                "timeupdated": "1745638198"
            }
        }
    }
}