{
    "appid": "3495780",
    "type": "DLC",
    "name": "Sex Apartment 💫 - Animation Pack",
    "schinese_name": "",
    "isfreeapp": "0",
    "change_number": "27366335",
    "update_time": "2025-02-08 00:12:47",
    "depot": {
        "3495780": {
            "manifests": {
                "public": {
                    "gid": "5406825720536430156",
                    "size": "514448332",
                    "download": "519686784"
                }
            },
            "dlcappid": "3495780",
            "decryptionkey": "fcda5130bdc8a1086dd591a1cd69aecdb9005062db06fb55351d51d0e840ad81"
        },
        "branches": {
            "public": {
                "buildid": "17233383",
                "timeupdated": "1738644673"
            }
        }
    }
}