{
    "appid": "3710040",
    "type": "Music",
    "name": "Yasha: Legends of the Demon Blade - Original Soundtrack",
    "schinese_name": "百剑讨妖传绮谭 游戏原声带",
    "isfreeapp": "0",
    "change_number": "28994284",
    "update_time": "2025-05-15 11:33:44",
    "depot": {
        "3710041": {
            "manifests": {
                "public": {
                    "gid": "6022844282801282516",
                    "size": "127357312",
                    "download": "127356384"
                }
            },
            "decryptionkey": "edf5119b6a103d72d5e70ae2e25c8730e40beb39c68fce26897f513582f1f20a"
        },
        "3710042": {
            "config": {
                "highqualityaudio": "1"
            },
            "manifests": {
                "public": {
                    "gid": "862895774725916774",
                    "size": "637400175",
                    "download": "637435584"
                }
            },
            "decryptionkey": "b79f02400069fcf4861a3f0f18c779b727b592ebf0e20450de891690acd6a087"
        },
        "branches": {
            "public": {
                "buildid": "18280058",
                "timeupdated": "1745930192"
            }
        }
    }
}