{
    "appid": "3602300",
    "type": "DLC",
    "name": "Koira - Artworks",
    "schinese_name": "",
    "isfreeapp": "0",
    "change_number": "28284871",
    "update_time": "2025-04-03 16:48:07",
    "depot": {
        "3602300": {
            "config": {
                "osarch": "64"
            },
            "dlcappid": "3602300",
            "manifests": {
                "public": {
                    "gid": "7243275284599290827",
                    "size": "11908505",
                    "download": "11654784"
                }
            },
            "decryptionkey": "0010a78c0a9eac936622be6f046d89b54954e8f95d895c013326cfd6f3bf402b"
        },
        "branches": {
            "public": {
                "buildid": "17853053",
                "timeupdated": "1743670084"
            }
        }
    }
}