{
    "appid": "3151400",
    "type": "Game",
    "name": "The Liminal Universe",
    "schinese_name": "",
    "isfreeapp": "0",
    "change_number": "29020681",
    "update_time": "2025-05-16 17:16:45",
    "depot": {
        "228989": {
            "config": {
                "oslist": "windows"
            },
            "depotfromapp": "228980",
            "sharedinstall": "1"
        },
        "228990": {
            "config": {
                "oslist": "windows"
            },
            "depotfromapp": "228980",
            "sharedinstall": "1"
        },
        "baselanguages": "english",
        "3151401": {
            "config": {
                "oslist": "windows"
            },
            "manifests": {
                "public": {
                    "gid": "7741730006660232206",
                    "size": "18496916642",
                    "download": "17823158960"
                }
            },
            "decryptionkey": "0fc056cd2ca4230c10a74cd73f2116cad1fe8b329ee5ffdbe4760bd3575c554e"
        },
        "branches": {
            "public": {
                "buildid": "16445861",
                "timeupdated": "1732042816"
            }
        }
    }
}