{
    "appid": "3360420",
    "type": "Game",
    "name": "Evil World HOPSCA",
    "schinese_name": "恶世之城中之城",
    "isfreeapp": "0",
    "change_number": "28079406",
    "update_time": "2025-03-22 04:00:37",
    "depot": {
        "228989": {
            "config": {
                "oslist": "windows"
            },
            "depotfromapp": "228980",
            "sharedinstall": "1"
        },
        "228990": {
            "config": {
                "oslist": "windows"
            },
            "depotfromapp": "228980",
            "sharedinstall": "1"
        },
        "3360421": {
            "manifests": {
                "public": {
                    "gid": "7656534089773328612",
                    "size": "8690642875",
                    "download": "8348210000"
                }
            },
            "decryptionkey": "2e74f01ac557dcf39913d2d8ca36303e3ffa9167b302e64782ec2ed1597cfd22"
        },
        "baselanguages": "english,schinese",
        "branches": {
            "public": {
                "buildid": "17814054",
                "timeupdated": "1742587231"
            }
        }
    }
}