{
    "appid": "3258670",
    "type": "Game",
    "name": "Tomorrow's Land",
    "schinese_name": "",
    "isfreeapp": "1",
    "change_number": "28852953",
    "update_time": "2025-05-07 10:09:08",
    "depot": {
        "hasdepotsindlc": "1",
        "baselanguages": "english,french,spanish,portuguese,brazilian,latam,vietnamese",
        "228989": {
            "config": {
                "oslist": "windows"
            },
            "depotfromapp": "228980",
            "sharedinstall": "1"
        },
        "228990": {
            "config": {
                "oslist": "windows"
            },
            "depotfromapp": "228980",
            "sharedinstall": "1"
        },
        "3258671": {
            "config": {
                "oslist": "windows"
            },
            "manifests": {
                "public": {
                    "gid": "63151808669271575",
                    "size": "3119099995",
                    "download": "957618448"
                }
            },
            "decryptionkey": "26f53ccee75c03512ee89aa058fe2a1630bedffcc397a2d9fbcc13812fd40121"
        },
        "3258672": {
            "config": {
                "oslist": "macos"
            },
            "manifests": {
                "public": {
                    "gid": "862562562071108594",
                    "size": "3525449765",
                    "download": "976910992"
                }
            },
            "decryptionkey": "6b23f8521fb88dd0928235238b2811fdd3ce83ca68df30be3b13d8ef35a4a415"
        },
        "branches": {
            "public": {
                "buildid": "18260752",
                "timeupdated": "1745816937"
            }
        }
    }
}