{
    "appid": "3389270",
    "type": "Demo",
    "name": "我的恋爱逃生攻略 Love to Live Demo",
    "schinese_name": "",
    "isfreeapp": "0",
    "change_number": "27495521",
    "update_time": "2025-02-16 00:18:08",
    "depot": {
        "3389271": {
            "manifests": {
                "public": {
                    "gid": "7656161449234596513",
                    "size": "1406608939",
                    "download": "1103018576"
                }
            },
            "decryptionkey": "861e9969d210ebdc2350f8f433f4def43d077bac508bd6d72e878412226a4ac4"
        },
        "baselanguages": "english,schinese",
        "branches": {
            "public": {
                "buildid": "16628912",
                "timeupdated": "1733315269"
            }
        }
    }
}