{
    "appid": "3265040",
    "type": "Demo",
    "name": "The Supper: New Blood Demo",
    "schinese_name": "",
    "isfreeapp": "0",
    "change_number": "26369547",
    "update_time": "2024-12-05 04:21:52",
    "depot": {
        "3265041": {
            "manifests": {
                "public": {
                    "gid": "416970806165017700",
                    "size": "765606983",
                    "download": "403910832"
                }
            },
            "decryptionkey": "da189d0c001d9725b8f218ae8382e9ef8e9615a1d0056eecd2fdd36634bbf608"
        },
        "branches": {
            "public": {
                "buildid": "15952321",
                "timeupdated": "1728298331"
            }
        }
    }
}