{
    "appid": "3390940",
    "type": "DLC",
    "name": "JR EAST Train Simulator: Tokaido Freight Line (Nebukawa to Shinagawa,Tokyo） E257-2000,5500 Series",
    "schinese_name": "",
    "isfreeapp": "0",
    "change_number": "28733152",
    "update_time": "2025-04-30 01:54:26",
    "depot": {
        "3390941": {
            "manifests": {
                "public": {
                    "gid": "6915651803402844757",
                    "size": "391592832",
                    "download": "215079808"
                }
            },
            "dlcappid": "3390940",
            "decryptionkey": "7ddf685675ecf7dc61525e3762cca2b1dc57e67a6d74f4d7fb6a49e4949a37f2"
        },
        "3390942": {
            "manifests": {
                "public": {
                    "gid": "1678431403077886208",
                    "size": "20688149296",
                    "download": "20971174144"
                }
            },
            "dlcappid": "3390940",
            "decryptionkey": "6e83912877e570fc0a442712b9b1292feb23b0ce7ada5d9fc2f0d35b1b1ee31d"
        },
        "3390943": {
            "manifests": {
                "public": {
                    "gid": "603267302959713316",
                    "size": "392434288",
                    "download": "210694496"
                }
            },
            "dlcappid": "3390940",
            "decryptionkey": "c8cc8adf60f6285e6aeff4c6bd5083409993c07ad86a65fcd3257fb017eaae88"
        },
        "3390944": {
            "manifests": {
                "public": {
                    "gid": "6502896548354016274",
                    "size": "19964681392",
                    "download": "20237844288"
                }
            },
            "dlcappid": "3390940",
            "decryptionkey": "3fb0f3e1a0401bb39b13bd2d3fbec566b666b1bb3aca1f80df4f359aa04d2215"
        },
        "branches": {
            "public": {
                "buildid": "17761876",
                "timeupdated": "1742891403"
            }
        },
        "privatebranches": "1"
    }
}