{
    "appid": "2989950",
    "type": "Game",
    "name": "The Bathhouse | 地獄銭湯 Restored Ver.",
    "schinese_name": "",
    "isfreeapp": "0",
    "change_number": "28573587",
    "update_time": "2025-04-21 00:58:57",
    "depot": {
        "2989951": {
            "manifests": {
                "public": {
                    "gid": "8502982591506204150",
                    "size": "27072868337",
                    "download": "7001879616"
                }
            },
            "decryptionkey": "46ba9c35893709885a253dc16ae624a59f7ba30e7d5673c8d70bab12dd2dfa75"
        },
        "branches": {
            "public": {
                "buildid": "16973046",
                "timeupdated": "1736578162"
            }
        }
    }
}