{
    "appid": "2967990",
    "type": "Game",
    "name": "Train Sim World® 5",
    "schinese_name": "",
    "isfreeapp": "0",
    "change_number": "29047974",
    "update_time": "2025-05-18 18:35:44",
    "depot": {
        "baselanguages": "english,german,french,italian,spanish,schinese,russian,polish",
        "228988": {
            "config": {
                "oslist": "windows"
            },
            "depotfromapp": "228980",
            "sharedinstall": "1"
        },
        "228989": {
            "config": {
                "oslist": "windows"
            },
            "depotfromapp": "228980",
            "sharedinstall": "1"
        },
        "228990": {
            "config": {
                "oslist": "windows"
            },
            "depotfromapp": "228980",
            "sharedinstall": "1"
        },
        "2967991": {
            "manifests": {
                "public": {
                    "gid": "8666924703379915342",
                    "size": "6412640981",
                    "download": "5951952800"
                }
            },
            "decryptionkey": "4e4c795aecb9eb3eaee78f7e24da9313ed931cc7eb5b7b1c7866d3ef1cbe5726"
        },
        "2969400": {
            "dlcappid": "2969400",
            "manifests": {
                "public": {
                    "gid": "2708109349056259183",
                    "size": "3862822761",
                    "download": "3736000304"
                }
            },
            "decryptionkey": "a12d89b95c39e62040c372ad987d5b927c74b4a118230e79291b4f5c63e1d7c4"
        },
        "2969410": {
            "dlcappid": "2969410",
            "manifests": {
                "public": {
                    "gid": "3926980710726897856",
                    "size": "2376075041",
                    "download": "2292785376"
                }
            },
            "decryptionkey": "60302bb6e8caddcf30474a74e0c1008710f8c7ca348617623f8e7bb2f7e87e3d"
        },
        "2969390": {
            "dlcappid": "2969390",
            "manifests": {
                "public": {
                    "gid": "1937415739792336323",
                    "size": "4605253713",
                    "download": "4453071264"
                }
            },
            "decryptionkey": "95445a3a2a1cd04ad9899d3479e00edd71ee3eaee3e2a3ac2cfabd303b86931a"
        },
        "2969440": {
            "dlcappid": "2969440",
            "manifests": {
                "public": {
                    "gid": "8723868044108808044",
                    "size": "4840093339",
                    "download": "4674083168"
                }
            },
            "decryptionkey": "dd3a54f27f9a67a8cc44556261157bf97dcacd3fa63d72f48222cf18b209071e"
        },
        "2969420": {
            "dlcappid": "2969420",
            "manifests": {
                "public": {
                    "gid": "8336482108749644943",
                    "size": "3699846914",
                    "download": "3561065216"
                }
            },
            "decryptionkey": "aabf8f830c2eecba4c76301dac727d49538d319f3892740af1169427951591d7"
        },
        "2969430": {
            "dlcappid": "2969430",
            "manifests": {
                "public": {
                    "gid": "5600198132651951027",
                    "size": "4505343626",
                    "download": "4327424624"
                }
            },
            "decryptionkey": "c1d6ceee02fb32b2531cc8b247452f4f7e822f840e6723f6dd2a2e0b6af06528"
        },
        "2969460": {
            "dlcappid": "2969460",
            "manifests": {
                "public": {
                    "gid": "1109165691367334954",
                    "size": "3369041417",
                    "download": "3232471408"
                }
            },
            "decryptionkey": "91c258af17455b30d456947d0b40feee9db2f3e6e43e9619e3c1f3f3e2a55053"
        },
        "2969450": {
            "dlcappid": "2969450",
            "manifests": {
                "public": {
                    "gid": "8969292633616695428",
                    "size": "87136870",
                    "download": "84400144"
                }
            },
            "decryptionkey": "29ff518e9b3822626e5a9f0f3278ef40ee9a97f10fb8700673c12d00a02bcf75"
        },
        "2969470": {
            "dlcappid": "2969470",
            "manifests": {
                "public": {
                    "gid": "3506257372877165411",
                    "size": "236114649",
                    "download": "227330128"
                }
            },
            "decryptionkey": "27e3837fb260c301e45b0e6fed0c3622cebd73592d5c79cbdda12f61d8c66ec6"
        },
        "2969480": {
            "dlcappid": "2969480",
            "manifests": {
                "public": {
                    "gid": "3287780389806632313",
                    "size": "152450697",
                    "download": "149330704"
                }
            },
            "decryptionkey": "8cbd6cb9a5d49636b9e8f4a5db76cbed98037820141040f23c9237193bd9fc5a"
        },
        "2969490": {
            "dlcappid": "2969490",
            "manifests": {
                "public": {
                    "gid": "6278283628023667809",
                    "size": "84303934",
                    "download": "81017488"
                }
            },
            "decryptionkey": "cfac881dd1fc9ffd257baba8eb2546aa5591f1062afea01a200791f231a179bd"
        },
        "2969520": {
            "dlcappid": "2969520",
            "manifests": {
                "public": {
                    "gid": "6720027525444398447",
                    "size": "3864884944",
                    "download": "3749187440"
                }
            },
            "decryptionkey": "7459525afd4cf303a1e41d94066f51e43641282371e4206bc350b73dea79704f"
        },
        "2969510": {
            "dlcappid": "2969510",
            "manifests": {
                "public": {
                    "gid": "8563952732938231936",
                    "size": "4241077903",
                    "download": "4068675328"
                }
            },
            "decryptionkey": "20cec8f7a64329a29e87a8980133fa95db095bd9b877e8446c25e5e6dab95c61"
        },
        "2969500": {
            "dlcappid": "2969500",
            "manifests": {
                "public": {
                    "gid": "4205689597141580836",
                    "size": "234017037",
                    "download": "226603728"
                }
            },
            "decryptionkey": "cec6d7742445818ee1c961036ecdcb1cb85be1a583a78e42c0c0ebe3cbaf47b0"
        },
        "2969550": {
            "dlcappid": "2969550",
            "manifests": {
                "public": {
                    "gid": "7258624077946344658",
                    "size": "3904480450",
                    "download": "3720588688"
                }
            },
            "decryptionkey": "2e29554e5714f05349728e128c627b4c5947ac20fb01cf18c67ffa78b310a59a"
        },
        "2969540": {
            "dlcappid": "2969540",
            "manifests": {
                "public": {
                    "gid": "836484709812773604",
                    "size": "135138768",
                    "download": "132659632"
                }
            },
            "decryptionkey": "123d8fa2815e4698cea40d8843e2634a6b5cd06a8b4665d20a98d903fcb56e7f"
        },
        "2969530": {
            "dlcappid": "2969530",
            "manifests": {
                "public": {
                    "gid": "1412675992801257474",
                    "size": "4455642178",
                    "download": "4266433168"
                }
            },
            "decryptionkey": "903758d25ee39831ab1c79708873c1624c5157322cbc8ec9625f3a1ce4bdccfd"
        },
        "2969570": {
            "dlcappid": "2969570",
            "manifests": {
                "public": {
                    "gid": "919431237766112468",
                    "size": "2512822853",
                    "download": "2367814832"
                }
            },
            "decryptionkey": "a15d0ed5a2809a292735eaf4a439233872539f727e65755a1c9bdb9dfaa16e68"
        },
        "2969560": {
            "dlcappid": "2969560",
            "manifests": {
                "public": {
                    "gid": "7151969500951014971",
                    "size": "243097112",
                    "download": "230905184"
                }
            },
            "decryptionkey": "fee08f97a43c8043fde5c05f204fee07ee7946fb1a196523b76db7983abd25a3"
        },
        "2969580": {
            "dlcappid": "2969580",
            "manifests": {
                "public": {
                    "gid": "6630116803059286205",
                    "size": "110614570",
                    "download": "107523856"
                }
            },
            "decryptionkey": "ce8a1b0b9fa5b70c2ede8284fdc9377bbba807748ec47887d8d98bc922320813"
        },
        "2969600": {
            "dlcappid": "2969600",
            "manifests": {
                "public": {
                    "gid": "423086192161142208",
                    "size": "2868648192",
                    "download": "2744423840"
                }
            },
            "decryptionkey": "2c126dc8dfce0feb8d4dd501ede1216238e6229507831388c1cce56410114e49"
        },
        "2969630": {
            "dlcappid": "2969630",
            "manifests": {
                "public": {
                    "gid": "438627698981732013",
                    "size": "134141939",
                    "download": "130491824"
                }
            },
            "decryptionkey": "3d3a8801f911eedbd6e4d0462d7c42f65c88aec79d96eaef6a572df348b6af11"
        },
        "2969610": {
            "dlcappid": "2969610",
            "manifests": {
                "public": {
                    "gid": "5153085833209820388",
                    "size": "122246845",
                    "download": "119188096"
                }
            },
            "decryptionkey": "7943f0462d7fe9aab0075a32a144a5ea44491e7e871b33a37e3397f050771f9a"
        },
        "2969620": {
            "dlcappid": "2969620",
            "manifests": {
                "public": {
                    "gid": "1773590193714420632",
                    "size": "134101614",
                    "download": "130528336"
                }
            },
            "decryptionkey": "5f21edc022aa2019ac8a93c1f4ed1a728ea0941253f9feed5e3a374677141fe4"
        },
        "2969640": {
            "dlcappid": "2969640",
            "manifests": {
                "public": {
                    "gid": "9157278481928992257",
                    "size": "2359277771",
                    "download": "2099837216"
                }
            },
            "decryptionkey": "4917a6b6786aa82e266ea198a37554bf182c9ba20f23f540ec5169a27510b5c3"
        },
        "2969650": {
            "dlcappid": "2969650",
            "manifests": {
                "public": {
                    "gid": "6946145885943798031",
                    "size": "4497898809",
                    "download": "4349528688"
                }
            },
            "decryptionkey": "99dbc5b1faa85473c7e680dc4cf70dac59acf1645f6398a1f21bdba0bac78e8a"
        },
        "2969680": {
            "dlcappid": "2969680",
            "manifests": {
                "public": {
                    "gid": "7092336766841530269",
                    "size": "224677555",
                    "download": "218768800"
                }
            },
            "decryptionkey": "81e649996a8d5c893a4d62eee1a18dd1dfb64097da17fb997de88785a66f1271"
        },
        "2969670": {
            "dlcappid": "2969670",
            "manifests": {
                "public": {
                    "gid": "4877241596588373317",
                    "size": "157721079",
                    "download": "153554288"
                }
            },
            "decryptionkey": "74219069069b932599bb04d92be94af97385172cba64e05da8f016383c1f1d2a"
        },
        "2969660": {
            "dlcappid": "2969660",
            "manifests": {
                "public": {
                    "gid": "2158266607940669329",
                    "size": "179946096",
                    "download": "176730672"
                }
            },
            "decryptionkey": "e14e56ab5722bf2b9c70fad590b0e5f80482bfb169fed4159dea213d37cfa475"
        },
        "2969690": {
            "dlcappid": "2969690",
            "manifests": {
                "public": {
                    "gid": "5447909382264753187",
                    "size": "3972609912",
                    "download": "3827157520"
                }
            },
            "decryptionkey": "1118e87e270e95670b06db86537c5f5af2092618b99e65d8b4b2c23cfa4fd105"
        },
        "2969730": {
            "dlcappid": "2969730",
            "manifests": {
                "public": {
                    "gid": "4405678693291908464",
                    "size": "3740928048",
                    "download": "3640365824"
                }
            },
            "decryptionkey": "c1b4039430263ec9f75b7b85ae2f5522f27e586f97cbc45ac1a4c84499621f70"
        },
        "2969720": {
            "dlcappid": "2969720",
            "manifests": {
                "public": {
                    "gid": "4731531568602394764",
                    "size": "3912660687",
                    "download": "3633192784"
                }
            },
            "decryptionkey": "e152be49431b591a1892ca21bcd817e48f445e7986be0da61906e640c9ff3b33"
        },
        "2969740": {
            "dlcappid": "2969740",
            "manifests": {
                "public": {
                    "gid": "4543655988090048894",
                    "size": "209029028",
                    "download": "204030992"
                }
            },
            "decryptionkey": "4b91ee72c68e1a10fd71e5a53e797132ea5cd1842170b4a5b995bbd8f3ab8354"
        },
        "2969760": {
            "dlcappid": "2969760",
            "manifests": {
                "public": {
                    "gid": "6166511477205395963",
                    "size": "445302873",
                    "download": "429943008"
                }
            },
            "decryptionkey": "e781ab2fa25f7128b1334f9e4a1596df4bba8c64e2857cd5c3612524aaafc499"
        },
        "2969780": {
            "dlcappid": "2969780",
            "manifests": {
                "public": {
                    "gid": "6362323226475243260",
                    "size": "3783719434",
                    "download": "3663247184"
                }
            },
            "decryptionkey": "c5cef82ebff1b7202609a0eb86d79eb8e3445beb50db8e1f828eb334307531a1"
        },
        "2969820": {
            "dlcappid": "2969820",
            "manifests": {
                "public": {
                    "gid": "5032401383462013826",
                    "size": "4605304460",
                    "download": "4452444624"
                }
            },
            "decryptionkey": "f6abca8a8eff1ac5a975c7ceb744ec03897adf8abcf72b7bc78a32a890025bca"
        },
        "2969800": {
            "dlcappid": "2969800",
            "manifests": {
                "public": {
                    "gid": "1010515868941107185",
                    "size": "175277973",
                    "download": "167487824"
                }
            },
            "decryptionkey": "12c9a337ec1095c24a90925b81f26f52234038eea9807f4bfc495cf706928987"
        },
        "2969870": {
            "dlcappid": "2969870",
            "manifests": {
                "public": {
                    "gid": "7615800161065960293",
                    "size": "246475419",
                    "download": "225644960"
                }
            },
            "decryptionkey": "eb991b85f55ddd5781810601e917bda58897a7ca0f387bbab0eee4c50ec507f1"
        },
        "2969840": {
            "dlcappid": "2969840",
            "manifests": {
                "public": {
                    "gid": "6081387953683143387",
                    "size": "3364791725",
                    "download": "3243501328"
                }
            },
            "decryptionkey": "3a300b3f3a7bb373539ce95630076a836f21a10cda82cd6fa19279622c59a79c"
        },
        "2969890": {
            "dlcappid": "2969890",
            "manifests": {
                "public": {
                    "gid": "5068238954319288765",
                    "size": "7025904660",
                    "download": "6765769680"
                }
            },
            "decryptionkey": "609c83faba002fe75149224de8ceeb5da8a61be8c8b98ae1f89e94fbb9e73bb4"
        },
        "2969930": {
            "dlcappid": "2969930",
            "manifests": {
                "public": {
                    "gid": "400910886588464243",
                    "size": "6734717571",
                    "download": "6552917696"
                }
            },
            "decryptionkey": "c74dcb945e8434f81deccc615420db992674e0424036323224372042abbc657e"
        },
        "2969950": {
            "dlcappid": "2969950",
            "manifests": {
                "public": {
                    "gid": "2532358439020894588",
                    "size": "5486671587",
                    "download": "5242592400"
                }
            },
            "decryptionkey": "3f6d3301be0ce77c722d6975723ff02e19cc77b47e3096193184beb0ec2938cf"
        },
        "2969940": {
            "dlcappid": "2969940",
            "manifests": {
                "public": {
                    "gid": "3926745128154211064",
                    "size": "5379112896",
                    "download": "5233619744"
                }
            },
            "decryptionkey": "258fd06287ae438c6ed7c6639d010bca1b189ac5ca3ec467d9e47443b1b19a27"
        },
        "2969990": {
            "dlcappid": "2969990",
            "manifests": {
                "public": {
                    "gid": "215736813413432173",
                    "size": "5764977391",
                    "download": "5615369152"
                }
            },
            "decryptionkey": "c3adba1e75b52c8bdc3b44c14db88c5ffd04fe3874c28e8d73bcad1c81c5c377"
        },
        "2969980": {
            "dlcappid": "2969980",
            "manifests": {
                "public": {
                    "gid": "1986905744548930973",
                    "size": "3330429415",
                    "download": "3205223344"
                }
            },
            "decryptionkey": "7043a43dead77ff91163d590c7ffcea1f810f5e4b8fae9cbbe901e8a1fc2f2e4"
        },
        "2970000": {
            "dlcappid": "2970000",
            "manifests": {
                "public": {
                    "gid": "3544290328289564882",
                    "size": "172995624",
                    "download": "169811648"
                }
            },
            "decryptionkey": "b1f1f63c4503fc73a968bae7a0a0a9e82dc530ffc4aeea189149deb117e73ecc"
        },
        "2970020": {
            "dlcappid": "2970020",
            "manifests": {
                "public": {
                    "gid": "3018512190389999452",
                    "size": "7061634720",
                    "download": "6878522912"
                }
            },
            "decryptionkey": "f75f8e4ee4239d32fd5e980f5c2be31783051352272d5d33bb530e22868f6e20"
        },
        "2970010": {
            "dlcappid": "2970010",
            "manifests": {
                "public": {
                    "gid": "7299702694021072675",
                    "size": "280359273",
                    "download": "263445984"
                }
            },
            "decryptionkey": "c492fe452730b3e581da123e4ab000881f7971dd614db72b24fa6c38c6257e89"
        },
        "2970030": {
            "dlcappid": "2970030",
            "manifests": {
                "public": {
                    "gid": "8975835821857077013",
                    "size": "4140688601",
                    "download": "4003375552"
                }
            },
            "decryptionkey": "f8cae113ad0c1c05ae33409627787d2e966af1682f1ec6ae0f44755be46cd0aa"
        },
        "2970040": {
            "dlcappid": "2970040",
            "manifests": {
                "public": {
                    "gid": "147713198431723061",
                    "size": "5155459164",
                    "download": "4991270064"
                }
            },
            "decryptionkey": "972afbcc698313155f738969b11ff68a24a04a0f1e597d5b5cb0b725cde85cba"
        },
        "2970070": {
            "dlcappid": "2970070",
            "manifests": {
                "public": {
                    "gid": "1244943637737286010",
                    "size": "7703655169",
                    "download": "7468723536"
                }
            },
            "decryptionkey": "3d0288e2848c14de60d38c3c40cad36f9012fcd54b314420ee3ca6fe3b130fcb"
        },
        "2970050": {
            "dlcappid": "2970050",
            "manifests": {
                "public": {
                    "gid": "4683667728575331512",
                    "size": "11288407752",
                    "download": "11024535376"
                }
            },
            "decryptionkey": "7dcd39d093569c32fc31b3f1f5f955cd9806572459fd5bf8b5c4839958c497c1"
        },
        "2970060": {
            "dlcappid": "2970060",
            "manifests": {
                "public": {
                    "gid": "1595744646254252048",
                    "size": "8512283619",
                    "download": "8310998752"
                }
            },
            "decryptionkey": "c92694e79497ea2f3ad211b739181b5c76b012269bb1046b03b4dde4ef392487"
        },
        "2970100": {
            "dlcappid": "2970100",
            "manifests": {
                "public": {
                    "gid": "7813863263785677942",
                    "size": "9345496712",
                    "download": "9191303264"
                }
            },
            "decryptionkey": "95237691301a2d4ed766dff15648fae214f49333bdfef4943532147902a72507"
        },
        "2970090": {
            "dlcappid": "2970090",
            "manifests": {
                "public": {
                    "gid": "3281853759398989209",
                    "size": "5376575227",
                    "download": "5199243600"
                }
            },
            "decryptionkey": "5d904580ad541f20d71afb17086bf11fb3b69d796b4a005474b406bb763357f8"
        },
        "2970120": {
            "dlcappid": "2970120",
            "manifests": {
                "public": {
                    "gid": "4581492851215545601",
                    "size": "4615029030",
                    "download": "4423417088"
                }
            },
            "decryptionkey": "694cd03f06d1423dcc5c69064a4ef468960c3df2d4df99a42e7e37c1b043988a"
        },
        "2970110": {
            "dlcappid": "2970110",
            "manifests": {
                "public": {
                    "gid": "8608544657819582288",
                    "size": "4172244690",
                    "download": "4014497072"
                }
            },
            "decryptionkey": "77361b13f96ef195d2a40ee481aff3d9221b580627f7d694fbab4426319e82d7"
        },
        "2970130": {
            "dlcappid": "2970130",
            "manifests": {
                "public": {
                    "gid": "5928376171061048468",
                    "size": "4092528861",
                    "download": "3957890560"
                }
            },
            "decryptionkey": "d573a783d122b17a034bc01a48a698ac417ed51112f83797a05eb69adff26f03"
        },
        "2970140": {
            "dlcappid": "2970140",
            "manifests": {
                "public": {
                    "gid": "1065348399250934853",
                    "size": "437265025",
                    "download": "385965440"
                }
            },
            "decryptionkey": "ed09c789f0cd45ad5f5870c4e35fada779cca9b0662d5e9ff115b3b6dd1522cc"
        },
        "2970150": {
            "dlcappid": "2970150",
            "manifests": {
                "public": {
                    "gid": "716678978053516253",
                    "size": "2950140978",
                    "download": "2659416912"
                }
            },
            "decryptionkey": "8ee059cd1f11e13649a849fd788c87e59f554b5e038c0419261ff39bf24e3a92"
        },
        "2970180": {
            "dlcappid": "2970180",
            "manifests": {
                "public": {
                    "gid": "3607734152154098115",
                    "size": "302050306",
                    "download": "293440448"
                }
            },
            "decryptionkey": "bc8e14309015faa6c990567f700a6349c58d392845b4d605800ba87fa0630c2f"
        },
        "2970170": {
            "dlcappid": "2970170",
            "manifests": {
                "public": {
                    "gid": "2875603475048109846",
                    "size": "220622827",
                    "download": "214241952"
                }
            },
            "decryptionkey": "d5d7a18854f81b7f1615d2216497fd36e535d2f0880251d39a3eb08a82194e55"
        },
        "2970210": {
            "dlcappid": "2970210",
            "manifests": {
                "public": {
                    "gid": "4988107275050773839",
                    "size": "4958776169",
                    "download": "4801981440"
                }
            },
            "decryptionkey": "fb2dd62f868828e41e17ce9f85f6c7f0f9653770b8c5a4d375425f47ec5ec458"
        },
        "2970200": {
            "dlcappid": "2970200",
            "manifests": {
                "public": {
                    "gid": "812506209510352545",
                    "size": "5204618962",
                    "download": "5073369296"
                }
            },
            "decryptionkey": "695a48effbffb391303e9efe441a6f376dbb912bcba592b03a264767d5c045d0"
        },
        "2970190": {
            "dlcappid": "2970190",
            "manifests": {
                "public": {
                    "gid": "8332784243587412097",
                    "size": "159667317",
                    "download": "154361760"
                }
            },
            "decryptionkey": "ab6be5a2a7f52dfe34e9f24f783dfe9532e79d82b891db0950f438508af45cd6"
        },
        "2970240": {
            "dlcappid": "2970240",
            "manifests": {
                "public": {
                    "gid": "5355106840587580729",
                    "size": "140237312",
                    "download": "135571760"
                }
            },
            "decryptionkey": "a5dc09d84d76417e19f465ba9b06a2ecbbac4d6e1bac76fc50cbe6c87d313353"
        },
        "2970230": {
            "dlcappid": "2970230",
            "manifests": {
                "public": {
                    "gid": "2532457344569083456",
                    "size": "304853633",
                    "download": "299146384"
                }
            },
            "decryptionkey": "ff40f7efcad7b650b36e8e1e4c76e00ad91098546776617fd7638e50bf14c641"
        },
        "2970220": {
            "dlcappid": "2970220",
            "manifests": {
                "public": {
                    "gid": "314883064329862602",
                    "size": "165179109",
                    "download": "160491856"
                }
            },
            "decryptionkey": "9a5171c77bb4b2014a368dcd1c4d17ca1b21ca38d7d450864b7fbed226cb4933"
        },
        "2970250": {
            "dlcappid": "2970250",
            "manifests": {
                "public": {
                    "gid": "101350161837844288",
                    "size": "1212281923",
                    "download": "1181812336"
                }
            },
            "decryptionkey": "dee86ecb17f9c1ad0cb96fd1116ec068da9a379998a1df99e4de6b69ba485da6"
        },
        "2970260": {
            "dlcappid": "2970260",
            "manifests": {
                "public": {
                    "gid": "2130350294197551975",
                    "size": "5401040366",
                    "download": "5215641120"
                }
            },
            "decryptionkey": "7969fc1998c86ff80b4b7b847b1985e2f153a272d367578bf2193530cda2976f"
        },
        "2970270": {
            "dlcappid": "2970270",
            "manifests": {
                "public": {
                    "gid": "5744426146420821872",
                    "size": "514080167",
                    "download": "486725712"
                }
            },
            "decryptionkey": "a84f15463c27a4c1147807a47fa9aac03e0d8cbe7eb12e37572339e6aaefd726"
        },
        "2970280": {
            "dlcappid": "2970280",
            "manifests": {
                "public": {
                    "gid": "4666900799196802314",
                    "size": "189331944",
                    "download": "179493744"
                }
            },
            "decryptionkey": "e213c57ac5d16787100035fb6b56647c54ebfc7a99416ec874a3c4ec150695d7"
        },
        "2970290": {
            "dlcappid": "2970290",
            "manifests": {
                "public": {
                    "gid": "7276292532781869883",
                    "size": "224152540",
                    "download": "215739888"
                }
            },
            "decryptionkey": "e1d77a032bc5638169fd8980a5ec6229d78dd49441c5297a6683cf1bc1726c69"
        },
        "2970320": {
            "dlcappid": "2970320",
            "manifests": {
                "public": {
                    "gid": "6105945707028477916",
                    "size": "9350862933",
                    "download": "9122665312"
                }
            },
            "decryptionkey": "2f8c8757dd2dc9501a8eeddb92cb7197d6681a99f36558b2b950c27dcbc7a1d8"
        },
        "2970300": {
            "dlcappid": "2970300",
            "manifests": {
                "public": {
                    "gid": "3768823488699595781",
                    "size": "6695617823",
                    "download": "6467629936"
                }
            },
            "decryptionkey": "063f5f0003d3fc22c5779d42f19a8906d70148f5070c02bb7755d8b4f09bce06"
        },
        "2970310": {
            "dlcappid": "2970310",
            "manifests": {
                "public": {
                    "gid": "960013977613528701",
                    "size": "7090805782",
                    "download": "6795225472"
                }
            },
            "decryptionkey": "30e13cebf677aae992519a30e1203e1c8249d53f840be6b24f80446ae5628534"
        },
        "2970330": {
            "dlcappid": "2970330",
            "manifests": {
                "public": {
                    "gid": "4062879658161680775",
                    "size": "6160645878",
                    "download": "6004768688"
                }
            },
            "decryptionkey": "b3278bcfad24136357ede9c5519dba3d416b076db626230e941b74b5f6e58858"
        },
        "2970350": {
            "dlcappid": "2970350",
            "manifests": {
                "public": {
                    "gid": "4022551407031172263",
                    "size": "4706566615",
                    "download": "4556325536"
                }
            },
            "decryptionkey": "8758d70643bf99b4bca30151151d15fbfa0353a3d63200cee38928e8dfc67438"
        },
        "2970370": {
            "dlcappid": "2970370",
            "manifests": {
                "public": {
                    "gid": "5684483472299639379",
                    "size": "264515323",
                    "download": "256834176"
                }
            },
            "decryptionkey": "a28fb405e1281b433c88b444ad86f32b370ef85d3f208fee6a1bd1e3cae5f607"
        },
        "2970360": {
            "dlcappid": "2970360",
            "manifests": {
                "public": {
                    "gid": "4814916133265295614",
                    "size": "283110958",
                    "download": "251006624"
                }
            },
            "decryptionkey": "1050f615fded86d01c0f9ff5ec13c038505e1319cb5caba926c0988cda340ef3"
        },
        "2970380": {
            "dlcappid": "2970380",
            "manifests": {
                "public": {
                    "gid": "8546669342227506427",
                    "size": "443328460",
                    "download": "412347040"
                }
            },
            "decryptionkey": "e32db1e15a46b45f438cb1767cf351cdb4942de8fb48a0bfb2d3c4793519336b"
        },
        "2970400": {
            "dlcappid": "2970400",
            "manifests": {
                "public": {
                    "gid": "4510678378842220864",
                    "size": "4016650099",
                    "download": "3879509088"
                }
            },
            "decryptionkey": "dea56d5214cd7ce403bbcff2f34e18eaeb6d662480d72ed86aa33b61ebf427a9"
        },
        "2970390": {
            "dlcappid": "2970390",
            "manifests": {
                "public": {
                    "gid": "4993064330580929239",
                    "size": "167188532",
                    "download": "161456368"
                }
            },
            "decryptionkey": "3984b0eb331720f55235c68df699a02daf94cae70aea8847d570dae1df6b166e"
        },
        "2970420": {
            "dlcappid": "2970420",
            "manifests": {
                "public": {
                    "gid": "75596690371763296",
                    "size": "9295551213",
                    "download": "9112334096"
                }
            },
            "decryptionkey": "7098cd9597d431b0b2601a3edf015be9df55b1c16d7d554b96f1cd933e14ac0b"
        },
        "2970410": {
            "dlcappid": "2970410",
            "manifests": {
                "public": {
                    "gid": "8352994852831705276",
                    "size": "377192016",
                    "download": "332713136"
                }
            },
            "decryptionkey": "48a35c99de1d4d587124b2fbc98cf38d3649862bba97d34256cab3afd5fb74ae"
        },
        "2970440": {
            "dlcappid": "2970440",
            "manifests": {
                "public": {
                    "gid": "5345126525386097371",
                    "size": "7442313943",
                    "download": "7306194320"
                }
            },
            "decryptionkey": "a868b1ce79db87ee5605b37d92df6097ea05b60f4fe3b0bf7630cd058f6fe5ad"
        },
        "2970430": {
            "dlcappid": "2970430",
            "manifests": {
                "public": {
                    "gid": "1003297890574914016",
                    "size": "7887710378",
                    "download": "7685557056"
                }
            },
            "decryptionkey": "dbd37e53c12e1b62e145473304d5ca038a7b95c756fbe7c42703bc4322813f32"
        },
        "2970460": {
            "dlcappid": "2970460",
            "manifests": {
                "public": {
                    "gid": "2075598629618843553",
                    "size": "4704299762",
                    "download": "4597469488"
                }
            },
            "decryptionkey": "c4906a2267f58e9483258a70d6dfba68ebd9406ca6e8b05eb0e7b65c531318da"
        },
        "2970450": {
            "dlcappid": "2970450",
            "manifests": {
                "public": {
                    "gid": "5251319357710923893",
                    "size": "311916278",
                    "download": "298689168"
                }
            },
            "decryptionkey": "00effa62a220605cdaf3b240b8c0c61b9b30ca403c03bceda8824e92a0b03652"
        },
        "2970470": {
            "dlcappid": "2970470",
            "manifests": {}
        },
        "2970480": {
            "dlcappid": "2970480",
            "manifests": {
                "public": {
                    "gid": "2625464447697640654",
                    "size": "224097507",
                    "download": "220314176"
                }
            },
            "decryptionkey": "4eea97e7f2c9182fca794a8402d57050dcd18ec9bbaa8b0edc3440e17503c3cc"
        },
        "2970490": {
            "dlcappid": "2970490",
            "manifests": {
                "public": {
                    "gid": "4787787649307627717",
                    "size": "343721008",
                    "download": "275708160"
                }
            },
            "decryptionkey": "fb7b2155302471f2d57da3930b70bd8c028a515b337088c1c95b98bc64e23c37"
        },
        "2970510": {
            "dlcappid": "2970510",
            "manifests": {
                "public": {
                    "gid": "5463265523439903098",
                    "size": "342968467",
                    "download": "332916656"
                }
            },
            "decryptionkey": "be794ef4e6cc3233299833a862fd4ce0a6811e2f050312b51c1b8aa286cb0d46"
        },
        "2970500": {
            "dlcappid": "2970500",
            "manifests": {
                "public": {
                    "gid": "1943646762321608375",
                    "size": "197720611",
                    "download": "192708736"
                }
            },
            "decryptionkey": "f645889ec271f49a6d68f8a2ffaa90a3e87023c219ef2ff513f1960a280045e7"
        },
        "2970530": {
            "dlcappid": "2970530",
            "manifests": {
                "public": {
                    "gid": "2146615997206158098",
                    "size": "8515505080",
                    "download": "8252028688"
                }
            },
            "decryptionkey": "641154c3ca19b8d28c209e20ab94136b595f9dd182cd2ae941a9319312dc7649"
        },
        "2970520": {
            "dlcappid": "2970520",
            "manifests": {
                "public": {
                    "gid": "6565844340138294160",
                    "size": "5036178918",
                    "download": "4883038256"
                }
            },
            "decryptionkey": "b9952fd62c62db9e1e9042276d3ae98a2edf692362abbb4f90671322d16d248d"
        },
        "2970560": {
            "dlcappid": "2970560",
            "manifests": {
                "public": {
                    "gid": "7230692823070246376",
                    "size": "219354111",
                    "download": "212764160"
                }
            },
            "decryptionkey": "ee6df76625e3ad89f3bbb170834d4bf467e9696268e611bad475c17b79e503fe"
        },
        "2970540": {
            "dlcappid": "2970540",
            "manifests": {
                "public": {
                    "gid": "5858028031043233310",
                    "size": "6808163928",
                    "download": "6675341072"
                }
            },
            "decryptionkey": "7dbcc005ee4e48f117b3413a8251ff5bfdef77a067169efd85cc3cb3f76dcf16"
        },
        "2970550": {
            "dlcappid": "2970550",
            "manifests": {
                "public": {
                    "gid": "7191299208340105022",
                    "size": "5555068559",
                    "download": "5441528352"
                }
            },
            "decryptionkey": "18f91a6a1abe401c98c57406b58c3e6af1bc5e45654b653333c7a9d6301ce904"
        },
        "2970570": {
            "dlcappid": "2970570",
            "manifests": {}
        },
        "2970610": {
            "dlcappid": "2970610",
            "manifests": {
                "public": {
                    "gid": "5862410547589755609",
                    "size": "212156481",
                    "download": "199730368"
                }
            },
            "decryptionkey": "318fad4782f66ddaba23c8cd35ed1b73798192f6ce0253b3ebe1d164a261a557"
        },
        "2970580": {
            "dlcappid": "2970580",
            "manifests": {
                "public": {
                    "gid": "6298279202025634041",
                    "size": "7621268649",
                    "download": "7421991280"
                }
            },
            "decryptionkey": "1391028771652830cd76b44b6239fac7746643aeabb0114a8215b9dc94d93e58"
        },
        "2970630": {
            "dlcappid": "2970630",
            "manifests": {
                "public": {
                    "gid": "814694307645339273",
                    "size": "495043008",
                    "download": "449599200"
                }
            },
            "decryptionkey": "3bda2355cdb873ae14d2a00923bcac65243ae548fb063c99df454dc798bf0f57"
        },
        "2970680": {
            "dlcappid": "2970680",
            "manifests": {
                "public": {
                    "gid": "6011251981924721702",
                    "size": "18271833869",
                    "download": "17739714768"
                }
            },
            "decryptionkey": "77f0518507b23fe26a2849e2c96ae0f5a7b609cf8fa63e3f6952760f707eb54f"
        },
        "2970660": {
            "dlcappid": "2970660",
            "manifests": {
                "public": {
                    "gid": "8002532991792361177",
                    "size": "6864764121",
                    "download": "6731064160"
                }
            },
            "decryptionkey": "8e6189d4ebe8da8d17ffc9ed823f6dffa6b66e930bfb81137a435d1bc0bc392a"
        },
        "2970700": {
            "dlcappid": "2970700",
            "manifests": {
                "public": {
                    "gid": "8783130745648049094",
                    "size": "267871992",
                    "download": "260368176"
                }
            },
            "decryptionkey": "0deec306c613ee644b578978b9ecc372a5eb8051595c6a68cb2e356947d59347"
        },
        "2970750": {
            "dlcappid": "2970750",
            "manifests": {
                "public": {
                    "gid": "2216799591660303672",
                    "size": "418903792",
                    "download": "388410496"
                }
            },
            "decryptionkey": "ed5c1f0ececa2881912b3e8a96abd3b7c84bdcee6ec1000822e685bdf7418783"
        },
        "2970720": {
            "dlcappid": "2970720",
            "manifests": {}
        },
        "2970760": {
            "dlcappid": "2970760",
            "manifests": {
                "public": {
                    "gid": "9075121846005826424",
                    "size": "250474485",
                    "download": "236930096"
                }
            },
            "decryptionkey": "0ffa29a78a918bc368e36e925f3dd5b61c54378995a58668380210c7c5ebbf22"
        },
        "2970770": {
            "dlcappid": "2970770",
            "manifests": {
                "public": {
                    "gid": "2648673516199063916",
                    "size": "6368",
                    "download": "3744"
                }
            },
            "decryptionkey": "335a0cedcfa948034598d0c75aeae8f9e95cbeb642b132491b60c8f3d16b9129"
        },
        "2970790": {
            "dlcappid": "2970790",
            "manifests": {
                "public": {
                    "gid": "5208091925560704549",
                    "size": "9445464502",
                    "download": "9220543648"
                }
            },
            "decryptionkey": "b01559260932f3ba0d1b0796e2ba6446e04ca161ea99a638db5288d7bae235f6"
        },
        "2970780": {
            "dlcappid": "2970780",
            "manifests": {
                "public": {
                    "gid": "3926362508052861626",
                    "size": "6367",
                    "download": "3744"
                }
            },
            "decryptionkey": "9acdaa2ecb3384af36aa38089dbca60b09ca7175a915042568c1795bd0fd2d3a"
        },
        "2970810": {
            "dlcappid": "2970810",
            "manifests": {
                "public": {
                    "gid": "4780120354943387541",
                    "size": "10489571316",
                    "download": "10207475296"
                }
            },
            "decryptionkey": "0ef93d70af550d1f7248a7a9ff16b8f3ea6bbcb8f8811bee2613d536c4b52fd1"
        },
        "2970800": {
            "dlcappid": "2970800",
            "manifests": {
                "public": {
                    "gid": "5386657179529043504",
                    "size": "8686895001",
                    "download": "8428192112"
                }
            },
            "decryptionkey": "2658aa87e62128d623dca3fb4e91f6965f68ee6a0651ab5a6eadd0511ecf2c5b"
        },
        "2970830": {
            "dlcappid": "2970830",
            "manifests": {
                "public": {
                    "gid": "1881149271380114344",
                    "size": "317700274",
                    "download": "290706608"
                }
            },
            "decryptionkey": "9250a4a6aa94f80d86cf47efef9e14933c1f4fa2caca986b8a5cca4cd5bc7c26"
        },
        "2970820": {
            "dlcappid": "2970820",
            "manifests": {
                "public": {
                    "gid": "8258906131514032534",
                    "size": "366767693",
                    "download": "338716640"
                }
            },
            "decryptionkey": "040b7a1b54ca42cef4f6fc4d320d8992ac8f308bba6cae57693f917e1a43993b"
        },
        "2970860": {
            "dlcappid": "2970860",
            "manifests": {
                "public": {
                    "gid": "9197854947144395995",
                    "size": "11113036566",
                    "download": "10262982544"
                }
            },
            "decryptionkey": ""
        },
        "2970840": {
            "dlcappid": "2970840",
            "manifests": {
                "public": {
                    "gid": "1135650345140051232",
                    "size": "12647499114",
                    "download": "12410080752"
                }
            },
            "decryptionkey": "add9dc26764e17fdf94d6ad00555ca6fcc9f15d71c247e3ee1b41a5fa8020cd7"
        },
        "2970880": {
            "dlcappid": "2970880"
        },
        "2970920": {
            "dlcappid": "2970920",
            "manifests": {
                "public": {
                    "gid": "580286022787602782",
                    "size": "8621620285",
                    "download": "8384372752"
                }
            },
            "decryptionkey": "63286aaa6bf81d62ea0450b311fc7b04c20020738b3b293c7b680bc8a3612d03"
        },
        "2971180": {
            "dlcappid": "2971180",
            "manifests": {
                "public": {
                    "gid": "701653887287589188",
                    "size": "7320918824",
                    "download": "7122476256"
                }
            },
            "decryptionkey": "99f393f27f3f01183e44e847b481afc840a05e1fe8861de9711378c8a5e55fbf"
        },
        "2971200": {
            "dlcappid": "2971200"
        },
        "2971210": {
            "dlcappid": "2971210",
            "manifests": {
                "public": {
                    "gid": "4256113113360240990",
                    "size": "228523020",
                    "download": "217307024"
                }
            },
            "decryptionkey": "63e9ac2e0ca4be6c058ff4f6c26951ac1cfa9a62b0449c89b794f69a4007f9e4"
        },
        "2971190": {
            "dlcappid": "2971190",
            "manifests": {
                "public": {
                    "gid": "7248406306024806498",
                    "size": "5949561227",
                    "download": "5556732928"
                }
            },
            "decryptionkey": "1d4d5d2cdbcc76e1f34f4d9467d5de07ffb5245a0ced0708c1b4858ff4694858"
        },
        "2971230": {
            "dlcappid": "2971230",
            "manifests": {
                "public": {
                    "gid": "380502404865660296",
                    "size": "683170931",
                    "download": "657437184"
                }
            },
            "decryptionkey": "e6646f8e0e1f5dc0ebaa808317c0619fad821792824ddf1949fa46ef70dcc976"
        },
        "2971220": {
            "dlcappid": "2971220",
            "manifests": {
                "public": {
                    "gid": "3238158651109115157",
                    "size": "3346487622",
                    "download": "3252815984"
                }
            },
            "decryptionkey": "64575197980e9a4180fa1723efd52edcd49d59a58f62f8956aac5d564404f3ff"
        },
        "2971240": {
            "dlcappid": "2971240",
            "manifests": {
                "public": {
                    "gid": "5028713188687594609",
                    "size": "115508656",
                    "download": "113073984"
                }
            },
            "decryptionkey": "f8e73faf7422edf1beb8f42ff13a3d32054fb8e64a7f302ddaa4743b0e2b4718"
        },
        "2971250": {
            "dlcappid": "2971250",
            "manifests": {
                "public": {
                    "gid": "4591565230362433233",
                    "size": "36955061",
                    "download": "34934272"
                }
            },
            "decryptionkey": "a860ac6cd7dfc944406d855da6ae1a17bb6a3e92adcd22137aa38548a39fd220"
        },
        "2971260": {
            "dlcappid": "2971260",
            "manifests": {
                "public": {
                    "gid": "4507642190866750177",
                    "size": "255905587",
                    "download": "245911120"
                }
            },
            "decryptionkey": "ac2115032b724eeeb7b3ebc9e65a78afd46e43ce2873bff7108d18a48eacc776"
        },
        "2971270": {
            "dlcappid": "2971270",
            "manifests": {
                "public": {
                    "gid": "8454837023740665674",
                    "size": "7091589218",
                    "download": "6896642416"
                }
            },
            "decryptionkey": "f23fa21ba10cd4c3fe4b11d1bcb3a0b6a1630501eb452de6af1f419d4b48857c"
        },
        "3260370": {
            "dlcappid": "3260370",
            "manifests": {
                "public": {
                    "gid": "9080592309811088864",
                    "size": "251109810",
                    "download": "239286864"
                }
            },
            "decryptionkey": "400fe6b15b0958f3b646173106a40072399b2cef6d164044904bd0f1a72b41ed"
        },
        "3260380": {
            "dlcappid": "3260380",
            "manifests": {}
        },
        "3260400": {
            "dlcappid": "3260400",
            "manifests": {}
        },
        "3260390": {
            "dlcappid": "3260390"
        },
        "3260410": {
            "dlcappid": "3260410",
            "manifests": {
                "public": {
                    "gid": "8447080649012379321",
                    "size": "295359045",
                    "download": "287791888"
                }
            },
            "decryptionkey": ""
        },
        "3260430": {
            "dlcappid": "3260430",
            "manifests": {
                "public": {
                    "gid": "3418881051038940974",
                    "size": "769836088",
                    "download": "746099024"
                }
            },
            "decryptionkey": ""
        },
        "3260420": {
            "dlcappid": "3260420",
            "manifests": {}
        },
        "3260440": {
            "dlcappid": "3260440",
            "manifests": {
                "public": {
                    "gid": "8616105655379919047",
                    "size": "8811944486",
                    "download": "8575694544"
                }
            },
            "decryptionkey": ""
        },
        "3260450": {
            "dlcappid": "3260450",
            "manifests": {}
        },
        "3260460": {
            "dlcappid": "3260460"
        },
        "3457270": {
            "dlcappid": "3457270",
            "manifests": {}
        },
        "3457280": {
            "dlcappid": "3457280",
            "manifests": {}
        },
        "3457290": {
            "dlcappid": "3457290",
            "manifests": {}
        },
        "3457310": {
            "dlcappid": "3457310",
            "manifests": {}
        },
        "3457320": {
            "dlcappid": "3457320",
            "manifests": {}
        },
        "3457330": {
            "dlcappid": "3457330",
            "manifests": {}
        },
        "3457340": {
            "dlcappid": "3457340",
            "manifests": {}
        },
        "3457350": {
            "dlcappid": "3457350",
            "manifests": {
                "public": {
                    "gid": "959761736640691450",
                    "size": "107235844",
                    "download": "103122896"
                }
            },
            "decryptionkey": ""
        },
        "3457360": {
            "dlcappid": "3457360"
        },
        "3457370": {
            "dlcappid": "3457370"
        },
        "3742860": {
            "dlcappid": "3742860"
        },
        "3742870": {
            "dlcappid": "3742870"
        },
        "3742880": {
            "dlcappid": "3742880"
        },
        "3742890": {
            "dlcappid": "3742890"
        },
        "3742900": {
            "dlcappid": "3742900"
        },
        "branches": {
            "public": {
                "buildid": "18392151",
                "timeupdated": "1747058808"
            }
        },
        "privatebranches": "1"
    }
}