{
    "appid": "3367090",
    "type": "Demo",
    "name": "Kingdom of Cards Demo",
    "schinese_name": "王牌卡国 体验版",
    "isfreeapp": "0",
    "change_number": "27730252",
    "update_time": "2025-03-01 13:46:38",
    "depot": {
        "3367091": {
            "manifests": {
                "public": {
                    "gid": "3614104133275497281",
                    "size": "823994433",
                    "download": "142335520"
                }
            },
            "decryptionkey": "5444b74fb8d5d3c87e69ea6f138d192386361cf51903565b8d518878a5cc2ed3"
        },
        "baselanguages": "english",
        "branches": {
            "public": {
                "buildid": "17459589",
                "timeupdated": "1740419635"
            }
        },
        "privatebranches": "1"
    }
}