{
    "appid": "3208550",
    "type": "Game",
    "name": "Who Dies First",
    "schinese_name": "谁先死？",
    "isfreeapp": "0",
    "change_number": "28250681",
    "update_time": "2025-04-01 22:53:16",
    "depot": {
        "3208551": {
            "manifests": {
                "public": {
                    "gid": "5936689273255792669",
                    "size": "261409334",
                    "download": "43642384"
                }
            },
            "decryptionkey": "fc2bce8517cdcbea08d73c54f385192db2aed880b8931c07329f37667ba051f1"
        },
        "branches": {
            "public": {
                "buildid": "15988905",
                "timeupdated": "1728529166"
            }
        }
    }
}