{
    "appid": "3490390",
    "type": "Demo",
    "name": "Sandustry Demo",
    "schinese_name": "",
    "isfreeapp": "0",
    "change_number": "27448599",
    "update_time": "2025-02-13 06:57:31",
    "depot": {
        "3490391": {
            "manifests": {
                "public": {
                    "gid": "5854051534977111273",
                    "size": "342570461",
                    "download": "113243248"
                }
            },
            "decryptionkey": "07160c4a02552f09fba272acdcdc1f3eff7a6e0b562bc54ec5a1d7a46dfcd9a7"
        },
        "branches": {
            "public": {
                "buildid": "17474584",
                "timeupdated": "1740329103"
            }
        }
    }
}