{
    "appid": "3168370",
    "type": "Game",
    "name": "Bring Me...",
    "schinese_name": "",
    "isfreeapp": "0",
    "change_number": "28517972",
    "update_time": "2025-04-17 07:12:01",
    "depot": {
        "228989": {
            "config": {
                "oslist": "windows"
            },
            "depotfromapp": "228980",
            "sharedinstall": "1"
        },
        "228990": {
            "config": {
                "oslist": "windows"
            },
            "depotfromapp": "228980",
            "sharedinstall": "1"
        },
        "3168371": {
            "manifests": {
                "public": {
                    "gid": "262343123122088161",
                    "size": "4082074527",
                    "download": "3693949728"
                }
            },
            "decryptionkey": "10768d45ecb12b0f71c7037b01383edc915db929f04c7ca36c0eec6c720ab0dc"
        },
        "branches": {
            "public": {
                "buildid": "16390210",
                "timeupdated": "1731492076"
            }
        }
    }
}