{
    "appid": "3283710",
    "type": "DLC",
    "name": "Coridden - Digital Bestiary",
    "schinese_name": "",
    "isfreeapp": "0",
    "change_number": "27481622",
    "update_time": "2025-02-14 23:00:17",
    "depot": {
        "3283710": {
            "dlcappid": "3283710",
            "config": {
                "oslist": "windows,linux",
                "osarch": "64"
            },
            "manifests": {
                "public": {
                    "gid": "6096903007172297340",
                    "size": "1956540",
                    "download": "1409168"
                }
            },
            "decryptionkey": "cc74b881e3d2d78f5d8c62ba58c97752988f87d0110f588d62092a73ac4b84df"
        },
        "branches": {
            "public": {
                "buildid": "17368233",
                "timeupdated": "1739545212"
            }
        }
    }
}