{
    "appid": "3142110",
    "type": "DLC",
    "name": "Caravan SandWitch - Souvenir Shop",
    "schinese_name": "",
    "isfreeapp": "0",
    "change_number": "25194885",
    "update_time": "2024-09-12 23:44:58",
    "depot": {
        "3142110": {
            "manifests": {
                "public": {
                    "gid": "4515198332401483005",
                    "size": "956738615",
                    "download": "432714208"
                }
            },
            "dlcappid": "3142110",
            "decryptionkey": "56a84d1eba4c610625e7fe6abff1f0a3bf063d5e8095550c005d0e7b2b40c6e7"
        },
        "branches": {
            "public": {
                "buildid": "15636838",
                "timeupdated": "1725975452"
            }
        }
    }
}