{
    "appid": "3100910",
    "type": "Game",
    "name": "Play with my balls",
    "schinese_name": "",
    "isfreeapp": "0",
    "change_number": "28891957",
    "update_time": "2025-05-09 07:32:11",
    "depot": {
        "3100911": {
            "manifests": {
                "public": {
                    "gid": "2427851226593491895",
                    "size": "14458845",
                    "download": "9302880"
                }
            },
            "decryptionkey": "b37a0da83ccb22e31ca4d8a67fbb5ddfe9db70b3c8ddbb8883162f9f48800883"
        },
        "branches": {
            "public": {
                "buildid": "15061960",
                "timeupdated": "1721574188"
            }
        }
    }
}