{
    "appid": "3053100",
    "type": "DLC",
    "name": "My Sudoku - Classic 9x9 Medium 1",
    "schinese_name": "我的数独 - 经典 9x9 中等 1",
    "isfreeapp": "0",
    "change_number": "24094191",
    "update_time": "2024-07-16 02:47:10",
    "depot": {
        "3053100": {
            "config": {
                "oslist": "windows"
            },
            "manifests": {
                "public": {
                    "gid": "81300564073455533",
                    "size": "8281",
                    "download": "1520"
                }
            },
            "dlcappid": "3053100",
            "decryptionkey": "5acdba7947d6645736e36b19f58cb937f9959368233b688ce07e0b385a710212"
        },
        "branches": {
            "public": {
                "buildid": "14784242",
                "timeupdated": "1718902386"
            }
        }
    }
}