{
    "appid": "2985020",
    "type": "Demo",
    "name": "妖之乡 Demo",
    "schinese_name": "妖之乡 Demo",
    "isfreeapp": "0",
    "change_number": "24390118",
    "update_time": "2024-07-17 06:29:20",
    "depot": {
        "baselanguages": "english,schinese,tchinese,japanese",
        "hasdepotsindlc": "0",
        "2985021": {
            "config": {
                "oslist": "windows",
                "osarch": "64"
            },
            "manifests": {
                "public": {
                    "gid": "6994811679055238536",
                    "size": "3338712793",
                    "download": "1716216672"
                }
            },
            "decryptionkey": "3f21a25fe410a5483e726213f7d0c4c3e618946256510f3978364cb67c95965f"
        },
        "branches": {
            "public": {
                "buildid": "14780125",
                "timeupdated": "1718937271"
            }
        },
        "privatebranches": "1"
    }
}