{
    "appid": "3410970",
    "type": "DLC",
    "name": "Celestial City Fantasy Edition（黄金版）",
    "schinese_name": "",
    "isfreeapp": "0",
    "change_number": "26954149",
    "update_time": "2025-01-11 19:53:10",
    "depot": {
        "3410970": {
            "manifests": {
                "public": {
                    "gid": "992960270872144776",
                    "size": "24493334",
                    "download": "24751248"
                }
            },
            "dlcappid": "3410970",
            "decryptionkey": "77e707a64d42f4075c4ce76d761c8493a518dc3426764fe950426b482fa7af84"
        },
        "branches": {
            "public": {
                "buildid": "16974268",
                "timeupdated": "1736596386"
            }
        }
    }
}