{
    "appid": "3166710",
    "type": "DLC",
    "name": "JR EAST Train Simulator: Utsunomiya Line (Kuroiso to Tokyo) E233-3000 series",
    "schinese_name": "",
    "isfreeapp": "0",
    "change_number": "28125326",
    "update_time": "2025-03-25 16:31:06",
    "depot": {
        "3166711": {
            "manifests": {
                "public": {
                    "gid": "8816460717590247634",
                    "size": "691772976",
                    "download": "532744688"
                }
            },
            "dlcappid": "3166710",
            "decryptionkey": "006c080bf4ee4c9d36a33d312ecb3954e751262a906a45a7dc6295d159d16caa"
        },
        "3166712": {
            "manifests": {
                "public": {
                    "gid": "3802574204341952283",
                    "size": "37342573936",
                    "download": "37853213360"
                }
            },
            "dlcappid": "3166710",
            "decryptionkey": "6633b6719723a476207c87d63d65bb16374b26c41fb3bb8646c172162fd0503b"
        },
        "branches": {
            "public": {
                "buildid": "17761889",
                "timeupdated": "1742891462"
            }
        },
        "privatebranches": "1"
    }
}