{
    "appid": "3405480",
    "type": "Music",
    "name": "Clair Obscur: Expedition 33 – Original Soundtrack",
    "schinese_name": "光与影：33号远征队 - 原声音乐",
    "isfreeapp": "0",
    "change_number": "28866295",
    "update_time": "2025-05-08 00:57:14",
    "depot": {
        "3405510": {
            "manifests": {
                "public": {
                    "gid": "2478102260985916962",
                    "size": "1201656122",
                    "download": "1198595456"
                }
            },
            "decryptionkey": "d05c5a4e1666b64375d849a60b8f3694548fd5f756513928e1458c033101b848"
        },
        "3405511": {
            "config": {
                "highqualityaudio": "1"
            },
            "manifests": {
                "public": {
                    "gid": "763786632002146609",
                    "size": "12005249242",
                    "download": "9307785856"
                }
            },
            "decryptionkey": "8cb3c5d263faf7383c63bcb27fb60e3f0a4de6b3a8c8f1fac33c9d12f41848ee"
        },
        "branches": {
            "public": {
                "buildid": "18010777",
                "timeupdated": "1744026428"
            }
        }
    }
}