{
    "appid": "2956940",
    "type": "DLC",
    "name": "RPG Maker MZ - KR Spirit of Asia Tileset",
    "schinese_name": "",
    "isfreeapp": "0",
    "change_number": "23571927",
    "update_time": "2024-07-16 02:47:05",
    "depot": {
        "2956940": {
            "manifests": {
                "public": {
                    "gid": "5400876525905399000",
                    "size": "7458198",
                    "download": "7376512"
                }
            },
            "dlcappid": "2956940",
            "decryptionkey": "1ffea472eaab391be8cdd94937bc67056d5c498406bcbf562196a2893f3af5af"
        },
        "branches": {
            "public": {
                "buildid": "14365138",
                "timeupdated": "1715706010"
            }
        }
    }
}