{
    "appid": "3157830",
    "type": "Demo",
    "name": "大家一起冲冲冲 Demo",
    "schinese_name": "大家一起冲冲冲 Demo",
    "isfreeapp": "0",
    "change_number": "26899676",
    "update_time": "2025-01-08 07:28:57",
    "depot": {
        "3157831": {
            "manifests": {
                "public": {
                    "gid": "1200629402884901815",
                    "size": "1043711122",
                    "download": "407039872"
                }
            },
            "decryptionkey": "dabb58a44e22f5a1405da4dc59179c331fe5f0c8efd037a97dc2c58b2d85a683"
        },
        "branches": {
            "public": {
                "buildid": "16609527",
                "timeupdated": "1733198511"
            }
        }
    }
}