{
    "appid": "3498270",
    "type": "Game",
    "name": "Better Mart",
    "schinese_name": "",
    "isfreeapp": "0",
    "change_number": "29048602",
    "update_time": "2025-05-18 20:23:22",
    "depot": {
        "228989": {
            "config": {
                "oslist": "windows"
            },
            "depotfromapp": "228980",
            "sharedinstall": "1"
        },
        "228990": {
            "config": {
                "oslist": "windows"
            },
            "depotfromapp": "228980",
            "sharedinstall": "1"
        },
        "3498271": {
            "manifests": {
                "public": {
                    "gid": "2416557855350489962",
                    "size": "3454351175",
                    "download": "2835936480"
                }
            },
            "decryptionkey": "f9a8672f59ce9964e872dfb6e6bfaff3baa16dad3ddc7f2b2fb12bd5b1e66ad3"
        },
        "baselanguages": "english,french",
        "branches": {
            "public": {
                "buildid": "18502724",
                "timeupdated": "1747487384"
            }
        },
        "privatebranches": "1"
    }
}