{
    "appid": "3039120",
    "type": "Beta",
    "name": "House Flipper 2 - Co-op Playtest",
    "schinese_name": "",
    "isfreeapp": "0",
    "change_number": "26611971",
    "update_time": "2024-12-12 21:53:40",
    "depot": {
        "3039121": {
            "manifests": {
                "public": {
                    "gid": "3638034982490041463",
                    "size": "96098239",
                    "download": "25906128"
                }
            },
            "decryptionkey": "519473b5e886543ba302de34b290bf1f344d77431094ca561ae419b5515f524f"
        },
        "baselanguages": "english",
        "branches": {
            "public": {
                "buildid": "14860015",
                "timeupdated": "1719498572"
            }
        }
    }
}