{
    "appid": "2951930",
    "type": "Demo",
    "name": "Навь Demo",
    "schinese_name": "",
    "isfreeapp": "0",
    "change_number": "28080346",
    "update_time": "2025-03-22 05:19:27",
    "depot": {
        "228989": {
            "config": {
                "oslist": "windows"
            },
            "depotfromapp": "228980",
            "sharedinstall": "1"
        },
        "228990": {
            "config": {
                "oslist": "windows"
            },
            "depotfromapp": "228980",
            "sharedinstall": "1"
        },
        "2951931": {
            "manifests": {
                "public": {
                    "gid": "2293960314855041654",
                    "size": "2640910214",
                    "download": "2494845600"
                }
            },
            "decryptionkey": "c4a44f2304e33c452b416c7f5850bef967627b2ae224a79b99f4aadcaef0000e"
        },
        "branches": {
            "public": {
                "buildid": "14134818",
                "timeupdated": "1713802817"
            }
        }
    }
}