{
    "appid": "2990030",
    "type": "Demo",
    "name": "Little Sim World Demo",
    "schinese_name": "",
    "isfreeapp": "0",
    "change_number": "24021528",
    "update_time": "2024-07-16 02:47:07",
    "depot": {
        "2990031": {
            "config": {
                "oslist": "windows"
            },
            "manifests": {
                "public": {
                    "gid": "4462660102471374412",
                    "size": "1363671170",
                    "download": "1142836496"
                }
            },
            "decryptionkey": "357bb7fda389f43e3ad60a42cd6cc9cbbe6566f7ba4c3ecdda51137749838251"
        },
        "branches": {
            "public": {
                "buildid": "14664274",
                "timeupdated": "1718023865"
            }
        }
    }
}