{
    "appid": "3174810",
    "type": "Game",
    "name": "ニコニコさん",
    "schinese_name": "",
    "isfreeapp": "0",
    "change_number": "29035197",
    "update_time": "2025-05-17 09:13:17",
    "depot": {
        "3174811": {
            "manifests": {
                "public": {
                    "gid": "6184276182763790486",
                    "size": "1094855828",
                    "download": "878500384"
                }
            },
            "decryptionkey": "8cbb91f0a14343a26ddc28f7b637b4a8dd6daf6e92f147977e9fd5fed77f8f10"
        },
        "3174812": {},
        "branches": {
            "public": {
                "buildid": "18375503",
                "timeupdated": "1746628707"
            }
        },
        "privatebranches": "1"
    }
}