{
    "appid": "3334690",
    "type": "Game",
    "name": "OneRoom ―Yui Hanasaka Memorial―",
    "schinese_name": "OneRoom ―花坂结衣 回忆篇―",
    "isfreeapp": "0",
    "change_number": "29016621",
    "update_time": "2025-05-16 12:36:48",
    "depot": {
        "228990": {
            "config": {
                "oslist": "windows"
            },
            "depotfromapp": "228980",
            "sharedinstall": "1"
        },
        "3334691": {
            "config": {
                "oslist": "windows"
            },
            "manifests": {
                "public": {
                    "gid": "7178928228946284252",
                    "size": "665870087",
                    "download": "647570224"
                }
            },
            "decryptionkey": "b3c648607c7299f5b97d658518ae8627efb5a8ee53ec18509620e8bc8c6b6acc"
        },
        "branches": {
            "public": {
                "buildid": "16786342",
                "timeupdated": "1734523137"
            }
        },
        "privatebranches": "1"
    }
}