{
    "appid": "3088520",
    "type": "Game",
    "name": "A fascinating story : Ice Cream",
    "schinese_name": "高管张伟和他面试时的冰激凌",
    "isfreeapp": "0",
    "change_number": "28835708",
    "update_time": "2025-05-06 14:46:40",
    "depot": {
        "3088521": {
            "manifests": {
                "public": {
                    "gid": "457893961135238421",
                    "size": "268433915",
                    "download": "109470320"
                }
            },
            "decryptionkey": "81dafdaff83f2344e5bab5cff7914568ed86a6d7d6b99fb0245834c34e611104"
        },
        "branches": {
            "public": {
                "buildid": "16019620",
                "timeupdated": "1728914211"
            }
        }
    }
}