{
    "appid": "3231980",
    "type": "Demo",
    "name": "诸天刷宝录 Demo",
    "schinese_name": "",
    "isfreeapp": "0",
    "change_number": "26899676",
    "update_time": "2025-01-08 07:28:07",
    "depot": {
        "3231981": {
            "manifests": {
                "public": {
                    "gid": "7797932675019869058",
                    "size": "417305894",
                    "download": "240813232"
                },
                "compatibility": {
                    "gid": "6957647148495951937",
                    "size": "382218198",
                    "download": "229385136"
                },
                "test": {
                    "gid": "7797932675019869058",
                    "size": "417305894",
                    "download": "240813232"
                }
            },
            "decryptionkey": "cad7d8435073e3c2aa638b1d040b891d77013f786a3e77f6e0099899801cb75c"
        },
        "branches": {
            "public": {
                "buildid": "15926756",
                "timeupdated": "1728032865"
            },
            "compatibility": {
                "buildid": "15823960",
                "description": "无法进入游戏专用",
                "timeupdated": "1727275391"
            },
            "test": {
                "buildid": "15926756",
                "description": "风险测试版本",
                "timeupdated": "1728027971"
            }
        }
    }
}