{
    "appid": "3548000",
    "type": "Game",
    "name": "Cosmobreeder Yiffai",
    "schinese_name": "",
    "isfreeapp": "0",
    "change_number": "29037646",
    "update_time": "2025-05-17 15:15:19",
    "depot": {
        "3548001": {
            "config": {
                "oslist": "windows"
            },
            "manifests": {
                "public": {
                    "gid": "3263234829502125347",
                    "size": "185015323",
                    "download": "76736560"
                }
            },
            "decryptionkey": "b9175d7e9841efc53486b18a4b00aa4e1da6df634be4b3bac4b33e5e2df8bd4b"
        },
        "branches": {
            "public": {
                "buildid": "18411018",
                "timeupdated": "1746843205"
            }
        },
        "privatebranches": "1"
    }
}