{
    "appid": "3035410",
    "type": "Demo",
    "name": "Battledroid Demo",
    "schinese_name": "",
    "isfreeapp": "0",
    "change_number": "26182935",
    "update_time": "2024-11-14 06:15:09",
    "depot": {
        "3035411": {
            "config": {
                "oslist": "windows",
                "osarch": "64"
            },
            "manifests": {
                "public": {
                    "gid": "2615004282160983928",
                    "size": "527175356",
                    "download": "313323488"
                }
            },
            "decryptionkey": "8c371c65ccd99265a85a6f66e932e10c2de6c61dc5f24f363a02e9dd72611e0d"
        },
        "3035412": {
            "config": {
                "oslist": "linux",
                "osarch": "64"
            },
            "manifests": {
                "public": {
                    "gid": "1335760324189812212",
                    "size": "540547906",
                    "download": "315475920"
                }
            },
            "decryptionkey": ""
        },
        "branches": {
            "public": {
                "buildid": "16398134",
                "timeupdated": "1731536055"
            }
        }
    }
}