{
    "appid": "3023940",
    "type": "Demo",
    "name": "Drill Core Demo",
    "schinese_name": "钻核公司 (Drill Core) 试玩版",
    "isfreeapp": "0",
    "change_number": "28815386",
    "update_time": "2025-05-05 09:30:43",
    "depot": {
        "228989": {
            "config": {
                "oslist": "windows"
            },
            "depotfromapp": "228980",
            "sharedinstall": "1"
        },
        "228990": {
            "config": {
                "oslist": "windows"
            },
            "depotfromapp": "228980",
            "sharedinstall": "1"
        },
        "3023941": {
            "config": {
                "oslist": "windows"
            },
            "manifests": {
                "public": {
                    "gid": "5928220089245524807",
                    "size": "530838819",
                    "download": "382030256"
                }
            },
            "decryptionkey": "ced5f4563b2417eed94dcd8f33beb8a4571aa048b52502e30671723913576eff"
        },
        "branches": {
            "public": {
                "buildid": "15838908",
                "timeupdated": "1727365145"
            }
        }
    }
}