{
    "appid": "3210500",
    "type": "Beta",
    "name": "Pixel Beat Playtest",
    "schinese_name": "",
    "isfreeapp": "0",
    "change_number": "25767018",
    "update_time": "2024-10-17 20:54:59",
    "depot": {
        "228989": {
            "config": {
                "oslist": "windows"
            },
            "depotfromapp": "228980",
            "sharedinstall": "1"
        },
        "228990": {
            "config": {
                "oslist": "windows"
            },
            "depotfromapp": "228980",
            "sharedinstall": "1"
        },
        "3210501": {
            "manifests": {
                "public": {
                    "gid": "1048869970803106295",
                    "size": "1096160240",
                    "download": "442287712"
                }
            },
            "decryptionkey": "945edd1f6754c52fde0aa5141623bea122c9e81ebb0491b684513236a9d941c3"
        },
        "branches": {
            "public": {
                "buildid": "16081322",
                "timeupdated": "1729169695"
            }
        }
    }
}