{
    "appid": "3333230",
    "type": "Demo",
    "name": "InfectionWarfare Demo",
    "schinese_name": "",
    "isfreeapp": "0",
    "change_number": "26190642",
    "update_time": "2024-11-14 18:09:24",
    "depot": {
        "228988": {
            "config": {
                "oslist": "windows"
            },
            "depotfromapp": "228980",
            "sharedinstall": "1"
        },
        "228990": {
            "config": {
                "oslist": "windows"
            },
            "depotfromapp": "228980",
            "sharedinstall": "1"
        },
        "3333231": {
            "manifests": {
                "public": {
                    "gid": "5931629511031136160",
                    "size": "3337074515",
                    "download": "3158492272"
                }
            },
            "decryptionkey": "cf8fbb377b0238ad28ebf4b00faf3942bff4205d6bc8a9b2bd35072ed4bc2b37"
        },
        "baselanguages": "english,german,french,italian,koreana,spanish,schinese,russian,japanese,polish,brazilian",
        "branches": {
            "public": {
                "buildid": "16404380",
                "timeupdated": "1731578961"
            }
        }
    }
}