{
    "appid": "2942790",
    "type": "Demo",
    "name": "Warden's Will Demo",
    "schinese_name": "",
    "isfreeapp": "0",
    "change_number": "25802992",
    "update_time": "2024-10-20 04:52:36",
    "depot": {
        "228989": {
            "config": {
                "oslist": "windows"
            },
            "depotfromapp": "228980",
            "sharedinstall": "1"
        },
        "228990": {
            "config": {
                "oslist": "windows"
            },
            "depotfromapp": "228980",
            "sharedinstall": "1"
        },
        "2942791": {
            "manifests": {
                "public": {
                    "gid": "1317599350011014772",
                    "size": "1191777786",
                    "download": "873256624"
                }
            },
            "decryptionkey": "fd7ffbd31eb15171e7f550ff9fa8e48e4c695ac028841536a536640954a0a0e6"
        },
        "hasdepotsindlc": "1",
        "branches": {
            "public": {
                "buildid": "14723232",
                "timeupdated": "1718456313"
            }
        },
        "privatebranches": "1"
    }
}