{
    "appid": "3418930",
    "type": "Game",
    "name": "吞食天地之乱舞三国",
    "schinese_name": "",
    "isfreeapp": "0",
    "change_number": "28342517",
    "update_time": "2025-04-07 17:18:15",
    "depot": {
        "3418931": {
            "manifests": {
                "public": {
                    "gid": "6044696509255613711",
                    "size": "3085809030",
                    "download": "1760439280"
                }
            },
            "decryptionkey": "bc8a965300fd25acf163522c1c16582bab9fa6f2fefc974f11e531c657bdb79c"
        },
        "baselanguages": "schinese",
        "branches": {
            "public": {
                "buildid": "17161706",
                "timeupdated": "1738090318"
            }
        }
    }
}