{
    "appid": "3072840",
    "type": "Demo",
    "name": "AXIAL NULL Demo",
    "schinese_name": "",
    "isfreeapp": "0",
    "change_number": "25191957",
    "update_time": "2024-09-12 20:42:07",
    "depot": {
        "baselanguages": "english",
        "3072841": {
            "config": {
                "oslist": "windows",
                "osarch": "64"
            },
            "manifests": {
                "public": {
                    "gid": "1839687338259934801",
                    "size": "83839176",
                    "download": "29759296"
                }
            },
            "decryptionkey": "d9a8b5998dd6fd83b5e7d1f96d090ebdef220f26d21309be4d06a2ce0f8482eb"
        },
        "3072842": {
            "config": {
                "oslist": "windows",
                "osarch": "32"
            },
            "manifests": {
                "public": {
                    "gid": "4614702926421734560",
                    "size": "89367752",
                    "download": "30020576"
                }
            },
            "decryptionkey": ""
        },
        "3072843": {
            "config": {
                "oslist": "linux",
                "osarch": "64"
            },
            "manifests": {
                "public": {
                    "gid": "6131069318432786881",
                    "size": "78064240",
                    "download": "27566896"
                }
            },
            "decryptionkey": ""
        },
        "3072844": {
            "config": {
                "oslist": "linux",
                "osarch": "32"
            },
            "manifests": {
                "public": {
                    "gid": "1726505786867381744",
                    "size": "79238188",
                    "download": "26699808"
                }
            },
            "decryptionkey": ""
        },
        "branches": {
            "public": {
                "buildid": "14973146",
                "timeupdated": "1720507222"
            }
        }
    }
}