{
    "appid": "3092730",
    "type": "Music",
    "name": "Bloomtown: A Different Story Supporter Pack",
    "schinese_name": "",
    "isfreeapp": "0",
    "change_number": "27102243",
    "update_time": "2025-01-22 08:01:19",
    "depot": {
        "3092732": {
            "manifests": {
                "public": {
                    "gid": "3955482860109419955",
                    "size": "99449943",
                    "download": "98078432"
                }
            },
            "decryptionkey": "7ec1c22600ccd3d829a8171d6846a46af584df67168afbb2f91b2e7b0319faae"
        },
        "3092733": {
            "config": {
                "highqualityaudio": "1"
            },
            "manifests": {
                "public": {
                    "gid": "5122722396126938970",
                    "size": "553975598",
                    "download": "560909728"
                }
            },
            "decryptionkey": "c83eeb7839e4fae0a52bc3e489c7b918979ea0e6d68d087699a5982dd5395a84"
        },
        "branches": {
            "public": {
                "buildid": "15579253",
                "timeupdated": "1725375381"
            }
        }
    }
}