{
    "appid": "2987660",
    "type": "Game",
    "name": "CYBERCUM 2069",
    "schinese_name": "",
    "isfreeapp": "0",
    "change_number": "27837595",
    "update_time": "2025-03-07 23:04:35",
    "depot": {
        "2987661": {
            "manifests": {
                "public": {
                    "gid": "5725421290220641307",
                    "size": "319670826",
                    "download": "155494896"
                }
            },
            "decryptionkey": "06bbcf2821bfcf38ac34f0950cba53e00a9edbbea127292572bcb10b06b60d94"
        },
        "branches": {
            "public": {
                "buildid": "14689111",
                "timeupdated": "1718181858"
            }
        }
    }
}