{
    "appid": "3088550",
    "type": "Game",
    "name": "Hot And Lovely XXII",
    "schinese_name": "性感可爱的佳人们XXII",
    "isfreeapp": "0",
    "change_number": "28835716",
    "update_time": "2025-05-06 14:46:51",
    "depot": {
        "3088551": {
            "manifests": {
                "public": {
                    "gid": "6022743463882653865",
                    "size": "267072179",
                    "download": "93566368"
                }
            },
            "decryptionkey": "c298f1a345b5cc53260e60d0b799f48ebb7ef892c43f9ef7cbf2109155cc40f7"
        },
        "branches": {
            "public": {
                "buildid": "16430016",
                "timeupdated": "1731921772"
            }
        }
    }
}