{
    "appid": "3210030",
    "type": "Demo",
    "name": "Aviassembly Demo",
    "schinese_name": "",
    "isfreeapp": "0",
    "change_number": "27291769",
    "update_time": "2025-02-03 23:59:01",
    "depot": {
        "3210031": {
            "manifests": {
                "public": {
                    "gid": "2237789036533799522",
                    "size": "229516403",
                    "download": "84442304"
                }
            },
            "decryptionkey": "24788adec5eae5116e6d6befa9c85f13d940c51e9ece7aa6262497812d74cb7a"
        },
        "branches": {
            "public": {
                "buildid": "16979998",
                "timeupdated": "1736690929"
            }
        }
    }
}