{
    "appid": "3093370",
    "type": "Game",
    "name": "The Last Sight",
    "schinese_name": "",
    "isfreeapp": "0",
    "change_number": "28236667",
    "update_time": "2025-04-01 05:43:32",
    "depot": {
        "3093371": {
            "config": {
                "oslist": "windows",
                "osarch": "64"
            },
            "manifests": {
                "public": {
                    "gid": "9041856692826799643",
                    "size": "3278789574",
                    "download": "3110940784"
                }
            },
            "decryptionkey": "2e23aac3b9bf9877119c2811af2a8b855757803bb611a3362d35597155387bf6"
        },
        "3220840": {
            "dlcappid": "3220840",
            "config": {
                "oslist": "windows"
            },
            "manifests": {
                "public": {
                    "gid": "3673387212957622680",
                    "size": "3931569777",
                    "download": "3764177872"
                }
            },
            "decryptionkey": ""
        },
        "branches": {
            "public": {
                "buildid": "17930788",
                "timeupdated": "1743457406"
            }
        },
        "privatebranches": "1"
    }
}