{
    "appid": "3224510",
    "type": "Music",
    "name": "Just a To the Moon Series Beach Episode - Soundtrack + Bonus Content",
    "schinese_name": "Just a To the Moon Series Beach Episode - 原声音乐 + 额外内容",
    "isfreeapp": "0",
    "change_number": "25797261",
    "update_time": "2024-10-19 14:05:36",
    "depot": {
        "3224510": {
            "config": {
                "language": "english"
            },
            "manifests": {
                "public": {
                    "gid": "3481920962604149940",
                    "size": "197273955",
                    "download": "195296160"
                }
            },
            "decryptionkey": "50b5bebde24f276b8f010802cb8153f563e1e403c10df5051a0bdab0039e3b9b"
        },
        "3231620": {
            "config": {
                "highqualityaudio": "1"
            },
            "manifests": {
                "public": {
                    "gid": "2945033063739398247",
                    "size": "535765667",
                    "download": "541803504"
                }
            },
            "decryptionkey": "8d317087585b36595d5ccba43d46c93672e355e58d255301ec0fbdb9c2f6b7fa"
        },
        "3231622": {
            "config": {
                "language": "schinese"
            },
            "manifests": {
                "public": {
                    "gid": "1730002883809659179",
                    "size": "197473093",
                    "download": "195566784"
                }
            },
            "decryptionkey": ""
        },
        "branches": {
            "public": {
                "buildid": "15790881",
                "timeupdated": "1727069659"
            }
        }
    }
}