{
    "appid": "3052480",
    "type": "Game",
    "name": "Dear His Majesty",
    "schinese_name": "亲爱的国王陛下",
    "isfreeapp": "0",
    "change_number": "28877902",
    "update_time": "2025-05-08 16:32:24",
    "depot": {
        "baselanguages": "english,schinese,tchinese,japanese",
        "hasdepotsindlc": "0",
        "3052482": {
            "manifests": {
                "public": {
                    "gid": "3616013385913685848",
                    "size": "405165777",
                    "download": "187113248"
                }
            },
            "decryptionkey": "db54d9938e27822f5ee8855e8cd72e5cca759dbed7e3f0f9862e90f57b9a38d9"
        },
        "branches": {
            "public": {
                "buildid": "17977149",
                "timeupdated": "1743721755"
            }
        }
    }
}