{
    "appid": "3114560",
    "type": "Music",
    "name": "Everlasting Flowers Soundtrack Side B",
    "schinese_name": "",
    "isfreeapp": "0",
    "change_number": "24985089",
    "update_time": "2024-08-29 09:02:51",
    "depot": {
        "3114590": {
            "config": {
                "highqualityaudio": "1"
            },
            "manifests": {
                "public": {
                    "gid": "2937404743425878392",
                    "size": "610715844",
                    "download": "514366528"
                }
            },
            "decryptionkey": "e0007fecb27998d78e4bc869e143d869e1e177bed9a79a676e801f6cde7da8fd"
        },
        "3114591": {
            "manifests": {
                "public": {
                    "gid": "8148603159168098218",
                    "size": "124627683",
                    "download": "124727024"
                }
            },
            "decryptionkey": "eae97e48984a061bd83643421ac291efb2b3cc9b45d3d133f66bfef9d2158346"
        },
        "branches": {
            "public": {
                "buildid": "15181663",
                "timeupdated": "1722222840"
            }
        }
    }
}