{
    "appid": "3271350",
    "type": "Demo",
    "name": "Packed!? Demo",
    "schinese_name": "",
    "isfreeapp": "0",
    "change_number": "25696630",
    "update_time": "2024-10-14 03:52:13",
    "depot": {
        "3271352": {
            "config": {
                "oslist": "windows"
            },
            "manifests": {
                "public": {
                    "gid": "1656056516959843947",
                    "size": "326842062",
                    "download": "36244176"
                }
            },
            "decryptionkey": "c59435282896d1b8f13257b5386cb9ea4cf87002c374d7190bfec0d47605f255"
        },
        "3271353": {
            "config": {
                "oslist": "macos"
            },
            "manifests": {
                "public": {
                    "gid": "3183841227452359110",
                    "size": "340894915",
                    "download": "41984624"
                }
            },
            "decryptionkey": ""
        },
        "branches": {
            "public": {
                "buildid": "16025983",
                "timeupdated": "1728817274"
            }
        }
    }
}