{
    "appid": "3046800",
    "type": "Game",
    "name": "GLASS zero",
    "schinese_name": "镜花水月-零",
    "isfreeapp": "0",
    "change_number": "29045922",
    "update_time": "2025-05-18 12:12:50",
    "depot": {
        "3046801": {
            "config": {
                "oslist": "windows",
                "osarch": "64"
            },
            "manifests": {
                "public": {
                    "gid": "4835193653109062891",
                    "size": "1628123125",
                    "download": "1254362496"
                }
            },
            "decryptionkey": "30fdbbcd6edb75aeb69b2c8a2a43c9d9197dcabfe6bed6e6d665731869d80b1a"
        },
        "branches": {
            "public": {
                "buildid": "16537593",
                "timeupdated": "1732754282"
            }
        },
        "privatebranches": "1"
    }
}