{
    "appid": "3310510",
    "type": "Game",
    "name": "Top Sellers - Ecommerce Simulator",
    "schinese_name": "",
    "isfreeapp": "0",
    "change_number": "28524994",
    "update_time": "2025-04-17 16:42:37",
    "depot": {
        "228989": {
            "config": {
                "oslist": "windows"
            },
            "depotfromapp": "228980",
            "sharedinstall": "1"
        },
        "228990": {
            "config": {
                "oslist": "windows"
            },
            "depotfromapp": "228980",
            "sharedinstall": "1"
        },
        "3310511": {
            "manifests": {
                "public": {
                    "gid": "4285363648468359317",
                    "size": "3587151197",
                    "download": "3409501536"
                }
            },
            "decryptionkey": "d07a514eb529ce1f5d66b1ec7790545184b3c8a6f4405ac46c3d923acd7ef0f3"
        },
        "branches": {
            "public": {
                "buildid": "18158886",
                "timeupdated": "1744988488"
            }
        }
    }
}