{
    "appid": "2980510",
    "type": "Game",
    "name": "D-Hospital",
    "schinese_name": "",
    "isfreeapp": "0",
    "change_number": "27169248",
    "update_time": "2025-01-26 13:20:49",
    "depot": {
        "baselanguages": "english,schinese,tchinese,japanese",
        "2980511": {
            "manifests": {
                "public": {
                    "gid": "6790208369202705485",
                    "size": "1021873965",
                    "download": "767307728"
                }
            },
            "decryptionkey": "c2ca6c1fb3a99048ead1bc61daba9b81340327f5781dd6f139f0831a1fd08732"
        },
        "2980512": {
            "config": {
                "language": "japanese"
            },
            "manifests": {
                "public": {
                    "gid": "1284949985642224228",
                    "size": "1021872032",
                    "download": "767319152"
                }
            },
            "decryptionkey": "eaa03de79ebac286f9e8463980f1e5e3668bef3613cd79ee7f9742f4951125eb"
        },
        "2980513": {
            "config": {
                "language": "tchinese"
            },
            "manifests": {
                "public": {
                    "gid": "229377987364431644",
                    "size": "1021855562",
                    "download": "767308496"
                }
            },
            "decryptionkey": "be9d10bd83b26b43679dfb437fd6242c4b2ffd74d32c2f948acb0cd7f2cb537f"
        },
        "2980514": {
            "config": {
                "language": "schinese"
            },
            "manifests": {
                "public": {
                    "gid": "2377967872617612580",
                    "size": "1021822872",
                    "download": "767309264"
                }
            },
            "decryptionkey": "5e1af7af087b591da13cd91abddb4bc8d5ffff4576affdf13770a058092d8bfd"
        },
        "branches": {
            "public": {
                "buildid": "14285793",
                "timeupdated": "1715057369"
            }
        }
    }
}