{
    "appid": "3164750",
    "type": "Demo",
    "name": "Sandbox:God Simulator Demo",
    "schinese_name": "沙盒:上帝模拟器 Demo",
    "isfreeapp": "0",
    "change_number": "25150427",
    "update_time": "2024-09-10 11:36:41",
    "depot": {
        "3164751": {
            "manifests": {
                "public": {
                    "gid": "6124427756197292224",
                    "size": "254956581",
                    "download": "84992496"
                }
            },
            "decryptionkey": "1979131136ff2b76c71f6b5918ed4095d9d7d421c176bc569b5c3c7d3589cc86"
        },
        "branches": {
            "public": {
                "buildid": "15469514",
                "timeupdated": "1724401089"
            }
        }
    }
}