{
    "appid": "3134200",
    "type": "Demo",
    "name": "D.O.T. Defence Demo",
    "schinese_name": "桌面战争：兵团乱斗 试玩版",
    "isfreeapp": "0",
    "change_number": "27729420",
    "update_time": "2025-03-01 11:37:46",
    "depot": {
        "3134202": {
            "config": {
                "oslist": "linux"
            },
            "manifests": {
                "public": {
                    "gid": "8319639800735021452",
                    "size": "238017040",
                    "download": "136803328"
                }
            },
            "decryptionkey": ""
        },
        "3134201": {
            "manifests": {
                "public": {
                    "gid": "8344063834150954982",
                    "size": "266280552",
                    "download": "141477936"
                }
            },
            "decryptionkey": "03742ecd4a56f05e6e48f2649d266465dd5cae829805ef7dda5ce3280fc18981"
        },
        "branches": {
            "public": {
                "buildid": "17556051",
                "timeupdated": "1740800262"
            }
        }
    }
}