{
    "appid": "3195790",
    "type": "Game",
    "name": "White Knuckle",
    "schinese_name": "",
    "isfreeapp": "0",
    "change_number": "29016408",
    "update_time": "2025-05-16 12:12:50",
    "depot": {
        "3195791": {
            "config": {
                "oslist": "windows"
            },
            "manifests": {
                "public": {
                    "gid": "6655398322236695214",
                    "size": "1672894457",
                    "download": "597678512"
                }
            },
            "decryptionkey": "5ca40880a5993420bafa2b8361350f6f806bc4ad220384095505b4b65a35209e"
        },
        "branches": {
            "public": {
                "buildid": "18257309",
                "timeupdated": "1745776720"
            }
        },
        "privatebranches": "1"
    }
}