{
    "appid": "3066260",
    "type": "Game",
    "name": "Hand Simulator: Shooter",
    "schinese_name": "",
    "isfreeapp": "0",
    "change_number": "28497754",
    "update_time": "2025-04-16 08:08:18",
    "depot": {
        "228989": {
            "config": {
                "oslist": "windows"
            },
            "depotfromapp": "228980",
            "sharedinstall": "1"
        },
        "228990": {
            "config": {
                "oslist": "windows"
            },
            "depotfromapp": "228980",
            "sharedinstall": "1"
        },
        "3066262": {
            "config": {
                "oslist": "windows",
                "osarch": "64"
            },
            "manifests": {
                "public": {
                    "gid": "7569899240108080405",
                    "size": "2281418180",
                    "download": "2095309392"
                },
                "development": {
                    "gid": "7569899240108080405",
                    "size": "2281418180",
                    "download": "2095309392"
                }
            },
            "decryptionkey": "4be0690c00a9f9bcaa89fb1b642b7323165f11f40c64eba59c24733f24ae85c6"
        },
        "branches": {
            "public": {
                "buildid": "17558261",
                "timeupdated": "1740826170"
            },
            "development": {
                "buildid": "17558261",
                "description": "dev",
                "timeupdated": "1740825129"
            }
        }
    }
}