{
    "appid": "3155560",
    "type": "Game",
    "name": "Debut Project: Cooking Café",
    "schinese_name": "",
    "isfreeapp": "0",
    "change_number": "28524471",
    "update_time": "2025-04-17 16:11:46",
    "depot": {
        "3155561": {
            "manifests": {
                "public": {
                    "gid": "603880646511395205",
                    "size": "2056428045",
                    "download": "1535140752"
                }
            },
            "decryptionkey": "d219c05375237beada93b230be8980b34f97319bf031ff4d982a03ca65850ea6"
        },
        "baselanguages": "english,french,tchinese,japanese",
        "branches": {
            "public": {
                "buildid": "16091037",
                "timeupdated": "1729247091"
            }
        },
        "privatebranches": "1"
    }
}