{
    "appid": "3220830",
    "type": "Game",
    "name": "Dusk Pub",
    "schinese_name": "黄昏酒馆",
    "isfreeapp": "0",
    "change_number": "28914903",
    "update_time": "2025-05-10 15:02:19",
    "depot": {
        "3220831": {
            "config": {
                "oslist": "windows"
            },
            "manifests": {
                "public": {
                    "gid": "1019964283302665024",
                    "size": "1222135561",
                    "download": "1012926032"
                }
            },
            "decryptionkey": "4ae6d5e9242175e1947542de81937b397e135f6feb6badc47785822b5a10cdf7"
        },
        "3220832": {
            "config": {
                "oslist": "macos"
            },
            "manifests": {
                "public": {
                    "gid": "1767762803411635132",
                    "size": "1224140338",
                    "download": "1016507680"
                }
            }
        },
        "branches": {
            "public": {
                "buildid": "16714028",
                "timeupdated": "1733958670"
            }
        }
    }
}