{
    "appid": "3158530",
    "type": "Demo",
    "name": "末日：丧尸清道夫 Demo",
    "schinese_name": "末日：丧尸清道夫 Demo",
    "isfreeapp": "0",
    "change_number": "25959487",
    "update_time": "2024-10-30 06:21:41",
    "depot": {
        "228988": {
            "config": {
                "oslist": "windows"
            },
            "depotfromapp": "228980",
            "sharedinstall": "1"
        },
        "228990": {
            "config": {
                "oslist": "windows"
            },
            "depotfromapp": "228980",
            "sharedinstall": "1"
        },
        "3158531": {
            "manifests": {
                "public": {
                    "gid": "3806123736221400835",
                    "size": "5322685541",
                    "download": "5135238304"
                }
            },
            "decryptionkey": "768b334d55f7e8c5a68e9a5fa01317f5ef887082f3d7d490011a44f6756de6d9"
        },
        "baselanguages": "english,german,french,koreana,spanish,schinese,tchinese,russian,japanese,brazilian",
        "branches": {
            "public": {
                "buildid": "15369810",
                "timeupdated": "1723646363"
            }
        }
    }
}