{
    "appid": "3048320",
    "type": "Demo",
    "name": "Tamer: King of Dinosaurs Demo",
    "schinese_name": "",
    "isfreeapp": "0",
    "change_number": "24636647",
    "update_time": "2024-08-04 02:05:24",
    "depot": {
        "228989": {
            "config": {
                "oslist": "windows"
            },
            "depotfromapp": "228980",
            "sharedinstall": "1"
        },
        "228990": {
            "config": {
                "oslist": "windows"
            },
            "depotfromapp": "228980",
            "sharedinstall": "1"
        },
        "3048321": {
            "manifests": {
                "public": {
                    "gid": "53708574619896337",
                    "size": "1691680497",
                    "download": "1532612512"
                }
            },
            "decryptionkey": "e931f21ed8e8085608ff9d400ef1715dd1e489c6b6fbea34111a8e60913fd9ba"
        },
        "branches": {
            "public": {
                "buildid": "15001695",
                "timeupdated": "1720705041"
            }
        }
    }
}