{
    "appid": "3058400",
    "type": "Game",
    "name": "Cam Star!",
    "schinese_name": "",
    "isfreeapp": "0",
    "change_number": "28506593",
    "update_time": "2025-04-16 19:10:40",
    "depot": {
        "3058401": {
            "manifests": {
                "public": {
                    "gid": "3592573274762795322",
                    "size": "648505476",
                    "download": "169090048"
                },
                "beta": {
                    "gid": "5425125011768513697",
                    "size": "631822412",
                    "download": "168918784"
                }
            },
            "decryptionkey": "e4f1f6910c7b586bdcab1ec32bab7e04e0c6bd6a3fcf2f5d732e4eb7aa5c7918"
        },
        "branches": {
            "public": {
                "buildid": "16983805",
                "timeupdated": "1736744249"
            },
            "beta": {
                "buildid": "14814313",
                "description": "beta",
                "timeupdated": "1719209234"
            }
        }
    }
}