{
    "appid": "2979840",
    "type": "Game",
    "name": "Surviving the Apocalypse Is More Fun When There’s Sex",
    "schinese_name": "",
    "isfreeapp": "0",
    "change_number": "29017040",
    "update_time": "2025-05-16 13:20:43",
    "depot": {
        "2979841": {
            "manifests": {
                "public": {
                    "gid": "1406496541623713311",
                    "size": "3339603605",
                    "download": "3100328128"
                }
            },
            "decryptionkey": "1819d46beb0adc60c3b8a5070cda3438272228e116dce001889bd01cda804494"
        },
        "branches": {
            "public": {
                "buildid": "17220790",
                "timeupdated": "1738564212"
            }
        },
        "privatebranches": "1"
    }
}