{
    "appid": "3325970",
    "type": "Demo",
    "name": "Chonkers Demo",
    "schinese_name": "",
    "isfreeapp": "0",
    "change_number": "27287741",
    "update_time": "2025-02-03 19:21:40",
    "depot": {
        "3325971": {
            "config": {
                "oslist": "windows"
            },
            "manifests": {
                "public": {
                    "gid": "7792087999975773502",
                    "size": "160781608",
                    "download": "92697776"
                }
            },
            "decryptionkey": "903f5d1080ae1c58dec04c2f98ff6a4e599e8cf2266a84a2f94968a574b2223d"
        },
        "3325972": {
            "config": {
                "oslist": "linux"
            },
            "manifests": {
                "public": {
                    "gid": "8145572688158431021",
                    "size": "150060752",
                    "download": "88968240"
                }
            },
            "decryptionkey": ""
        },
        "branches": {
            "public": {
                "buildid": "17223045",
                "timeupdated": "1738581693"
            }
        }
    }
}