{
    "appid": "3174100",
    "type": "DLC",
    "name": "CUSTOM ORDER MAID 3D2&2.5+ X1+Vol.02",
    "schinese_name": "",
    "isfreeapp": "0",
    "change_number": "25006014",
    "update_time": "2024-08-30 14:43:04",
    "depot": {
        "3174101": {
            "config": {
                "oslist": "windows",
                "osarch": "64"
            },
            "manifests": {
                "public": {
                    "gid": "913731073878167077",
                    "size": "3529919274",
                    "download": "1133737968"
                }
            },
            "dlcappid": "3174100",
            "decryptionkey": "2514c7e48c5349c3a61f71d689f303956612761dea91ffb0dc38740b7e37233f"
        },
        "branches": {
            "public": {
                "buildid": "15415312",
                "timeupdated": "1724042079"
            }
        }
    }
}