{
    "appid": "3236010",
    "type": "Game",
    "name": "SuperSorry",
    "schinese_name": "",
    "isfreeapp": "0",
    "change_number": "29016528",
    "update_time": "2025-05-16 12:24:45",
    "depot": {
        "baselanguages": "english,japanese",
        "3236011": {
            "config": {
                "oslist": "windows",
                "osarch": "64"
            },
            "manifests": {
                "public": {
                    "gid": "4684552713177294706",
                    "size": "4557178016",
                    "download": "1197673136"
                }
            },
            "decryptionkey": "7af87c709b9133a3c269125d2d5e0243c3b323092d7299a23a70ae7d257e70c5"
        },
        "branches": {
            "public": {
                "buildid": "16952731",
                "timeupdated": "1736433872"
            }
        }
    }
}