{
    "appid": "3008930",
    "type": "Demo",
    "name": "Whimel Demo",
    "schinese_name": "",
    "isfreeapp": "0",
    "change_number": "26183469",
    "update_time": "2024-11-14 07:25:27",
    "depot": {
        "3008931": {
            "config": {
                "oslist": "windows"
            },
            "manifests": {
                "public": {
                    "gid": "5653300524378834811",
                    "size": "957146264",
                    "download": "653092016"
                }
            },
            "decryptionkey": "1defee0743bda7b5ecafde1b70822ba52e62daadbed936afaf65e8e191cf9206"
        },
        "3008932": {
            "config": {
                "oslist": "macos",
                "osarch": "64"
            },
            "manifests": {
                "public": {
                    "gid": "8753631385877311067",
                    "size": "1771928515",
                    "download": "1761271568"
                }
            },
            "decryptionkey": ""
        },
        "branches": {
            "public": {
                "buildid": "15557724",
                "timeupdated": "1725161986"
            }
        },
        "privatebranches": "1"
    }
}