{
    "appid": "3081830",
    "type": "Game",
    "name": "FLARE NUINUI QUEST",
    "schinese_name": "",
    "isfreeapp": "0",
    "change_number": "29016105",
    "update_time": "2025-05-16 11:42:48",
    "depot": {
        "3081831": {
            "manifests": {
                "public": {
                    "gid": "3885731893815889038",
                    "size": "157935976",
                    "download": "152342720"
                }
            },
            "decryptionkey": "dd068a9adcc6204d9b7be77e446c86cb52b17c33441f2c9e7c4c4d357f91ac58"
        },
        "branches": {
            "public": {
                "buildid": "18133905",
                "timeupdated": "1744831804"
            }
        }
    }
}