{
    "appid": "3133610",
    "type": "Game",
    "name": "Sivi's Factory",
    "schinese_name": "",
    "isfreeapp": "1",
    "change_number": "29028273",
    "update_time": "2025-05-17 00:15:23",
    "depot": {
        "228989": {
            "config": {
                "oslist": "windows"
            },
            "depotfromapp": "228980",
            "sharedinstall": "1"
        },
        "228990": {
            "config": {
                "oslist": "windows"
            },
            "depotfromapp": "228980",
            "sharedinstall": "1"
        },
        "3133611": {
            "manifests": {
                "public": {
                    "gid": "8137354423676502344",
                    "size": "2373691873",
                    "download": "1240584512"
                }
            },
            "decryptionkey": "3ce0372d68b8c1cd60ee097fedebe8ac6b1d932aeb3c0a65da201ec7ea799af9"
        },
        "branches": {
            "public": {
                "buildid": "15849392",
                "timeupdated": "1727434547"
            }
        }
    }
}