{
    "appid": "3385430",
    "type": "Game",
    "name": "Archaeology - Sand Fantasy",
    "schinese_name": "",
    "isfreeapp": "0",
    "change_number": "28575120",
    "update_time": "2025-04-21 04:59:08",
    "depot": {
        "3385431": {
            "manifests": {
                "public": {
                    "gid": "6017267859843955296",
                    "size": "1253938409",
                    "download": "225335344"
                }
            },
            "decryptionkey": "31d5c9dc68f7c5c890895a552dfe8ff870ba19aa44822dff8243c4a5df514da2"
        },
        "branches": {
            "public": {
                "buildid": "17581373",
                "timeupdated": "1741046226"
            }
        }
    }
}