{
    "appid": "3025930",
    "type": "Demo",
    "name": "Frenzy Blood Demo",
    "schinese_name": "",
    "isfreeapp": "0",
    "change_number": "26183469",
    "update_time": "2024-11-14 07:26:43",
    "depot": {
        "228989": {
            "config": {
                "oslist": "windows"
            },
            "depotfromapp": "228980",
            "sharedinstall": "1"
        },
        "228990": {
            "config": {
                "oslist": "windows"
            },
            "depotfromapp": "228980",
            "sharedinstall": "1"
        },
        "3025931": {
            "manifests": {
                "public": {
                    "gid": "5753006463945179575",
                    "size": "10508018054",
                    "download": "9393119408"
                }
            },
            "decryptionkey": "55e1044468f704bf3b822deb8d1b9729cab3f57cb0b61dcad7e2cdcd608e8a51"
        },
        "branches": {
            "public": {
                "buildid": "14692766",
                "timeupdated": "1718202021"
            }
        },
        "privatebranches": "1"
    }
}