{
    "appid": "3223360",
    "type": "Demo",
    "name": "Split Brain Demo",
    "schinese_name": "",
    "isfreeapp": "0",
    "change_number": "26456741",
    "update_time": "2024-12-05 09:47:04",
    "depot": {
        "3223361": {
            "config": {
                "oslist": "windows"
            },
            "manifests": {
                "public": {
                    "gid": "951039328247604640",
                    "size": "2165436236",
                    "download": "262918912"
                }
            },
            "decryptionkey": "dbf7ca316ceade7c30618c5f580889da3de7c8130866751b4758fc0ca7812f5b"
        },
        "branches": {
            "public": {
                "buildid": "16604122",
                "timeupdated": "1733161771"
            }
        }
    }
}