{
    "appid": "3530120",
    "type": "Game",
    "name": "Jump to space",
    "schinese_name": "",
    "isfreeapp": "0",
    "change_number": "29043297",
    "update_time": "2025-05-18 04:15:27",
    "depot": {
        "baselanguages": "english,japanese",
        "228988": {
            "config": {
                "oslist": "windows"
            },
            "depotfromapp": "228980",
            "sharedinstall": "1"
        },
        "228990": {
            "config": {
                "oslist": "windows"
            },
            "depotfromapp": "228980",
            "sharedinstall": "1"
        },
        "3530123": {
            "manifests": {
                "public": {
                    "gid": "1248917784131380452",
                    "size": "10346973238",
                    "download": "10249844832"
                }
            },
            "decryptionkey": "0933170051dc2bd6b4024c08e8c0ed12685fde478ddade850ef61af02c865ec7"
        },
        "3530125": {},
        "branches": {
            "public": {
                "buildid": "18331161",
                "timeupdated": "1746267802"
            }
        },
        "privatebranches": "1"
    }
}