{
    "appid": "3272570",
    "type": "Demo",
    "name": "Ghost Frequency Demo",
    "schinese_name": "",
    "isfreeapp": "0",
    "change_number": "27385556",
    "update_time": "2025-02-09 16:06:23",
    "depot": {
        "3272571": {
            "manifests": {
                "public": {
                    "gid": "9038828495531584264",
                    "size": "2089864605",
                    "download": "774364064"
                }
            },
            "decryptionkey": "8f1d8d5c53bf949aa5af07c0f86616107a0ad7845e70101f5615d02c133b167b"
        },
        "branches": {
            "public": {
                "buildid": "16472430",
                "timeupdated": "1732107008"
            }
        }
    }
}