{
    "appid": "3471060",
    "type": "Game",
    "name": "Sweet Delights: The Girl’s Cafe Quest",
    "schinese_name": "",
    "isfreeapp": "0",
    "change_number": "28896403",
    "update_time": "2025-05-09 15:02:42",
    "depot": {
        "hasdepotsindlc": "0",
        "3471061": {
            "config": {
                "oslist": "windows"
            },
            "manifests": {
                "public": {
                    "gid": "7136845909253771299",
                    "size": "1449127674",
                    "download": "341381072"
                }
            },
            "decryptionkey": "9463be2faae70be4243bca301c4fac4c3808ae3b342354281ca0f49341207c2f"
        },
        "3473860": {
            "dlcappid": "3473860",
            "config": {
                "oslist": "windows"
            }
        },
        "branches": {
            "public": {
                "buildid": "17473714",
                "timeupdated": "1740317448"
            }
        }
    }
}