{
    "appid": "3102090",
    "type": "Demo",
    "name": "虚幻大圣 Demo",
    "schinese_name": "",
    "isfreeapp": "0",
    "change_number": "26554379",
    "update_time": "2024-12-09 17:01:10",
    "depot": {
        "hasdepotsindlc": "0",
        "baselanguages": "english,schinese",
        "228989": {
            "config": {
                "oslist": "windows"
            },
            "depotfromapp": "228980",
            "sharedinstall": "1"
        },
        "228990": {
            "config": {
                "oslist": "windows"
            },
            "depotfromapp": "228980",
            "sharedinstall": "1"
        },
        "3102091": {
            "config": {
                "oslist": "windows"
            },
            "manifests": {
                "public": {
                    "gid": "5920013136006046695",
                    "size": "6358061178",
                    "download": "5959899600"
                }
            },
            "decryptionkey": "70eefc64bbadda1bc41b9541719f7d3707416cb559c774dbe1a39c456aaf8c2d"
        },
        "branches": {
            "public": {
                "buildid": "15780219",
                "timeupdated": "1733734425"
            }
        }
    }
}