{
    "appid": "3285800",
    "type": "Demo",
    "name": "Benny Bash Demo",
    "schinese_name": "",
    "isfreeapp": "0",
    "change_number": "27542420",
    "update_time": "2025-02-19 05:14:23",
    "depot": {
        "3285801": {
            "config": {
                "oslist": "windows"
            },
            "manifests": {
                "public": {
                    "gid": "7724116365914018999",
                    "size": "536202136",
                    "download": "287854432"
                }
            },
            "decryptionkey": "4361a07cff901d939f8dcc48eb4857cae8d09bd04117328f1e14ab8cd4969910"
        },
        "branches": {
            "public": {
                "buildid": "17399967",
                "timeupdated": "1739836373"
            }
        },
        "privatebranches": "1"
    }
}