{
    "appid": "3137110",
    "type": "Game",
    "name": "SACRIFICE VILLAINS",
    "schinese_name": "SACRIFICE VILLAINS：牺牲恶棍",
    "isfreeapp": "0",
    "change_number": "29016278",
    "update_time": "2025-05-16 12:00:47",
    "depot": {
        "3137111": {
            "manifests": {
                "public": {
                    "gid": "453307903079392610",
                    "size": "183185706",
                    "download": "173596432"
                }
            },
            "decryptionkey": "723a75ef69f26239bf22e21aa6297c4460e3527f88d140101ae4527c885dbbab"
        },
        "branches": {
            "public": {
                "buildid": "16717597",
                "timeupdated": "1733986950"
            }
        }
    }
}