{
    "appid": "3007910",
    "type": "Game",
    "name": "SHADOW MANSION",
    "schinese_name": "",
    "isfreeapp": "0",
    "change_number": "28826651",
    "update_time": "2025-05-06 01:15:57",
    "depot": {
        "hasdepotsindlc": "0",
        "228989": {
            "config": {
                "oslist": "windows"
            },
            "depotfromapp": "228980",
            "sharedinstall": "1"
        },
        "228990": {
            "config": {
                "oslist": "windows"
            },
            "depotfromapp": "228980",
            "sharedinstall": "1"
        },
        "3007911": {
            "config": {
                "oslist": "windows"
            },
            "manifests": {
                "public": {
                    "gid": "7897547987230686827",
                    "size": "6600474785",
                    "download": "6158843168"
                }
            },
            "decryptionkey": "93097f5c64212cd558754ac356b760a7e87276fcc0d8edc7c1d324b81689c530"
        },
        "3007912": {
            "config": {
                "oslist": "windows"
            }
        },
        "branches": {
            "public": {
                "buildid": "18213191",
                "timeupdated": "1745439500"
            }
        }
    }
}