{
    "appid": "3058830",
    "type": "Game",
    "name": "PARADISE CLEANING - ヴァリアントヴァース -",
    "schinese_name": "",
    "isfreeapp": "0",
    "change_number": "24622182",
    "update_time": "2024-08-02 20:11:33",
    "depot": {
        "3058831": {
            "manifests": {
                "public": {
                    "gid": "1150454776589706593",
                    "size": "203998007",
                    "download": "157575952"
                }
            },
            "decryptionkey": "59476dc45e070bac7d69723972f9fa2f0df924cfd7357ff1027faf999fd7ef81"
        },
        "baselanguages": "japanese",
        "branches": {
            "public": {
                "buildid": "14750700",
                "timeupdated": "1718689317"
            }
        }
    }
}