{
    "appid": "3332940",
    "type": "Demo",
    "name": "Small Spaces Demo",
    "schinese_name": "",
    "isfreeapp": "0",
    "change_number": "29032118",
    "update_time": "2025-05-17 04:16:26",
    "depot": {
        "228989": {
            "config": {
                "oslist": "windows"
            },
            "depotfromapp": "228980",
            "sharedinstall": "1"
        },
        "228990": {
            "config": {
                "oslist": "windows"
            },
            "depotfromapp": "228980",
            "sharedinstall": "1"
        },
        "3332941": {
            "manifests": {
                "public": {
                    "gid": "3842861709707651572",
                    "size": "3484302873",
                    "download": "3312238496"
                }
            },
            "decryptionkey": "9cec85afbdaa38ee37ba753d9bf88aea37349e551f7982f30c85bea40ffc6fb0"
        },
        "branches": {
            "public": {
                "buildid": "17663028",
                "timeupdated": "1741618604"
            }
        },
        "privatebranches": "1"
    }
}