{
    "appid": "3190720",
    "type": "Game",
    "name": "つばめの世代",
    "schinese_name": "",
    "isfreeapp": "0",
    "change_number": "27509054",
    "update_time": "2025-02-17 11:14:54",
    "depot": {
        "3190721": {
            "manifests": {
                "public": {
                    "gid": "1768234506759082237",
                    "size": "1205511100",
                    "download": "776300976"
                }
            },
            "decryptionkey": "8bb5d362494b0ff491a27eea057a523af4c0c6bbfb86321d3ca2ea3d5c593d9f"
        },
        "branches": {
            "public": {
                "buildid": "15481770",
                "timeupdated": "1724512137"
            }
        }
    }
}