{
    "appid": "2944340",
    "type": "Game",
    "name": "Unless",
    "schinese_name": "",
    "isfreeapp": "0",
    "change_number": "28919101",
    "update_time": "2025-05-11 01:34:51",
    "depot": {
        "2944341": {
            "config": {
                "oslist": "windows"
            },
            "manifests": {
                "public": {
                    "gid": "5970579306532309573",
                    "size": "106717150",
                    "download": "63887344"
                }
            },
            "decryptionkey": "95517c6cff2f7e8dc552838d3d8c2762c8230dea88a121826ee9025531e6cbe4"
        },
        "2944342": {
            "config": {
                "oslist": "macos"
            },
            "manifests": {
                "public": {
                    "gid": "3036636386252115695",
                    "size": "139645814",
                    "download": "73948640"
                }
            }
        },
        "2944343": {
            "config": {
                "oslist": "linux"
            },
            "manifests": {
                "public": {
                    "gid": "8916285136383096680",
                    "size": "109897473",
                    "download": "64090464"
                }
            }
        },
        "branches": {
            "public": {
                "buildid": "18232613",
                "timeupdated": "1745609987"
            }
        },
        "privatebranches": "1"
    }
}