{
    "appid": "3156250",
    "type": "DLC",
    "name": "Beat Saber - Eminem - Houdini",
    "schinese_name": "",
    "isfreeapp": "0",
    "change_number": "27717233",
    "update_time": "2025-02-28 20:39:17",
    "depot": {
        "3156250": {
            "manifests": {
                "public": {
                    "gid": "7638823723253489986",
                    "size": "13319862",
                    "download": "13502064"
                }
            },
            "dlcappid": "3156250",
            "decryptionkey": "23a95d9080d8ecd546d7aa5de801c98f20586c074c87d9e2da4abc79ee958cc2"
        },
        "branches": {
            "public": {
                "buildid": "15504080",
                "timeupdated": "1724757270"
            }
        },
        "privatebranches": "1"
    }
}