{
    "appid": "2976480",
    "type": "Music",
    "name": "POOLS Soundtrack",
    "schinese_name": "",
    "isfreeapp": "0",
    "change_number": "29035197",
    "update_time": "2025-05-17 09:13:15",
    "depot": {
        "2976482": {
            "config": {
                "highqualityaudio": "1"
            },
            "manifests": {
                "public": {
                    "gid": "3205832744297781232",
                    "size": "268631423",
                    "download": "271531520"
                }
            },
            "decryptionkey": "58c2cc83933cc23ca1e7ddd32cf01f6227aff125454c50827de13a9dedc88c6f"
        },
        "2976483": {
            "manifests": {
                "public": {
                    "gid": "4261899266814274374",
                    "size": "33547831",
                    "download": "33220032"
                }
            },
            "decryptionkey": "8e48ad8e20f5bf3e0ee649dd6f0f084a0ab6ec067f8b6f657771699156e298f0"
        },
        "branches": {
            "public": {
                "buildid": "14463213",
                "timeupdated": "1716434968"
            }
        }
    }
}