{
    "appid": "3038770",
    "type": "Music",
    "name": "DJMAX RESPECT V - V LIBERTY Original Soundtrack",
    "schinese_name": "",
    "isfreeapp": "0",
    "change_number": "28895508",
    "update_time": "2025-05-09 13:34:22",
    "depot": {
        "3038771": {
            "manifests": {
                "public": {
                    "gid": "2867036582729303623",
                    "size": "252696038",
                    "download": "253365504"
                }
            },
            "decryptionkey": "0198cecb6b5f493f33cf82d99c4b7e8aaefc59834f7c607f80aa55bdd68c301f"
        },
        "3038772": {
            "config": {
                "highqualityaudio": "1"
            },
            "manifests": {
                "public": {
                    "gid": "5098309896148758528",
                    "size": "1212655230",
                    "download": "1193408224"
                }
            },
            "decryptionkey": "7cb89dfa2abdf4bb32f677e5098f366f722b1b0df60feb2b45766fbe1704c566"
        },
        "branches": {
            "public": {
                "buildid": "14813965",
                "timeupdated": "1719204964"
            }
        }
    }
}