{
    "appid": "3281130",
    "type": "Game",
    "name": "World of Outlaws: Dirt Racing 24 Gold Edition",
    "schinese_name": "",
    "isfreeapp": "0",
    "change_number": "28951634",
    "update_time": "2025-05-13 10:33:37",
    "depot": {
        "228990": {
            "config": {
                "oslist": "windows"
            },
            "depotfromapp": "228980",
            "sharedinstall": "1"
        },
        "3281131": {
            "manifests": {
                "public": {
                    "gid": "2973203049034993358",
                    "size": "37579375461",
                    "download": "33042509376"
                }
            },
            "decryptionkey": "c7a7f8fbb7ff5ad33e4af9d4b0ca2543bc4e3d4f095ba15937fb45d75569f353"
        },
        "branches": {
            "public": {
                "buildid": "17357607",
                "timeupdated": "1740493429"
            }
        },
        "privatebranches": "1"
    }
}