{
    "appid": "3163100",
    "type": "Demo",
    "name": "Tea Girls Demo",
    "schinese_name": "",
    "isfreeapp": "0",
    "change_number": "26445626",
    "update_time": "2024-12-05 09:27:52",
    "depot": {
        "3163101": {
            "manifests": {
                "public": {
                    "gid": "3536472373391396159",
                    "size": "184485966",
                    "download": "49636432"
                }
            },
            "decryptionkey": "77c9086e7076491204c158313caff953dc2f835dda285112c48d060e495cba2b"
        },
        "branches": {
            "public": {
                "buildid": "15332812",
                "timeupdated": "1723361602"
            }
        }
    }
}