{
    "appid": "3145840",
    "type": "Demo",
    "name": "Try Dying Demo",
    "schinese_name": "",
    "isfreeapp": "0",
    "change_number": "26165717",
    "update_time": "2024-11-13 07:34:49",
    "depot": {
        "3145841": {
            "manifests": {
                "public": {
                    "gid": "3480206180611195706",
                    "size": "196247756",
                    "download": "142702048"
                }
            },
            "decryptionkey": "1c8dbb23f05bb6c3c1426c76cb3d4e60e002f156082d7dcbc31f1b0861a64eb3"
        },
        "branches": {
            "public": {
                "buildid": "16040173",
                "timeupdated": "1728927279"
            }
        }
    }
}