{
    "appid": "3325130",
    "type": "Game",
    "name": "Year of the Ladybug: Season 1",
    "schinese_name": "",
    "isfreeapp": "0",
    "change_number": "28514009",
    "update_time": "2025-04-17 02:10:58",
    "depot": {
        "baselanguages": "english",
        "3325131": {
            "config": {
                "oslist": "windows"
            },
            "manifests": {
                "public": {
                    "gid": "638740016122735597",
                    "size": "1680977345",
                    "download": "251411376"
                }
            },
            "decryptionkey": "478e761f8465e0041b4d9b67268325471c70652740fa08f7f1796bd18e259c39"
        },
        "3325132": {
            "config": {
                "oslist": "macos",
                "osarch": "64"
            },
            "manifests": {
                "public": {
                    "gid": "4642543476651307447",
                    "size": "1705864544",
                    "download": "259406352"
                }
            }
        },
        "3366610": {
            "dlcappid": "3366610",
            "manifests": {
                "public": {
                    "gid": "2339804412503042988",
                    "size": "41562530",
                    "download": "41155968"
                }
            },
            "decryptionkey": ""
        },
        "branches": {
            "public": {
                "buildid": "17593577",
                "timeupdated": "1741117218"
            }
        },
        "privatebranches": "1"
    }
}