{
    "appid": "3102080",
    "type": "Beta",
    "name": "虚幻大圣 Playtest",
    "schinese_name": "",
    "isfreeapp": "0",
    "change_number": "24773461",
    "update_time": "2024-08-14 06:30:36",
    "depot": {
        "228989": {
            "config": {
                "oslist": "windows"
            },
            "depotfromapp": "228980",
            "sharedinstall": "1"
        },
        "228990": {
            "config": {
                "oslist": "windows"
            },
            "depotfromapp": "228980",
            "sharedinstall": "1"
        },
        "3102081": {
            "manifests": {
                "public": {
                    "gid": "5473033410861452226",
                    "size": "4473697985",
                    "download": "4303905536"
                }
            },
            "decryptionkey": "72b9be2ee5df71059b166e1c7012757db8a07e1e149dee49ca9b1cf9881ce7cf"
        },
        "branches": {
            "public": {
                "buildid": "15221441",
                "timeupdated": "1722487010"
            }
        }
    }
}