{
    "appid": "3257380",
    "type": "Demo",
    "name": "Fast Food Simulator Demo",
    "schinese_name": "",
    "isfreeapp": "0",
    "change_number": "26649957",
    "update_time": "2024-12-15 21:24:36",
    "depot": {
        "228989": {
            "config": {
                "oslist": "windows"
            },
            "depotfromapp": "228980",
            "sharedinstall": "1"
        },
        "228990": {
            "config": {
                "oslist": "windows"
            },
            "depotfromapp": "228980",
            "sharedinstall": "1"
        },
        "3257381": {
            "manifests": {
                "public": {
                    "gid": "4129191406129258754",
                    "size": "4721997747",
                    "download": "4540438272"
                }
            },
            "decryptionkey": "c3f2c669bb0381a564340353e52b7d3ee46ef268090057c94e7ba0bd808950a7"
        },
        "branches": {
            "public": {
                "buildid": "16167831",
                "timeupdated": "1729786227"
            }
        },
        "privatebranches": "1"
    }
}