{
    "appid": "2998600",
    "type": "Game",
    "name": "Back from the other world, I missed love.",
    "schinese_name": "异世界归来的我错过了爱情",
    "isfreeapp": "0",
    "change_number": "29047115",
    "update_time": "2025-05-18 16:15:41",
    "depot": {
        "228989": {
            "config": {
                "oslist": "windows"
            },
            "depotfromapp": "228980",
            "sharedinstall": "1"
        },
        "228990": {
            "config": {
                "oslist": "windows"
            },
            "depotfromapp": "228980",
            "sharedinstall": "1"
        },
        "229000": {
            "config": {
                "oslist": "windows"
            },
            "depotfromapp": "228980",
            "sharedinstall": "1"
        },
        "229012": {
            "config": {
                "oslist": "windows"
            },
            "depotfromapp": "228980",
            "sharedinstall": "1"
        },
        "229020": {
            "config": {
                "oslist": "windows"
            },
            "depotfromapp": "228980",
            "sharedinstall": "1"
        },
        "2998601": {
            "manifests": {
                "public": {
                    "gid": "2600854859745653030",
                    "size": "26108618986",
                    "download": "25808624128"
                }
            },
            "decryptionkey": "c7476c7ce2f864843409c407b3eb1442e85227db356042d2fb903915e4acbc1d"
        },
        "baselanguages": "english,schinese,tchinese,japanese",
        "branches": {
            "public": {
                "buildid": "18357164",
                "timeupdated": "1746524800"
            }
        },
        "privatebranches": "1"
    }
}