{
    "appid": "3047170",
    "type": "Music",
    "name": "Tavern Talk: Original Soundtrack",
    "schinese_name": "",
    "isfreeapp": "0",
    "change_number": "27783856",
    "update_time": "2025-03-05 07:36:39",
    "depot": {
        "3047171": {
            "manifests": {
                "public": {
                    "gid": "6996436488867466890",
                    "size": "2255088398",
                    "download": "1945331600"
                }
            },
            "decryptionkey": "eaf453936e1aadae8eee5046d0e1931a3a9ea0cbc834713269cc87492d85a4ae"
        },
        "branches": {
            "public": {
                "buildid": "14675699",
                "timeupdated": "1718099129"
            }
        },
        "privatebranches": "1"
    }
}