{
    "appid": "3058930",
    "type": "Demo",
    "name": "剑箫行 Demo",
    "schinese_name": "",
    "isfreeapp": "0",
    "change_number": "24289693",
    "update_time": "2024-07-16 02:47:10",
    "depot": {
        "baselanguages": "schinese",
        "228989": {
            "config": {
                "oslist": "windows"
            },
            "depotfromapp": "228980",
            "sharedinstall": "1"
        },
        "228990": {
            "config": {
                "oslist": "windows"
            },
            "depotfromapp": "228980",
            "sharedinstall": "1"
        },
        "229000": {
            "config": {
                "oslist": "windows"
            },
            "depotfromapp": "228980",
            "sharedinstall": "1"
        },
        "3058931": {
            "config": {
                "language": "schinese",
                "oslist": "windows"
            },
            "manifests": {
                "public": {
                    "gid": "3418885292096408156",
                    "size": "169412512",
                    "download": "95526832"
                }
            },
            "decryptionkey": "74781711c47f1a3ba267f38976353149676db38b12e1db7a5085f946ba24705d"
        },
        "branches": {
            "public": {
                "buildid": "14975600",
                "timeupdated": "1720522490"
            }
        }
    }
}