{
    "appid": "3106510",
    "type": "Game",
    "name": "Floor 9",
    "schinese_name": "第9层",
    "isfreeapp": "0",
    "change_number": "29039786",
    "update_time": "2025-05-17 20:13:16",
    "depot": {
        "baselanguages": "english",
        "hasdepotsindlc": "0",
        "3106511": {
            "config": {
                "oslist": "windows"
            },
            "manifests": {
                "public": {
                    "gid": "8104559781049240631",
                    "size": "545334216",
                    "download": "228186992"
                }
            },
            "decryptionkey": "ebc537e37ae52b3b8b0fba4afd15b18593ab6647728a4de4b0432010843130dc"
        },
        "3106512": {
            "config": {
                "oslist": "macos"
            },
            "manifests": {
                "public": {
                    "gid": "2061786123823150390",
                    "size": "557616399",
                    "download": "216126880"
                }
            }
        },
        "branches": {
            "public": {
                "buildid": "17696575",
                "timeupdated": "1741855277"
            }
        },
        "privatebranches": "1"
    }
}