{
    "appid": "3179400",
    "type": "Music",
    "name": "Bloodless Soundtrack",
    "schinese_name": "",
    "isfreeapp": "0",
    "change_number": "24997801",
    "update_time": "2024-08-30 01:07:37",
    "depot": {
        "3179401": {
            "manifests": {
                "public": {
                    "gid": "2607531819756315222",
                    "size": "222144291",
                    "download": "220387888"
                }
            },
            "decryptionkey": "fcac6602c6772a4704fbd11939d7a483fc9b1980c20d4e195e675ccd0a14b9b4"
        },
        "3179402": {
            "config": {
                "language": "english",
                "highqualityaudio": "1"
            }
        },
        "branches": {
            "public": {
                "buildid": "15469842",
                "timeupdated": "1724403865"
            }
        }
    }
}