{
    "appid": "3262250",
    "type": "Game",
    "name": "Simp: Leveling Up on a Dating App",
    "schinese_name": "单身狗：在约会应用上升级",
    "isfreeapp": "0",
    "change_number": "29016528",
    "update_time": "2025-05-16 12:24:51",
    "depot": {
        "baselanguages": "english",
        "3262251": {
            "config": {
                "oslist": "windows"
            },
            "manifests": {
                "public": {
                    "gid": "8367741305355289621",
                    "size": "10745586822",
                    "download": "9818775680"
                }
            },
            "decryptionkey": "61c9196125d65ea9231f307d7abd7d423811a767487ec22f30d349514ec277a9"
        },
        "3262252": {
            "config": {
                "oslist": "macos"
            },
            "manifests": {
                "public": {
                    "gid": "7319148639435470782",
                    "size": "10756492530",
                    "download": "9825907744"
                }
            },
            "decryptionkey": ""
        },
        "branches": {
            "public": {
                "buildid": "17696401",
                "timeupdated": "1741890641"
            }
        },
        "privatebranches": "1"
    }
}