{
    "appid": "3147500",
    "type": "Demo",
    "name": "Space Battle Demo",
    "schinese_name": "",
    "isfreeapp": "0",
    "change_number": "25234702",
    "update_time": "2024-09-16 02:09:43",
    "depot": {
        "3147501": {
            "manifests": {
                "public": {
                    "gid": "967059462144569572",
                    "size": "204098506",
                    "download": "90618368"
                }
            },
            "decryptionkey": "38e2eaa662e1e179c1dbb9e905383652a325cd1dc0e02c29f922a7745e07fe97"
        },
        "branches": {
            "public": {
                "buildid": "15261109",
                "timeupdated": "1722844077"
            }
        }
    }
}