{
    "appid": "3214930",
    "type": "DLC",
    "name": "EcoGnomix - Coloring Book",
    "schinese_name": "《矮人探险公司》 - 涂色书",
    "isfreeapp": "0",
    "change_number": "28293022",
    "update_time": "2025-04-04 00:36:12",
    "depot": {
        "3214931": {
            "manifests": {
                "public": {
                    "gid": "8774809494878266596",
                    "size": "8809661",
                    "download": "8819824"
                }
            },
            "dlcappid": "3214930",
            "decryptionkey": "187b76b1cc6f2cf168c4f9f99c3f230678b7541f36e387f4ecbbaa30176c7454"
        },
        "branches": {
            "public": {
                "buildid": "15836246",
                "timeupdated": "1727351807"
            }
        }
    }
}