{
    "appid": "3080920",
    "type": "Game",
    "name": "孵道",
    "schinese_name": "",
    "isfreeapp": "0",
    "change_number": "29041581",
    "update_time": "2025-05-18 00:13:06",
    "depot": {
        "baselanguages": "japanese",
        "3080921": {
            "config": {
                "oslist": "windows",
                "osarch": "64"
            },
            "manifests": {
                "public": {
                    "gid": "3631413391370247339",
                    "size": "610475181",
                    "download": "486345312"
                }
            },
            "decryptionkey": "5f081d6f3567280bee95c7e3eb793f96724566c7ed1c2610bdbbb4dd3e50c3fc"
        },
        "3080922": {
            "config": {
                "oslist": "macos",
                "osarch": "64"
            },
            "manifests": {
                "public": {
                    "gid": "8852528568250573948",
                    "size": "619525476",
                    "download": "485943440"
                }
            },
            "decryptionkey": ""
        },
        "branches": {
            "public": {
                "buildid": "15684452",
                "timeupdated": "1726188136"
            }
        }
    }
}