{
    "appid": "3408300",
    "type": "Game",
    "name": "Running UP",
    "schinese_name": "",
    "isfreeapp": "0",
    "change_number": "28826593",
    "update_time": "2025-05-06 01:12:15",
    "depot": {
        "228989": {
            "config": {
                "oslist": "windows"
            },
            "depotfromapp": "228980",
            "sharedinstall": "1"
        },
        "228990": {
            "config": {
                "oslist": "windows"
            },
            "depotfromapp": "228980",
            "sharedinstall": "1"
        },
        "3408301": {
            "config": {
                "language": "english",
                "oslist": "windows",
                "osarch": "64"
            },
            "manifests": {
                "public": {
                    "gid": "1984388176143581831",
                    "size": "2546472327",
                    "download": "2216457856"
                }
            },
            "decryptionkey": "eec647bf724a7ccb02a8f2229aac94a6016772abf71d405b464f490bc8c8b8a2"
        },
        "branches": {
            "public": {
                "buildid": "18349032",
                "timeupdated": "1746465130"
            }
        }
    }
}