{
    "appid": "3186900",
    "type": "Demo",
    "name": "Fantasy Quest Demo",
    "schinese_name": "",
    "isfreeapp": "0",
    "change_number": "25548852",
    "update_time": "2024-10-06 00:03:52",
    "depot": {
        "3186901": {
            "manifests": {
                "public": {
                    "gid": "479137825402328954",
                    "size": "622789962",
                    "download": "525598848"
                }
            },
            "decryptionkey": "47b51547f72de500796bbc9438cf0f6ccec6d53916addb690e71f4a0d7976453"
        },
        "branches": {
            "public": {
                "buildid": "15751619",
                "timeupdated": "1726720765"
            }
        }
    }
}