{
    "appid": "3019400",
    "type": "Game",
    "name": "No Such Luck",
    "schinese_name": "",
    "isfreeapp": "0",
    "change_number": "29015780",
    "update_time": "2025-05-16 11:12:49",
    "depot": {
        "3019401": {
            "manifests": {
                "public": {
                    "gid": "225276738249291695",
                    "size": "4662060328",
                    "download": "4371699328"
                }
            },
            "decryptionkey": "71e0907742343367da06e4f8cbc1a1ec853c2b3859ad3c797ef43cd6470a431d"
        },
        "branches": {
            "public": {
                "buildid": "17950920",
                "timeupdated": "1743579306"
            }
        }
    }
}