{
    "appid": "3064220",
    "type": "Beta",
    "name": "Plague Lords Playtest",
    "schinese_name": "",
    "isfreeapp": "0",
    "change_number": "24525639",
    "update_time": "2024-07-26 21:15:28",
    "depot": {
        "3064221": {
            "config": {
                "oslist": "windows"
            },
            "manifests": {
                "public": {
                    "gid": "7258396823821156366",
                    "size": "280476491",
                    "download": "203301056"
                }
            },
            "decryptionkey": "93e01c84b0d21576032723c62d85b643b9c8bbcf6b6f38e5db5afe59d11e9c20"
        },
        "branches": {
            "public": {
                "buildid": "15163253",
                "timeupdated": "1721999725"
            }
        }
    }
}