{
    "appid": "3207400",
    "type": "Game",
    "name": "Silent Still",
    "schinese_name": "",
    "isfreeapp": "0",
    "change_number": "28964551",
    "update_time": "2025-05-14 00:33:24",
    "depot": {
        "3207401": {
            "manifests": {
                "public": {
                    "gid": "201631557037086589",
                    "size": "3312866625",
                    "download": "1632945520"
                }
            },
            "decryptionkey": "f88661c7db00151d3013dfae8455a2c17edd9ae56c55fa0c48c70f09ef366aa0"
        },
        "branches": {
            "public": {
                "buildid": "15611278",
                "timeupdated": "1725594737"
            }
        }
    }
}