{
    "appid": "3285810",
    "type": "Demo",
    "name": "Zort Demo",
    "schinese_name": "",
    "isfreeapp": "0",
    "change_number": "27301375",
    "update_time": "2025-02-04 13:10:11",
    "depot": {
        "baselanguages": "english,german,french,italian,koreana,spanish,schinese,russian,japanese,turkish,arabic",
        "228983": {
            "config": {
                "oslist": "windows"
            },
            "depotfromapp": "228980",
            "sharedinstall": "1"
        },
        "228985": {
            "config": {
                "oslist": "windows"
            },
            "depotfromapp": "228980",
            "sharedinstall": "1"
        },
        "228989": {
            "config": {
                "oslist": "windows"
            },
            "depotfromapp": "228980",
            "sharedinstall": "1"
        },
        "228990": {
            "config": {
                "oslist": "windows"
            },
            "depotfromapp": "228980",
            "sharedinstall": "1"
        },
        "229000": {
            "config": {
                "oslist": "windows"
            },
            "depotfromapp": "228980",
            "sharedinstall": "1"
        },
        "229007": {
            "config": {
                "oslist": "windows"
            },
            "depotfromapp": "228980",
            "sharedinstall": "1"
        },
        "3285811": {
            "config": {
                "oslist": "windows",
                "osarch": "64"
            },
            "manifests": {
                "public": {
                    "gid": "2364015091668228155",
                    "size": "1937767892",
                    "download": "758896832"
                }
            },
            "decryptionkey": "47a6ae8f9c9b9f6b74f943d8cf1803a2f090347671f4ec9dfc17273bfb3fc22e"
        },
        "branches": {
            "public": {
                "buildid": "16080675",
                "timeupdated": "1729166547"
            }
        },
        "privatebranches": "1"
    }
}