{
    "appid": "2951770",
    "type": "Game",
    "name": "Leap Year",
    "schinese_name": "闰跃之年 Leap Year",
    "isfreeapp": "0",
    "change_number": "29015497",
    "update_time": "2025-05-16 10:48:42",
    "depot": {
        "228990": {
            "config": {
                "oslist": "windows"
            },
            "depotfromapp": "228980",
            "sharedinstall": "1"
        },
        "baselanguages": "english",
        "2951771": {
            "manifests": {
                "public": {
                    "gid": "4537667154364591678",
                    "size": "39012052",
                    "download": "25223904"
                }
            },
            "decryptionkey": "06ab3cc875db4c6cbb8d9a4a1b380cf73d4fd5d869b0ad92e09de4a42759dcd5"
        },
        "branches": {
            "public": {
                "buildid": "17614177",
                "timeupdated": "1741336108"
            }
        },
        "privatebranches": "1"
    }
}