{
    "appid": "3221660",
    "type": "Demo",
    "name": "Night Fright Demo",
    "schinese_name": "",
    "isfreeapp": "0",
    "change_number": "27429209",
    "update_time": "2025-02-12 07:54:05",
    "depot": {
        "228989": {
            "config": {
                "oslist": "windows"
            },
            "depotfromapp": "228980",
            "sharedinstall": "1"
        },
        "228990": {
            "config": {
                "oslist": "windows"
            },
            "depotfromapp": "228980",
            "sharedinstall": "1"
        },
        "3221661": {
            "manifests": {
                "public": {
                    "gid": "7563464532386215570",
                    "size": "1778625741",
                    "download": "1649781296"
                }
            },
            "decryptionkey": "a8de9081d2bb7a613b7c3dc7941c2b46587e9b38586f50d0962ff0e54eec801a"
        },
        "branches": {
            "public": {
                "buildid": "15930090",
                "timeupdated": "1728092113"
            }
        }
    }
}