{
    "appid": "3445770",
    "type": "Demo",
    "name": "Angry Video Game Nerd 8-bit Demo",
    "schinese_name": "",
    "isfreeapp": "0",
    "change_number": "27728037",
    "update_time": "2025-03-01 08:46:04",
    "depot": {
        "3445771": {
            "manifests": {
                "public": {
                    "gid": "7695145456336548203",
                    "size": "106334228",
                    "download": "39760144"
                }
            },
            "decryptionkey": "c43b055cd65bdfbaf6404fa0e9709d9f6f6c6ad8794cc124ee32a4d47cc38c20"
        },
        "branches": {
            "public": {
                "buildid": "17462437",
                "timeupdated": "1740181852"
            }
        }
    }
}