{
    "appid": "2949720",
    "type": "Game",
    "name": "除靈陰陽師",
    "schinese_name": "除灵阴阳师",
    "isfreeapp": "0",
    "change_number": "28925043",
    "update_time": "2025-05-11 19:32:50",
    "depot": {
        "2949721": {
            "manifests": {
                "public": {
                    "gid": "6728185506152261705",
                    "size": "1321014796",
                    "download": "965857072"
                }
            },
            "decryptionkey": "9f15a50eb6a0b570ae0d7d0a9a69af24a9f9f230febabdec088fd5a3a7dd64dd"
        },
        "branches": {
            "public": {
                "buildid": "17073805",
                "timeupdated": "1737441745"
            }
        }
    }
}