{
    "appid": "2992690",
    "type": "Music",
    "name": "Terminus: Zombie Survivors - Soundtrack",
    "schinese_name": "终点站：僵尸幸存者 - 原声带",
    "isfreeapp": "0",
    "change_number": "29014074",
    "update_time": "2025-05-16 08:35:36",
    "depot": {
        "2992691": {
            "manifests": {
                "public": {
                    "gid": "1937408552929553506",
                    "size": "71144975",
                    "download": "70534720"
                }
            },
            "decryptionkey": "dcba2a06ce1cce09435f7ef576e2a59a04215da85a8c3f695798191d717651ba"
        },
        "2992692": {
            "config": {
                "highqualityaudio": "1"
            },
            "manifests": {
                "public": {
                    "gid": "5587202602357188300",
                    "size": "253530349",
                    "download": "252618448"
                }
            },
            "decryptionkey": "a461368f95433fd2798a809923ca731f7b90e52977c3a54c11452f4f6164dda7"
        },
        "branches": {
            "public": {
                "buildid": "14341678",
                "timeupdated": "1715520225"
            }
        }
    }
}