{
    "appid": "3541130",
    "type": "Game",
    "name": "Many Nights a Whisper",
    "schinese_name": "",
    "isfreeapp": "0",
    "change_number": "28939964",
    "update_time": "2025-05-12 21:50:33",
    "depot": {
        "228989": {
            "config": {
                "oslist": "windows"
            },
            "depotfromapp": "228980",
            "sharedinstall": "1"
        },
        "228990": {
            "config": {
                "oslist": "windows"
            },
            "depotfromapp": "228980",
            "sharedinstall": "1"
        },
        "3541131": {
            "config": {
                "oslist": "windows,linux"
            },
            "manifests": {
                "public": {
                    "gid": "7014161559008702166",
                    "size": "919121321",
                    "download": "484575104"
                }
            },
            "decryptionkey": "08361b0af3c1eb3a14bcb693a1070ef443aa4566cbc0eb1df8f571b34a2426bd"
        },
        "branches": {
            "public": {
                "buildid": "18378251",
                "timeupdated": "1747056896"
            }
        },
        "privatebranches": "1"
    }
}