{
    "appid": "3393090",
    "type": "Game",
    "name": "TABLE GAME END",
    "schinese_name": "",
    "isfreeapp": "0",
    "change_number": "28994059",
    "update_time": "2025-05-15 11:12:43",
    "depot": {
        "3393091": {
            "config": {
                "oslist": "windows,linux"
            },
            "manifests": {
                "public": {
                    "gid": "6246657214351396986",
                    "size": "235493437",
                    "download": "172130272"
                }
            },
            "decryptionkey": "8902d7f8d836c0fb0eb6d0f671eab15ea843357791875bad8ecf98e199aa59d0"
        },
        "3393092": {
            "config": {
                "language": "schinese",
                "oslist": "windows,linux"
            },
            "manifests": {
                "public": {
                    "gid": "4116273457518105298",
                    "size": "235493327",
                    "download": "172129104"
                }
            },
            "decryptionkey": "5edadb1e8f4cbf8afde357e881e526e3e4efdbb261078f513cda8d5b8608051e"
        },
        "3393093": {
            "config": {
                "language": "russian",
                "oslist": "windows,linux"
            },
            "manifests": {
                "public": {
                    "gid": "3658909778583755218",
                    "size": "235437904",
                    "download": "172108192"
                }
            },
            "decryptionkey": "98a027125d2cb34d8f42a4db7b8714a39f52aa4f640bf5e2c879af13917c5fb9"
        },
        "3393094": {
            "config": {
                "language": "japanese",
                "oslist": "windows,linux"
            },
            "manifests": {
                "public": {
                    "gid": "2314198817500517862",
                    "size": "232732871",
                    "download": "169895808"
                }
            },
            "decryptionkey": ""
        },
        "baselanguages": "english,schinese,russian,japanese",
        "branches": {
            "public": {
                "buildid": "16856812",
                "timeupdated": "1735253678"
            }
        }
    }
}