{
    "appid": "3417590",
    "type": "Game",
    "name": "Warhammer 40,000: Space Marine 2 - Public Test Server",
    "schinese_name": "",
    "isfreeapp": "0",
    "change_number": "28736706",
    "update_time": "2025-04-30 06:19:16",
    "depot": {
        "228989": {
            "config": {
                "oslist": "windows"
            },
            "depotfromapp": "228980",
            "sharedinstall": "1"
        },
        "3417591": {
            "manifests": {
                "public": {
                    "gid": "6782871383502490630",
                    "size": "20926146",
                    "download": "10361552"
                }
            },
            "decryptionkey": "42a49390692e48d8a48bcab455299be83c420d3a83361842202b92430aac3fae"
        },
        "baselanguages": "english,german,french,italian,koreana,spanish,schinese,tchinese,russian,thai,japanese,portuguese,polish,czech,turkish,brazilian,ukrainian,latam",
        "branches": {
            "public": {
                "buildid": "18039556",
                "timeupdated": "1744707123"
            }
        },
        "privatebranches": "1"
    },
    "access_token": 4447962774494504379
}