{
    "appid": "2988080",
    "type": "Game",
    "name": "siMarket Supermarket Simulator",
    "schinese_name": "",
    "isfreeapp": "0",
    "change_number": "28949657",
    "update_time": "2025-05-13 07:33:06",
    "depot": {
        "2988081": {
            "manifests": {
                "public": {
                    "gid": "1900616481086677782",
                    "size": "436549923",
                    "download": "299745264"
                }
            },
            "decryptionkey": "c1a5fea74939f67d338ed017ab56213949c6b9a5b3f3788a96e25bef126fa4fb"
        },
        "3223110": {
            "dlcappid": "3223110",
            "config": {
                "oslist": "windows"
            },
            "manifests": {}
        },
        "branches": {
            "public": {
                "buildid": "15650939",
                "timeupdated": "1725971157"
            }
        },
        "privatebranches": "1"
    }
}