{
    "appid": "3182330",
    "type": "Game",
    "name": "Catboy Aim Trainer",
    "schinese_name": "猫男孩瞄准训练师 Catboy",
    "isfreeapp": "0",
    "change_number": "28919853",
    "update_time": "2025-05-11 03:32:51",
    "depot": {
        "228989": {
            "config": {
                "oslist": "windows"
            },
            "depotfromapp": "228980",
            "sharedinstall": "1"
        },
        "228990": {
            "config": {
                "oslist": "windows"
            },
            "depotfromapp": "228980",
            "sharedinstall": "1"
        },
        "229007": {
            "config": {
                "oslist": "windows"
            },
            "depotfromapp": "228980",
            "sharedinstall": "1"
        },
        "3182331": {
            "manifests": {
                "public": {
                    "gid": "5357129841697050813",
                    "size": "533594609",
                    "download": "410988832"
                },
                "censoredstreamermode": {
                    "gid": "7862452132839733126",
                    "size": "525497925",
                    "download": "404237936"
                }
            },
            "decryptionkey": "9ab21fe350d2aed683963d68108e4217d1d2f960d502a9667e83c9391827b215"
        },
        "branches": {
            "public": {
                "buildid": "18148933",
                "timeupdated": "1744920232"
            },
            "censoredstreamermode": {
                "buildid": "16347270",
                "description": "Censored Mode for Streamers",
                "timeupdated": "1740033926"
            }
        },
        "privatebranches": "1"
    }
}