{
    "appid": "3416690",
    "type": "Game",
    "name": "Tales Beyond The Tomb - The Last Vigil",
    "schinese_name": "",
    "isfreeapp": "0",
    "change_number": "28869486",
    "update_time": "2025-05-08 04:31:27",
    "depot": {
        "3416691": {
            "manifests": {
                "public": {
                    "gid": "4373734715787460121",
                    "size": "3775308378",
                    "download": "2875410832"
                }
            },
            "decryptionkey": "4d5f84f37528b842cfad7fd2888bd1f4c1a7082ad2ba9f2dfc1f5d5f971b9cfb"
        },
        "branches": {
            "public": {
                "buildid": "17110237",
                "timeupdated": "1737664452"
            }
        }
    }
}