{
    "appid": "3365600",
    "type": "Music",
    "name": "FINAL FANTASY IV PIXEL REMASTER Original Soundtrack",
    "schinese_name": "",
    "isfreeapp": "0",
    "change_number": "28736706",
    "update_time": "2025-04-30 06:19:38",
    "depot": {
        "3365601": {
            "manifests": {
                "public": {
                    "gid": "3432876319189609093",
                    "size": "288833871",
                    "download": "259877472"
                }
            },
            "decryptionkey": "27436bd1896fa8b3a31039f9adae4bc4a78820d1b5b4342b1a6234aca79e9f33"
        },
        "branches": {
            "public": {
                "buildid": "16679717",
                "timeupdated": "1733744314"
            }
        }
    }
}