{
    "appid": "3298820",
    "type": "Game",
    "name": "My proud girlfriend--Lina Chapter",
    "schinese_name": "令我骄傲的女友--丽娜篇",
    "isfreeapp": "0",
    "change_number": "29016574",
    "update_time": "2025-05-16 12:30:45",
    "depot": {
        "3298821": {
            "manifests": {
                "public": {
                    "gid": "2138023775283063148",
                    "size": "698522688",
                    "download": "147463424"
                }
            },
            "decryptionkey": "385748bd7f86aa9e28ef1feb815184b9a0f0234abe408cada3598e600c3eff26"
        },
        "branches": {
            "public": {
                "buildid": "16864729",
                "timeupdated": "1735370073"
            }
        }
    }
}