{
    "appid": "3242370",
    "type": "Game",
    "name": "101 Cats Hidden in Australia",
    "schinese_name": "",
    "isfreeapp": "0",
    "change_number": "27967384",
    "update_time": "2025-03-15 08:23:25",
    "depot": {
        "3242371": {
            "manifests": {
                "public": {
                    "gid": "1710020921401867211",
                    "size": "584759445",
                    "download": "92145200"
                }
            },
            "decryptionkey": "5adb903076f0a4e3e0f62d1e6e48ee4fa34789b353ed7ea4a52e7cd99a9355eb"
        },
        "branches": {
            "public": {
                "buildid": "16059703",
                "timeupdated": "1729045617"
            }
        }
    }
}