{
    "appid": "3110500",
    "type": "Game",
    "name": "The Best Duck Clicker",
    "schinese_name": "",
    "isfreeapp": "0",
    "change_number": "29016213",
    "update_time": "2025-05-16 11:54:50",
    "depot": {
        "228990": {
            "config": {
                "oslist": "windows"
            },
            "depotfromapp": "228980",
            "sharedinstall": "1"
        },
        "3110501": {
            "config": {
                "oslist": "windows"
            },
            "manifests": {
                "public": {
                    "gid": "5527435181314724313",
                    "size": "146970519",
                    "download": "35768672"
                }
            },
            "decryptionkey": "3d5b41da728fb0e18d0d6397c326704a513f619bc63fc3351c8d870cb2aa79e8"
        },
        "3110502": {
            "config": {
                "oslist": "macos"
            },
            "manifests": {
                "public": {
                    "gid": "5730355584053852544",
                    "size": "139774820",
                    "download": "39537360"
                }
            }
        },
        "branches": {
            "public": {
                "buildid": "16836264",
                "timeupdated": "1734973802"
            }
        },
        "privatebranches": "1"
    }
}