{
    "appid": "3248440",
    "type": "Demo",
    "name": "WastePunk Demo",
    "schinese_name": "",
    "isfreeapp": "0",
    "change_number": "26730250",
    "update_time": "2024-12-20 17:32:37",
    "depot": {
        "3248441": {
            "manifests": {
                "public": {
                    "gid": "5957737709377539792",
                    "size": "3119497079",
                    "download": "843986032"
                }
            },
            "decryptionkey": "2183fb6b7fbb74e8ab17434ec6b6ee366300203bc10d7c818b15d9da6d0f8e20"
        },
        "branches": {
            "public": {
                "buildid": "16155187",
                "timeupdated": "1729708635"
            }
        }
    }
}