{
    "appid": "3494510",
    "type": "Demo",
    "name": "City Tales - Medieval Era Demo",
    "schinese_name": "筑城记：中世纪 Demo",
    "isfreeapp": "0",
    "change_number": "27537644",
    "update_time": "2025-02-19 00:03:03",
    "depot": {
        "3494511": {
            "manifests": {
                "public": {
                    "gid": "405735287048889863",
                    "size": "2238435670",
                    "download": "991747232"
                }
            },
            "decryptionkey": "cb029148e105c55984019f75755f9ebfcbe61b86efb7824227cb4721154b1c91"
        },
        "branches": {
            "public": {
                "buildid": "17409623",
                "timeupdated": "1739894578"
            }
        },
        "privatebranches": "1"
    }
}