{
    "appid": "3176210",
    "type": "Demo",
    "name": "Emissary Zero Demo",
    "schinese_name": "",
    "isfreeapp": "0",
    "change_number": "29044063",
    "update_time": "2025-05-18 06:15:33",
    "depot": {
        "228989": {
            "config": {
                "oslist": "windows"
            },
            "depotfromapp": "228980",
            "sharedinstall": "1"
        },
        "228990": {
            "config": {
                "oslist": "windows"
            },
            "depotfromapp": "228980",
            "sharedinstall": "1"
        },
        "3176211": {
            "manifests": {
                "public": {
                    "gid": "5063446159328622327",
                    "size": "4706803057",
                    "download": "4522608768"
                }
            },
            "decryptionkey": "27b242ff8edfcc2412b0a47fc5b8c608cd19afe5ac5c79db74b4bc1feede3836"
        },
        "branches": {
            "public": {
                "buildid": "17781636",
                "timeupdated": "1742395462"
            }
        }
    }
}