{
    "appid": "3464460",
    "type": "Demo",
    "name": "Escape From Duckov Demo",
    "schinese_name": "逃离鸭科夫 Demo",
    "isfreeapp": "0",
    "change_number": "27533643",
    "update_time": "2025-02-18 20:06:21",
    "depot": {
        "3464461": {
            "config": {
                "oslist": "windows",
                "osarch": "64"
            },
            "manifests": {
                "public": {
                    "gid": "9091275092660261564",
                    "size": "1397640247",
                    "download": "464782624"
                }
            },
            "decryptionkey": "b4aaa84692964c41eb1eab33b14d418c74abfde18e60e6537815c6729ae09cd3"
        },
        "baselanguages": "english,schinese",
        "branches": {
            "public": {
                "buildid": "17135126",
                "timeupdated": "1737878393"
            }
        },
        "privatebranches": "1"
    }
}