{
    "appid": "2945330",
    "type": "Demo",
    "name": "Vampire: The Masquerade - Reckoning of New York Demo",
    "schinese_name": "",
    "isfreeapp": "0",
    "change_number": "25164552",
    "update_time": "2024-09-11 06:24:36",
    "depot": {
        "2945331": {
            "manifests": {
                "public": {
                    "gid": "5607463693675952536",
                    "size": "654696505",
                    "download": "485164080"
                }
            },
            "decryptionkey": "b52d0935dad95c44306e344ca15d1984b028c50eb94d8e4ca09a4686b188e660"
        },
        "branches": {
            "public": {
                "buildid": "14640581",
                "timeupdated": "1717769946"
            }
        },
        "privatebranches": "1"
    }
}