{
    "appid": "3454590",
    "type": "Game",
    "name": "Cornerpond",
    "schinese_name": "",
    "isfreeapp": "0",
    "change_number": "28909037",
    "update_time": "2025-05-10 04:00:35",
    "depot": {
        "3454591": {
            "manifests": {
                "public": {
                    "gid": "4738481597698287155",
                    "size": "183370101",
                    "download": "54655312"
                }
            },
            "decryptionkey": "721b3732c3593445451bac7fe0fb1c0e3fe1663ed8539be6ec9dfdeca9d879dd"
        },
        "branches": {
            "public": {
                "buildid": "18408202",
                "timeupdated": "1746820830"
            }
        }
    }
}