{
    "appid": "3358560",
    "type": "Game",
    "name": "Hardware Store Simulator",
    "schinese_name": "Hardware Store Simulator / 五金店模拟器",
    "isfreeapp": "0",
    "change_number": "29017882",
    "update_time": "2025-05-16 14:33:20",
    "depot": {
        "3358561": {
            "manifests": {
                "public": {
                    "gid": "7704340018844239569",
                    "size": "1102575773",
                    "download": "237717856"
                },
                "beta": {
                    "gid": "7704340018844239569",
                    "size": "1102575773",
                    "download": "237717856"
                }
            },
            "decryptionkey": "f77e94c66fa108542545c5b4da2509660814b7ec9a293206476b4ac22d531b1c"
        },
        "branches": {
            "public": {
                "buildid": "18486793",
                "timeupdated": "1747377197"
            },
            "beta": {
                "buildid": "18486793",
                "description": "Experimental Builds",
                "timeupdated": "1747377174"
            }
        }
    }
}