{
    "appid": "3251310",
    "type": "Demo",
    "name": "火种协定 Demo",
    "schinese_name": "",
    "isfreeapp": "0",
    "change_number": "26183469",
    "update_time": "2024-11-14 07:40:44",
    "depot": {
        "3251311": {
            "manifests": {
                "public": {
                    "gid": "6909672437769602835",
                    "size": "381609574",
                    "download": "295707440"
                }
            },
            "decryptionkey": "8f5566e6d086a1ad2b85b15b7dd0c89fd3124e9f5f6b88c7f790f200bd755192"
        },
        "branches": {
            "public": {
                "buildid": "16049416",
                "timeupdated": "1728988613"
            }
        },
        "privatebranches": "1"
    }
}