{
    "appid": "3046270",
    "type": "Game",
    "name": "Hentai Tales: Uninhabited Island",
    "schinese_name": "",
    "isfreeapp": "0",
    "change_number": "28664329",
    "update_time": "2025-04-25 21:00:51",
    "depot": {
        "3046271": {
            "config": {
                "oslist": "windows"
            },
            "manifests": {
                "public": {
                    "gid": "5402265632124959757",
                    "size": "809897650",
                    "download": "204424096"
                }
            },
            "decryptionkey": "47df627a767746da36863684df2066740b6cc59361efdd82fab913d7cefbd204"
        },
        "3046272": {
            "config": {
                "oslist": "macos"
            },
            "manifests": {
                "public": {
                    "gid": "965287721928875115",
                    "size": "804286250",
                    "download": "203319632"
                }
            },
            "decryptionkey": ""
        },
        "3046273": {
            "config": {
                "oslist": "linux"
            },
            "manifests": {
                "public": {
                    "gid": "8497025247037133554",
                    "size": "850770431",
                    "download": "204392784"
                }
            },
            "decryptionkey": ""
        },
        "baselanguages": "english",
        "branches": {
            "public": {
                "buildid": "15417089",
                "timeupdated": "1724057017"
            }
        }
    }
}