{
    "appid": "2946210",
    "type": "Demo",
    "name": "Tipston Salvage Demo",
    "schinese_name": "",
    "isfreeapp": "0",
    "change_number": "26196312",
    "update_time": "2024-11-15 00:18:11",
    "depot": {
        "2946211": {
            "config": {
                "oslist": "windows",
                "language": "english"
            },
            "manifests": {
                "public": {
                    "gid": "4195011201124891457",
                    "size": "885744820",
                    "download": "601915344"
                }
            },
            "decryptionkey": "3585700c7dce068aac2b9e6f5b1cd439283ae04320f5b1c31590b7baad76b494"
        },
        "branches": {
            "public": {
                "buildid": "14956738",
                "timeupdated": "1720351008"
            }
        }
    }
}