{
    "appid": "3156480",
    "type": "Demo",
    "name": "绝尘 Demo",
    "schinese_name": "",
    "isfreeapp": "0",
    "change_number": "27085047",
    "update_time": "2025-01-21 08:57:08",
    "depot": {
        "3156481": {
            "manifests": {
                "public": {
                    "gid": "3096623790363705870",
                    "size": "324500476",
                    "download": "244315088"
                }
            },
            "decryptionkey": "0ae381be8499a6c79448df1a7c8db84966afe342d4318b6325abef35e6602a87"
        },
        "branches": {
            "public": {
                "buildid": "15939983",
                "timeupdated": "1728137732"
            }
        }
    }
}