{
    "appid": "3044760",
    "type": "Demo",
    "name": "Taiwan Love Story⁵ Demo",
    "schinese_name": "台湾恋爱物语⁵ Demo",
    "isfreeapp": "0",
    "change_number": "26750589",
    "update_time": "2024-12-22 11:00:47",
    "depot": {
        "3044761": {
            "manifests": {
                "public": {
                    "gid": "8173496851412115899",
                    "size": "1735759083",
                    "download": "1355376800"
                }
            },
            "decryptionkey": "9255c287c06e02d6d2ae424221b8291c831a513ca4c38a828bb95d03f2a91c33"
        },
        "branches": {
            "public": {
                "buildid": "16232800",
                "timeupdated": "1730272188"
            }
        },
        "privatebranches": "1"
    }
}