{
    "appid": "2941740",
    "type": "Application",
    "name": "Mathematics",
    "schinese_name": "数学",
    "isfreeapp": "0",
    "change_number": "24022081",
    "update_time": "2024-06-19 02:20:48",
    "depot": {
        "baselanguages": "english",
        "hasdepotsindlc": "0",
        "2941741": {
            "config": {
                "language": "english",
                "oslist": "windows"
            },
            "manifests": {
                "public": {
                    "gid": "4881960760950988883",
                    "size": "16613692",
                    "download": "6208608"
                }
            },
            "decryptionkey": "e8434ec7124c54656d323ca25ddaaf55f05466e0a60a0a255bbbdcd28c42674b"
        },
        "branches": {
            "public": {
                "buildid": "14758174",
                "timeupdated": "1718732422"
            }
        }
    }
}