{
    "appid": "3209700",
    "type": "Game",
    "name": "SideQuest Hunters",
    "schinese_name": "",
    "isfreeapp": "0",
    "change_number": "28877902",
    "update_time": "2025-05-08 16:32:24",
    "depot": {
        "3209701": {
            "config": {
                "oslist": "windows"
            },
            "manifests": {
                "public": {
                    "gid": "5606510882984460985",
                    "size": "533618690",
                    "download": "110764832"
                },
                "develop": {
                    "gid": "5606510882984460985",
                    "size": "533618690",
                    "download": "110764832"
                }
            },
            "decryptionkey": "d41451f7c272859ebbf2b58b5f4055cd7d85fa48f9ba1361c8c7035b5485e381"
        },
        "3209702": {
            "config": {
                "oslist": "macos"
            },
            "manifests": {
                "public": {
                    "gid": "3718758185265632243",
                    "size": "631918609",
                    "download": "133295888"
                },
                "develop": {
                    "gid": "3718758185265632243",
                    "size": "631918609",
                    "download": "133295888"
                }
            }
        },
        "branches": {
            "public": {
                "buildid": "18177953",
                "timeupdated": "1745218003"
            },
            "develop": {
                "buildid": "18177953",
                "description": "Develop",
                "timeupdated": "1745217976"
            }
        }
    }
}