{
    "appid": "3050220",
    "type": "Game",
    "name": "THE KING OF FIGHTERS XIII GLOBAL MATCH",
    "schinese_name": "",
    "isfreeapp": "0",
    "change_number": "29015909",
    "update_time": "2025-05-16 11:24:49",
    "depot": {
        "228989": {
            "config": {
                "oslist": "windows"
            },
            "depotfromapp": "228980",
            "sharedinstall": "1"
        },
        "228990": {
            "config": {
                "oslist": "windows"
            },
            "depotfromapp": "228980",
            "sharedinstall": "1"
        },
        "3050221": {
            "manifests": {
                "public": {
                    "gid": "1602989561802277272",
                    "size": "2444748642",
                    "download": "2101339456"
                }
            },
            "decryptionkey": "ce82976ac100fcb11681d16de899309652c7d66f55a1be142470d3c3a44a22f2"
        },
        "baselanguages": "english,german,french,italian,koreana,spanish,schinese,tchinese,japanese",
        "branches": {
            "public": {
                "buildid": "18291582",
                "timeupdated": "1746084145"
            }
        },
        "privatebranches": "1"
    }
}