{
    "appid": "3017920",
    "type": "Demo",
    "name": "Jumpers' mountain Demo",
    "schinese_name": "",
    "isfreeapp": "0",
    "change_number": "27176116",
    "update_time": "2025-01-27 07:57:22",
    "depot": {
        "baselanguages": "english",
        "3017921": {
            "config": {
                "oslist": "windows",
                "osarch": "64"
            },
            "manifests": {
                "public": {
                    "gid": "1192405919050708180",
                    "size": "173074400",
                    "download": "38319152"
                }
            },
            "decryptionkey": "50f874ef4bf6008f29ae28ef6d715badd6f3f867acece592e751794039bc7715"
        },
        "branches": {
            "public": {
                "buildid": "17139139",
                "timeupdated": "1737933789"
            }
        }
    }
}