{
    "appid": "3204190",
    "type": "Demo",
    "name": "Dream Rhythm Demo",
    "schinese_name": "梦幻旋律 Demo",
    "isfreeapp": "0",
    "change_number": "25855077",
    "update_time": "2024-10-23 17:57:32",
    "depot": {
        "3204191": {
            "manifests": {
                "public": {
                    "gid": "137867095297326405",
                    "size": "240223947",
                    "download": "131192736"
                }
            },
            "decryptionkey": "e4b767d80e31395fa5e08448d3b986ace17ae8d447e613dd38d440d013eeda79"
        },
        "branches": {
            "public": {
                "buildid": "15589043",
                "timeupdated": "1725446513"
            }
        }
    }
}