{
    "appid": "3243540",
    "type": "DLC",
    "name": "RPG Maker MZ - NEONPIXEL - International Airport",
    "schinese_name": "",
    "isfreeapp": "0",
    "change_number": "27395432",
    "update_time": "2025-02-10 15:11:43",
    "depot": {
        "3243540": {
            "manifests": {
                "public": {
                    "gid": "7424629314351177396",
                    "size": "70724701",
                    "download": "26211840"
                }
            },
            "dlcappid": "3243540",
            "decryptionkey": "0ed23120ccc01db25ec20caeed3986fd721bae6750916f7f5ab41e824c8533b7"
        },
        "branches": {
            "public": {
                "buildid": "17303367",
                "timeupdated": "1739171498"
            }
        }
    }
}