{
    "appid": "2963860",
    "type": "Demo",
    "name": "WASDJK Demo",
    "schinese_name": "",
    "isfreeapp": "0",
    "change_number": "23930090",
    "update_time": "2024-07-16 02:47:06",
    "depot": {
        "2963861": {
            "manifests": {
                "public": {
                    "gid": "7417673370977892157",
                    "size": "84811220",
                    "download": "27230192"
                }
            },
            "decryptionkey": "4b7eec669d2c7ce29bcd5272253356ab2af4850adfe9bb329e04f5aeb1721ef0"
        },
        "baselanguages": "english,schinese,tchinese",
        "branches": {
            "public": {
                "buildid": "14242104",
                "timeupdated": "1714641938"
            }
        }
    }
}