{
    "appid": "3440410",
    "type": "Game",
    "name": "HorrorCore: Maze And Pools of Horror",
    "schinese_name": "HorrorCore: 恐怖迷宫与游泳池",
    "isfreeapp": "0",
    "change_number": "28951015",
    "update_time": "2025-05-13 09:33:35",
    "depot": {
        "3440411": {
            "config": {
                "oslist": "windows",
                "osarch": "64"
            },
            "manifests": {
                "public": {
                    "gid": "5396306911701496020",
                    "size": "4456112256",
                    "download": "962093088"
                }
            },
            "decryptionkey": "4be61b071f22a222295667491e2a284a4e9b65fc74b3e90e792d2b5fcb8cac0d"
        },
        "3440412": {
            "config": {
                "oslist": "windows",
                "osarch": "32"
            },
            "manifests": {
                "public": {
                    "gid": "9077954877467134720",
                    "size": "4441350296",
                    "download": "957903600"
                }
            },
            "decryptionkey": ""
        },
        "3440413": {
            "config": {
                "oslist": "macos",
                "osarch": "64"
            },
            "manifests": {
                "public": {
                    "gid": "2409202594758553153",
                    "size": "4461704629",
                    "download": "966425264"
                }
            }
        },
        "3440414": {
            "config": {
                "oslist": "linux",
                "osarch": "64"
            },
            "manifests": {
                "public": {
                    "gid": "1652893798516889926",
                    "size": "4509058935",
                    "download": "978722688"
                }
            }
        },
        "branches": {
            "public": {
                "buildid": "17548632",
                "timeupdated": "1740754803"
            }
        }
    }
}