{
    "appid": "3172950",
    "type": "Demo",
    "name": "Beyond Astra Demo",
    "schinese_name": "",
    "isfreeapp": "0",
    "change_number": "28345041",
    "update_time": "2025-04-07 19:57:25",
    "depot": {
        "228989": {
            "config": {
                "oslist": "windows"
            },
            "depotfromapp": "228980",
            "sharedinstall": "1"
        },
        "228990": {
            "config": {
                "oslist": "windows"
            },
            "depotfromapp": "228980",
            "sharedinstall": "1"
        },
        "3172951": {
            "config": {
                "language": "english",
                "oslist": "windows",
                "osarch": "64"
            },
            "manifests": {
                "public": {
                    "gid": "5937577329155960891",
                    "size": "1390896313",
                    "download": "1174380064"
                }
            },
            "decryptionkey": "b8e861bf91ce765c276f22d9d63d79f571b8640650c7c8fcbb1fcadc644e8a97"
        },
        "branches": {
            "public": {
                "buildid": "16112217",
                "timeupdated": "1729414567"
            }
        }
    }
}