{
    "appid": "3042060",
    "type": "Game",
    "name": "Legend of the Moon",
    "schinese_name": "",
    "isfreeapp": "0",
    "change_number": "24522565",
    "update_time": "2024-07-26 17:21:22",
    "depot": {
        "3042061": {
            "manifests": {
                "public": {
                    "gid": "6940967907804417203",
                    "size": "269817308",
                    "download": "44742608"
                }
            },
            "decryptionkey": "48faed337f0ef86322527db9e20b5c69014ff78ae52d35bf40d516096724ed11"
        },
        "branches": {
            "public": {
                "buildid": "14932420",
                "timeupdated": "1720103016"
            }
        }
    }
}