{
    "appid": "3453690",
    "type": "Demo",
    "name": "Supercar Collection Simulator Demo",
    "schinese_name": "超级跑车收藏模拟器试玩版",
    "isfreeapp": "0",
    "change_number": "27520488",
    "update_time": "2025-02-18 01:52:45",
    "depot": {
        "3453691": {
            "config": {
                "oslist": "windows",
                "osarch": "64"
            },
            "manifests": {
                "public": {
                    "gid": "8272238215678123041",
                    "size": "4971669370",
                    "download": "1300195632"
                }
            },
            "decryptionkey": "e0e50e12f886866b64f1a4cccc3ab8cb8d8418814f45da3abf88e50aad0a409e"
        },
        "branches": {
            "public": {
                "buildid": "17469371",
                "timeupdated": "1740258487"
            }
        },
        "privatebranches": "1"
    }
}