{
    "appid": "3328240",
    "type": "Demo",
    "name": "Palpus X Annihilation Demo",
    "schinese_name": "",
    "isfreeapp": "0",
    "change_number": "27487079",
    "update_time": "2025-02-15 05:03:13",
    "depot": {
        "3328241": {
            "manifests": {
                "public": {
                    "gid": "7069434786182560558",
                    "size": "366136071",
                    "download": "353623648"
                }
            },
            "decryptionkey": "14e43f5bea1409c00b36b6aef2d6719e7a525465d2fbf864edffa565f4e5ba3f"
        },
        "branches": {
            "public": {
                "buildid": "17372150",
                "timeupdated": "1739566987"
            }
        }
    }
}