{
    "appid": "3295520",
    "type": "Demo",
    "name": "Lilith Rising - Season 2 Demo",
    "schinese_name": "",
    "isfreeapp": "0",
    "change_number": "26060299",
    "update_time": "2024-11-06 03:00:09",
    "depot": {
        "3295521": {
            "manifests": {
                "public": {
                    "gid": "7888668484505486656",
                    "size": "1557354310",
                    "download": "1401110816"
                }
            },
            "decryptionkey": "de0aaf0c7775cf308722dc53296a791883c935ac5fa97ddfb7b4e4782b8a1d1f"
        },
        "baselanguages": "english,schinese,tchinese",
        "branches": {
            "public": {
                "buildid": "16038804",
                "timeupdated": "1728920946"
            }
        }
    }
}