{
    "appid": "3711400",
    "type": "Music",
    "name": "Yasha: Legends of the Demon Blade - Original Singles",
    "schinese_name": "百剑讨妖传绮谭 游戏单曲合辑",
    "isfreeapp": "0",
    "change_number": "28994291",
    "update_time": "2025-05-15 11:33:55",
    "depot": {
        "3711401": {
            "manifests": {
                "public": {
                    "gid": "5003435144198005825",
                    "size": "52850112",
                    "download": "52853696"
                }
            },
            "decryptionkey": "313019292227a4a5064753920a1c2f090dd04c88862033508f5446ed4c0c47aa"
        },
        "3711402": {
            "config": {
                "highqualityaudio": "1"
            },
            "manifests": {
                "public": {
                    "gid": "2072599008507075532",
                    "size": "275113390",
                    "download": "275130688"
                }
            },
            "decryptionkey": "2d982a1c4e56cd4859ef824bfe4b2d4c5cda310dd801fb35f8d9e1f457a248ae"
        },
        "branches": {
            "public": {
                "buildid": "18281291",
                "timeupdated": "1745935595"
            }
        }
    }
}