{
    "appid": "3106920",
    "type": "Demo",
    "name": "REDCALL Demo",
    "schinese_name": "",
    "isfreeapp": "0",
    "change_number": "26927548",
    "update_time": "2025-01-10 01:07:26",
    "depot": {
        "228989": {
            "config": {
                "oslist": "windows"
            },
            "depotfromapp": "228980",
            "sharedinstall": "1"
        },
        "228990": {
            "config": {
                "oslist": "windows"
            },
            "depotfromapp": "228980",
            "sharedinstall": "1"
        },
        "3106921": {
            "manifests": {
                "public": {
                    "gid": "8164221564595385218",
                    "size": "11024105784",
                    "download": "10511214496"
                }
            },
            "decryptionkey": "dc35ab4923ca5b4e5635eeb48d519b9b56a1a2c82002e62c2e53b0ed4b1f61c8"
        },
        "branches": {
            "public": {
                "buildid": "15481898",
                "timeupdated": "1724514317"
            }
        }
    }
}