{
    "appid": "3243080",
    "type": "DLC",
    "name": "RPG Maker MZ - Another World Heroine Generator 5 for MZ",
    "schinese_name": "",
    "isfreeapp": "0",
    "change_number": "25520946",
    "update_time": "2024-10-04 03:06:01",
    "depot": {
        "3243080": {
            "manifests": {
                "public": {
                    "gid": "5824601012979455271",
                    "size": "3425772",
                    "download": "1660992"
                }
            },
            "dlcappid": "3243080",
            "decryptionkey": "3321253528a03c9728d901f6632d9af131462e725fa79b986258e448c48d1eb4"
        },
        "branches": {
            "public": {
                "buildid": "15892267",
                "timeupdated": "1727804846"
            }
        }
    }
}