{
    "appid": "3209070",
    "type": "Demo",
    "name": "Chrono Sword Demo",
    "schinese_name": "",
    "isfreeapp": "0",
    "change_number": "26030716",
    "update_time": "2024-11-04 09:42:08",
    "depot": {
        "3209071": {
            "manifests": {
                "public": {
                    "gid": "9114580329135645068",
                    "size": "3770584780",
                    "download": "774878800"
                }
            },
            "decryptionkey": "dfde91970593df9332748fed25acf0b0636c9dc92a3587fdbc78c97eb32aec63"
        },
        "baselanguages": "english,koreana,japanese",
        "branches": {
            "public": {
                "buildid": "16005002",
                "timeupdated": "1728627818"
            }
        }
    }
}