{
    "appid": "3321310",
    "type": "Demo",
    "name": "Black Pine: Incident Response Demo",
    "schinese_name": "",
    "isfreeapp": "0",
    "change_number": "26963561",
    "update_time": "2025-01-13 01:32:06",
    "depot": {
        "3321311": {
            "manifests": {
                "public": {
                    "gid": "5843340276478824632",
                    "size": "8561146080",
                    "download": "3826546848"
                }
            },
            "decryptionkey": "1ca72165e97328c4e80e1fc094b819c0f5cc67a3d6ce0c62f43fae462569476b"
        },
        "branches": {
            "public": {
                "buildid": "16807450",
                "timeupdated": "1734653464"
            }
        },
        "privatebranches": "1"
    }
}