{
    "appid": "3003160",
    "type": "Demo",
    "name": "BLADE CHIMERA Demo",
    "schinese_name": "幻刃奇美拉 体验版",
    "isfreeapp": "0",
    "change_number": "27907175",
    "update_time": "2025-03-12 16:55:32",
    "depot": {
        "228983": {
            "config": {
                "oslist": "windows"
            },
            "depotfromapp": "228980",
            "sharedinstall": "1"
        },
        "228984": {
            "config": {
                "oslist": "windows"
            },
            "depotfromapp": "228980",
            "sharedinstall": "1"
        },
        "228985": {
            "config": {
                "oslist": "windows"
            },
            "depotfromapp": "228980",
            "sharedinstall": "1"
        },
        "3003161": {
            "manifests": {
                "public": {
                    "gid": "1511104259861385761",
                    "size": "297709018",
                    "download": "189528000"
                }
            },
            "decryptionkey": "c450b1406c4803fe6bd92eb73c67bb63d62524d0c668fb137f2fdcc552ebab85"
        },
        "branches": {
            "public": {
                "buildid": "16916222",
                "timeupdated": "1737014986"
            }
        },
        "privatebranches": "1"
    }
}