{
    "appid": "2987540",
    "type": "Game",
    "name": "BAN: The Prologue of GUCHA GUCHA",
    "schinese_name": "千丝万缕 蟠之章",
    "isfreeapp": "0",
    "change_number": "28896651",
    "update_time": "2025-05-09 15:21:38",
    "depot": {
        "228989": {
            "config": {
                "oslist": "windows"
            },
            "depotfromapp": "228980",
            "sharedinstall": "1"
        },
        "228990": {
            "config": {
                "oslist": "windows"
            },
            "depotfromapp": "228980",
            "sharedinstall": "1"
        },
        "2987541": {
            "manifests": {
                "public": {
                    "gid": "6228318843856554180",
                    "size": "7958277054",
                    "download": "7761517536"
                }
            },
            "decryptionkey": "e5d4bb54e2baecf7da09db915f2640c2b332a90424da8f6d0feb14f659958496"
        },
        "branches": {
            "public": {
                "buildid": "16281869",
                "timeupdated": "1730690901"
            }
        },
        "privatebranches": "1"
    }
}