{
    "appid": "2973050",
    "type": "Demo",
    "name": "股票：散户 Demo",
    "schinese_name": "",
    "isfreeapp": "0",
    "change_number": "24993923",
    "update_time": "2024-08-29 21:02:50",
    "depot": {
        "2973051": {
            "manifests": {
                "public": {
                    "gid": "4434784317056528637",
                    "size": "1051019058",
                    "download": "217637856"
                }
            },
            "decryptionkey": "865a9c3bef2191e442326dcb81c82a0fe3c081d6507e13db34b3acfc872fb409"
        },
        "branches": {
            "public": {
                "buildid": "15531856",
                "timeupdated": "1724936565"
            }
        }
    }
}