{
    "appid": "3567660",
    "type": "Game",
    "name": "Funfair Billionaire",
    "schinese_name": "",
    "isfreeapp": "0",
    "change_number": "28693615",
    "update_time": "2025-04-27 23:56:26",
    "depot": {
        "3567661": {
            "config": {
                "oslist": "windows"
            },
            "manifests": {
                "public": {
                    "gid": "1981611097341602236",
                    "size": "908738805",
                    "download": "347670336"
                },
                "beta": {
                    "gid": "1981611097341602236",
                    "size": "908738805",
                    "download": "347670336"
                }
            },
            "decryptionkey": "6447bf0f938fb7907d54a49967929ee526e7da133ac6054e78222ddcd5406a37"
        },
        "branches": {
            "public": {
                "buildid": "18256711",
                "timeupdated": "1745769379"
            },
            "beta": {
                "buildid": "18256711",
                "description": "Beta branch for testing",
                "timeupdated": "1745769353"
            }
        }
    }
}