{
    "appid": "3012630",
    "type": "Game",
    "name": "AI少女情人梦   AI Girl Lovestory",
    "schinese_name": "",
    "isfreeapp": "0",
    "change_number": "28468899",
    "update_time": "2025-04-14 22:55:52",
    "depot": {
        "baselanguages": "english,schinese",
        "3012631": {
            "config": {
                "oslist": "windows",
                "osarch": "64"
            },
            "manifests": {
                "public": {
                    "gid": "2278746615906300331",
                    "size": "717359068",
                    "download": "556133632"
                }
            },
            "decryptionkey": "581c42bcc868d2e42ed11e65f85512540ba43b0527c1a8fc34c96a725006f34d"
        },
        "branches": {
            "public": {
                "buildid": "15659598",
                "timeupdated": "1726030805"
            }
        },
        "privatebranches": "1"
    }
}