{
    "appid": "3263430",
    "type": "Demo",
    "name": "Hook Line and Sniper Demo",
    "schinese_name": "",
    "isfreeapp": "0",
    "change_number": "25696844",
    "update_time": "2024-10-14 04:14:38",
    "depot": {
        "3263431": {
            "config": {
                "oslist": "windows"
            },
            "manifests": {
                "public": {
                    "gid": "4633275833989328639",
                    "size": "173117760",
                    "download": "106767072"
                }
            },
            "decryptionkey": "76cc1c3fc961514f2a1345fa38d49155e323542bcd446ab0cb1cfe66ca086384"
        },
        "3263432": {
            "config": {
                "oslist": "linux"
            },
            "manifests": {
                "public": {
                    "gid": "3558953317938352580",
                    "size": "155024640",
                    "download": "101884944"
                }
            },
            "decryptionkey": ""
        },
        "branches": {
            "public": {
                "buildid": "15941772",
                "timeupdated": "1728163543"
            }
        }
    }
}