{
    "appid": "3157790",
    "type": "Game",
    "name": "ALL IN ONE ADVENTURE",
    "schinese_name": "",
    "isfreeapp": "0",
    "change_number": "28599375",
    "update_time": "2025-04-22 18:59:38",
    "depot": {
        "228989": {
            "config": {
                "oslist": "windows"
            },
            "depotfromapp": "228980",
            "sharedinstall": "1"
        },
        "228990": {
            "config": {
                "oslist": "windows"
            },
            "depotfromapp": "228980",
            "sharedinstall": "1"
        },
        "3157791": {
            "manifests": {
                "public": {
                    "gid": "4938316607593068134",
                    "size": "8057051154",
                    "download": "7695911392"
                }
            },
            "decryptionkey": "a96a6df2ef9adeeb6ce1d36f4254fac3386c021742d8974b84a20005ab5c94fd"
        },
        "branches": {
            "public": {
                "buildid": "15615191",
                "timeupdated": "1725620254"
            }
        }
    }
}