{
    "appid": "3326290",
    "type": "Game",
    "name": "Internet Cafe Simulator 2025",
    "schinese_name": "",
    "isfreeapp": "0",
    "change_number": "29044063",
    "update_time": "2025-05-18 06:15:35",
    "depot": {
        "3326291": {
            "config": {
                "oslist": "windows"
            },
            "manifests": {
                "public": {
                    "gid": "1497364592779148997",
                    "size": "2357867792",
                    "download": "926363824"
                }
            },
            "decryptionkey": "154f4a71cfa03300a41ba6388ec89e71f34135736d26024465d1f551e804ea9f"
        },
        "branches": {
            "public": {
                "buildid": "17032379",
                "timeupdated": "1737066204"
            }
        }
    }
}