{
    "appid": "3420140",
    "type": "Game",
    "name": "Hentai Emiko",
    "schinese_name": "",
    "isfreeapp": "0",
    "change_number": "28946842",
    "update_time": "2025-05-13 04:03:33",
    "depot": {
        "3420141": {
            "manifests": {
                "public": {
                    "gid": "7629305934749499016",
                    "size": "173178129",
                    "download": "99187152"
                }
            },
            "decryptionkey": "8d2de9fd53b08a83ac40475b50eca0bb9b783086d52c80f84a5802972663199c"
        },
        "branches": {
            "public": {
                "buildid": "17040458",
                "timeupdated": "1737120264"
            }
        }
    }
}