{
    "appid": "3126150",
    "type": "Game",
    "name": "BOKURA: planet",
    "schinese_name": "不同的星球",
    "isfreeapp": "0",
    "change_number": "29047829",
    "update_time": "2025-05-18 18:15:19",
    "depot": {
        "3126151": {
            "config": {
                "oslist": "windows"
            },
            "manifests": {
                "public": {
                    "gid": "3736843047524874286",
                    "size": "513354028",
                    "download": "265540608"
                }
            },
            "decryptionkey": "a1229d225c3d9ff8b5910f0c023a48eddb981d3d45ea1bd4b13c9d63868c9950"
        },
        "3126152": {
            "config": {
                "oslist": "macos"
            },
            "manifests": {
                "public": {
                    "gid": "3324051201917357701",
                    "size": "506605775",
                    "download": "263508384"
                }
            }
        },
        "hasdepotsindlc": "0",
        "branches": {
            "public": {
                "buildid": "18508696",
                "timeupdated": "1747573984"
            }
        }
    }
}