{
    "appid": "3153150",
    "type": "Music",
    "name": "Crime Scene Cleaner Soundtrack",
    "schinese_name": "Crime Scene Cleaner 原声带",
    "isfreeapp": "0",
    "change_number": "28914734",
    "update_time": "2025-05-10 14:32:55",
    "depot": {
        "3153151": {
            "manifests": {
                "public": {
                    "gid": "3679006915242076756",
                    "size": "243072000",
                    "download": "238501952"
                }
            },
            "decryptionkey": "d9b4073e24a34384ace2e0fec178772df457447a705fcc29d4cfe5cfd084ed11"
        },
        "branches": {
            "public": {
                "buildid": "15361264",
                "timeupdated": "1723590124"
            }
        }
    }
}