{
    "appid": "3422140",
    "type": "Game",
    "name": "Backyard Boxing",
    "schinese_name": "",
    "isfreeapp": "0",
    "change_number": "28966415",
    "update_time": "2025-05-14 02:27:06",
    "depot": {
        "228989": {
            "config": {
                "oslist": "windows"
            },
            "depotfromapp": "228980",
            "sharedinstall": "1"
        },
        "228990": {
            "config": {
                "oslist": "windows"
            },
            "depotfromapp": "228980",
            "sharedinstall": "1"
        },
        "3422141": {
            "manifests": {
                "public": {
                    "gid": "1653941697661256618",
                    "size": "15407480582",
                    "download": "11182693056"
                }
            },
            "decryptionkey": "41f29104d61026bd576be9863ef7673d0589353effe147caad02d203ecbb4a52"
        },
        "branches": {
            "public": {
                "buildid": "17402387",
                "timeupdated": "1739855362"
            }
        },
        "privatebranches": "1"
    }
}