{
    "appid": "3051090",
    "type": "Game",
    "name": "Underwater abyss",
    "schinese_name": "",
    "isfreeapp": "0",
    "change_number": "24202258",
    "update_time": "2024-07-02 14:20:51",
    "depot": {
        "3051091": {
            "manifests": {
                "public": {
                    "gid": "2769077090148376624",
                    "size": "170538868",
                    "download": "37216384"
                }
            },
            "decryptionkey": "4d4bc405e44638f17b3407d140134146a3d47f017f92c14453b260c0470512ec"
        },
        "branches": {
            "public": {
                "buildid": "14753573",
                "timeupdated": "1718707436"
            }
        }
    }
}