{
    "appid": "3166220",
    "type": "Game",
    "name": "Harukuru. - Spring has come true? -",
    "schinese_name": "",
    "isfreeapp": "0",
    "change_number": "28969915",
    "update_time": "2025-05-14 07:16:16",
    "depot": {
        "3166221": {
            "manifests": {
                "public": {
                    "gid": "4147167799517622516",
                    "size": "1559324386",
                    "download": "1388518368"
                }
            },
            "decryptionkey": "87e1456180671ce3d138f8d2a69c0cd620506faed1e13778ca2016bc3c6004b6"
        },
        "branches": {
            "public": {
                "buildid": "17506384",
                "timeupdated": "1740522325"
            }
        }
    }
}