{
    "appid": "3199810",
    "type": "DLC",
    "name": "The Sims™ 4 Refined Living Room Kit",
    "schinese_name": "The Sims™ 4 精致客厅套件包",
    "isfreeapp": "0",
    "change_number": "27240004",
    "update_time": "2025-01-31 02:00:20",
    "depot": {
        "3199810": {
            "manifests": {
                "public": {
                    "gid": "5243377903271450112",
                    "size": "30254610",
                    "download": "27483872"
                }
            },
            "dlcappid": "3199810",
            "decryptionkey": "f00d8e534f66e8716c81a9fa81086ae6be6d0d73311e40cb67e4316335ddb232"
        },
        "3199811": {
            "config": {
                "language": "english"
            },
            "manifests": {
                "public": {
                    "gid": "2033722573040550479",
                    "size": "3294",
                    "download": "2976"
                }
            },
            "dlcappid": "3199810",
            "decryptionkey": ""
        },
        "3199812": {
            "config": {
                "language": "german"
            },
            "manifests": {
                "public": {
                    "gid": "3905029964284068885",
                    "size": "3835",
                    "download": "3472"
                }
            },
            "dlcappid": "3199810",
            "decryptionkey": ""
        },
        "3199813": {
            "config": {
                "language": "french"
            },
            "manifests": {
                "public": {
                    "gid": "1440527353353613070",
                    "size": "3761",
                    "download": "3424"
                }
            },
            "dlcappid": "3199810",
            "decryptionkey": ""
        },
        "3199814": {
            "config": {
                "language": "italian"
            },
            "manifests": {
                "public": {
                    "gid": "3356666235633628880",
                    "size": "3614",
                    "download": "3296"
                }
            },
            "dlcappid": "3199810",
            "decryptionkey": ""
        },
        "3199815": {
            "config": {
                "language": "koreana"
            },
            "manifests": {
                "public": {
                    "gid": "7251445964860821472",
                    "size": "3436",
                    "download": "3216"
                }
            },
            "dlcappid": "3199810",
            "decryptionkey": ""
        },
        "3199816": {
            "config": {
                "language": "spanish"
            },
            "manifests": {
                "public": {
                    "gid": "1715186928277592148",
                    "size": "3680",
                    "download": "3360"
                }
            },
            "dlcappid": "3199810",
            "decryptionkey": ""
        },
        "3199817": {
            "config": {
                "language": "schinese"
            },
            "manifests": {
                "public": {
                    "gid": "3225634924455624112",
                    "size": "3366",
                    "download": "3088"
                }
            },
            "dlcappid": "3199810",
            "decryptionkey": ""
        },
        "3199818": {
            "config": {
                "language": "tchinese"
            },
            "manifests": {
                "public": {
                    "gid": "8748898253950983445",
                    "size": "3417",
                    "download": "3120"
                }
            },
            "dlcappid": "3199810",
            "decryptionkey": ""
        },
        "3199819": {
            "config": {
                "language": "russian"
            },
            "manifests": {
                "public": {
                    "gid": "3716102778975755206",
                    "size": "3921",
                    "download": "3664"
                }
            },
            "dlcappid": "3199810",
            "decryptionkey": ""
        },
        "3401310": {
            "config": {
                "language": "japanese"
            },
            "manifests": {
                "public": {
                    "gid": "7802590691832808526",
                    "size": "3701",
                    "download": "3440"
                }
            },
            "dlcappid": "3199810",
            "decryptionkey": ""
        },
        "3401311": {
            "config": {
                "language": "polish"
            },
            "manifests": {
                "public": {
                    "gid": "5284468496183506044",
                    "size": "3733",
                    "download": "3392"
                }
            },
            "dlcappid": "3199810",
            "decryptionkey": ""
        },
        "3401312": {
            "config": {
                "language": "danish"
            },
            "manifests": {
                "public": {
                    "gid": "8960178499171081837",
                    "size": "3276",
                    "download": "3008"
                }
            },
            "dlcappid": "3199810",
            "decryptionkey": ""
        },
        "3401313": {
            "config": {
                "language": "dutch"
            },
            "manifests": {
                "public": {
                    "gid": "5291549098369187768",
                    "size": "3433",
                    "download": "3104"
                }
            },
            "dlcappid": "3199810",
            "decryptionkey": ""
        },
        "3401314": {
            "config": {
                "language": "finnish"
            },
            "manifests": {
                "public": {
                    "gid": "5418172413183655029",
                    "size": "3373",
                    "download": "3040"
                }
            },
            "dlcappid": "3199810",
            "decryptionkey": ""
        },
        "3401315": {
            "config": {
                "language": "norwegian"
            },
            "manifests": {
                "public": {
                    "gid": "8389821372364342742",
                    "size": "3235",
                    "download": "2944"
                }
            },
            "dlcappid": "3199810",
            "decryptionkey": ""
        },
        "3401316": {
            "config": {
                "language": "swedish"
            },
            "manifests": {
                "public": {
                    "gid": "1893499450219312557",
                    "size": "3471",
                    "download": "3168"
                }
            },
            "dlcappid": "3199810",
            "decryptionkey": ""
        },
        "3401317": {
            "config": {
                "language": "czech"
            },
            "manifests": {
                "public": {
                    "gid": "2614731081949846566",
                    "size": "4028",
                    "download": "3648"
                }
            },
            "dlcappid": "3199810",
            "decryptionkey": ""
        },
        "3401318": {
            "config": {
                "language": "brazilian"
            },
            "manifests": {
                "public": {
                    "gid": "4849668007686787015",
                    "size": "3568",
                    "download": "3264"
                }
            },
            "dlcappid": "3199810",
            "decryptionkey": ""
        },
        "branches": {
            "public": {
                "buildid": "16752793",
                "timeupdated": "1738259982"
            }
        },
        "privatebranches": "1"
    }
}