{
    "appid": "3376250",
    "type": "Game",
    "name": "Nine-Ball Roulette",
    "schinese_name": "九球轮盘赌",
    "isfreeapp": "0",
    "change_number": "28686182",
    "update_time": "2025-04-27 04:13:44",
    "depot": {
        "3376251": {
            "manifests": {
                "public": {
                    "gid": "25191106300870954",
                    "size": "1068443064",
                    "download": "583738672"
                }
            },
            "decryptionkey": "b8e4a7ce69ae5aef69562f43522ae837dd6bb3b36efb3a3d923d874afa21397d"
        },
        "branches": {
            "public": {
                "buildid": "18018878",
                "timeupdated": "1744072565"
            }
        }
    }
}