{
    "appid": "3062270",
    "type": "Demo",
    "name": "Empire of the Ants - Demo",
    "schinese_name": "蚂蚁帝国（Empire of the Ants）- Demo",
    "isfreeapp": "0",
    "change_number": "28055800",
    "update_time": "2025-03-21 01:06:35",
    "depot": {
        "228989": {
            "config": {
                "oslist": "windows"
            },
            "depotfromapp": "228980",
            "sharedinstall": "1"
        },
        "228990": {
            "config": {
                "oslist": "windows"
            },
            "depotfromapp": "228980",
            "sharedinstall": "1"
        },
        "229000": {
            "config": {
                "oslist": "windows"
            },
            "depotfromapp": "228980",
            "sharedinstall": "1"
        },
        "3062271": {
            "manifests": {
                "public": {
                    "gid": "2107238101454107703",
                    "size": "17861086504",
                    "download": "17390700752"
                }
            },
            "decryptionkey": "51788fffbf5b0c7db2ab47c0f9a2102a54766f15cc6dd15fad0fe66d257feafb"
        },
        "branches": {
            "public": {
                "buildid": "16683447",
                "timeupdated": "1734699800"
            }
        },
        "privatebranches": "1"
    }
}