{
    "appid": "3286720",
    "type": "Demo",
    "name": "Crimson Tide Demo",
    "schinese_name": "",
    "isfreeapp": "0",
    "change_number": "26079092",
    "update_time": "2024-11-07 06:04:48",
    "depot": {
        "228989": {
            "config": {
                "oslist": "windows"
            },
            "depotfromapp": "228980",
            "sharedinstall": "1"
        },
        "228990": {
            "config": {
                "oslist": "windows"
            },
            "depotfromapp": "228980",
            "sharedinstall": "1"
        },
        "3286721": {
            "manifests": {
                "public": {
                    "gid": "8563875255435028224",
                    "size": "31868748964",
                    "download": "18045193856"
                }
            },
            "decryptionkey": "1af3de0d01a0c2b7b0348c44159f4cc742640a989969f3ef0141a9faf533cc9f"
        },
        "branches": {
            "public": {
                "buildid": "16012839",
                "timeupdated": "1728940018"
            }
        }
    }
}