{
    "appid": "3224000",
    "type": "Demo",
    "name": "Horny Housewives 2 Demo",
    "schinese_name": "",
    "isfreeapp": "0",
    "change_number": "27183058",
    "update_time": "2025-01-27 21:00:06",
    "depot": {
        "3224001": {
            "manifests": {
                "public": {
                    "gid": "1640790250940379968",
                    "size": "4771503590",
                    "download": "1686359792"
                }
            },
            "decryptionkey": "5d56a31996742910acef5ce4e13869ec6ebe93f5558d110b035756d759e9c086"
        },
        "branches": {
            "public": {
                "buildid": "15891465",
                "timeupdated": "1727800586"
            }
        }
    }
}