{
    "appid": "3175660",
    "type": "Demo",
    "name": "Avian Colony Demo",
    "schinese_name": "",
    "isfreeapp": "0",
    "change_number": "27102243",
    "update_time": "2025-01-22 07:59:32",
    "depot": {
        "3175661": {
            "manifests": {
                "public": {
                    "gid": "7817755813303380508",
                    "size": "804247098",
                    "download": "537341088"
                }
            },
            "decryptionkey": "7984a2c4dec1e2c3f6700fb65642c950004c10a2c8a1da16dc2b5efa168e8fb8"
        },
        "baselanguages": "english",
        "branches": {
            "public": {
                "buildid": "16297035",
                "timeupdated": "1730789444"
            }
        }
    }
}