{
    "appid": "3510560",
    "type": "Game",
    "name": "電視夢工場",
    "schinese_name": "电视梦工场",
    "isfreeapp": "0",
    "change_number": "28401379",
    "update_time": "2025-04-10 14:52:22",
    "depot": {
        "3510561": {
            "manifests": {
                "public": {
                    "gid": "5416248251793343447",
                    "size": "237640556",
                    "download": "120391648"
                }
            },
            "decryptionkey": "01862684f97ded1f2d276f55aa79d4f2890f61efe510632ac04664556b0e1c23"
        },
        "3510562": {
            "config": {
                "language": "schinese"
            },
            "manifests": {
                "public": {
                    "gid": "1821569069218580426",
                    "size": "237624348",
                    "download": "120353120"
                }
            },
            "decryptionkey": "952389502fb608f4f7409d53d13646b17a732c0c82ccecd6e9baaacc309f75f8"
        },
        "3510563": {
            "config": {
                "language": "tchinese"
            },
            "manifests": {
                "public": {
                    "gid": "1320594812068939336",
                    "size": "237640556",
                    "download": "120391648"
                }
            },
            "decryptionkey": "bd4ee70dd5c936c70135b68ce68759376e0990d9e239c0a8b3d861ef8d1bdfac"
        },
        "branches": {
            "public": {
                "buildid": "17274893",
                "timeupdated": "1738893262"
            }
        }
    }
}