{
    "appid": "3030450",
    "type": "Demo",
    "name": "TRIP Demo",
    "schinese_name": "",
    "isfreeapp": "0",
    "change_number": "27111162",
    "update_time": "2025-01-22 19:50:29",
    "depot": {
        "3030451": {
            "config": {
                "oslist": "windows"
            },
            "manifests": {
                "public": {
                    "gid": "8182439954323495381",
                    "size": "282213128",
                    "download": "106445760"
                }
            },
            "decryptionkey": "542c6247bc48e4a77d6bc9a3b9b14ee8ee6623c275c5c3823c22c9c9d4997b0c"
        },
        "3030452": {
            "config": {
                "oslist": "macos"
            },
            "manifests": {
                "public": {
                    "gid": "6428439514336567447",
                    "size": "274679785",
                    "download": "104182752"
                }
            },
            "decryptionkey": ""
        },
        "branches": {
            "public": {
                "buildid": "15826408",
                "timeupdated": "1727288701"
            }
        }
    }
}