{
    "appid": "3094030",
    "type": "Music",
    "name": "FAIRY TAIL: Beach Volleyball Havoc Original Soundtrack",
    "schinese_name": "FAIRY TAIL 爆裂沙滩排球 Original Soundtrack",
    "isfreeapp": "0",
    "change_number": "25269390",
    "update_time": "2024-09-18 06:35:52",
    "depot": {
        "3094031": {
            "manifests": {
                "public": {
                    "gid": "662819321628020628",
                    "size": "28074526",
                    "download": "27677088"
                }
            },
            "decryptionkey": "850703725a0e55ff59bd007ac91e43d1790d0182751cfe80b0e72769349fa505"
        },
        "3094032": {
            "config": {
                "highqualityaudio": "1"
            },
            "manifests": {
                "public": {
                    "gid": "6587424638473035415",
                    "size": "448971368",
                    "download": "332727888"
                }
            },
            "decryptionkey": "fb4bfda78d51c71bb139d8b9ca038f0d395e706e5595aaac3ca715a582a4ce98"
        },
        "branches": {
            "public": {
                "buildid": "15234914",
                "timeupdated": "1722570778"
            }
        }
    }
}