{
    "appid": "3393170",
    "type": "Game",
    "name": "被遺留的夜幕細語",
    "schinese_name": "被遗留的夜幕细语",
    "isfreeapp": "0",
    "change_number": "27865166",
    "update_time": "2025-03-10 12:44:38",
    "depot": {
        "3393171": {
            "config": {
                "oslist": "windows"
            },
            "manifests": {
                "public": {
                    "gid": "859012152643374135",
                    "size": "692983752",
                    "download": "370865648"
                }
            },
            "decryptionkey": "0727378c36bb950542858e3c532932334ab62205d76d39600759db0c3489a4e3"
        },
        "baselanguages": "schinese,tchinese",
        "branches": {
            "public": {
                "buildid": "17657249",
                "timeupdated": "1741581771"
            }
        },
        "privatebranches": "1"
    }
}