{
    "appid": "3197580",
    "type": "Demo",
    "name": "Survivor Girls of Monster Dungeon Demo",
    "schinese_name": "魔物地牢的幸存女孩 Demo",
    "isfreeapp": "0",
    "change_number": "25750193",
    "update_time": "2024-10-17 00:02:20",
    "depot": {
        "3197581": {
            "manifests": {
                "public": {
                    "gid": "2304067078085832314",
                    "size": "596403696",
                    "download": "154048800"
                }
            },
            "decryptionkey": "638ec429a8563bf030a87879f8fc02a86cce6aa8414c1764135c821d5decf29d"
        },
        "branches": {
            "public": {
                "buildid": "17470582",
                "timeupdated": "1740273345"
            }
        }
    }
}