{
    "appid": "3032980",
    "type": "Game",
    "name": "Anomalous Crossing ~Shibuya~ | 異変交差点 ～渋谷～",
    "schinese_name": "",
    "isfreeapp": "0",
    "change_number": "27516951",
    "update_time": "2025-02-17 22:14:38",
    "depot": {
        "3032981": {
            "manifests": {
                "public": {
                    "gid": "514207533413449199",
                    "size": "2599419264",
                    "download": "688424528"
                }
            },
            "decryptionkey": "e835a5e368880a49d11a93d27619e3153029d9c7872f2a0c6792a4c4314a664c"
        },
        "baselanguages": "english,japanese",
        "branches": {
            "public": {
                "buildid": "15342078",
                "timeupdated": "1723475933"
            }
        }
    }
}