{
    "appid": "3421070",
    "type": "Game",
    "name": "Sayaka's Addiction",
    "schinese_name": "青春艳情曲",
    "isfreeapp": "0",
    "change_number": "29048192",
    "update_time": "2025-05-18 19:14:29",
    "depot": {
        "3421071": {
            "manifests": {
                "public": {
                    "gid": "260575378067013741",
                    "size": "804537071",
                    "download": "571104768"
                }
            },
            "decryptionkey": "22a9dacf487c4102818c032a3bf8b9afbb244bb17aefc240c1b0787628a61748"
        },
        "3421072": {
            "config": {
                "language": "schinese"
            },
            "manifests": {
                "public": {
                    "gid": "9208489424914886666",
                    "size": "530047750",
                    "download": "490899056"
                }
            },
            "decryptionkey": "b3ab5206bee357ff258e9a6c842e2f6a34dfdeba7c1864b0da1a00acfe5c7fe7"
        },
        "3421073": {
            "config": {
                "language": "japanese"
            },
            "manifests": {
                "public": {
                    "gid": "4763544122115203231",
                    "size": "518997237",
                    "download": "486468576"
                }
            },
            "decryptionkey": ""
        },
        "3421074": {
            "config": {
                "osarch": "64"
            },
            "manifests": {
                "public": {
                    "gid": "3223895349551815033",
                    "size": "368399069",
                    "download": "98934880"
                }
            },
            "decryptionkey": "968304077825a559101732789a1eed1bbc3a7798029849be2c60d6d581000202"
        },
        "branches": {
            "public": {
                "buildid": "17802905",
                "timeupdated": "1742618034"
            }
        },
        "privatebranches": "1"
    }
}