{
    "appid": "3130330",
    "type": "Demo",
    "name": "Metaphor: ReFantazio - Prologue Demo",
    "schinese_name": "暗喻幻想：ReFantazio～序章试玩版～",
    "isfreeapp": "0",
    "change_number": "28504883",
    "update_time": "2025-04-16 17:37:41",
    "depot": {
        "228989": {
            "config": {
                "oslist": "windows"
            },
            "depotfromapp": "228980",
            "sharedinstall": "1"
        },
        "3130331": {
            "manifests": {
                "public": {
                    "gid": "1249811528770557608",
                    "size": "57756086432",
                    "download": "24445344480"
                }
            },
            "decryptionkey": "c14735f2116debc71117f6e4bd96a9e89734623b28a15563762ee7054608b801"
        },
        "baselanguages": "english,german,french,italian,koreana,spanish,schinese,tchinese,russian,japanese,brazilian",
        "branches": {
            "public": {
                "buildid": "16852934",
                "timeupdated": "1736820055"
            }
        },
        "privatebranches": "1"
    }
}