{
    "appid": "3168810",
    "type": "Game",
    "name": "六爻",
    "schinese_name": "六爻",
    "isfreeapp": "0",
    "change_number": "28913522",
    "update_time": "2025-05-10 11:30:18",
    "depot": {
        "228989": {
            "config": {
                "oslist": "windows"
            },
            "depotfromapp": "228980",
            "sharedinstall": "1"
        },
        "228990": {
            "config": {
                "oslist": "windows"
            },
            "depotfromapp": "228980",
            "sharedinstall": "1"
        },
        "3168811": {
            "manifests": {
                "public": {
                    "gid": "5090164770999579555",
                    "size": "2097483958",
                    "download": "1825985072"
                }
            },
            "decryptionkey": "a5bae56870328b8dd69081898ad8f993a17ce2a7a93342e3677a8ed74a0ee44a"
        },
        "branches": {
            "public": {
                "buildid": "18411330",
                "timeupdated": "1746847815"
            }
        },
        "privatebranches": "1"
    }
}