{
    "appid": "3261010",
    "type": "Game",
    "name": "中华一商：传承",
    "schinese_name": "",
    "isfreeapp": "0",
    "change_number": "29016528",
    "update_time": "2025-05-16 12:24:51",
    "depot": {
        "3261011": {
            "config": {
                "oslist": "windows"
            },
            "manifests": {
                "public": {
                    "gid": "8962491612641287814",
                    "size": "463004438",
                    "download": "85725520"
                }
            },
            "decryptionkey": "8f8a5594624db1c37364fca6d784679c899df8c89df990fd4da88738234d6530"
        },
        "3261012": {
            "config": {
                "oslist": "macos"
            },
            "manifests": {
                "public": {
                    "gid": "4737245240971138278",
                    "size": "488523561",
                    "download": "93634800"
                }
            },
            "decryptionkey": ""
        },
        "branches": {
            "public": {
                "buildid": "16434030",
                "timeupdated": "1731812964"
            }
        },
        "privatebranches": "1"
    }
}