{
    "appid": "3587100",
    "type": "Music",
    "name": "Haste Soundtrack",
    "schinese_name": "",
    "isfreeapp": "0",
    "change_number": "28610308",
    "update_time": "2025-04-23 06:40:54",
    "depot": {
        "3587102": {
            "manifests": {
                "public": {
                    "gid": "2925846499593192497",
                    "size": "583527994",
                    "download": "489392032"
                }
            },
            "decryptionkey": "3480d60cd7ed2b25daa568920bcea90ab3b655070f8d80eae64afd9a66abb8a0"
        },
        "3587101": {
            "config": {
                "highqualityaudio": "1"
            },
            "manifests": {
                "public": {
                    "gid": "5671927963192264899",
                    "size": "3914982584",
                    "download": "3782565008"
                }
            },
            "decryptionkey": "2c0b7404519eef3fad96505eee8ef9dfd335c1c26ede4ca40ffa3ab7d0f0617e"
        },
        "branches": {
            "public": {
                "buildid": "17985176",
                "timeupdated": "1743771691"
            }
        }
    }
}