{
    "appid": "3206000",
    "type": "Demo",
    "name": "Pieter Both Village Demo",
    "schinese_name": "",
    "isfreeapp": "0",
    "change_number": "26439384",
    "update_time": "2024-12-05 08:56:08",
    "depot": {
        "3206001": {
            "config": {
                "oslist": "windows"
            },
            "manifests": {
                "public": {
                    "gid": "5910551797717568379",
                    "size": "950444834",
                    "download": "760007984"
                }
            },
            "decryptionkey": "7f5d08b1f5a145f3ebc8a2966ed36edc6a873c6881fa58ba475c88099b8a2a71"
        },
        "branches": {
            "public": {
                "buildid": "16585763",
                "timeupdated": "1733024077"
            }
        }
    }
}