{
    "appid": "3244210",
    "type": "Game",
    "name": "Chonkers",
    "schinese_name": "",
    "isfreeapp": "0",
    "change_number": "28858183",
    "update_time": "2025-05-07 17:10:19",
    "depot": {
        "3244211": {
            "config": {
                "oslist": "windows"
            },
            "manifests": {
                "public": {
                    "gid": "1742969678496725807",
                    "size": "168237336",
                    "download": "99733840"
                }
            },
            "decryptionkey": "aa9584f1d47d59b457b138110a0910e942a358280a28c0c4a5eeba0ce24faaf0"
        },
        "3244212": {
            "config": {
                "oslist": "linux"
            },
            "manifests": {
                "public": {
                    "gid": "5080343233541107548",
                    "size": "157516496",
                    "download": "96002480"
                }
            },
            "decryptionkey": "e03eafb595bbabbeac608d519cbb4317aa78bec81e466cdbdcb4cd18bc8dae49"
        },
        "branches": {
            "public": {
                "buildid": "18282910",
                "timeupdated": "1745948632"
            }
        },
        "privatebranches": "1"
    }
}