{
    "appid": "3549430",
    "type": "Game",
    "name": "Veins of DARKNESS",
    "schinese_name": "",
    "isfreeapp": "0",
    "change_number": "28630772",
    "update_time": "2025-04-24 05:06:36",
    "depot": {
        "baselanguages": "",
        "hasdepotsindlc": "0",
        "3549431": {
            "config": {
                "oslist": "windows",
                "osarch": "64"
            },
            "manifests": {
                "public": {
                    "gid": "6369325898162740458",
                    "size": "3038507033",
                    "download": "2314115008"
                }
            },
            "decryptionkey": "de3df6d5f5cb1b719b90eb8a56347879e7cfc4a6d82193cf2d5d0bc8a800d4b0"
        },
        "branches": {
            "public": {
                "buildid": "18208143",
                "timeupdated": "1745413463"
            }
        }
    }
}