{
    "appid": "3456720",
    "type": "Game",
    "name": "The Maid",
    "schinese_name": "",
    "isfreeapp": "0",
    "change_number": "29014717",
    "update_time": "2025-05-16 09:36:11",
    "depot": {
        "228989": {
            "config": {
                "oslist": "windows"
            },
            "depotfromapp": "228980",
            "sharedinstall": "1"
        },
        "228990": {
            "config": {
                "oslist": "windows"
            },
            "depotfromapp": "228980",
            "sharedinstall": "1"
        },
        "3456721": {
            "manifests": {
                "public": {
                    "gid": "3870622000683411904",
                    "size": "1953352296",
                    "download": "1801457664"
                }
            },
            "decryptionkey": "7b272889804c644280e04e912894edcfc1c930c445d84e81936e5be39ebd9aff"
        },
        "branches": {
            "public": {
                "buildid": "17380132",
                "timeupdated": "1739654769"
            }
        }
    }
}