{
    "appid": "3071330",
    "type": "Demo",
    "name": "MetalMercs Demo",
    "schinese_name": "",
    "isfreeapp": "0",
    "change_number": "26560321",
    "update_time": "2024-12-10 00:16:31",
    "depot": {
        "baselanguages": "english,german,french,italian,koreana,spanish,schinese,russian,japanese,polish,czech,brazilian,ukrainian",
        "3071331": {
            "config": {
                "oslist": "windows"
            },
            "manifests": {
                "public": {
                    "gid": "7264965081107782162",
                    "size": "110309686",
                    "download": "36035456"
                },
                "beta": {
                    "gid": "7264965081107782162",
                    "size": "110309686",
                    "download": "36035456"
                },
                "previous_stable": {
                    "gid": "5081905190362319654",
                    "size": "109233529",
                    "download": "35518688"
                }
            },
            "decryptionkey": "4734057c93177164f2d3988d1780d9aa01196466f720f7c02b6d6588565ae59c"
        },
        "3071332": {
            "config": {
                "oslist": "linux"
            },
            "manifests": {
                "public": {
                    "gid": "6586999211706732106",
                    "size": "161069768",
                    "download": "43883920"
                },
                "beta": {
                    "gid": "6586999211706732106",
                    "size": "161069768",
                    "download": "43883920"
                },
                "previous_stable": {
                    "gid": "4503485539760776058",
                    "size": "161034192",
                    "download": "43847968"
                }
            },
            "decryptionkey": ""
        },
        "3071333": {
            "manifests": {
                "public": {
                    "gid": "7386961944258602775",
                    "size": "668543003",
                    "download": "552397488"
                },
                "beta": {
                    "gid": "7386961944258602775",
                    "size": "668543003",
                    "download": "552397488"
                },
                "previous_stable": {
                    "gid": "6588872962306905464",
                    "size": "645231917",
                    "download": "535769040"
                }
            },
            "decryptionkey": "64a42178a606332a285d7d971bcc1a24cd64c6df934ca1dac74d581750a71016"
        },
        "branches": {
            "public": {
                "buildid": "16682636",
                "timeupdated": "1733760950"
            },
            "beta": {
                "buildid": "16682636",
                "description": "Lastest public test build -- may contain bugs",
                "timeupdated": "1733760913"
            },
            "previous_stable": {
                "buildid": "15106200",
                "description": "Previous stable build of the game",
                "timeupdated": "1728567745"
            }
        },
        "privatebranches": "1"
    }
}