{
    "appid": "3296740",
    "type": "Demo",
    "name": "卡丹历险记 Demo",
    "schinese_name": "",
    "isfreeapp": "0",
    "change_number": "27085089",
    "update_time": "2025-01-21 08:58:24",
    "depot": {
        "228989": {
            "config": {
                "oslist": "windows"
            },
            "depotfromapp": "228980",
            "sharedinstall": "1"
        },
        "228990": {
            "config": {
                "oslist": "windows"
            },
            "depotfromapp": "228980",
            "sharedinstall": "1"
        },
        "229000": {
            "config": {
                "oslist": "windows"
            },
            "depotfromapp": "228980",
            "sharedinstall": "1"
        },
        "3296741": {
            "manifests": {
                "public": {
                    "gid": "5673926619287293090",
                    "size": "4912426154",
                    "download": "4670492096"
                }
            },
            "decryptionkey": "e6c20155bb4dbd2037ad842dab222776ab1f61c1c7cbd2c6856942140c4ff38a"
        },
        "baselanguages": "english,schinese",
        "branches": {
            "public": {
                "buildid": "16226974",
                "timeupdated": "1730233679"
            }
        }
    }
}