{
    "appid": "3129890",
    "type": "Demo",
    "name": "FIGHTING GIRL YURI Demo",
    "schinese_name": "格斗少女尤里  Demo",
    "isfreeapp": "0",
    "change_number": "27339650",
    "update_time": "2025-02-06 14:26:47",
    "depot": {
        "3129891": {
            "manifests": {
                "public": {
                    "gid": "6345995608765695627",
                    "size": "212574337",
                    "download": "147214128"
                }
            },
            "decryptionkey": "d73e833b4fa00e5fd0c801160157ee83e1a9512445436dd713463886744d534a"
        },
        "branches": {
            "public": {
                "buildid": "15906682",
                "timeupdated": "1727895578"
            }
        }
    }
}