{
    "appid": "3062930",
    "type": "Game",
    "name": "Unplagued",
    "schinese_name": "",
    "isfreeapp": "0",
    "change_number": "27398338",
    "update_time": "2025-02-10 18:27:13",
    "depot": {
        "228989": {
            "config": {
                "oslist": "windows"
            },
            "depotfromapp": "228980",
            "sharedinstall": "1"
        },
        "228990": {
            "config": {
                "oslist": "windows"
            },
            "depotfromapp": "228980",
            "sharedinstall": "1"
        },
        "3062931": {
            "manifests": {
                "public": {
                    "gid": "9013084060911978783",
                    "size": "866247564",
                    "download": "732085904"
                }
            },
            "decryptionkey": "a4239dc3cc7db880d7f670cca3e1ef5d0d51fb20dc18b95577354eac0665a104"
        },
        "branches": {
            "public": {
                "buildid": "16040841",
                "timeupdated": "1728930779"
            }
        }
    }
}