{
    "appid": "3154810",
    "type": "Demo",
    "name": "荷莱Horae Demo",
    "schinese_name": "",
    "isfreeapp": "0",
    "change_number": "27378393",
    "update_time": "2025-02-08 20:57:48",
    "depot": {
        "baselanguages": "schinese",
        "3154811": {
            "config": {
                "oslist": "windows"
            },
            "manifests": {
                "public": {
                    "gid": "1184702069467037552",
                    "size": "2257125493",
                    "download": "1934234528"
                }
            },
            "decryptionkey": "38e02dee90b0b922d9c5f02fb7c200a59fcd0ef9f211fb8d036512d91a3851f2"
        },
        "3154812": {
            "config": {
                "oslist": "linux"
            },
            "manifests": {
                "public": {
                    "gid": "6364947595807293812",
                    "size": "2257125493",
                    "download": "1934365824"
                }
            },
            "decryptionkey": ""
        },
        "3154813": {
            "config": {
                "oslist": "macos"
            },
            "manifests": {
                "public": {
                    "gid": "4043707030262812078",
                    "size": "2257125493",
                    "download": "1934365824"
                }
            },
            "decryptionkey": ""
        },
        "branches": {
            "public": {
                "buildid": "17479229",
                "timeupdated": "1740375775"
            }
        }
    }
}