{
    "appid": "3533020",
    "type": "Music",
    "name": "SONOKUNI Soundtrack",
    "schinese_name": "",
    "isfreeapp": "0",
    "change_number": "28257225",
    "update_time": "2025-04-02 06:36:59",
    "depot": {
        "3533021": {
            "manifests": {
                "public": {
                    "gid": "8838889811818683210",
                    "size": "246357699",
                    "download": "226868240"
                }
            },
            "decryptionkey": "62ca92411d9bcc947561cabf5b8bcf925a7fa854da02b657db6ddb8fa4474fd6"
        },
        "3533022": {
            "config": {
                "highqualityaudio": "1"
            },
            "manifests": {
                "public": {
                    "gid": "1780177908565764060",
                    "size": "1087181020",
                    "download": "1037161920"
                }
            },
            "decryptionkey": "c457067ebb043950e828ba9b6dd2ec24c9f9c7075aff98eabf05e569d723466f"
        },
        "branches": {
            "public": {
                "buildid": "17742333",
                "timeupdated": "1742122412"
            }
        }
    }
}