{
    "appid": "3135880",
    "type": "Game",
    "name": "Dragon's Dog mother",
    "schinese_name": "凡尔赛法环",
    "isfreeapp": "0",
    "change_number": "29046420",
    "update_time": "2025-05-18 13:59:46",
    "depot": {
        "3135881": {
            "manifests": {
                "public": {
                    "gid": "2261748715865973084",
                    "size": "5226395855",
                    "download": "2705498432"
                }
            },
            "decryptionkey": "0238e37fba83b4350d82e529cbf967f66566fcc16718ffad0b2a439b72d7b35a"
        },
        "branches": {
            "public": {
                "buildid": "18507030",
                "timeupdated": "1747547982"
            }
        }
    }
}