{
    "appid": "3095600",
    "type": "Game",
    "name": "Miracle Heroes: Temporal Bounty Hunter",
    "schinese_name": "奇迹英雄:时空猎宝",
    "isfreeapp": "0",
    "change_number": "28407395",
    "update_time": "2025-04-10 20:45:18",
    "depot": {
        "228989": {
            "config": {
                "oslist": "windows"
            },
            "depotfromapp": "228980",
            "sharedinstall": "1"
        },
        "228990": {
            "config": {
                "oslist": "windows"
            },
            "depotfromapp": "228980",
            "sharedinstall": "1"
        },
        "3095601": {
            "manifests": {
                "public": {
                    "gid": "7523203780312100498",
                    "size": "3118717438",
                    "download": "2647897808"
                },
                "beta": {
                    "gid": "7523203780312100498",
                    "size": "3118717438",
                    "download": "2647897808"
                },
                "moddebug": {
                    "gid": "3649422964487907268",
                    "size": "3330810791",
                    "download": "2722501536"
                }
            },
            "decryptionkey": "7937a0a9ef34fe696d733d7b9f42e83c75418939f78efb50cddb4f5fe5ef51d5"
        },
        "workshopdepot": "3095600",
        "branches": {
            "public": {
                "buildid": "18056474",
                "timeupdated": "1744289098"
            },
            "beta": {
                "buildid": "18056474",
                "description": "beta",
                "timeupdated": "1744289111"
            },
            "moddebug": {
                "buildid": "16754428",
                "description": "moddebug",
                "timeupdated": "1734316913"
            }
        },
        "workshopdepotdecryptionkey": ""
    }
}