{
    "appid": "3587260",
    "type": "Game",
    "name": "Backrooms: The Deep Dark",
    "schinese_name": "",
    "isfreeapp": "0",
    "change_number": "28874306",
    "update_time": "2025-05-08 11:32:57",
    "depot": {
        "3587261": {
            "manifests": {
                "public": {
                    "gid": "3521064873254890917",
                    "size": "1372382084",
                    "download": "575651360"
                }
            },
            "decryptionkey": "e4ab09e8b79b76f7a1bf9d97096306bacfbcc0249799901c628abe5b5b955b90"
        },
        "branches": {
            "public": {
                "buildid": "17791622",
                "timeupdated": "1742460196"
            }
        }
    }
}