{
    "appid": "3196490",
    "type": "DLC",
    "name": "命运游戏-4K版",
    "schinese_name": "命运游戏：逆时寻凶-4K版",
    "isfreeapp": "0",
    "change_number": "28876274",
    "update_time": "2025-05-08 14:44:02",
    "depot": {
        "3196491": {
            "config": {
                "oslist": "windows",
                "optionaldlc": "3196490"
            },
            "manifests": {
                "public": {
                    "gid": "410785853813387069",
                    "size": "202491707091",
                    "download": "205108031488"
                }
            },
            "dlcappid": "3196490",
            "decryptionkey": "22491067056b321fcc93daeb1f841f2a30f465a882471e697fc4de87a43007e3"
        },
        "3196492": {
            "config": {
                "oslist": "macos",
                "optionaldlc": "3196490"
            },
            "manifests": {
                "public": {
                    "gid": "895806286302097170",
                    "size": "202499693271",
                    "download": "205108278112"
                }
            },
            "dlcappid": "3196490",
            "decryptionkey": "35c80012d9c275b08ed57a052b2dcf14fcf44d37e04161c3e20ebd8ecbd8a2af"
        },
        "branches": {
            "public": {
                "buildid": "17864633",
                "timeupdated": "1742981002"
            }
        },
        "appmanagesdlc": "1"
    }
}