{
    "appid": "3223590",
    "type": "Game",
    "name": "Cyberstray 101",
    "schinese_name": "赛博穿越指南",
    "isfreeapp": "0",
    "change_number": "28573589",
    "update_time": "2025-04-21 00:59:06",
    "depot": {
        "baselanguages": "english",
        "3223591": {
            "config": {
                "oslist": "windows"
            },
            "manifests": {
                "public": {
                    "gid": "5498191296756745999",
                    "size": "2270665859",
                    "download": "2182685264"
                }
            },
            "decryptionkey": "3de92198893e9b369749ba03abb310262e8e2c51f7e154db630825112804f3d1"
        },
        "branches": {
            "public": {
                "buildid": "16887059",
                "timeupdated": "1735752485"
            }
        },
        "privatebranches": "1"
    }
}