{
    "appid": "3202020",
    "type": "Beta",
    "name": "The Riftbreaker: Multiplayer Playtest",
    "schinese_name": "",
    "isfreeapp": "0",
    "change_number": "29025898",
    "update_time": "2025-05-16 22:10:51",
    "depot": {
        "228989": {
            "config": {
                "oslist": "windows"
            },
            "depotfromapp": "228980",
            "sharedinstall": "1"
        },
        "229005": {
            "config": {
                "oslist": "windows"
            },
            "depotfromapp": "228980",
            "sharedinstall": "1"
        },
        "3202021": {
            "manifests": {
                "public": {
                    "gid": "7003946909347675416",
                    "size": "10179517188",
                    "download": "9674338144"
                }
            },
            "decryptionkey": "84e57b2ce86e5a998aeb674f8dcd9f4a4756737a42e499b3e26bbf654edcf484"
        },
        "branches": {
            "public": {
                "buildid": "18490852",
                "timeupdated": "1747404396"
            }
        },
        "privatebranches": "1"
    }
}