{
    "appid": "3077180",
    "type": "Game",
    "name": "Gamer Stories 〜実在する女性ゲーマーとデートしてみた〜",
    "schinese_name": "Gamer Stories 〜与真实的日本女性玩家约会〜",
    "isfreeapp": "0",
    "change_number": "28259130",
    "update_time": "2025-04-02 09:12:05",
    "depot": {
        "3077181": {
            "manifests": {
                "public": {
                    "gid": "6772259939177101008",
                    "size": "1547674118",
                    "download": "386468208"
                }
            },
            "decryptionkey": "6f6d78eb93c37b77e12489a7eccdf337fc349374ab0d4b7168a8da16a4e57ef6"
        },
        "branches": {
            "public": {
                "buildid": "15769044",
                "timeupdated": "1726827563"
            }
        }
    }
}