{
    "appid": "2956310",
    "type": "Game",
    "name": "Cosplay Cumdump: Doing it Doujin Style",
    "schinese_name": "爆乳母狗是我的肉便器",
    "isfreeapp": "0",
    "change_number": "28156856",
    "update_time": "2025-03-27 04:07:48",
    "depot": {
        "2956311": {
            "config": {
                "oslist": "windows,linux"
            },
            "manifests": {
                "public": {
                    "gid": "6283624063202622569",
                    "size": "1198321871",
                    "download": "1057775424"
                }
            },
            "decryptionkey": "62e5a0f7f6e4e351bcfc8a76c43400ff656d0e5d317c471b96d2c5739876d364"
        },
        "2956312": {
            "config": {
                "oslist": "macos"
            },
            "manifests": {
                "public": {
                    "gid": "7563836493582516472",
                    "size": "1186245559",
                    "download": "1053392176"
                }
            },
            "decryptionkey": "b1e812f50599e23c56e3d07f86cc8ca64a5109d8ac6417d6f08132b360c35805"
        },
        "branches": {
            "public": {
                "buildid": "17857568",
                "timeupdated": "1743019665"
            }
        },
        "privatebranches": "1"
    }
}