{
    "appid": "3401010",
    "type": "Demo",
    "name": "Car Mechanic Shop Simulator Demo",
    "schinese_name": "",
    "isfreeapp": "0",
    "change_number": "27727418",
    "update_time": "2025-03-01 07:47:19",
    "depot": {
        "3401011": {
            "manifests": {
                "public": {
                    "gid": "7794989798164092382",
                    "size": "1035870537",
                    "download": "263266160"
                }
            },
            "decryptionkey": "6bf8a7f276f9fd44ecb2cf5c9e9d48c536338083eaa43c5c8844add9f581bbed"
        },
        "branches": {
            "public": {
                "buildid": "17349539",
                "timeupdated": "1739439878"
            }
        },
        "privatebranches": "1"
    }
}