{
    "appid": "2996410",
    "type": "Music",
    "name": "Radiant Victorias ASMR Series - Cindy",
    "schinese_name": "煌星的胜利女神 ASMR 辛蒂篇",
    "isfreeapp": "0",
    "change_number": "25269390",
    "update_time": "2024-09-18 06:38:56",
    "depot": {
        "2996410": {},
        "2996411": {
            "manifests": {
                "public": {
                    "gid": "3346022916197750131",
                    "size": "1091146728",
                    "download": "428495056"
                }
            },
            "decryptionkey": "fde2d27362143b8dea6b618833053a6d81fa7d400cb54b7f85f760f32e240df4"
        },
        "branches": {
            "public": {
                "buildid": "15699902",
                "timeupdated": "1726299379"
            }
        }
    }
}