{
    "appid": "3213530",
    "type": "DLC",
    "name": "Summer For You - Huge Wallpapers Pack",
    "schinese_name": "",
    "isfreeapp": "0",
    "change_number": "27255511",
    "update_time": "2025-01-31 23:05:13",
    "depot": {
        "3213530": {
            "manifests": {
                "public": {
                    "gid": "1033325899287134292",
                    "size": "352553142",
                    "download": "338491504"
                }
            },
            "dlcappid": "3213530",
            "decryptionkey": "4b1adbc4455c3b00651a922d6cb737d3c1e598ff95bd9d8eaa8531c9f44a075e"
        },
        "branches": {
            "public": {
                "buildid": "17109296",
                "timeupdated": "1737658010"
            }
        }
    }
}