{
    "appid": "3110520",
    "type": "Game",
    "name": "101 Cats Hidden in Amsterdam",
    "schinese_name": "",
    "isfreeapp": "0",
    "change_number": "28183122",
    "update_time": "2025-03-28 11:15:19",
    "depot": {
        "3110521": {
            "manifests": {
                "public": {
                    "gid": "1164874817447942217",
                    "size": "566858942",
                    "download": "91752592"
                }
            },
            "decryptionkey": "2cbac464de370b31965a7992f4b252f60af62dc9883c973c685eb34511f52136"
        },
        "branches": {
            "public": {
                "buildid": "16554545",
                "timeupdated": "1732722118"
            }
        }
    }
}