{
    "appid": "3565050",
    "type": "Game",
    "name": "Trucker Horror",
    "schinese_name": "",
    "isfreeapp": "0",
    "change_number": "29036543",
    "update_time": "2025-05-17 12:13:59",
    "depot": {
        "228983": {
            "config": {
                "oslist": "windows"
            },
            "depotfromapp": "228980",
            "sharedinstall": "1"
        },
        "228989": {
            "config": {
                "oslist": "windows"
            },
            "depotfromapp": "228980",
            "sharedinstall": "1"
        },
        "228990": {
            "config": {
                "oslist": "windows"
            },
            "depotfromapp": "228980",
            "sharedinstall": "1"
        },
        "3565051": {
            "manifests": {
                "public": {
                    "gid": "7639791803786809625",
                    "size": "5670220247",
                    "download": "5165750928"
                }
            },
            "decryptionkey": "c6cd60b8e918145f798f96dbf1ae8ec140ec0a7425bfffc64cf8b56a5792629b"
        },
        "branches": {
            "public": {
                "buildid": "17858462",
                "timeupdated": "1742939935"
            }
        }
    }
}