{
    "appid": "3141730",
    "type": "Demo",
    "name": "Monster Battles Demo",
    "schinese_name": "怪物对决自走棋 试玩版",
    "isfreeapp": "0",
    "change_number": "29019622",
    "update_time": "2025-05-16 16:16:00",
    "depot": {
        "229033": {
            "config": {
                "oslist": "windows"
            },
            "depotfromapp": "228980",
            "sharedinstall": "1"
        },
        "3141731": {
            "manifests": {
                "public": {
                    "gid": "1864586264507661678",
                    "size": "267847844",
                    "download": "180915296"
                }
            },
            "decryptionkey": "63ac7d919654b092963ce2de60eb88fd431bb43213ab8a66fea5fd002352cba4"
        },
        "baselanguages": "english,german,french,koreana,spanish,schinese,tchinese,russian,japanese,portuguese,polish",
        "branches": {
            "public": {
                "buildid": "18181666",
                "timeupdated": "1745249878"
            }
        },
        "privatebranches": "1"
    }
}