{
    "appid": "2987440",
    "type": "DLC",
    "name": "CUSTOM ORDER MAID 3D2 Sweet, Affectionate, and Devoted Long-lost Friend GP-02",
    "schinese_name": "",
    "isfreeapp": "0",
    "change_number": "23965308",
    "update_time": "2024-07-16 02:47:07",
    "depot": {
        "2987441": {
            "config": {
                "oslist": "windows",
                "osarch": "64"
            },
            "manifests": {
                "public": {
                    "gid": "8826072464733385003",
                    "size": "873419524",
                    "download": "423157472"
                }
            },
            "dlcappid": "2987440",
            "decryptionkey": "45cb441a2452463364c0973d13519243c9214d046ac4b4b48e0cd1c4675f9a5e"
        },
        "2987442": {
            "config": {
                "oslist": "windows",
                "osarch": "64"
            },
            "manifests": {
                "public": {
                    "gid": "5395811188014925175",
                    "size": "1310890276",
                    "download": "423157472"
                }
            },
            "dlcappid": "2987440",
            "decryptionkey": "8ad2706bc10694bafb80a568e9c47244113d411e07744fb27376acf2e613a278"
        },
        "branches": {
            "public": {
                "buildid": "14712623",
                "timeupdated": "1718326764"
            }
        }
    }
}