{
    "appid": "3257500",
    "type": "Demo",
    "name": "瓶盖战舰 Demo",
    "schinese_name": "",
    "isfreeapp": "0",
    "change_number": "27477074",
    "update_time": "2025-02-14 18:23:07",
    "depot": {
        "baselanguages": "english,schinese",
        "3257501": {
            "manifests": {
                "public": {
                    "gid": "4196685162694930860",
                    "size": "2443105457",
                    "download": "567131552"
                }
            },
            "decryptionkey": "9bb33cdc16d8d83b0c4611abe736f1489b066050f0c5ff30bd9ee639d368c69b"
        },
        "branches": {
            "public": {
                "buildid": "17364770",
                "timeupdated": "1739528580"
            }
        }
    }
}