{
    "appid": "3495770",
    "type": "DLC",
    "name": "Sex Apartment 💫 - Wallpapers Pack",
    "schinese_name": "",
    "isfreeapp": "0",
    "change_number": "27366346",
    "update_time": "2025-02-08 00:13:23",
    "depot": {
        "3495770": {
            "config": {
                "language": "english",
                "oslist": "windows"
            },
            "dlcappid": "3495770",
            "manifests": {
                "public": {
                    "gid": "136676638714465394",
                    "size": "78569557",
                    "download": "79125632"
                }
            },
            "decryptionkey": "738016fd9bf298bf67c21a717944bdd2d6e568e13c1c6b9189bc67f6e333a03e"
        },
        "branches": {
            "public": {
                "buildid": "17233403",
                "timeupdated": "1738644893"
            }
        }
    }
}