{
    "appid": "3481320",
    "type": "Game",
    "name": "Deckline",
    "schinese_name": "",
    "isfreeapp": "0",
    "change_number": "29046489",
    "update_time": "2025-05-18 14:15:00",
    "depot": {
        "3481321": {
            "manifests": {
                "public": {
                    "gid": "771591349810604201",
                    "size": "277027743",
                    "download": "203297456"
                }
            },
            "decryptionkey": "3f8cf034015d65424c4a36c2923b3570b9f833b4966d4cba5409fdd796dbc13f"
        },
        "baselanguages": "english,german,french,italian,koreana,schinese,russian,japanese,polish,brazilian,ukrainian,latam",
        "branches": {
            "public": {
                "buildid": "18412453",
                "timeupdated": "1746858426"
            }
        }
    }
}