{
    "appid": "3104940",
    "type": "Demo",
    "name": "Save the Villainess: An Otome Isekai Roleplaying Game Demo",
    "schinese_name": "",
    "isfreeapp": "0",
    "change_number": "25397266",
    "update_time": "2024-09-26 09:40:26",
    "depot": {
        "3104941": {
            "manifests": {
                "public": {
                    "gid": "4811798528931365847",
                    "size": "2815763948",
                    "download": "2471391520"
                }
            },
            "decryptionkey": "2e5893d6dc0982e729c77a29cb84deaf4a4edf6a608904779241b8bff5b5c28d"
        },
        "branches": {
            "public": {
                "buildid": "15830467",
                "timeupdated": "1727314822"
            }
        }
    }
}