{
    "appid": "3064440",
    "type": "Music",
    "name": "Dungeons of Hinterberg: Original Game Soundtrack ",
    "schinese_name": "",
    "isfreeapp": "0",
    "change_number": "27818707",
    "update_time": "2025-03-07 00:34:23",
    "depot": {
        "3064441": {
            "manifests": {
                "public": {
                    "gid": "2587636778852504531",
                    "size": "315558765",
                    "download": "304323152"
                }
            },
            "decryptionkey": "d775b2326aaf5441963499cbdc5657da1b024717bd0735631de3f2cdb7c15e5b"
        },
        "3064442": {
            "config": {
                "highqualityaudio": "1"
            },
            "manifests": {
                "public": {
                    "gid": "825399146877125638",
                    "size": "2270724620",
                    "download": "2146274464"
                }
            },
            "decryptionkey": "a36b6c073d5190bc596ee8b4fd437493c5b3b1c836ee148f7534e51cbfce9bc0"
        },
        "branches": {
            "public": {
                "buildid": "15074636",
                "timeupdated": "1721300625"
            }
        }
    }
}