{
    "appid": "3006980",
    "type": "Game",
    "name": "Roulette Club",
    "schinese_name": "轮盘俱乐部",
    "isfreeapp": "0",
    "change_number": "26529127",
    "update_time": "2024-12-07 00:17:10",
    "depot": {
        "hasdepotsindlc": "0",
        "baselanguages": "english,schinese,tchinese",
        "3006981": {
            "config": {
                "oslist": "windows"
            },
            "manifests": {
                "public": {
                    "gid": "9153577050895702936",
                    "size": "201249420",
                    "download": "73828912"
                }
            },
            "decryptionkey": "6b19e407d4fb75a40284960ac2f2a2eb8f0189123eec5b69d5d81bb409d06fd2"
        },
        "branches": {
            "public": {
                "buildid": "15223854",
                "timeupdated": "1722500558"
            }
        },
        "privatebranches": "1"
    }
}