{
    "appid": "3106770",
    "type": "Demo",
    "name": "A Gentlemen's Dispute Demo",
    "schinese_name": "礼帽大乱斗试玩版",
    "isfreeapp": "0",
    "change_number": "27543680",
    "update_time": "2025-02-19 06:54:28",
    "depot": {
        "baselanguages": "english",
        "3106771": {
            "config": {
                "oslist": "windows"
            },
            "manifests": {
                "public": {
                    "gid": "2151058817863662288",
                    "size": "3648116998",
                    "download": "957813024"
                }
            },
            "decryptionkey": "0f63f9938d3a33214dde5dd358e69cc2a69e3f67e2ece8f76acf55c0a8cf1d07"
        },
        "3106772": {
            "config": {
                "oslist": "macos"
            },
            "manifests": {
                "public": {
                    "gid": "1490628202823573327",
                    "size": "3740623664",
                    "download": "992825424"
                }
            },
            "decryptionkey": ""
        },
        "branches": {
            "public": {
                "buildid": "17464364",
                "timeupdated": "1740199628"
            }
        },
        "privatebranches": "1"
    }
}