{
    "appid": "3230990",
    "type": "Game",
    "name": "Lust Academy Final",
    "schinese_name": "",
    "isfreeapp": "0",
    "change_number": "29044778",
    "update_time": "2025-05-18 08:15:56",
    "depot": {
        "hasdepotsindlc": "1",
        "3230991": {
            "config": {
                "oslist": "windows,linux"
            },
            "manifests": {
                "public": {
                    "gid": "7207462016919870104",
                    "size": "6680882802",
                    "download": "6533587088"
                }
            },
            "decryptionkey": "d1d5e360e6e5b5afa62ed0da2468da1f817a853154bbe5e502caf1846539504c"
        },
        "3230992": {
            "config": {
                "oslist": "macos"
            },
            "manifests": {
                "public": {
                    "gid": "2088407831570838266",
                    "size": "6668188195",
                    "download": "6527799376"
                }
            }
        },
        "branches": {
            "public": {
                "buildid": "18495062",
                "timeupdated": "1747417259"
            }
        }
    }
}