{
    "appid": "3649350",
    "type": "Game",
    "name": "My Sadistic Yandere Goth Sister and Mom Bully Me",
    "schinese_name": "",
    "isfreeapp": "0",
    "change_number": "28709371",
    "update_time": "2025-04-28 23:36:37",
    "depot": {
        "3649351": {
            "manifests": {
                "public": {
                    "gid": "6961158460431507731",
                    "size": "237944765",
                    "download": "101194144"
                }
            },
            "decryptionkey": "e7db669e72c93d4a07ac4be9ca23b7ffc8107e1eaff390964e0e780c02dba93c"
        },
        "branches": {
            "public": {
                "buildid": "18267368",
                "timeupdated": "1745854491"
            }
        }
    }
}