{
    "appid": "3298460",
    "type": "Game",
    "name": "Pushing it! Together - Sisyphus Co-op",
    "schinese_name": "",
    "isfreeapp": "0",
    "change_number": "29022812",
    "update_time": "2025-05-16 19:16:23",
    "depot": {
        "3298461": {
            "manifests": {
                "public": {
                    "gid": "8620183918200231526",
                    "size": "2772816972",
                    "download": "1416581568"
                },
                "testbranch1": {
                    "gid": "8620183918200231526",
                    "size": "2772816972",
                    "download": "1416581568"
                },
                "testbranch2": {
                    "gid": "402660738617052419",
                    "size": "2772554532",
                    "download": "1416570176"
                }
            },
            "decryptionkey": "ae6787b8a8070514e34870990b3546280cd1594d0c8a6e5c3857bacc39c287f9"
        },
        "branches": {
            "public": {
                "buildid": "18483211",
                "timeupdated": "1747394179"
            },
            "testbranch1": {
                "buildid": "18483211",
                "description": "Beta Branch",
                "timeupdated": "1747393776"
            },
            "testbranch2": {
                "buildid": "18433375",
                "description": "Beta Branch 2",
                "timeupdated": "1747376241"
            }
        },
        "privatebranches": "1"
    }
}