{
    "appid": "2943400",
    "type": "Demo",
    "name": "Waltz & Jam Demo",
    "schinese_name": "",
    "isfreeapp": "0",
    "change_number": "26136375",
    "update_time": "2024-11-11 16:02:10",
    "depot": {
        "baselanguages": "english,koreana",
        "2943401": {
            "manifests": {
                "public": {
                    "gid": "8437630955539636908",
                    "size": "2620633298",
                    "download": "628161744"
                }
            },
            "decryptionkey": "337230ca63ed274dd7016ac28031e09d7ab1c5dbd337eb4dc8b82a7c16d20a90"
        },
        "branches": {
            "public": {
                "buildid": "16362157",
                "timeupdated": "1731306114"
            }
        }
    }
}