{
    "appid": "3290670",
    "type": "Demo",
    "name": "窒愛SUFFOCATE Demo",
    "schinese_name": "窒爱SUFFOCATE Demo",
    "isfreeapp": "0",
    "change_number": "27422753",
    "update_time": "2025-02-11 23:38:29",
    "depot": {
        "3290671": {
            "manifests": {
                "public": {
                    "gid": "8498015130499423996",
                    "size": "17654563702",
                    "download": "6184275968"
                }
            },
            "decryptionkey": "d0b05d96d2c0ff25f928e58764e51625b535348993d3f6eaa3e7439bb2db5a11"
        },
        "baselanguages": "english,german,koreana,schinese,tchinese,russian,japanese",
        "branches": {
            "public": {
                "buildid": "16587955",
                "timeupdated": "1732976279"
            }
        },
        "privatebranches": "1"
    }
}