{
    "appid": "3438990",
    "type": "Game",
    "name": "Cheaters Cheetah",
    "schinese_name": "",
    "isfreeapp": "0",
    "change_number": "29043311",
    "update_time": "2025-05-18 04:16:14",
    "depot": {
        "3438991": {
            "manifests": {
                "public": {
                    "gid": "2945884103451601702",
                    "size": "1451151704",
                    "download": "269763056"
                }
            },
            "decryptionkey": "b28c98c31d1500062773f31e0d6d1a27a7f51af07491ed4584a485c2e9a3fba3"
        },
        "baselanguages": "english,schinese,russian,japanese",
        "branches": {
            "public": {
                "buildid": "17710152",
                "timeupdated": "1741878150"
            }
        },
        "privatebranches": "1"
    }
}