{
    "appid": "2947750",
    "type": "Game",
    "name": "Hidden Old House Top-Down 3D",
    "schinese_name": "",
    "isfreeapp": "0",
    "change_number": "28873043",
    "update_time": "2025-05-08 09:37:02",
    "depot": {
        "2947751": {
            "manifests": {
                "public": {
                    "gid": "543100566877936299",
                    "size": "2651098331",
                    "download": "350910112"
                }
            },
            "decryptionkey": "d144003a7b9ec62f8c0b725e4649b94b84f3aa76e58211a4b46deac772df7176"
        },
        "branches": {
            "public": {
                "buildid": "14318548",
                "timeupdated": "1715280919"
            }
        }
    }
}