{
    "appid": "3332860",
    "type": "Game",
    "name": "Sexual Sealing Dungeon: Eronest",
    "schinese_name": "",
    "isfreeapp": "0",
    "change_number": "28972531",
    "update_time": "2025-05-14 11:15:01",
    "depot": {
        "3332861": {
            "config": {
                "oslist": "windows",
                "osarch": "64"
            },
            "manifests": {
                "public": {
                    "gid": "8020777748674782292",
                    "size": "425918860",
                    "download": "354458640"
                }
            },
            "decryptionkey": "0de0253fe5191b8d81344add736cc696230499580761f70e2ce50a5672950d2d"
        },
        "branches": {
            "public": {
                "buildid": "17249901",
                "timeupdated": "1738752872"
            }
        }
    }
}