{
    "appid": "3243750",
    "type": "DLC",
    "name": "RPG Maker MZ - Various cars Characters set",
    "schinese_name": "",
    "isfreeapp": "0",
    "change_number": "25640164",
    "update_time": "2024-10-11 20:25:02",
    "depot": {
        "3243750": {
            "manifests": {
                "public": {
                    "gid": "3889421415414070242",
                    "size": "20376623",
                    "download": "13527840"
                }
            },
            "dlcappid": "3243750",
            "decryptionkey": "af0711303d4e1f70ab40d65d30fbff2e15b01ee4d3a5dea64cf1407f42260a54"
        },
        "branches": {
            "public": {
                "buildid": "15976603",
                "timeupdated": "1728454830"
            }
        }
    }
}