{
    "appid": "3705490",
    "type": "Game",
    "name": "Bombunter",
    "schinese_name": "",
    "isfreeapp": "0",
    "change_number": "29047833",
    "update_time": "2025-05-18 18:15:21",
    "depot": {
        "3705491": {
            "manifests": {
                "public": {
                    "gid": "4644032226449304208",
                    "size": "352201044",
                    "download": "159930080"
                }
            },
            "decryptionkey": "12aeecbd5289c91c3dd29ed8c787a1855436aac2130976a930f6bd8dbb832cd4"
        },
        "branches": {
            "public": {
                "buildid": "18330180",
                "timeupdated": "1746253208"
            }
        }
    }
}