{
    "appid": "3306340",
    "type": "Music",
    "name": "Card-en-Ciel Soundtrack",
    "schinese_name": "",
    "isfreeapp": "0",
    "change_number": "28138716",
    "update_time": "2025-03-26 06:34:43",
    "depot": {
        "3306341": {
            "manifests": {
                "public": {
                    "gid": "1201790577272217515",
                    "size": "291845151",
                    "download": "270649568"
                }
            },
            "decryptionkey": "02b3cbb419684e4c81a880ac7a8f54c6a8b4d89928133d1c8b7a15b1d44a3928"
        },
        "3306342": {
            "config": {
                "highqualityaudio": "1"
            }
        },
        "branches": {
            "public": {
                "buildid": "16310389",
                "timeupdated": "1730873650"
            }
        }
    }
}