{
    "appid": "3229740",
    "type": "Demo",
    "name": "Kingdoms: Merge & Build Demo",
    "schinese_name": "",
    "isfreeapp": "0",
    "change_number": "26067838",
    "update_time": "2024-11-06 15:57:15",
    "depot": {
        "3229741": {
            "config": {
                "oslist": "windows",
                "osarch": "64"
            },
            "manifests": {
                "public": {
                    "gid": "8017054635035389875",
                    "size": "905963160",
                    "download": "268602752"
                }
            },
            "decryptionkey": "aa5d7802f86b6f9a40db828a1391dda7313ce526c11aabb5e67c71d5a9c8b58b"
        },
        "branches": {
            "public": {
                "buildid": "15926542",
                "timeupdated": "1728026765"
            }
        }
    }
}