{
    "appid": "3030010",
    "type": "Game",
    "name": "召唤师崛起   summoner rises",
    "schinese_name": "",
    "isfreeapp": "0",
    "change_number": "26825484",
    "update_time": "2024-12-31 19:50:08",
    "depot": {
        "228989": {
            "config": {
                "oslist": "windows"
            },
            "depotfromapp": "228980",
            "sharedinstall": "1"
        },
        "228990": {
            "config": {
                "oslist": "windows"
            },
            "depotfromapp": "228980",
            "sharedinstall": "1"
        },
        "hasdepotsindlc": "0",
        "3030011": {
            "manifests": {
                "public": {
                    "gid": "1420765270164186168",
                    "size": "2376105524",
                    "download": "2175590960"
                }
            },
            "decryptionkey": "c40f73ffd35bd8e808339b330adf207943f9e83fed7c0e2b74f8d281d4202f3a"
        },
        "baselanguages": "english,schinese",
        "branches": {
            "public": {
                "buildid": "16881432",
                "timeupdated": "1735645803"
            }
        }
    }
}