{
    "appid": "3133890",
    "type": "Demo",
    "name": "Mind Her Manor Demo",
    "schinese_name": "",
    "isfreeapp": "0",
    "change_number": "26827520",
    "update_time": "2025-01-01 01:47:12",
    "depot": {
        "3133891": {
            "manifests": {
                "public": {
                    "gid": "6827042667288146959",
                    "size": "144232879",
                    "download": "71261264"
                }
            },
            "decryptionkey": "3345807d63d381ab7749f0ed9ecf9c409f8770c5af634c4e8835f7cfa7d80aa4"
        },
        "branches": {
            "public": {
                "buildid": "16882904",
                "timeupdated": "1735667227"
            }
        }
    }
}