{
    "appid": "2961310",
    "type": "Game",
    "name": "Erocism",
    "schinese_name": "",
    "isfreeapp": "0",
    "change_number": "28818155",
    "update_time": "2025-05-05 15:32:31",
    "depot": {
        "baselanguages": "english",
        "2961311": {
            "config": {
                "oslist": "windows"
            },
            "manifests": {
                "public": {
                    "gid": "2042076485607315036",
                    "size": "1586060198",
                    "download": "541077344"
                }
            },
            "decryptionkey": "07121c1590f34dba2119244dd79e17b7fd3fbd902c802f60d7eec832bb731ca2"
        },
        "2961312": {
            "config": {
                "language": "koreana",
                "oslist": "windows"
            },
            "manifests": {
                "public": {
                    "gid": "7886297306382049824",
                    "size": "1433226014",
                    "download": "426580576"
                }
            },
            "decryptionkey": ""
        },
        "branches": {
            "public": {
                "buildid": "16260708",
                "timeupdated": "1730436149"
            }
        },
        "privatebranches": "1"
    }
}