{
    "appid": "3552630",
    "type": "Game",
    "name": "屌打征服異世界",
    "schinese_name": "",
    "isfreeapp": "0",
    "change_number": "28783198",
    "update_time": "2025-05-02 17:52:52",
    "depot": {
        "baselanguages": "tchinese",
        "3552631": {
            "config": {
                "language": "tchinese",
                "oslist": "windows",
                "osarch": "64"
            },
            "manifests": {
                "public": {
                    "gid": "3921979579384141501",
                    "size": "2245740788",
                    "download": "202907152"
                }
            },
            "decryptionkey": "ee5fbbec2a1a1c3dd8ffd877ce1d3ea24c3d2688ec8d53a3ae63d0ed8efdbe20"
        },
        "branches": {
            "public": {
                "buildid": "18319738",
                "timeupdated": "1746179076"
            }
        }
    }
}