{
    "appid": "3093110",
    "type": "Demo",
    "name": "Light - Die to Survive - Demo",
    "schinese_name": "",
    "isfreeapp": "0",
    "change_number": "24675325",
    "update_time": "2024-08-07 05:31:47",
    "depot": {
        "3093111": {
            "manifests": {
                "public": {
                    "gid": "2940713671546343086",
                    "size": "2197471681",
                    "download": "1919689024"
                }
            },
            "decryptionkey": "f812b0ad60f629eb452bd5f43a6fbc9cd77607fed556cf257cf2d826b241a7d6"
        },
        "branches": {
            "public": {
                "buildid": "15207647",
                "timeupdated": "1722397377"
            }
        }
    }
}