{
    "appid": "2950240",
    "type": "Music",
    "name": "ネジ込みシミュレーター: あまねのドラマ01 -魔法少女は敗北しました。最強魔法少女の無様敗北マゾ堕ち調教記録-",
    "schinese_name": "",
    "isfreeapp": "0",
    "change_number": "26698418",
    "update_time": "2024-12-19 00:19:35",
    "depot": {
        "2950242": {
            "manifests": {
                "public": {
                    "gid": "4380094316116907074",
                    "size": "444954528",
                    "download": "440591088"
                },
                "1.0.0": {
                    "gid": "4380094316116907074",
                    "size": "444954528",
                    "download": "440591088"
                }
            },
            "decryptionkey": "7f05a14371d2d82f9670eaa8fba2557b54c4ee36d1cda80a13e971f70a739150"
        },
        "2950241": {
            "config": {
                "highqualityaudio": "1"
            },
            "manifests": {
                "public": {
                    "gid": "8683844536433494152",
                    "size": "4136034416",
                    "download": "2575325008"
                },
                "1.0.0": {
                    "gid": "8683844536433494152",
                    "size": "4136034416",
                    "download": "2575325008"
                }
            },
            "decryptionkey": "752dd30f53e39e02b177b333bb8ad4790023cd507315a5cb391a61d7b66ed0b8"
        },
        "branches": {
            "public": {
                "buildid": "14299892",
                "timeupdated": "1715151614"
            },
            "1.0.0": {
                "buildid": "14299892",
                "description": "公開用",
                "timeupdated": "1715151582"
            }
        }
    }
}