{
    "appid": "3373650",
    "type": "Demo",
    "name": "Crescent County Demo",
    "schinese_name": "",
    "isfreeapp": "0",
    "change_number": "28413585",
    "update_time": "2025-04-11 01:56:59",
    "depot": {
        "228989": {
            "config": {
                "oslist": "windows"
            },
            "depotfromapp": "228980",
            "sharedinstall": "1"
        },
        "228990": {
            "config": {
                "oslist": "windows"
            },
            "depotfromapp": "228980",
            "sharedinstall": "1"
        },
        "3373651": {
            "config": {
                "oslist": "windows"
            },
            "manifests": {
                "public": {
                    "gid": "1365191878573264602",
                    "size": "1746756744",
                    "download": "1578847264"
                },
                "development": {
                    "gid": "8881112826700479434",
                    "size": "1764285923",
                    "download": "1592593280"
                },
                "lgf_build": {
                    "gid": "1365191878573264602",
                    "size": "1746756744",
                    "download": "1578847264"
                }
            },
            "decryptionkey": "2ac1515c5aa0ae4a8f245c15c568ca58ced8632420a071cbe8d40c10e4aea0cb"
        },
        "3373652": {
            "config": {
                "oslist": "linux"
            },
            "manifests": {
                "public": {
                    "gid": "2083517480553619653",
                    "size": "1511984253",
                    "download": "1329140752"
                },
                "development": {
                    "gid": "5595033679191017380",
                    "size": "1520029892",
                    "download": "1334986960"
                },
                "lgf_build": {
                    "gid": "3674705530513016458",
                    "size": "1519976623",
                    "download": "1334992688"
                }
            }
        },
        "branches": {
            "public": {
                "buildid": "16710888",
                "timeupdated": "1733939109"
            },
            "development": {
                "buildid": "17274487",
                "description": "for latest changes",
                "timeupdated": "1738890451"
            },
            "lgf_build": {
                "buildid": "18060406",
                "description": "Build for LGF",
                "timeupdated": "1744307813"
            }
        },
        "privatebranches": "1"
    }
}