{
    "appid": "3389830",
    "type": "Music",
    "name": "The Devil's Match",
    "schinese_name": "",
    "isfreeapp": "0",
    "change_number": "28055882",
    "update_time": "2025-03-21 01:10:47",
    "depot": {
        "3389831": {
            "manifests": {
                "public": {
                    "gid": "7512547663664261269",
                    "size": "54951326",
                    "download": "46313472"
                }
            },
            "decryptionkey": "42c000a5ccae066e5965848d4c890a3484afb665bfd2346906d91b314efaaa20"
        },
        "3389832": {
            "config": {
                "highqualityaudio": "1"
            },
            "manifests": {
                "public": {
                    "gid": "1232806490997638344",
                    "size": "394717232",
                    "download": "366788672"
                }
            },
            "decryptionkey": "302a61470970a4a69b5bc7eb5bd030513128c0ea6eb4f135d5a57353d777f0bd"
        },
        "branches": {
            "public": {
                "buildid": "16682370",
                "timeupdated": "1733759410"
            }
        }
    }
}