{
    "appid": "3096400",
    "type": "Game",
    "name": "Beauty Riddle",
    "schinese_name": "美眉猜谜",
    "isfreeapp": "0",
    "change_number": "27978207",
    "update_time": "2025-03-16 12:21:35",
    "depot": {
        "3096401": {
            "manifests": {
                "public": {
                    "gid": "5172095788824227758",
                    "size": "387697964",
                    "download": "281437856"
                }
            },
            "decryptionkey": "42203e54c44cd3117550809e04f6b531b56a09283bd556c67b1d03687d20886e"
        },
        "hasdepotsindlc": "1",
        "branches": {
            "public": {
                "buildid": "15337439",
                "timeupdated": "1723432603"
            }
        }
    }
}