{
    "appid": "3193730",
    "type": "Game",
    "name": "Seek",
    "schinese_name": "",
    "isfreeapp": "0",
    "change_number": "29041079",
    "update_time": "2025-05-17 23:08:07",
    "depot": {
        "3193731": {
            "manifests": {
                "public": {
                    "gid": "2467448743502458182",
                    "size": "461957049",
                    "download": "243631696"
                }
            },
            "decryptionkey": "eb9694b2cc21d4697b6b4f58a3d215705eb558ddc58099e10298688011457c69"
        },
        "baselanguages": "english,schinese",
        "branches": {
            "public": {
                "buildid": "18503363",
                "timeupdated": "1747494484"
            }
        }
    }
}