{
    "appid": "3266160",
    "type": "Demo",
    "name": "Don't Be Afraid 2 Demo",
    "schinese_name": "不要害怕 2 试玩版",
    "isfreeapp": "0",
    "change_number": "26497156",
    "update_time": "2024-12-05 13:11:58",
    "depot": {
        "3266161": {
            "manifests": {
                "public": {
                    "gid": "7024102986668953065",
                    "size": "5982704702",
                    "download": "3889646528"
                }
            },
            "decryptionkey": "d7a5482fd4db4b65bba2ea6a8982e28e4dda2aff5f52ff2c67d86709dd515e4d"
        },
        "branches": {
            "public": {
                "buildid": "16177566",
                "timeupdated": "1730106714"
            }
        },
        "privatebranches": "1"
    }
}