{
    "appid": "2943090",
    "type": "Demo",
    "name": "灵域守护者 Demo",
    "schinese_name": "灵域守护者 Demo",
    "isfreeapp": "0",
    "change_number": "26768763",
    "update_time": "2024-12-24 10:15:01",
    "depot": {
        "2943091": {
            "config": {
                "oslist": "windows"
            },
            "manifests": {
                "public": {
                    "gid": "7271375073270687746",
                    "size": "275950509",
                    "download": "94928256"
                }
            },
            "decryptionkey": "8dfcd44e9bb08bc72167725cd491cc3c2b3e9f173ec126490a11a9168865a9f7"
        },
        "2943092": {
            "config": {
                "oslist": "macos"
            },
            "manifests": {
                "public": {
                    "gid": "7236224866339125676",
                    "size": "252682349",
                    "download": "88947120"
                }
            },
            "decryptionkey": ""
        },
        "branches": {
            "public": {
                "buildid": "14157789",
                "timeupdated": "1714009744"
            }
        },
        "privatebranches": "1"
    }
}