{
    "appid": "3143110",
    "type": "Game",
    "name": "Elden Sword",
    "schinese_name": "",
    "isfreeapp": "0",
    "change_number": "27482886",
    "update_time": "2025-02-15 00:15:26",
    "depot": {
        "228989": {
            "config": {
                "oslist": "windows"
            },
            "depotfromapp": "228980",
            "sharedinstall": "1"
        },
        "228990": {
            "config": {
                "oslist": "windows"
            },
            "depotfromapp": "228980",
            "sharedinstall": "1"
        },
        "3143111": {
            "manifests": {
                "public": {
                    "gid": "4253343548667302601",
                    "size": "2247931150",
                    "download": "2103174336"
                }
            },
            "decryptionkey": "6dc9e03be1796dcebee6992d829ad545d3cc9e6fb89534f86223b48513f953b9"
        },
        "branches": {
            "public": {
                "buildid": "15218179",
                "timeupdated": "1722501948"
            }
        }
    }
}