{
    "appid": "3113340",
    "type": "Game",
    "name": "Port Town: Survival",
    "schinese_name": "",
    "isfreeapp": "0",
    "change_number": "29015864",
    "update_time": "2025-05-16 11:19:52",
    "depot": {
        "228989": {
            "config": {
                "oslist": "windows"
            },
            "depotfromapp": "228980",
            "sharedinstall": "1"
        },
        "228990": {
            "config": {
                "oslist": "windows"
            },
            "depotfromapp": "228980",
            "sharedinstall": "1"
        },
        "baselanguages": "english",
        "3113341": {
            "manifests": {
                "public": {
                    "gid": "1643122533468682054",
                    "size": "3341942217",
                    "download": "3111356880"
                }
            },
            "decryptionkey": "16feeaa8ef091a4d85647f951cfab51d19bfbf8fa6bc5bfe0450198c2ec12607"
        },
        "branches": {
            "public": {
                "buildid": "17471420",
                "timeupdated": "1740285894"
            }
        }
    }
}