{
    "appid": "3050920",
    "type": "Game",
    "name": "Journey Of Rune",
    "schinese_name": "符文旅记",
    "isfreeapp": "0",
    "change_number": "29000868",
    "update_time": "2025-05-15 19:21:31",
    "depot": {
        "228989": {
            "config": {
                "oslist": "windows"
            },
            "depotfromapp": "228980",
            "sharedinstall": "1"
        },
        "228990": {
            "config": {
                "oslist": "windows"
            },
            "depotfromapp": "228980",
            "sharedinstall": "1"
        },
        "3050921": {
            "manifests": {
                "public": {
                    "gid": "7499723869002875023",
                    "size": "3303121756",
                    "download": "3077303744"
                }
            },
            "decryptionkey": "debc2452650ca69a26a1dbcff665a8b3e9f41cdc9f7f9953e138aa412f8f407d"
        },
        "branches": {
            "public": {
                "buildid": "18474886",
                "timeupdated": "1747308065"
            }
        }
    }
}