{
    "appid": "3136020",
    "type": "Game",
    "name": "My Cheetah Friend",
    "schinese_name": "",
    "isfreeapp": "0",
    "change_number": "29016278",
    "update_time": "2025-05-16 12:00:47",
    "depot": {
        "3136021": {
            "manifests": {
                "public": {
                    "gid": "1623272755764057591",
                    "size": "389023544",
                    "download": "276711632"
                }
            },
            "decryptionkey": "ab8ff62c7a1a4cd805bc24aa16a4bf9f50beaa8425d833bcb58539639743c581"
        },
        "branches": {
            "public": {
                "buildid": "17694756",
                "timeupdated": "1741792516"
            }
        }
    }
}