{
    "appid": "3048760",
    "type": "Game",
    "name": "Slay the Alice",
    "schinese_name": "",
    "isfreeapp": "0",
    "change_number": "27980817",
    "update_time": "2025-03-16 20:56:42",
    "depot": {
        "3048761": {
            "manifests": {
                "public": {
                    "gid": "2002277906224303482",
                    "size": "430142897",
                    "download": "166158288"
                }
            },
            "decryptionkey": "f25ed2e0ccc2359e14fbf86075683509ed8358decd0716c9b3685659732c2d36"
        },
        "branches": {
            "public": {
                "buildid": "17129567",
                "timeupdated": "1737800495"
            }
        }
    }
}