{
    "appid": "3132510",
    "type": "Tool",
    "name": "Astec-Expérimental",
    "schinese_name": "",
    "isfreeapp": "0",
    "change_number": "28400347",
    "update_time": "2025-04-10 13:30:50",
    "depot": {
        "hasdepotsindlc": "1",
        "1004": {
            "config": {
                "oslist": "windows"
            },
            "manifests": {
                "public": {
                    "gid": "7747775778018907449",
                    "size": "46727128",
                    "download": "14307024"
                }
            },
            "depotfromapp": "1007",
            "decryptionkey": "f21faa4f29ecee9d192fc1784d1701376eb87e13521824ceaf0116b10c558a81"
        },
        "1005": {
            "config": {
                "oslist": "macos"
            },
            "manifests": {
                "public": {
                    "gid": "2135359612286175146",
                    "size": "0",
                    "download": "0"
                }
            },
            "depotfromapp": "1007",
            "decryptionkey": "ffa980484d510ce8d7bfcdfde8545a438acc894accb6750711fdb75c0ee92ad9"
        },
        "1006": {
            "config": {
                "oslist": "linux"
            },
            "manifests": {
                "public": {
                    "gid": "7138471031118904166",
                    "size": "78382436",
                    "download": "21254752"
                }
            },
            "depotfromapp": "1007",
            "decryptionkey": "0a6d85ecbae0b6b89cf23244f6b4a69fe14e3e64b128473e93f9a2ed3d835b1c"
        },
        "228989": {
            "config": {
                "oslist": "windows"
            },
            "depotfromapp": "228980",
            "sharedinstall": "1"
        },
        "228990": {
            "config": {
                "oslist": "windows"
            },
            "depotfromapp": "228980",
            "sharedinstall": "1"
        },
        "229012": {
            "config": {
                "oslist": "windows"
            },
            "depotfromapp": "228980",
            "sharedinstall": "1"
        },
        "229020": {
            "config": {
                "oslist": "windows"
            },
            "depotfromapp": "228980",
            "sharedinstall": "1"
        },
        "229033": {
            "config": {
                "oslist": "windows"
            },
            "depotfromapp": "228980",
            "sharedinstall": "1"
        },
        "3132511": {
            "config": {
                "language": "english",
                "osarch": "64",
                "oslist": "windows"
            },
            "manifests": {
                "public": {
                    "gid": "7942011334781415806",
                    "size": "11957982690",
                    "download": "9352993920"
                }
            },
            "decryptionkey": "03df17c9481a4a6f6dbcb5842c17052496dfaa536082751adc1ad7945feb8dd5"
        },
        "3132500": {
            "config": {
                "language": "english",
                "oslist": "windows",
                "osarch": "64",
                "optionaldlc": "3132500"
            },
            "manifests": {
                "public": {
                    "gid": "919354034198150895",
                    "size": "6395945486",
                    "download": "2656626768"
                }
            },
            "dlcappid": "3132500",
            "depotfromapp": "3132500",
            "decryptionkey": "6cd4e7939eba04f999b6f5c2f1ceee4af2b854bbc1d1d4ccbcd2f2ce8ec84c3f"
        },
        "3081331": {
            "config": {
                "language": "english",
                "oslist": "windows",
                "osarch": "64"
            },
            "manifests": {
                "public": {
                    "gid": "8852270187971240744",
                    "size": "4385385349",
                    "download": "1011421952"
                }
            },
            "depotfromapp": "3081330",
            "decryptionkey": "c46a602c1f61bbe055ef09b6610a47a962741ea4c18ed4dbeefbc5f71df0237b"
        },
        "3042551": {
            "depotfromapp": "3042550"
        },
        "branches": {
            "public": {
                "buildid": "17935592",
                "timeupdated": "1743492022"
            }
        },
        "privatebranches": "1"
    }
}