{
    "appid": "3495760",
    "type": "DLC",
    "name": "Sex Apartment 💫 - Digital Artbook",
    "schinese_name": "",
    "isfreeapp": "0",
    "change_number": "27366342",
    "update_time": "2025-02-08 00:13:05",
    "depot": {
        "3495760": {
            "config": {
                "language": "english",
                "oslist": "windows"
            },
            "manifests": {
                "public": {
                    "gid": "376460977206387774",
                    "size": "78943847",
                    "download": "79142224"
                }
            },
            "dlcappid": "3495760",
            "decryptionkey": "69e2392b881b5da5883254c9297349ac89e05b301112be173caafdb90177440e"
        },
        "branches": {
            "public": {
                "buildid": "17233411",
                "timeupdated": "1738644965"
            }
        }
    }
}