{
    "appid": "3007500",
    "type": "Demo",
    "name": "漆黑猎场 Demo",
    "schinese_name": "漆黑猎场 Demo",
    "isfreeapp": "0",
    "change_number": "27382526",
    "update_time": "2025-02-09 06:26:49",
    "depot": {
        "baselanguages": "english,french,koreana,spanish,schinese,tchinese,japanese,brazilian",
        "3007501": {
            "config": {
                "oslist": "windows",
                "osarch": "64"
            },
            "manifests": {
                "public": {
                    "gid": "8973460725013913922",
                    "size": "894548712",
                    "download": "160564992"
                }
            },
            "decryptionkey": "83ba0ae52365aa9e1a1395ad55f1353a153d6dd85960d24c2b59d78a7fde6080"
        },
        "3007502": {
            "config": {
                "oslist": "macos",
                "osarch": "64"
            },
            "manifests": {
                "public": {
                    "gid": "5733981701300927667",
                    "size": "888922597",
                    "download": "158588464"
                }
            },
            "decryptionkey": ""
        },
        "branches": {
            "public": {
                "buildid": "16326142",
                "timeupdated": "1730976198"
            }
        }
    }
}