{
    "appid": "2993710",
    "type": "Demo",
    "name": "星尘之诗 Demo",
    "schinese_name": "星尘之诗 Demo",
    "isfreeapp": "0",
    "change_number": "27730924",
    "update_time": "2025-03-01 15:45:40",
    "depot": {
        "2993711": {
            "manifests": {
                "public": {
                    "gid": "7836705167873949122",
                    "size": "255300362",
                    "download": "162650480"
                }
            },
            "decryptionkey": "44cad76902f3818dfdbd7351561aa83eae329976a48344bcb8703c94fd631208"
        },
        "baselanguages": "english,schinese",
        "branches": {
            "public": {
                "buildid": "17454100",
                "timeupdated": "1740137342"
            }
        }
    }
}