{
    "appid": "3361140",
    "type": "Demo",
    "name": "Net.Attack() Demo",
    "schinese_name": "",
    "isfreeapp": "0",
    "change_number": "27275767",
    "update_time": "2025-02-02 17:34:45",
    "depot": {
        "3361141": {
            "manifests": {
                "public": {
                    "gid": "8995645752986348468",
                    "size": "1390344453",
                    "download": "163303040"
                }
            },
            "decryptionkey": "38f23ccf4d58a8c2a06f8bbee0afb7357c31901d6aa688e70ebf487f69d11b96"
        },
        "branches": {
            "public": {
                "buildid": "16750514",
                "timeupdated": "1734263533"
            }
        }
    }
}