{
    "appid": "3560760",
    "type": "Music",
    "name": "Promise Mascot Agency Soundtrack - Side Alpha Chrome Yayo",
    "schinese_name": "《达愿福神社》原声音乐：《Side Alpha Chrome Yayo》",
    "isfreeapp": "0",
    "change_number": "29044401",
    "update_time": "2025-05-18 07:09:58",
    "depot": {
        "3560761": {
            "manifests": {
                "public": {
                    "gid": "779833258704945706",
                    "size": "214421299",
                    "download": "213772832"
                }
            },
            "decryptionkey": "fd45688c1cb976437d9e8ac47938f076b017149b416f5d4998e0bdcc8ab9eb31"
        },
        "3560762": {
            "config": {
                "highqualityaudio": "1"
            },
            "manifests": {
                "public": {
                    "gid": "5140239274200816094",
                    "size": "1417882672",
                    "download": "1393510144"
                }
            },
            "decryptionkey": "5ecbc14a94c7cc2742b9fb59ae84e432f4d0bb293b118ec11bb982b3302643c9"
        },
        "branches": {
            "public": {
                "buildid": "17611254",
                "timeupdated": "1741216635"
            }
        }
    }
}