{
    "appid": "3082890",
    "type": "Game",
    "name": "The Faceless Killer",
    "schinese_name": "",
    "isfreeapp": "0",
    "change_number": "26841784",
    "update_time": "2025-01-03 00:49:35",
    "depot": {
        "hasdepotsindlc": "1",
        "baselanguages": "english",
        "3082891": {
            "config": {
                "oslist": "windows"
            },
            "manifests": {
                "public": {
                    "gid": "7417662655171187430",
                    "size": "186656976",
                    "download": "84159904"
                }
            },
            "decryptionkey": "1c2f59f5f1b3942770999e1841a68826020625b3367816eea98da322be2c5ed5"
        },
        "3082892": {
            "config": {
                "oslist": "linux"
            },
            "manifests": {
                "public": {
                    "gid": "5702268461812691921",
                    "size": "170139584",
                    "download": "79712864"
                }
            },
            "decryptionkey": ""
        },
        "branches": {
            "public": {
                "buildid": "16881848",
                "timeupdated": "1735650443"
            }
        }
    }
}