{
    "appid": "3196310",
    "type": "Game",
    "name": "MeiQi 2024",
    "schinese_name": "孙美琪疑案 2024",
    "isfreeapp": "0",
    "change_number": "28075875",
    "update_time": "2025-03-22 00:19:11",
    "depot": {
        "228989": {
            "config": {
                "oslist": "windows"
            },
            "depotfromapp": "228980",
            "sharedinstall": "1"
        },
        "228990": {
            "config": {
                "oslist": "windows"
            },
            "depotfromapp": "228980",
            "sharedinstall": "1"
        },
        "3196311": {
            "manifests": {
                "public": {
                    "gid": "3418018238117107238",
                    "size": "6698386734",
                    "download": "5868729344"
                }
            },
            "decryptionkey": "91826bf287e1c662681cd717751ad39a17628aa0a412d6a7c6464519dd8d1bb4"
        },
        "branches": {
            "public": {
                "buildid": "17652929",
                "timeupdated": "1741532270"
            }
        },
        "privatebranches": "1"
    }
}