{
    "appid": "3298670",
    "type": "Demo",
    "name": "Stone Demo",
    "schinese_name": "石头 Demo",
    "isfreeapp": "0",
    "change_number": "27866373",
    "update_time": "2025-03-10 15:15:08",
    "depot": {
        "228989": {
            "config": {
                "oslist": "windows"
            },
            "depotfromapp": "228980",
            "sharedinstall": "1"
        },
        "228990": {
            "config": {
                "oslist": "windows"
            },
            "depotfromapp": "228980",
            "sharedinstall": "1"
        },
        "229007": {
            "config": {
                "oslist": "windows"
            },
            "depotfromapp": "228980",
            "sharedinstall": "1"
        },
        "baselanguages": "english,schinese",
        "3298671": {
            "config": {
                "oslist": "windows",
                "osarch": "64"
            },
            "manifests": {
                "public": {
                    "gid": "4448000566567421636",
                    "size": "14100130230",
                    "download": "4551465280"
                }
            },
            "decryptionkey": "b1cbe4ec3b99408399fcc522315865e6a91a14757d6b2337010afc2b8b9c55ca"
        },
        "branches": {
            "public": {
                "buildid": "17658045",
                "timeupdated": "1741590905"
            }
        },
        "privatebranches": "1"
    }
}