{
    "appid": "3207930",
    "type": "Demo",
    "name": "Widget Inc. Demo",
    "schinese_name": "",
    "isfreeapp": "0",
    "change_number": "25993506",
    "update_time": "2024-11-01 00:59:55",
    "depot": {
        "3207931": {
            "manifests": {
                "public": {
                    "gid": "2131087910020345352",
                    "size": "157537756",
                    "download": "91325264"
                }
            },
            "decryptionkey": "483cb55282217c7e921146205c5aa47046090cffaedbab81d7ca906a511809e0"
        },
        "branches": {
            "public": {
                "buildid": "16088194",
                "timeupdated": "1729206659"
            }
        }
    }
}