{
    "appid": "3211460",
    "type": "Game",
    "name": "ABYSS SEEKERーーWhat Do You See Deep in The Abyss",
    "schinese_name": "ABYSS SEEKER　在深渊的尽头你看到了什么",
    "isfreeapp": "0",
    "change_number": "28705330",
    "update_time": "2025-04-28 19:54:53",
    "depot": {
        "3211461": {
            "config": {
                "oslist": "windows",
                "osarch": "64"
            },
            "manifests": {
                "public": {
                    "gid": "451784648993722093",
                    "size": "654945837",
                    "download": "391525152"
                }
            },
            "decryptionkey": "53dadb659e0c0bfb9e51d1808ecaa8883051d33420e73a7619caa7638fe52a2b"
        },
        "branches": {
            "public": {
                "buildid": "17582672",
                "timeupdated": "1741852623"
            }
        },
        "privatebranches": "1"
    }
}