{
    "appid": "2969160",
    "type": "Game",
    "name": "除邪(CHUXIE)",
    "schinese_name": "",
    "isfreeapp": "0",
    "change_number": "28448523",
    "update_time": "2025-04-13 06:11:34",
    "depot": {
        "228989": {
            "config": {
                "oslist": "windows"
            },
            "depotfromapp": "228980",
            "sharedinstall": "1"
        },
        "228990": {
            "config": {
                "oslist": "windows"
            },
            "depotfromapp": "228980",
            "sharedinstall": "1"
        },
        "2969161": {
            "manifests": {
                "public": {
                    "gid": "4322402225192930094",
                    "size": "7360918568",
                    "download": "7229465440"
                }
            },
            "decryptionkey": "8a72f527e85e3515970130c2b7cfd62faecc546adb25d2f2abdb5ce1c129dddd"
        },
        "baselanguages": "english,schinese",
        "branches": {
            "public": {
                "buildid": "16024957",
                "timeupdated": "1728803862"
            }
        }
    }
}