{
    "appid": "3091660",
    "type": "Game",
    "name": "Through",
    "schinese_name": "",
    "isfreeapp": "1",
    "change_number": "28906878",
    "update_time": "2025-05-10 01:33:01",
    "depot": {
        "228989": {
            "config": {
                "oslist": "windows"
            },
            "depotfromapp": "228980",
            "sharedinstall": "1"
        },
        "228990": {
            "config": {
                "oslist": "windows"
            },
            "depotfromapp": "228980",
            "sharedinstall": "1"
        },
        "3091661": {
            "manifests": {
                "public": {
                    "gid": "8347686543158442342",
                    "size": "822109689",
                    "download": "496425328"
                }
            },
            "decryptionkey": "bfa162c1aab35d608135e1ce4ce24ef3738d8ad85ac5cb0b20391e25f75cfe00"
        },
        "baselanguages": "english,spanish",
        "branches": {
            "public": {
                "buildid": "16268442",
                "timeupdated": "1730488472"
            }
        }
    }
}