{
    "appid": "3030810",
    "type": "Game",
    "name": "ARVIS Punch",
    "schinese_name": "",
    "isfreeapp": "0",
    "change_number": "25936453",
    "update_time": "2024-10-29 02:03:16",
    "depot": {
        "3030811": {
            "manifests": {
                "public": {
                    "gid": "6057228230380107972",
                    "size": "1299727185",
                    "download": "388542848"
                }
            },
            "decryptionkey": "21f3fdbee7f2e4f6f391e919d650dbc25c32c92728a817f17c09996855d627f2"
        },
        "branches": {
            "public": {
                "buildid": "16209551",
                "timeupdated": "1730138594"
            }
        }
    }
}