{
    "appid": "3125720",
    "type": "Demo",
    "name": "Incredifall Demo",
    "schinese_name": "",
    "isfreeapp": "0",
    "change_number": "24518832",
    "update_time": "2024-07-26 12:00:59",
    "depot": {
        "228989": {
            "config": {
                "oslist": "windows"
            },
            "depotfromapp": "228980",
            "sharedinstall": "1"
        },
        "228990": {
            "config": {
                "oslist": "windows"
            },
            "depotfromapp": "228980",
            "sharedinstall": "1"
        },
        "3125721": {
            "manifests": {
                "public": {
                    "gid": "6546471494161130650",
                    "size": "880941328",
                    "download": "782750512"
                }
            },
            "decryptionkey": "ca4908b6fe641cedb7edda95cb171d67f6dbd060f2560d6eb1f04b801a733b94"
        },
        "branches": {
            "public": {
                "buildid": "15120738",
                "timeupdated": "1721713964"
            }
        }
    }
}