{
    "appid": "2998880",
    "type": "Game",
    "name": "Hot & Lewd: Miami",
    "schinese_name": "",
    "isfreeapp": "0",
    "change_number": "28979310",
    "update_time": "2025-05-14 22:46:35",
    "depot": {
        "2998881": {
            "manifests": {
                "public": {
                    "gid": "4602314576459590575",
                    "size": "4416698605",
                    "download": "4256750640"
                }
            },
            "decryptionkey": "9ce05364592e2d5e03413ce4dd777eca4473cbc3eb5126626d1b203ad0f07c7c"
        },
        "branches": {
            "public": {
                "buildid": "14703663",
                "timeupdated": "1718273492"
            }
        }
    }
}