{
    "appid": "3071350",
    "type": "Game",
    "name": "Pig Knight",
    "schinese_name": "",
    "isfreeapp": "0",
    "change_number": "26375805",
    "update_time": "2024-12-08 11:19:30",
    "depot": {
        "3071351": {
            "manifests": {
                "public": {
                    "gid": "5427169228946798551",
                    "size": "59900878",
                    "download": "17754480"
                }
            },
            "decryptionkey": "b16569d99019bacc1058ebc2b0aec043d7c428ceeea9660489f2608bcbbcb89d"
        },
        "branches": {
            "public": {
                "buildid": "14807779",
                "timeupdated": "1719113787"
            }
        }
    },
    "access_token": 818186421875557649
}