{
    "appid": "3395810",
    "type": "Game",
    "name": "Suspense: Madman's Dreams",
    "schinese_name": "",
    "isfreeapp": "0",
    "change_number": "28969915",
    "update_time": "2025-05-14 07:16:13",
    "depot": {
        "228989": {
            "config": {
                "oslist": "windows"
            },
            "depotfromapp": "228980",
            "sharedinstall": "1"
        },
        "228990": {
            "config": {
                "oslist": "windows"
            },
            "depotfromapp": "228980",
            "sharedinstall": "1"
        },
        "3395811": {
            "config": {
                "oslist": "windows",
                "osarch": "64"
            },
            "manifests": {
                "public": {
                    "gid": "7908774884766657820",
                    "size": "9128159728",
                    "download": "7921527968"
                },
                "devs": {
                    "gid": "3722679270613869005",
                    "size": "9126019512",
                    "download": "7919934416"
                }
            },
            "decryptionkey": "ad7cb6027f7abd27e0d6dd021d552a1122316ee1e1899127ae8b9d76bbbe79d8"
        },
        "branches": {
            "public": {
                "buildid": "18312778",
                "timeupdated": "1746126265"
            },
            "devs": {
                "buildid": "18091297",
                "description": "test",
                "timeupdated": "1744570013"
            }
        }
    }
}