{
    "appid": "2999640",
    "type": "DLC",
    "name": "Metaphor: ReFantazio - Digital Soundtrack",
    "schinese_name": "暗喻幻想：ReFantazio 数字特别原声集",
    "isfreeapp": "0",
    "change_number": "26928210",
    "update_time": "2025-01-10 02:06:00",
    "depot": {
        "2999640": {
            "manifests": {
                "public": {
                    "gid": "7098567140540487946",
                    "size": "2343651498",
                    "download": "2127863952"
                }
            },
            "dlcappid": "2999640",
            "decryptionkey": "52fc013d9924ce3cabc75b710214d182cdf62cae67e14fcaeb8ae77e3b546e56"
        },
        "branches": {
            "public": {
                "buildid": "15610177",
                "timeupdated": "1726817019"
            }
        },
        "privatebranches": "1"
    }
}