{
    "appid": "3225830",
    "type": "Game",
    "name": "Reverie",
    "schinese_name": "",
    "isfreeapp": "0",
    "change_number": "25670476",
    "update_time": "2024-10-19 16:41:26",
    "depot": {
        "3225831": {
            "manifests": {
                "public": {
                    "gid": "6411117860693697301",
                    "size": "184990213",
                    "download": "30284208"
                }
            },
            "decryptionkey": "23ebc9b3ba64db65d381ebdfe336abe49d124ae66c0c42dada28d694cfbfdc33"
        },
        "branches": {
            "public": {
                "buildid": "15652098",
                "timeupdated": "1725976913"
            }
        }
    }
}