{
    "appid": "3275340",
    "type": "DLC",
    "name": "Montezuma's Revenge - Director's Cut",
    "schinese_name": "",
    "isfreeapp": "0",
    "change_number": "27026999",
    "update_time": "2025-01-16 23:03:37",
    "depot": {
        "3275340": {
            "config": {
                "oslist": "windows",
                "osarch": "32"
            },
            "dlcappid": "3275340",
            "manifests": {
                "public": {
                    "gid": "2685071304503494735",
                    "size": "81652653",
                    "download": "53876560"
                }
            },
            "decryptionkey": "6a4a01028a95aa8dffea3b6027edb86e7192ac70e9c6c44d6207483fa3bc9792"
        },
        "branches": {
            "public": {
                "buildid": "16080248",
                "timeupdated": "1729164310"
            }
        }
    }
}