{
    "appid": "3146250",
    "type": "Game",
    "name": "Escape The Maze",
    "schinese_name": "",
    "isfreeapp": "0",
    "change_number": "24860936",
    "update_time": "2024-08-20 17:08:00",
    "depot": {
        "228989": {
            "config": {
                "oslist": "windows"
            },
            "depotfromapp": "228980",
            "sharedinstall": "1"
        },
        "228990": {
            "config": {
                "oslist": "windows"
            },
            "depotfromapp": "228980",
            "sharedinstall": "1"
        },
        "3146251": {
            "manifests": {
                "public": {
                    "gid": "7504948511280733522",
                    "size": "703091615",
                    "download": "404478032"
                }
            },
            "decryptionkey": "0538d96812710888a2da579000b3379fb5c05431efe6c833ae0b574955a3ce50"
        },
        "branches": {
            "public": {
                "buildid": "15240017",
                "timeupdated": "1722602265"
            }
        }
    }
}