{
    "appid": "3335850",
    "type": "Demo",
    "name": "Soccer Pro Simulator Demo",
    "schinese_name": "",
    "isfreeapp": "0",
    "change_number": "26304310",
    "update_time": "2024-11-22 03:03:18",
    "depot": {
        "3335851": {
            "manifests": {
                "public": {
                    "gid": "6976271337792119302",
                    "size": "335434855",
                    "download": "144948288"
                }
            },
            "decryptionkey": "930e63993da4079a344d68af7b9ed9d6fbcb3df2336c847bffe811f0d60687c9"
        },
        "branches": {
            "public": {
                "buildid": "16490798",
                "timeupdated": "1732215793"
            }
        }
    }
}