{
    "appid": "3199680",
    "type": "DLC",
    "name": "Fairy Massage: Digital Artbook",
    "schinese_name": "仙女按摩: Digital Artbook",
    "isfreeapp": "0",
    "change_number": "25455413",
    "update_time": "2024-09-30 17:31:27",
    "depot": {
        "3199680": {
            "manifests": {
                "public": {
                    "gid": "2091547402830336818",
                    "size": "22290282",
                    "download": "21027920"
                }
            },
            "dlcappid": "3199680",
            "decryptionkey": "0541e97af6d7f4492be0b946745ef7e4eefb8ba31bb6c7f0e9c4582b37a2a456"
        },
        "branches": {
            "public": {
                "buildid": "15518025",
                "timeupdated": "1726212344"
            }
        }
    }
}