{
    "appid": "3365000",
    "type": "Game",
    "name": "Zombies Ate My Femboy",
    "schinese_name": "",
    "isfreeapp": "0",
    "change_number": "29048545",
    "update_time": "2025-05-18 20:16:17",
    "depot": {
        "3365001": {
            "manifests": {
                "public": {
                    "gid": "7482616706252023331",
                    "size": "43202010",
                    "download": "27259920"
                }
            },
            "decryptionkey": "9fee11fef8d1c6d5c01d23d6854a9a17fa980d02b8b236f10e1c1e66757120f2"
        },
        "branches": {
            "public": {
                "buildid": "16708228",
                "timeupdated": "1733925194"
            }
        }
    }
}