{
    "appid": "3104230",
    "type": "Game",
    "name": "致命终局 Deadly Endgame",
    "schinese_name": "",
    "isfreeapp": "0",
    "change_number": "28902704",
    "update_time": "2025-05-09 21:35:07",
    "depot": {
        "baselanguages": "english,schinese",
        "hasdepotsindlc": "1",
        "3370220": {
            "dlcappid": "3370220"
        },
        "3104232": {
            "config": {
                "oslist": "windows",
                "osarch": "64"
            },
            "manifests": {
                "public": {
                    "gid": "7187022621572532688",
                    "size": "879869056",
                    "download": "636642096"
                }
            },
            "decryptionkey": "116dba4c34483ecdbea917a4ff8f3cf5ade8a706adaa94f1e5490c1436460f93"
        },
        "3104233": {
            "config": {
                "oslist": "linux",
                "osarch": "64"
            },
            "manifests": {
                "public": {
                    "gid": "7348519339252672031",
                    "size": "879449439",
                    "download": "631384240"
                }
            },
            "decryptionkey": ""
        },
        "3104234": {
            "config": {
                "oslist": "macos"
            },
            "manifests": {
                "public": {
                    "gid": "8900002605122437312",
                    "size": "848662552",
                    "download": "621312064"
                }
            },
            "decryptionkey": ""
        },
        "3104231": {
            "config": {
                "oslist": "windows",
                "osarch": "64"
            },
            "manifests": {
                "public": {
                    "gid": "2595264310348782027",
                    "size": "2023860712",
                    "download": "1647889504"
                }
            },
            "decryptionkey": "e01d2f99afa338cd6651793fbee4cbf977127cdf372d45dbf27d8bd0a2741de3"
        },
        "branches": {
            "public": {
                "buildid": "17081450",
                "timeupdated": "1737484986"
            }
        }
    }
}