{
    "appid": "3354660",
    "type": "DLC",
    "name": "Beat Saber - Metallica - Nothing Else Matters",
    "schinese_name": "",
    "isfreeapp": "0",
    "change_number": "26577820",
    "update_time": "2024-12-10 23:44:36",
    "depot": {
        "3354660": {
            "manifests": {
                "public": {
                    "gid": "4098771097815676336",
                    "size": "20019160",
                    "download": "20293328"
                }
            },
            "dlcappid": "3354660",
            "decryptionkey": "8a30d03d4d146489e28e6f392fb7337deaa9281e1801fc7a5394b0140c23f403"
        },
        "branches": {
            "public": {
                "buildid": "16539580",
                "timeupdated": "1732636579"
            }
        }
    }
}