{
    "appid": "3005980",
    "type": "Demo",
    "name": "Hungry Noemi Demo",
    "schinese_name": "",
    "isfreeapp": "0",
    "change_number": "24328596",
    "update_time": "2024-07-16 02:47:08",
    "depot": {
        "3005981": {
            "config": {
                "oslist": "windows"
            },
            "manifests": {
                "public": {
                    "gid": "7613204243311322942",
                    "size": "795932798",
                    "download": "577780080"
                }
            },
            "decryptionkey": "286279245c56c0bb349f175d70168d2f14ae5d7d3c47ca470ebbbc7868fb5c30"
        },
        "3005982": {
            "config": {
                "oslist": "macos"
            },
            "manifests": {
                "public": {
                    "gid": "5810916626046453249",
                    "size": "906182663",
                    "download": "610218144"
                }
            },
            "decryptionkey": ""
        },
        "branches": {
            "public": {
                "buildid": "14704643",
                "timeupdated": "1718277745"
            }
        }
    }
}