{
    "appid": "3012420",
    "type": "Game",
    "name": "抓到冒險者醬了！～Live2D觸手模擬器～",
    "schinese_name": "抓到冒险者酱了！ ～Live2D触手模拟器～",
    "isfreeapp": "0",
    "change_number": "29015780",
    "update_time": "2025-05-16 11:12:44",
    "depot": {
        "baselanguages": "japanese",
        "3012421": {
            "config": {
                "oslist": "windows",
                "language": "japanese"
            },
            "manifests": {
                "public": {
                    "gid": "3907196621606956922",
                    "size": "1797205867",
                    "download": "338354640"
                },
                "fortest": {
                    "gid": "3907196621606956922",
                    "size": "1797205867",
                    "download": "338354640"
                }
            },
            "decryptionkey": "843b7d0a655641439b1cf2b9ec284b87bebebf8a621e8f4e48b636c582130831"
        },
        "hasdepotsindlc": "0",
        "branches": {
            "public": {
                "buildid": "15044720",
                "timeupdated": "1721102671"
            },
            "fortest": {
                "buildid": "15044720",
                "description": "ForTest",
                "timeupdated": "1721102370"
            }
        }
    }
}