{
    "appid": "3081330",
    "type": "Game",
    "name": "Bythzkel Sombréa",
    "schinese_name": "",
    "isfreeapp": "1",
    "change_number": "28636591",
    "update_time": "2025-04-24 12:42:39",
    "depot": {
        "hasdepotsindlc": "1",
        "228984": {
            "config": {
                "oslist": "windows"
            },
            "depotfromapp": "228980",
            "sharedinstall": "1"
        },
        "228989": {
            "config": {
                "oslist": "windows"
            },
            "depotfromapp": "228980",
            "sharedinstall": "1"
        },
        "228990": {
            "config": {
                "oslist": "windows"
            },
            "depotfromapp": "228980",
            "sharedinstall": "1"
        },
        "229005": {
            "config": {
                "oslist": "windows"
            },
            "depotfromapp": "228980",
            "sharedinstall": "1"
        },
        "229011": {
            "config": {
                "oslist": "windows"
            },
            "depotfromapp": "228980",
            "sharedinstall": "1"
        },
        "229020": {
            "config": {
                "oslist": "windows"
            },
            "depotfromapp": "228980",
            "sharedinstall": "1"
        },
        "229033": {
            "config": {
                "oslist": "windows"
            },
            "depotfromapp": "228980",
            "sharedinstall": "1"
        },
        "3081331": {
            "config": {
                "language": "english",
                "oslist": "windows",
                "osarch": "64"
            },
            "manifests": {
                "public": {
                    "gid": "8852270187971240744",
                    "size": "4385385349",
                    "download": "1011421952"
                }
            },
            "decryptionkey": "c46a602c1f61bbe055ef09b6610a47a962741ea4c18ed4dbeefbc5f71df0237b"
        },
        "workshopdepot": "3081330",
        "branches": {
            "public": {
                "buildid": "18051391",
                "timeupdated": "1744263015"
            }
        },
        "privatebranches": "1"
    }
}