{
    "appid": "3467440",
    "type": "Music",
    "name": "Rusty Rabbit Original Soundtrack",
    "schinese_name": "",
    "isfreeapp": "0",
    "change_number": "28610308",
    "update_time": "2025-04-23 06:44:50",
    "depot": {
        "3467441": {
            "manifests": {
                "public": {
                    "gid": "4729613051557467933",
                    "size": "72791009",
                    "download": "72036304"
                }
            },
            "decryptionkey": "2dde3aa36099586442ffd9c4218b6e0618aae756346d83778632184af9ab416c"
        },
        "branches": {
            "public": {
                "buildid": "17008474",
                "timeupdated": "1737002393"
            }
        },
        "privatebranches": "1"
    }
}