{
    "appid": "3075310",
    "type": "Beta",
    "name": "Pirates Outlaws 2: Heritage Playtest",
    "schinese_name": "",
    "isfreeapp": "0",
    "change_number": "26064662",
    "update_time": "2024-11-06 09:44:40",
    "depot": {
        "3075311": {
            "config": {
                "oslist": "windows",
                "osarch": "64"
            },
            "manifests": {
                "public": {
                    "gid": "1062511209178659847",
                    "size": "464509027",
                    "download": "304570992"
                }
            },
            "decryptionkey": "b690e92ef04a09728fc7b09eeb7beccc48012d743568665b5396889b690d0d38"
        },
        "baselanguages": "english,schinese",
        "branches": {
            "public": {
                "buildid": "16298332",
                "timeupdated": "1730798681"
            }
        }
    }
}