{
    "appid": "3117620",
    "type": "Game",
    "name": "Robabekya",
    "schinese_name": "",
    "isfreeapp": "0",
    "change_number": "28823210",
    "update_time": "2025-05-05 21:46:17",
    "depot": {
        "228988": {
            "config": {
                "oslist": "windows"
            },
            "depotfromapp": "228980",
            "sharedinstall": "1"
        },
        "228989": {
            "config": {
                "oslist": "windows"
            },
            "depotfromapp": "228980",
            "sharedinstall": "1"
        },
        "228990": {
            "config": {
                "oslist": "windows"
            },
            "depotfromapp": "228980",
            "sharedinstall": "1"
        },
        "hasdepotsindlc": "1",
        "3117621": {
            "config": {
                "oslist": "windows",
                "osarch": "64"
            },
            "manifests": {
                "public": {
                    "gid": "7623940656685351170",
                    "size": "37799267501",
                    "download": "12185561136"
                }
            },
            "decryptionkey": "849a32f2700eef5b5d1be62bdfa33b716d67fd35fc673b55c1910a25f03eb722"
        },
        "branches": {
            "public": {
                "buildid": "18346835",
                "timeupdated": "1746452773"
            }
        }
    }
}