{
    "appid": "3123870",
    "type": "Demo",
    "name": "Vambrace: Dungeon Monarch Demo",
    "schinese_name": "",
    "isfreeapp": "0",
    "change_number": "27102243",
    "update_time": "2025-01-22 08:00:26",
    "depot": {
        "3123871": {
            "manifests": {
                "public": {
                    "gid": "6615623872059758640",
                    "size": "1793605370",
                    "download": "724227296"
                }
            },
            "decryptionkey": "648c27f83f362b6ecb5466cee7469cee2c75aaa09364bff21af8df7b067189f2"
        },
        "baselanguages": "english,koreana",
        "branches": {
            "public": {
                "buildid": "15453871",
                "timeupdated": "1724297224"
            }
        },
        "privatebranches": "1"
    }
}