{
    "appid": "3500410",
    "type": "Game",
    "name": "󠀡󠀡?",
    "schinese_name": "",
    "isfreeapp": "0",
    "change_number": "28681621",
    "update_time": "2025-04-26 18:53:48",
    "depot": {
        "3500411": {
            "manifests": {
                "public": {
                    "gid": "3569147852224667696",
                    "size": "517733775",
                    "download": "62363792"
                }
            },
            "decryptionkey": "31065f8209bf2d3f2436b50afd21b32d00bb747a6510ce41d66c333d26d8a64d"
        },
        "branches": {
            "public": {
                "buildid": "17527388",
                "timeupdated": "1740643566"
            }
        }
    }
}