{
    "appid": "3107330",
    "type": "Game",
    "name": "Nodebuster",
    "schinese_name": "",
    "isfreeapp": "0",
    "change_number": "29016213",
    "update_time": "2025-05-16 11:54:51",
    "depot": {
        "3107331": {
            "manifests": {
                "public": {
                    "gid": "6218644679477005959",
                    "size": "103305039",
                    "download": "47775424"
                }
            },
            "decryptionkey": "37d4e53fbd3c0b7fa350edff9e11799edbecc6267c54d514128c102d8d390997"
        },
        "branches": {
            "public": {
                "buildid": "17003764",
                "timeupdated": "1736881267"
            }
        }
    }
}