{
    "appid": "3264210",
    "type": "Demo",
    "name": "True Nightmare - Roadside Сafe Demo",
    "schinese_name": "",
    "isfreeapp": "0",
    "change_number": "26021766",
    "update_time": "2024-11-03 03:32:57",
    "depot": {
        "3264211": {
            "manifests": {
                "public": {
                    "gid": "6683833337285621512",
                    "size": "1219311264",
                    "download": "471917472"
                },
                "development": {
                    "gid": "6683833337285621512",
                    "size": "1219311264",
                    "download": "471917472"
                }
            },
            "decryptionkey": "143054e50159214f9ae19f3fff51d5940017fc76e5b8fc720e5aa172378232c8"
        },
        "branches": {
            "public": {
                "buildid": "16275932",
                "timeupdated": "1730575911"
            },
            "development": {
                "buildid": "16275932",
                "description": "for tests before default",
                "timeupdated": "1730574800"
            }
        }
    }
}