{
    "appid": "3263900",
    "type": "Demo",
    "name": "A Shelter Full of Cats Demo",
    "schinese_name": "",
    "isfreeapp": "0",
    "change_number": "26558384",
    "update_time": "2024-12-09 22:06:58",
    "depot": {
        "3263901": {
            "config": {
                "oslist": "windows"
            },
            "manifests": {
                "public": {
                    "gid": "7966061857960308304",
                    "size": "122623176",
                    "download": "76653536"
                }
            },
            "decryptionkey": "750855c906522bbd8e5f250d8ef3ca65be4925125d4b414c8e169547dd01fa33"
        },
        "3263902": {
            "config": {
                "oslist": "linux"
            },
            "manifests": {
                "public": {
                    "gid": "811715790589414060",
                    "size": "129208736",
                    "download": "78356368"
                }
            },
            "decryptionkey": ""
        },
        "branches": {
            "public": {
                "buildid": "16224239",
                "timeupdated": "1730219729"
            }
        }
    }
}