{
    "appid": "3205080",
    "type": "Game",
    "name": "Bad Parenting 1: Mr. Red Face",
    "schinese_name": "",
    "isfreeapp": "0",
    "change_number": "29016468",
    "update_time": "2025-05-16 12:19:19",
    "depot": {
        "3205081": {
            "config": {
                "oslist": "windows"
            },
            "manifests": {
                "public": {
                    "gid": "3707990341524785188",
                    "size": "227368251",
                    "download": "55065344"
                }
            },
            "decryptionkey": "0aafcaf23db45ca0d186061b0f4a323f8241469b9e166526250eec6d2bbeef93"
        },
        "branches": {
            "public": {
                "buildid": "16083269",
                "timeupdated": "1729179748"
            }
        },
        "privatebranches": "1"
    }
}