{
    "appid": "3200080",
    "type": "Demo",
    "name": "开宗立派 Demo",
    "schinese_name": "",
    "isfreeapp": "0",
    "change_number": "27493422",
    "update_time": "2025-02-15 19:14:55",
    "depot": {
        "3200081": {
            "manifests": {
                "public": {
                    "gid": "7158356278152139328",
                    "size": "486590755",
                    "download": "337676864"
                },
                "test": {
                    "gid": "7158356278152139328",
                    "size": "486590755",
                    "download": "337676864"
                }
            },
            "decryptionkey": "19a2717bcc3a4e4f1af863bbb5e9338fa95e225e1cd84de3cd0e9854e1c32627"
        },
        "baselanguages": "schinese",
        "branches": {
            "public": {
                "buildid": "16891152",
                "timeupdated": "1735817687"
            },
            "test": {
                "buildid": "16891152",
                "description": "Test branch",
                "timeupdated": "1735817559"
            }
        }
    }
}