{
    "appid": "3213990",
    "type": "Game",
    "name": "Chicken Fall:Joint raid",
    "schinese_name": "鸡从天降：联合出鸡",
    "isfreeapp": "0",
    "change_number": "27141023",
    "update_time": "2025-02-08 16:44:01",
    "depot": {
        "3213991": {
            "manifests": {
                "public": {
                    "gid": "2066131679410579994",
                    "size": "145968600",
                    "download": "84478752"
                }
            },
            "decryptionkey": "6ddb18eb0ce6e98761b559fbe95a369b10e1aa429d905dc044e8a75ff3603359"
        },
        "branches": {
            "public": {
                "buildid": "16076680",
                "timeupdated": "1729147313"
            }
        }
    },
    "access_token": 5559245086103655544
}