{
    "appid": "2949580",
    "type": "Game",
    "name": "琉隐九绝",
    "schinese_name": "琉隐九绝",
    "isfreeapp": "0",
    "change_number": "28458150",
    "update_time": "2025-04-14 08:44:29",
    "depot": {
        "hasdepotsindlc": "1",
        "baselanguages": "english,koreana,schinese,tchinese,japanese",
        "228988": {
            "config": {
                "oslist": "windows"
            },
            "depotfromapp": "228980",
            "sharedinstall": "1"
        },
        "228989": {
            "config": {
                "oslist": "windows"
            },
            "depotfromapp": "228980",
            "sharedinstall": "1"
        },
        "228990": {
            "config": {
                "oslist": "windows"
            },
            "depotfromapp": "228980",
            "sharedinstall": "1"
        },
        "2949581": {
            "config": {
                "oslist": "windows",
                "osarch": "64"
            },
            "manifests": {
                "public": {
                    "gid": "5981546711018337131",
                    "size": "5775191027",
                    "download": "5615518528"
                }
            },
            "decryptionkey": "85081af97dd5e355512fb526cd99075f1f2a1631b0285fd9412eec3e9195d498"
        },
        "branches": {
            "public": {
                "buildid": "18093018",
                "timeupdated": "1744591464"
            }
        }
    }
}