{
    "appid": "2967620",
    "type": "DLC",
    "name": "Gatekeeper - Supporter Pack",
    "schinese_name": "",
    "isfreeapp": "0",
    "change_number": "25777201",
    "update_time": "2024-10-18 09:05:23",
    "depot": {
        "2967620": {
            "dlcappid": "2967620",
            "manifests": {
                "public": {
                    "gid": "6852878769696201521",
                    "size": "137586196",
                    "download": "134667840"
                }
            },
            "decryptionkey": "51627f4bbb1aacbdae1721d28a86576389b54b4953819b8347387cb000877884"
        },
        "branches": {
            "public": {
                "buildid": "14272778",
                "timeupdated": "1714944155"
            }
        }
    }
}