{
    "appid": "2990240",
    "type": "Game",
    "name": "E-TECH SIMULATOR",
    "schinese_name": "",
    "isfreeapp": "0",
    "change_number": "27857909",
    "update_time": "2025-03-09 18:08:55",
    "depot": {
        "228989": {
            "config": {
                "oslist": "windows"
            },
            "depotfromapp": "228980",
            "sharedinstall": "1"
        },
        "228990": {
            "config": {
                "oslist": "windows"
            },
            "depotfromapp": "228980",
            "sharedinstall": "1"
        },
        "2990241": {
            "config": {
                "oslist": "windows"
            },
            "manifests": {
                "public": {
                    "gid": "6497891659529533340",
                    "size": "2154455784",
                    "download": "1928083104"
                }
            },
            "decryptionkey": "966a3849e31059e5c59644cc35c4c8aa20cb8b083f77d506981b9d1afb8ad27d"
        },
        "branches": {
            "public": {
                "buildid": "15708811",
                "timeupdated": "1726429807"
            }
        },
        "privatebranches": "1"
    }
}