{
    "appid": "3028150",
    "type": "Game",
    "name": "Nao in Heat! ~Kemomimi Girl's Naughty Treatment~",
    "schinese_name": "娜欧发情中！~兽耳少女需要色色治疗~",
    "isfreeapp": "0",
    "change_number": "29015847",
    "update_time": "2025-05-16 11:19:23",
    "depot": {
        "3028151": {
            "config": {
                "language": "japanese"
            },
            "manifests": {
                "public": {
                    "gid": "6536973346246402683",
                    "size": "564723926",
                    "download": "348551008"
                }
            },
            "decryptionkey": "986aa9569123b83aa25c3d41172b7771df2599a0bf26499f6fee6991b377f905"
        },
        "3028152": {
            "config": {
                "language": "schinese"
            },
            "manifests": {
                "public": {
                    "gid": "5608517972107293976",
                    "size": "568446547",
                    "download": "349979360"
                }
            },
            "decryptionkey": "93bf341e7ebd99310f0abcaf0c9c1a3209896157ff8e5e4bf61fbf7fa0eb9699"
        },
        "3028153": {
            "config": {
                "language": "tchinese"
            },
            "manifests": {
                "public": {
                    "gid": "6064972555871713225",
                    "size": "568781189",
                    "download": "350300768"
                }
            },
            "decryptionkey": "7d064254509157e124dbde7d15ddcb804b9a88a375ae321dc91b2023b984e21a"
        },
        "3028154": {
            "config": {
                "language": "english"
            },
            "manifests": {
                "public": {
                    "gid": "5675181768078680733",
                    "size": "564065944",
                    "download": "348119296"
                }
            },
            "decryptionkey": "90dbc110accf01ecc563b969afb2fc701b8d2eaff9caec8b2a09fad8f110cdfa"
        },
        "baselanguages": "english,schinese,tchinese,japanese",
        "branches": {
            "public": {
                "buildid": "17022921",
                "timeupdated": "1737012019"
            }
        }
    }
}