{
    "appid": "2981150",
    "type": "Game",
    "name": "나 홀로 학교에서",
    "schinese_name": "孤单一人在学校",
    "isfreeapp": "0",
    "change_number": "28282033",
    "update_time": "2025-04-03 13:17:52",
    "depot": {
        "baselanguages": "english",
        "2981151": {
            "config": {
                "oslist": "windows",
                "language": "english"
            },
            "manifests": {
                "public": {
                    "gid": "8209862632241639082",
                    "size": "482389700",
                    "download": "75866496"
                }
            },
            "decryptionkey": "9cfaf4ebf41b61092cd2ef59726abe7e8809fe3bc2f73bbb4789d57c138c0f2b"
        },
        "2981152": {
            "config": {
                "language": "koreana",
                "oslist": "windows"
            },
            "manifests": {
                "public": {
                    "gid": "2260576647846275700",
                    "size": "482389700",
                    "download": "75867424"
                }
            },
            "decryptionkey": ""
        },
        "2981153": {
            "config": {
                "language": "japanese",
                "oslist": "windows"
            },
            "manifests": {
                "public": {
                    "gid": "6513995315138693737",
                    "size": "482389700",
                    "download": "75869024"
                }
            },
            "decryptionkey": ""
        },
        "2981154": {
            "config": {
                "language": "schinese",
                "oslist": "windows"
            },
            "manifests": {
                "public": {
                    "gid": "7551209913729150276",
                    "size": "482389700",
                    "download": "75870400"
                }
            },
            "decryptionkey": "eae5767acaa5dc3e595d766fe3aa1dff50c60fa4e4d67226b200f939e1b2e2db"
        },
        "branches": {
            "public": {
                "buildid": "17293098",
                "timeupdated": "1739041985"
            }
        }
    }
}