{
    "appid": "3716780",
    "type": "DLC",
    "name": "Yasha: Legends of the Demon Blade - Artbook",
    "schinese_name": "百剑讨妖传绮谭 美术设定集",
    "isfreeapp": "0",
    "change_number": "28994293",
    "update_time": "2025-05-15 11:33:55",
    "depot": {
        "3716780": {
            "dlcappid": "3716780",
            "manifests": {
                "public": {
                    "gid": "1118769856775362038",
                    "size": "391554806",
                    "download": "359272128"
                }
            },
            "config": {
                "optionaldlc": "3716780"
            },
            "decryptionkey": "9b423a1def74f317340bb9f1bdcd1d9f5dc7097a27c8069bbf8391ba27115c5c"
        },
        "branches": {
            "public": {
                "buildid": "18405907",
                "timeupdated": "1746807736"
            }
        },
        "appmanagesdlc": "1"
    }
}