{
    "appid": "3123250",
    "type": "Game",
    "name": "Nightwatch:Closer",
    "schinese_name": "",
    "isfreeapp": "0",
    "change_number": "26826324",
    "update_time": "2024-12-31 22:23:51",
    "depot": {
        "3123251": {
            "manifests": {
                "public": {
                    "gid": "6704940149747330354",
                    "size": "2835907096",
                    "download": "696044032"
                }
            },
            "decryptionkey": "f9a4f098680635002768b18c91411657318915692ce9f0ee520c3edb601ea1b2"
        },
        "branches": {
            "public": {
                "buildid": "15700739",
                "timeupdated": "1726307685"
            }
        }
    }
}