{
    "appid": "3185760",
    "type": "Demo",
    "name": "Tinkerlands Demo",
    "schinese_name": "",
    "isfreeapp": "0",
    "change_number": "27248305",
    "update_time": "2025-01-31 14:34:23",
    "depot": {
        "3185761": {
            "manifests": {
                "public": {
                    "gid": "8988338398322263681",
                    "size": "231419001",
                    "download": "139378960"
                },
                "v1.0.2": {
                    "gid": "3599391827347029991",
                    "size": "229254121",
                    "download": "138534400"
                },
                "v1.0.3": {
                    "gid": "6559796663351414479",
                    "size": "229692516",
                    "download": "138692224"
                }
            },
            "decryptionkey": "416fbd9328cb15ec74dc68e1739f5955c865994842bc0a7f971c0b3085fbbb8b"
        },
        "branches": {
            "public": {
                "buildid": "16037459",
                "timeupdated": "1728925382"
            },
            "v1.0.2": {
                "buildid": "15984048",
                "description": "v1.0.2",
                "timeupdated": "1728672442"
            },
            "v1.0.3": {
                "buildid": "16013370",
                "description": "v1.0.3",
                "timeupdated": "1729078730"
            }
        },
        "privatebranches": "1"
    }
}