{
    "appid": "3200000",
    "type": "DLC",
    "name": "The Sims™ 4 Golden Years Kit",
    "schinese_name": "《The Sims™ 4 流金岁月》套件包",
    "isfreeapp": "0",
    "change_number": "28772185",
    "update_time": "2025-05-02 01:08:42",
    "depot": {
        "3200000": {
            "manifests": {
                "public": {
                    "gid": "8964225293112580956",
                    "size": "136946401",
                    "download": "133489632"
                }
            },
            "dlcappid": "3200000",
            "decryptionkey": "c0772ca5be5e50710fd54ca3eae378efc170d8985b514a142b64a58a714e7c39"
        },
        "3200001": {
            "config": {
                "language": "english"
            },
            "manifests": {
                "public": {
                    "gid": "8483902710080160750",
                    "size": "449",
                    "download": "384"
                }
            },
            "dlcappid": "3200000",
            "decryptionkey": ""
        },
        "3200002": {
            "config": {
                "language": "german"
            },
            "manifests": {
                "public": {
                    "gid": "3183359101091080382",
                    "size": "448",
                    "download": "384"
                }
            },
            "dlcappid": "3200000",
            "decryptionkey": ""
        },
        "3200003": {
            "config": {
                "language": "french"
            },
            "manifests": {
                "public": {
                    "gid": "8726813454288144579",
                    "size": "450",
                    "download": "384"
                }
            },
            "dlcappid": "3200000",
            "decryptionkey": ""
        },
        "3200004": {
            "config": {
                "language": "italian"
            },
            "manifests": {
                "public": {
                    "gid": "2054070380879084272",
                    "size": "458",
                    "download": "384"
                }
            },
            "dlcappid": "3200000",
            "decryptionkey": ""
        },
        "3200005": {
            "config": {
                "language": "koreana"
            },
            "manifests": {
                "public": {
                    "gid": "3022155052082899850",
                    "size": "474",
                    "download": "416"
                }
            },
            "dlcappid": "3200000",
            "decryptionkey": ""
        },
        "3200006": {
            "config": {
                "language": "spanish"
            },
            "manifests": {
                "public": {
                    "gid": "2862620172495807630",
                    "size": "455",
                    "download": "384"
                }
            },
            "dlcappid": "3200000",
            "decryptionkey": ""
        },
        "3200007": {
            "config": {
                "language": "schinese"
            },
            "manifests": {
                "public": {
                    "gid": "8577420782310973811",
                    "size": "442",
                    "download": "384"
                }
            },
            "dlcappid": "3200000",
            "decryptionkey": "acfa93b4a844320686736ddbb56d3710eb20689ab1e616afc63ccb7e7b1924bd"
        },
        "3200008": {
            "config": {
                "language": "tchinese"
            },
            "manifests": {
                "public": {
                    "gid": "995927459361745525",
                    "size": "442",
                    "download": "384"
                }
            },
            "dlcappid": "3200000",
            "decryptionkey": ""
        },
        "3200009": {
            "config": {
                "language": "russian"
            },
            "manifests": {
                "public": {
                    "gid": "430689930380999894",
                    "size": "510",
                    "download": "464"
                }
            },
            "dlcappid": "3200000",
            "decryptionkey": ""
        },
        "3401270": {
            "config": {
                "language": "japanese"
            },
            "manifests": {
                "public": {
                    "gid": "4437477717560272622",
                    "size": "478",
                    "download": "432"
                }
            },
            "dlcappid": "3200000",
            "decryptionkey": ""
        },
        "3401271": {
            "config": {
                "language": "polish"
            },
            "manifests": {
                "public": {
                    "gid": "2997950465242704679",
                    "size": "454",
                    "download": "384"
                }
            },
            "dlcappid": "3200000",
            "decryptionkey": ""
        },
        "3401272": {
            "config": {
                "language": "danish"
            },
            "manifests": {
                "public": {
                    "gid": "6110608678632380027",
                    "size": "464",
                    "download": "400"
                }
            },
            "dlcappid": "3200000",
            "decryptionkey": ""
        },
        "3401273": {
            "config": {
                "language": "dutch"
            },
            "manifests": {
                "public": {
                    "gid": "5230638023861035577",
                    "size": "449",
                    "download": "384"
                }
            },
            "dlcappid": "3200000",
            "decryptionkey": ""
        },
        "3401274": {
            "config": {
                "language": "finnish"
            },
            "manifests": {
                "public": {
                    "gid": "4003945753651673925",
                    "size": "439",
                    "download": "384"
                }
            },
            "dlcappid": "3200000",
            "decryptionkey": ""
        },
        "3401275": {
            "config": {
                "language": "norwegian"
            },
            "manifests": {
                "public": {
                    "gid": "8303016652423809298",
                    "size": "461",
                    "download": "384"
                }
            },
            "dlcappid": "3200000",
            "decryptionkey": ""
        },
        "3401276": {
            "config": {
                "language": "swedish"
            },
            "manifests": {
                "public": {
                    "gid": "4245421757462242582",
                    "size": "451",
                    "download": "384"
                }
            },
            "dlcappid": "3200000",
            "decryptionkey": ""
        },
        "3401277": {
            "config": {
                "language": "czech"
            },
            "manifests": {
                "public": {
                    "gid": "7300542613718852451",
                    "size": "467",
                    "download": "400"
                }
            },
            "dlcappid": "3200000",
            "decryptionkey": ""
        },
        "3401278": {
            "config": {
                "language": "brazilian"
            },
            "manifests": {
                "public": {
                    "gid": "3806118620657496193",
                    "size": "450",
                    "download": "384"
                }
            },
            "dlcappid": "3200000",
            "decryptionkey": ""
        },
        "branches": {
            "public": {
                "buildid": "18145267",
                "timeupdated": "1746118517"
            }
        },
        "privatebranches": "1"
    }
}