{
    "appid": "3274210",
    "type": "DLC",
    "name": "Beat Saber - Dyro x Conro - Memory Bank",
    "schinese_name": "",
    "isfreeapp": "0",
    "change_number": "26160043",
    "update_time": "2024-11-12 23:50:28",
    "depot": {
        "3274210": {
            "manifests": {
                "public": {
                    "gid": "5898098051280723208",
                    "size": "10155630",
                    "download": "10294528"
                }
            },
            "dlcappid": "3274210",
            "decryptionkey": "c56d334d9d770f01b5f5c791804ec579db50b5df5b23903d48369596649aa829"
        },
        "branches": {
            "public": {
                "buildid": "15951289",
                "timeupdated": "1728294369"
            }
        }
    }
}