{
    "appid": "3048660",
    "type": "Game",
    "name": "公主：东方与远征（Princess: The East and the Expedition）",
    "schinese_name": "",
    "isfreeapp": "0",
    "change_number": "28896398",
    "update_time": "2025-05-09 15:01:59",
    "depot": {
        "3048661": {
            "manifests": {
                "public": {
                    "gid": "3281104030754685299",
                    "size": "1792155242",
                    "download": "863804368"
                },
                "test": {
                    "gid": "5580869093713682013",
                    "size": "1853950918",
                    "download": "866390416"
                }
            },
            "decryptionkey": "1d714d70ad4f5946e357c2cfb84c31ff09cd0c2e63327185202dff2aa5757fab"
        },
        "branches": {
            "public": {
                "buildid": "17805928",
                "timeupdated": "1742550218"
            },
            "test": {
                "buildid": "18370034",
                "description": "测试",
                "timeupdated": "1746601637"
            }
        }
    }
}