{
    "appid": "3321120",
    "type": "Game",
    "name": "Ambulance Driver Life VR",
    "schinese_name": "",
    "isfreeapp": "0",
    "change_number": "26282884",
    "update_time": "2024-11-21 00:13:16",
    "depot": {
        "3321121": {
            "config": {
                "language": "english",
                "oslist": "windows",
                "osarch": "64"
            },
            "manifests": {
                "public": {
                    "gid": "7729056342056880606",
                    "size": "1702776229",
                    "download": "471072784"
                }
            },
            "decryptionkey": "7e9ca04aa9e3564a29b4cf95c681ab843e9dc8b14b68747db453305efdf070bd"
        },
        "3321122": {
            "config": {
                "language": "english",
                "oslist": "windows",
                "osarch": "64"
            }
        },
        "baselanguages": "english",
        "branches": {
            "public": {
                "buildid": "16403272",
                "timeupdated": "1731576102"
            }
        }
    }
}