{
    "appid": "2972890",
    "type": "Game",
    "name": "猫语拾光 Cat And Life",
    "schinese_name": "",
    "isfreeapp": "0",
    "change_number": "28274057",
    "update_time": "2025-04-03 02:16:07",
    "depot": {
        "hasdepotsindlc": "0",
        "2972891": {
            "config": {
                "oslist": "windows",
                "osarch": "64"
            },
            "manifests": {
                "public": {
                    "gid": "5961023441569333194",
                    "size": "458023128",
                    "download": "67269056"
                }
            },
            "decryptionkey": "b2bfbf94c00b2ee85a3846a53b8feb6af864baa08d377a37eb425d09f73d4737"
        },
        "branches": {
            "public": {
                "buildid": "17129418",
                "timeupdated": "1737798034"
            }
        }
    }
}