{
    "appid": "3231920",
    "type": "Game",
    "name": "Project SJHG",
    "schinese_name": "",
    "isfreeapp": "0",
    "change_number": "29039181",
    "update_time": "2025-05-17 18:56:52",
    "depot": {
        "228989": {
            "config": {
                "oslist": "windows"
            },
            "depotfromapp": "228980",
            "sharedinstall": "1"
        },
        "228990": {
            "config": {
                "oslist": "windows"
            },
            "depotfromapp": "228980",
            "sharedinstall": "1"
        },
        "229007": {
            "config": {
                "oslist": "windows"
            },
            "depotfromapp": "228980",
            "sharedinstall": "1"
        },
        "3231921": {
            "config": {
                "oslist": "windows"
            },
            "manifests": {
                "public": {
                    "gid": "1548564113816195931",
                    "size": "9183166509",
                    "download": "9054541440"
                }
            },
            "decryptionkey": "622b443f4b585d765c9d53d0ba8c9a4811af3d0828bf9654e5ec632bf33277cd"
        },
        "baselanguages": "english,koreana",
        "branches": {
            "public": {
                "buildid": "18502102",
                "timeupdated": "1747479408"
            }
        }
    }
}