{
    "appid": "3282750",
    "type": "Demo",
    "name": "-Fell in love with the Nobility girl- Demo",
    "schinese_name": "叛军组织的我爱上了贵族大小姐 体验版",
    "isfreeapp": "0",
    "change_number": "27126024",
    "update_time": "2025-01-23 15:28:00",
    "depot": {
        "3282751": {
            "manifests": {
                "public": {
                    "gid": "623095899474616116",
                    "size": "1443545242",
                    "download": "1179811456"
                }
            },
            "decryptionkey": "2fcb63b6352617b75cd0fefc993e30f3074d43c26a6af92179a4f385bbabeca8"
        },
        "3282752": {
            "config": {
                "language": "japanese"
            },
            "manifests": {
                "public": {
                    "gid": "851893851952218334",
                    "size": "1388933484",
                    "download": "1152418048"
                }
            },
            "decryptionkey": ""
        },
        "3282753": {
            "config": {
                "language": "schinese"
            },
            "manifests": {
                "public": {
                    "gid": "4156655392687381820",
                    "size": "1114341222",
                    "download": "884617472"
                }
            },
            "decryptionkey": "77ccf78638c4fafc034bdc799efb7be80e9d3e7bf3ba89b35654bb124c030131"
        },
        "3282754": {
            "config": {
                "language": "tchinese"
            },
            "manifests": {
                "public": {
                    "gid": "3590879244696252912",
                    "size": "1114341222",
                    "download": "884617472"
                }
            },
            "decryptionkey": "8790a92a265ca4e64510627962fb1733741d6dbfa7d36e009f921f87cdc40c79"
        },
        "branches": {
            "public": {
                "buildid": "16065883",
                "timeupdated": "1729082685"
            }
        }
    }
}