{
    "appid": "3706240",
    "type": "DLC",
    "name": "Veloria: The Knot of Candle - First Contact",
    "schinese_name": "薇拉里娅的烛花 高清数字与配音集",
    "isfreeapp": "0",
    "change_number": "29005604",
    "update_time": "2025-05-15 23:19:43",
    "depot": {
        "3706240": {
            "manifests": {
                "public": {
                    "gid": "5040843399263009461",
                    "size": "212894793",
                    "download": "164382640"
                }
            },
            "dlcappid": "3706240",
            "decryptionkey": "03df21931ff9f9b000c43fa7387116bf6183da63d8a0a1f726b6150e19b64dae"
        },
        "branches": {
            "public": {
                "buildid": "18478247",
                "timeupdated": "1747322378"
            }
        }
    }
}