{
    "appid": "2951990",
    "type": "DLC",
    "name": "Warhammer 40,000: Rogue Trader - Void Shadows",
    "schinese_name": "",
    "isfreeapp": "0",
    "change_number": "28984852",
    "update_time": "2025-05-15 00:07:38",
    "depot": {
        "2951991": {
            "config": {
                "oslist": "windows"
            },
            "manifests": {
                "public": {
                    "gid": "1503842518659768495",
                    "size": "1390872775",
                    "download": "1125187248"
                }
            },
            "dlcappid": "2951990",
            "decryptionkey": "47fb2a7f5c69f478464b2dc16e22cb386f8937b69065b47c49e8e9140ea3c3f7"
        },
        "2951992": {
            "config": {
                "oslist": "macos"
            },
            "manifests": {
                "public": {
                    "gid": "1990964712158654151",
                    "size": "1391271825",
                    "download": "1125352800"
                }
            },
            "dlcappid": "2951990",
            "decryptionkey": "11d8b1c92b160025d10ae272d231b075bb4520b3a4f7b85be57be2cd0c2d2d7a"
        },
        "branches": {
            "public": {
                "buildid": "18293241",
                "timeupdated": "1746006318"
            }
        },
        "privatebranches": "1"
    }
}