{
    "appid": "3484160",
    "type": "Demo",
    "name": "Not Monday Cafe Demo",
    "schinese_name": "",
    "isfreeapp": "0",
    "change_number": "27404590",
    "update_time": "2025-02-11 00:52:41",
    "depot": {
        "3484161": {
            "manifests": {
                "public": {
                    "gid": "4383132796801085705",
                    "size": "1136598797",
                    "download": "562486720"
                }
            },
            "decryptionkey": "caa55ba840b8137501df74e84cbe5e411e142d595e514c07fca040838a62e4d5"
        },
        "branches": {
            "public": {
                "buildid": "17456843",
                "timeupdated": "1740157304"
            }
        },
        "privatebranches": "1"
    }
}