{
    "appid": "3681380",
    "type": "Music",
    "name": "World of Goo 2 Soundtrack",
    "schinese_name": "",
    "isfreeapp": "0",
    "change_number": "28866094",
    "update_time": "2025-05-08 00:46:49",
    "depot": {
        "3681381": {
            "manifests": {
                "public": {
                    "gid": "6764118581533341923",
                    "size": "268653278",
                    "download": "266310400"
                }
            },
            "decryptionkey": "f305789b66baa4965cf4828e4ad54634c915a74bc88dcc25d13eade21dccff87"
        },
        "3681382": {
            "config": {
                "highqualityaudio": "1"
            },
            "manifests": {
                "public": {
                    "gid": "2786870693684848026",
                    "size": "568992407",
                    "download": "574446080"
                }
            },
            "decryptionkey": "d8ea5cb6ae1ee2164752ad24606a2c803922286e26c35b8ce9b7890903146fe0"
        },
        "branches": {
            "public": {
                "buildid": "18156000",
                "timeupdated": "1744968658"
            }
        }
    }
}