{
    "appid": "3359320",
    "type": "Game",
    "name": "SchoolBoy Runaway",
    "schinese_name": "",
    "isfreeapp": "0",
    "change_number": "28950010",
    "update_time": "2025-05-13 08:02:31",
    "depot": {
        "3359321": {
            "config": {
                "oslist": "windows"
            },
            "manifests": {
                "public": {
                    "gid": "7513401499096053380",
                    "size": "564883700",
                    "download": "249639136"
                }
            },
            "decryptionkey": "6501fca770ca2ec4e4804a7c5674717d9e5fd6e864f3860cd9624379fafe214c"
        },
        "branches": {
            "public": {
                "buildid": "17563154",
                "timeupdated": "1740890510"
            }
        }
    }
}