{
    "appid": "3387120",
    "type": "Game",
    "name": "The Dark Gift",
    "schinese_name": "",
    "isfreeapp": "0",
    "change_number": "28807129",
    "update_time": "2025-05-04 14:29:35",
    "depot": {
        "228989": {
            "config": {
                "oslist": "windows"
            },
            "depotfromapp": "228980",
            "sharedinstall": "1"
        },
        "228990": {
            "config": {
                "oslist": "windows"
            },
            "depotfromapp": "228980",
            "sharedinstall": "1"
        },
        "3387121": {
            "manifests": {
                "public": {
                    "gid": "8308848942611079766",
                    "size": "4226365280",
                    "download": "4086803024"
                }
            },
            "decryptionkey": "fbb8e53e574102e5bd2206fea90243c0c7231170a362bb6a0852a8821bd0f17a"
        },
        "branches": {
            "public": {
                "buildid": "16848456",
                "timeupdated": "1735122591"
            }
        }
    }
}