{
    "appid": "3241460",
    "type": "Demo",
    "name": "Songs of Life Demo",
    "schinese_name": "浮生游歌 Demo",
    "isfreeapp": "0",
    "change_number": "27783856",
    "update_time": "2025-03-05 07:32:56",
    "depot": {
        "228989": {
            "config": {
                "oslist": "windows"
            },
            "depotfromapp": "228980",
            "sharedinstall": "1"
        },
        "228990": {
            "config": {
                "oslist": "windows"
            },
            "depotfromapp": "228980",
            "sharedinstall": "1"
        },
        "229007": {
            "config": {
                "oslist": "windows"
            },
            "depotfromapp": "228980",
            "sharedinstall": "1"
        },
        "3241461": {
            "manifests": {
                "public": {
                    "gid": "487951645891000940",
                    "size": "1430885920",
                    "download": "522164944"
                }
            },
            "decryptionkey": "0cb03b37e723865ca57c81f2fab2e8788124734559b223621892ada7d8401e57"
        },
        "branches": {
            "public": {
                "buildid": "16913576",
                "timeupdated": "1736126620"
            }
        }
    }
}