{
    "appid": "3033390",
    "type": "Demo",
    "name": "The Soul Inside Us Demo",
    "schinese_name": "",
    "isfreeapp": "0",
    "change_number": "26063137",
    "update_time": "2024-11-06 07:24:39",
    "depot": {
        "3033391": {
            "manifests": {
                "public": {
                    "gid": "8983418351735075606",
                    "size": "4335239344",
                    "download": "1727681104"
                },
                "development": {
                    "gid": "4142535677689558813",
                    "size": "4360855019",
                    "download": "1739734432"
                }
            },
            "decryptionkey": "f3debf319ceb965868df0b8a9bc0aa19a52e12da6c4cf6799ad42107399e7dd7"
        },
        "branches": {
            "public": {
                "buildid": "16029044",
                "timeupdated": "1728853185"
            },
            "development": {
                "buildid": "15787352",
                "description": "development",
                "timeupdated": "1727024905"
            }
        }
    }
}