{
    "appid": "3552430",
    "type": "Game",
    "name": "Dead Silence - Echoes of the Damned",
    "schinese_name": "",
    "isfreeapp": "0",
    "change_number": "28545272",
    "update_time": "2025-04-18 16:01:10",
    "depot": {
        "hasdepotsindlc": "1",
        "3552431": {
            "config": {
                "oslist": "windows",
                "osarch": "64"
            },
            "manifests": {
                "public": {
                    "gid": "7941330522947655240",
                    "size": "4676048797",
                    "download": "2085786592"
                }
            },
            "decryptionkey": "50a4388ad1adc5c3158a9e0558a9a9381b3b3c316d08150c2a955e421924920e"
        },
        "3552432": {
            "config": {
                "oslist": "macos",
                "osarch": "64"
            },
            "manifests": {
                "public": {
                    "gid": "6504639679108121515",
                    "size": "4722042536",
                    "download": "2096538656"
                }
            }
        },
        "branches": {
            "public": {
                "buildid": "17826728",
                "timeupdated": "1742740433"
            }
        }
    }
}