{
    "appid": "3099000",
    "type": "Game",
    "name": "Guns of Fury",
    "schinese_name": "",
    "isfreeapp": "0",
    "change_number": "29016213",
    "update_time": "2025-05-16 11:54:47",
    "depot": {
        "baselanguages": "english,german,french,italian,koreana,spanish,schinese,tchinese,japanese,portuguese",
        "3099001": {
            "config": {
                "oslist": "windows"
            },
            "manifests": {
                "public": {
                    "gid": "9204238828512949466",
                    "size": "144598355",
                    "download": "118639104"
                }
            },
            "decryptionkey": "b796e08fa994d42f500dfea5db6515409779cc50c6e94a719f862ed2d2c0af43"
        },
        "branches": {
            "public": {
                "buildid": "18226730",
                "timeupdated": "1745679629"
            }
        },
        "privatebranches": "1"
    }
}