{
    "appid": "3373900",
    "type": "Game",
    "name": "星梦轨迹 Star Dream Journey",
    "schinese_name": "",
    "isfreeapp": "0",
    "change_number": "29028280",
    "update_time": "2025-05-17 00:15:35",
    "depot": {
        "baselanguages": "schinese",
        "3373901": {
            "config": {
                "oslist": "windows"
            },
            "manifests": {
                "public": {
                    "gid": "6648481225379565848",
                    "size": "12538284937",
                    "download": "12452849024"
                }
            },
            "decryptionkey": "ac70fba6e37dc8438473dd6c82f89ddd22e67b3136a53149b997d23b8d792e01"
        },
        "branches": {
            "public": {
                "buildid": "17965148",
                "timeupdated": "1743659680"
            }
        },
        "privatebranches": "1"
    }
}