{
    "appid": "3244290",
    "type": "Game",
    "name": "🌟K-POP STAR🌟",
    "schinese_name": "",
    "isfreeapp": "0",
    "change_number": "29016528",
    "update_time": "2025-05-16 12:24:49",
    "depot": {
        "3244291": {
            "config": {
                "oslist": "windows,linux"
            },
            "manifests": {
                "public": {
                    "gid": "8000635234224696097",
                    "size": "1317780555",
                    "download": "1238744480"
                }
            },
            "decryptionkey": "a374a65b427c38bf2f9977f0695797ab98c914041aa0bf4ef64ee1b0bc5a3e33"
        },
        "3244292": {
            "config": {
                "oslist": "macos"
            },
            "manifests": {
                "public": {
                    "gid": "8729863308004994276",
                    "size": "1305382685",
                    "download": "1234735680"
                }
            }
        },
        "branches": {
            "public": {
                "buildid": "16625028",
                "timeupdated": "1733294817"
            }
        }
    }
}