{
    "appid": "3429500",
    "type": "Game",
    "name": "POPOPOSAN",
    "schinese_name": "",
    "isfreeapp": "0",
    "change_number": "28497754",
    "update_time": "2025-04-16 08:08:17",
    "depot": {
        "baselanguages": "english,schinese,russian,japanese",
        "3429501": {
            "config": {
                "oslist": "windows,linux"
            },
            "manifests": {
                "public": {
                    "gid": "1213338501058438552",
                    "size": "249745994",
                    "download": "184781808"
                }
            },
            "decryptionkey": "e6ee7d178ddecb91af7d3b2815bbfd5e8e32f5c5a006631d0c3f04db164a60d0"
        },
        "3429502": {
            "config": {
                "language": "schinese",
                "oslist": "windows,linux"
            },
            "manifests": {
                "public": {
                    "gid": "1961282258366661150",
                    "size": "249746203",
                    "download": "184784704"
                }
            },
            "decryptionkey": "e8a78ac62ecbb99983535338a3d879b0714007ffee9880a0fb49357fb7e962d5"
        },
        "3429503": {
            "config": {
                "language": "russian",
                "oslist": "windows,linux"
            },
            "manifests": {
                "public": {
                    "gid": "5295416467864068732",
                    "size": "249749216",
                    "download": "184784128"
                }
            },
            "decryptionkey": ""
        },
        "3429504": {
            "config": {
                "language": "japanese",
                "oslist": "windows,linux"
            },
            "manifests": {
                "public": {
                    "gid": "2629544560619362114",
                    "size": "249748265",
                    "download": "184584688"
                }
            },
            "decryptionkey": ""
        },
        "branches": {
            "public": {
                "buildid": "17124715",
                "timeupdated": "1737751106"
            }
        }
    }
}