{
    "appid": "3264120",
    "type": "Demo",
    "name": "Driving Is Hard Demo",
    "schinese_name": "",
    "isfreeapp": "0",
    "change_number": "27259768",
    "update_time": "2025-02-01 03:06:12",
    "depot": {
        "3264121": {
            "config": {
                "oslist": "windows"
            },
            "manifests": {
                "public": {
                    "gid": "2564538863305330195",
                    "size": "850608462",
                    "download": "662251648"
                }
            },
            "decryptionkey": "b458c3cd0e7a3dd4ce2e529e0fc8222e8b0a3da66133715539921df3bf959c88"
        },
        "branches": {
            "public": {
                "buildid": "16871061",
                "timeupdated": "1735497537"
            }
        }
    }
}