{
    "appid": "3071950",
    "type": "Game",
    "name": "Our Home",
    "schinese_name": "",
    "isfreeapp": "0",
    "change_number": "29016105",
    "update_time": "2025-05-16 11:42:43",
    "depot": {
        "hasdepotsindlc": "0",
        "3071951": {
            "config": {
                "osarch": "64"
            },
            "manifests": {
                "public": {
                    "gid": "66046631678821694",
                    "size": "8085161204",
                    "download": "7894147280"
                },
                "debug": {
                    "gid": "66046631678821694",
                    "size": "8085161204",
                    "download": "7894147280"
                }
            },
            "decryptionkey": "2f5384b64b7ccf926123258d41bb2982eeb9725abe7ea4b4c4345bd2175d0999"
        },
        "branches": {
            "public": {
                "buildid": "17787123",
                "timeupdated": "1742426644"
            },
            "debug": {
                "buildid": "17787123",
                "description": "Debug version",
                "timeupdated": "1742426231"
            }
        }
    }
}