{
    "appid": "3222670",
    "type": "Demo",
    "name": "SCP Demo",
    "schinese_name": "",
    "isfreeapp": "0",
    "change_number": "26033411",
    "update_time": "2024-11-04 16:05:40",
    "depot": {
        "228989": {
            "config": {
                "oslist": "windows"
            },
            "depotfromapp": "228980",
            "sharedinstall": "1"
        },
        "228990": {
            "config": {
                "oslist": "windows"
            },
            "depotfromapp": "228980",
            "sharedinstall": "1"
        },
        "3222671": {
            "manifests": {
                "public": {
                    "gid": "1617514490575045518",
                    "size": "6149604720",
                    "download": "5890976992"
                }
            },
            "decryptionkey": "c59b8189833d9f35418f5f5adb8c56063ca83c9a37529e093ca4b59e127525bc"
        },
        "branches": {
            "public": {
                "buildid": "16222315",
                "timeupdated": "1730211868"
            }
        }
    }
}