{
    "appid": "3327470",
    "type": "Game",
    "name": "Cinemaster Cinema Simulator",
    "schinese_name": "",
    "isfreeapp": "0",
    "change_number": "29044412",
    "update_time": "2025-05-18 07:11:31",
    "depot": {
        "228989": {
            "config": {
                "oslist": "windows"
            },
            "depotfromapp": "228980",
            "sharedinstall": "1"
        },
        "228990": {
            "config": {
                "oslist": "windows"
            },
            "depotfromapp": "228980",
            "sharedinstall": "1"
        },
        "3327471": {
            "manifests": {
                "public": {
                    "gid": "416650193046001083",
                    "size": "3579856973",
                    "download": "3256224976"
                }
            },
            "decryptionkey": "d6a10655c51ee01f38b8468626028b48eb2ac2357161e05872ecfa23bd4a8b26"
        },
        "branches": {
            "public": {
                "buildid": "17911433",
                "timeupdated": "1743276848"
            }
        }
    }
}