{
    "appid": "3196560",
    "type": "Demo",
    "name": "Skateboard Knight Demo",
    "schinese_name": "",
    "isfreeapp": "0",
    "change_number": "27300564",
    "update_time": "2025-02-04 11:32:11",
    "depot": {
        "baselanguages": "english,schinese,japanese",
        "3196561": {
            "config": {
                "oslist": "windows"
            },
            "manifests": {
                "public": {
                    "gid": "7490948137887778640",
                    "size": "160938744",
                    "download": "48060112"
                }
            },
            "decryptionkey": "11922091c8f69b2fefd60ef27f7be4cd774f202d1c1f8ea129365cbbaeaaf75e"
        },
        "3196562": {
            "config": {
                "oslist": "macos"
            },
            "manifests": {
                "public": {
                    "gid": "1348881215786658862",
                    "size": "253745078",
                    "download": "63456832"
                }
            },
            "decryptionkey": ""
        },
        "branches": {
            "public": {
                "buildid": "16305225",
                "timeupdated": "1730838818"
            }
        },
        "privatebranches": "1"
    }
}