{
    "appid": "3165720",
    "type": "Beta",
    "name": "Fellowship Playtest",
    "schinese_name": "",
    "isfreeapp": "0",
    "change_number": "26183469",
    "update_time": "2024-11-14 07:36:10",
    "depot": {
        "228989": {
            "config": {
                "oslist": "windows"
            },
            "depotfromapp": "228980",
            "sharedinstall": "1"
        },
        "228990": {
            "config": {
                "oslist": "windows"
            },
            "depotfromapp": "228980",
            "sharedinstall": "1"
        },
        "3165721": {
            "manifests": {
                "public": {
                    "gid": "5306257731327513671",
                    "size": "8112879066",
                    "download": "7814288896"
                }
            },
            "decryptionkey": "55538fe917d9c48eef4968835c260e359554768fb2254bda024faed896939dbb"
        },
        "branches": {
            "public": {
                "buildid": "15834722",
                "timeupdated": "1727350896"
            }
        },
        "privatebranches": "1"
    }
}