{
    "appid": "3439320",
    "type": "Game",
    "name": "Red or Blue",
    "schinese_name": "红蓝抉择",
    "isfreeapp": "0",
    "change_number": "28802187",
    "update_time": "2025-05-04 01:29:51",
    "depot": {
        "3439321": {
            "manifests": {
                "public": {
                    "gid": "1927435948733756802",
                    "size": "4241935269",
                    "download": "1308128400"
                }
            },
            "decryptionkey": "ef8fda258f1278000099050c33aad5770c14631cfc4e0f6b6b964b44f5a71748"
        },
        "branches": {
            "public": {
                "buildid": "18051520",
                "timeupdated": "1744264052"
            }
        }
    }
}