{
    "appid": "3040310",
    "type": "Demo",
    "name": "Bravest Chicken Demo",
    "schinese_name": "",
    "isfreeapp": "0",
    "change_number": "23888663",
    "update_time": "2024-07-16 02:47:09",
    "depot": {
        "3040311": {
            "manifests": {
                "public": {
                    "gid": "8575442465628239455",
                    "size": "12951764",
                    "download": "3662656"
                }
            },
            "decryptionkey": "ca2afe0f5e168670fe283794ac4c2ea3b5168c6b8b1794afa249354f693d08e3"
        },
        "branches": {
            "public": {
                "buildid": "14619351",
                "timeupdated": "1717632157"
            }
        }
    }
}