{
    "appid": "3576690",
    "type": "Game",
    "name": "Last Laugh",
    "schinese_name": "",
    "isfreeapp": "0",
    "change_number": "28193346",
    "update_time": "2025-03-28 23:18:46",
    "depot": {
        "3576691": {
            "manifests": {
                "public": {
                    "gid": "1389784800491613960",
                    "size": "200197952",
                    "download": "76602928"
                }
            },
            "decryptionkey": "fe0d1215b14c65318a9805418526057f5ce7c7ac940ed1cf41c1b6dbeebd28a7"
        },
        "branches": {
            "public": {
                "buildid": "17655734",
                "timeupdated": "1741566776"
            }
        }
    }
}