{
    "appid": "3027850",
    "type": "Game",
    "name": "9to9 Museum",
    "schinese_name": "",
    "isfreeapp": "0",
    "change_number": "26183469",
    "update_time": "2024-11-14 07:26:47",
    "depot": {
        "baselanguages": "english,japanese",
        "3027851": {
            "manifests": {
                "public": {
                    "gid": "7022451498448347459",
                    "size": "5227718830",
                    "download": "1148166512"
                }
            },
            "decryptionkey": "8ba82c948966cd786e48e258adc81c880b7e435e4091633419f9fc203e204a1e"
        },
        "branches": {
            "public": {
                "buildid": "16279679",
                "timeupdated": "1730642656"
            }
        },
        "privatebranches": "1"
    }
}