{
    "appid": "3099640",
    "type": "Game",
    "name": "Academy Love Saga: Tennis Angels EX",
    "schinese_name": "网球天使EX",
    "isfreeapp": "0",
    "change_number": "29043307",
    "update_time": "2025-05-18 04:16:08",
    "depot": {
        "3099641": {
            "manifests": {
                "public": {
                    "gid": "6403406361051988134",
                    "size": "1644554735",
                    "download": "1119003280"
                }
            },
            "decryptionkey": "b2ed6e538d382e74368f191954ef92eb4d9474d31615eb3471422e6bbceab1e3"
        },
        "branches": {
            "public": {
                "buildid": "18385933",
                "timeupdated": "1746761176"
            }
        },
        "privatebranches": "1"
    }
}