{
    "appid": "2974060",
    "type": "Game",
    "name": "[REC] Paroxysm",
    "schinese_name": "",
    "isfreeapp": "0",
    "change_number": "29015559",
    "update_time": "2025-05-16 10:54:44",
    "depot": {
        "228989": {
            "config": {
                "oslist": "windows"
            },
            "depotfromapp": "228980",
            "sharedinstall": "1"
        },
        "228990": {
            "config": {
                "oslist": "windows"
            },
            "depotfromapp": "228980",
            "sharedinstall": "1"
        },
        "2974061": {
            "manifests": {
                "public": {
                    "gid": "2245117871659562572",
                    "size": "11685968311",
                    "download": "11261689696"
                }
            },
            "decryptionkey": "a199d48bb7085fa5e62fab4364b0eb831d8e352e8374e53a64075d965ac11323"
        },
        "branches": {
            "public": {
                "buildid": "15249288",
                "timeupdated": "1722676513"
            }
        }
    }
}