{
    "appid": "3005370",
    "type": "Demo",
    "name": "The OG Cake Factory Demo",
    "schinese_name": "",
    "isfreeapp": "0",
    "change_number": "26816878",
    "update_time": "2024-12-30 20:03:10",
    "depot": {
        "baselanguages": "english,french",
        "hasdepotsindlc": "1",
        "228989": {
            "config": {
                "oslist": "windows"
            },
            "depotfromapp": "228980",
            "sharedinstall": "1"
        },
        "228990": {
            "config": {
                "oslist": "windows"
            },
            "depotfromapp": "228980",
            "sharedinstall": "1"
        },
        "3005371": {
            "config": {
                "osarch": "64",
                "oslist": "windows"
            },
            "manifests": {
                "public": {
                    "gid": "2875094165978936211",
                    "size": "777454575",
                    "download": "686884560"
                }
            },
            "decryptionkey": "a7b047a4e742a2413a0aaee75c012dbd1a1ec15f1132b11fd3860a14c008db01"
        },
        "branches": {
            "public": {
                "buildid": "15785142",
                "timeupdated": "1726990290"
            }
        }
    }
}