{
    "appid": "3358360",
    "type": "Game",
    "name": "Motorcycle Night Ride",
    "schinese_name": "",
    "isfreeapp": "0",
    "change_number": "29028280",
    "update_time": "2025-05-17 00:15:36",
    "depot": {
        "3358361": {
            "manifests": {
                "public": {
                    "gid": "6862798108130121339",
                    "size": "2633260963",
                    "download": "811143424"
                }
            },
            "decryptionkey": "756a5674283d2e083110805af231c08ed53fbb3f9a872d98e7391aacd155ef3f"
        },
        "branches": {
            "public": {
                "buildid": "17873150",
                "timeupdated": "1743023012"
            }
        }
    }
}