{
    "appid": "3354440",
    "type": "DLC",
    "name": "Beat Saber - Metallica - Atlas, Rise!",
    "schinese_name": "",
    "isfreeapp": "0",
    "change_number": "26577846",
    "update_time": "2024-12-10 23:45:16",
    "depot": {
        "3354440": {
            "manifests": {
                "public": {
                    "gid": "8712958211447592196",
                    "size": "23123270",
                    "download": "23439376"
                }
            },
            "dlcappid": "3354440",
            "decryptionkey": "1281cf3bd13f83c93ff54722457c548cebedfb99e0af6b1bb90cac31655fe2c2"
        },
        "branches": {
            "public": {
                "buildid": "16539534",
                "timeupdated": "1732636411"
            }
        }
    }
}