{
    "appid": "3467600",
    "type": "Demo",
    "name": "Orcs Will Never Be Slaves Demo",
    "schinese_name": "兽人永不为奴Demo",
    "isfreeapp": "0",
    "change_number": "27529116",
    "update_time": "2025-02-18 14:54:25",
    "depot": {
        "3467601": {
            "manifests": {
                "public": {
                    "gid": "2467107033229389825",
                    "size": "287536571",
                    "download": "47024896"
                }
            },
            "decryptionkey": "03cc1a87147e97e6d49cc8b07b8e52fd9cb7555b74f9858ca99fd7559d9f17d4"
        },
        "branches": {
            "public": {
                "buildid": "17403289",
                "timeupdated": "1739861661"
            }
        }
    }
}