{
    "appid": "3039990",
    "type": "Game",
    "name": "神奈学园",
    "schinese_name": "神奈学园",
    "isfreeapp": "0",
    "change_number": "27059893",
    "update_time": "2025-01-19 08:09:18",
    "depot": {
        "baselanguages": "english,schinese,japanese",
        "3039991": {
            "config": {
                "oslist": "windows",
                "osarch": "64"
            },
            "manifests": {
                "public": {
                    "gid": "6205701484282378438",
                    "size": "5264132148",
                    "download": "659341088"
                }
            },
            "decryptionkey": "ff8af1da02cd16d0b9ec367bc536128062eea4e5e9fa2ae373e6a3d0639804f1"
        },
        "3039992": {},
        "branches": {
            "public": {
                "buildid": "16432406",
                "timeupdated": "1731786872"
            }
        }
    }
}