{
    "appid": "3111510",
    "type": "Game",
    "name": "Aesthetic Clicker",
    "schinese_name": "",
    "isfreeapp": "0",
    "change_number": "29016213",
    "update_time": "2025-05-16 11:54:50",
    "depot": {
        "3111511": {
            "manifests": {
                "public": {
                    "gid": "2695089174578762816",
                    "size": "96551853",
                    "download": "28452272"
                }
            },
            "decryptionkey": "deb003786fe8dc34262d3677c0dbf98f65e7af1cf8364d0bed510711437a65c3"
        },
        "branches": {
            "public": {
                "buildid": "15119337",
                "timeupdated": "1721701529"
            }
        },
        "privatebranches": "1"
    }
}