{
    "appid": "3286690",
    "type": "Demo",
    "name": "Chaperon Demo",
    "schinese_name": "",
    "isfreeapp": "0",
    "change_number": "25914309",
    "update_time": "2024-10-27 06:19:46",
    "depot": {
        "baselanguages": "english,french",
        "3286691": {
            "manifests": {
                "public": {
                    "gid": "9103444984654968846",
                    "size": "426676917",
                    "download": "52918912"
                }
            },
            "decryptionkey": "e835cf81474532ab772514b88183209c695c39a9c2b10c99bd2dad4560873e5f"
        },
        "branches": {
            "public": {
                "buildid": "16116144",
                "timeupdated": "1729468257"
            }
        }
    }
}