{
    "appid": "3163300",
    "type": "Demo",
    "name": "Vampires Fable Demo",
    "schinese_name": "",
    "isfreeapp": "0",
    "change_number": "24934785",
    "update_time": "2024-08-26 06:15:07",
    "depot": {
        "228989": {
            "config": {
                "oslist": "windows"
            },
            "depotfromapp": "228980",
            "sharedinstall": "1"
        },
        "228990": {
            "config": {
                "oslist": "windows"
            },
            "depotfromapp": "228980",
            "sharedinstall": "1"
        },
        "3163301": {
            "config": {
                "language": "english",
                "oslist": "windows",
                "osarch": "64"
            },
            "manifests": {
                "public": {
                    "gid": "6157263265026326225",
                    "size": "5939378553",
                    "download": "5741174192"
                }
            },
            "decryptionkey": "b6f317cf751c06b5d8a0d69a646a6afbd5c2eb11b2d0ca8ddc0d6a256d6ffd08"
        },
        "branches": {
            "public": {
                "buildid": "15487947",
                "timeupdated": "1724623272"
            }
        }
    }
}