{
    "appid": "3688540",
    "type": "Game",
    "name": "Pocket Hoes",
    "schinese_name": "",
    "isfreeapp": "0",
    "change_number": "29044660",
    "update_time": "2025-05-18 07:58:32",
    "depot": {
        "3688541": {
            "manifests": {
                "public": {
                    "gid": "8270132895155819121",
                    "size": "2496132947",
                    "download": "1423388048"
                }
            },
            "decryptionkey": "5d806edacbaa0fd9363404f6b168043767fa8fb94ec09f295c42c8fefdb9b023"
        },
        "branches": {
            "public": {
                "buildid": "18267547",
                "timeupdated": "1745855820"
            }
        }
    }
}