{
    "appid": "3401830",
    "type": "Game",
    "name": "炎の料理人クッキングファイター好",
    "schinese_name": "",
    "isfreeapp": "0",
    "change_number": "28244685",
    "update_time": "2025-04-01 16:58:06",
    "depot": {
        "3401831": {
            "manifests": {
                "public": {
                    "gid": "3009254796136239896",
                    "size": "1062446937",
                    "download": "426484400"
                }
            },
            "decryptionkey": "54ba776a5247a801bbf67c808ad15cf0df8a152ac89205f2c2411ce65a063dab"
        },
        "branches": {
            "public": {
                "buildid": "17934916",
                "timeupdated": "1743497881"
            }
        },
        "privatebranches": "1"
    }
}