{
    "appid": "2951520",
    "type": "Game",
    "name": "Bite Night",
    "schinese_name": "",
    "isfreeapp": "0",
    "change_number": "29015497",
    "update_time": "2025-05-16 10:48:42",
    "depot": {
        "2951521": {
            "manifests": {
                "public": {
                    "gid": "2539347085962764175",
                    "size": "350416795",
                    "download": "145701216"
                },
                "beta": {
                    "gid": "2539347085962764175",
                    "size": "350416795",
                    "download": "145701216"
                }
            },
            "decryptionkey": "42f07f25c9bef0c5e920cfc601f57645b49a7a8db47e80dbf03b6c8e11aab4a5"
        },
        "branches": {
            "public": {
                "buildid": "15961295",
                "timeupdated": "1728354335"
            },
            "beta": {
                "buildid": "15961295",
                "description": "Test Branch For Updates",
                "timeupdated": "1728353867"
            }
        }
    }
}