{
    "appid": "3204990",
    "type": "Demo",
    "name": "Floor 9 Demo",
    "schinese_name": "",
    "isfreeapp": "0",
    "change_number": "25531696",
    "update_time": "2024-10-04 18:37:58",
    "depot": {
        "3204991": {
            "config": {
                "oslist": "windows"
            },
            "manifests": {
                "public": {
                    "gid": "3428746085195859581",
                    "size": "516371774",
                    "download": "219200256"
                }
            },
            "decryptionkey": "1fc1665037a634b7a7ecb37c579053b14120acfab8e2d275557ddd324dd5c094"
        },
        "3204992": {
            "config": {
                "oslist": "macos"
            },
            "manifests": {
                "public": {
                    "gid": "2302628401498127872",
                    "size": "528575637",
                    "download": "207343600"
                }
            },
            "decryptionkey": ""
        },
        "branches": {
            "public": {
                "buildid": "15664518",
                "timeupdated": "1726060613"
            }
        }
    }
}