{
    "appid": "3255130",
    "type": "Beta",
    "name": "Echoes of Mystralia Playtest",
    "schinese_name": "",
    "isfreeapp": "0",
    "change_number": "27480465",
    "update_time": "2025-02-14 21:52:26",
    "depot": {
        "3255131": {
            "manifests": {
                "public": {
                    "gid": "8180866992127673069",
                    "size": "2466298767",
                    "download": "1228463936"
                }
            },
            "decryptionkey": "c05626f94981c3016c7167e5e5a66a7bb194232a9ada9614480714247f1aae40"
        },
        "branches": {
            "public": {
                "buildid": "17363742",
                "timeupdated": "1739522490"
            }
        }
    }
}