{
    "appid": "3131710",
    "type": "Demo",
    "name": "Hyper Skater Demo",
    "schinese_name": "",
    "isfreeapp": "0",
    "change_number": "24917967",
    "update_time": "2024-08-24 03:10:04",
    "depot": {
        "3131711": {
            "config": {
                "oslist": "windows"
            },
            "manifests": {
                "public": {
                    "gid": "5653816527433298109",
                    "size": "169051612",
                    "download": "76961904"
                }
            },
            "decryptionkey": "7d1f64fdf8e65b6c4c39292cbfbd589e886d6f7df57ea03db364ec1500bc8811"
        },
        "branches": {
            "public": {
                "buildid": "15158838",
                "timeupdated": "1721969677"
            }
        }
    }
}