{
    "appid": "3234010",
    "type": "Demo",
    "name": "Gregory Horror Show Soul of Roses Demo",
    "schinese_name": "",
    "isfreeapp": "0",
    "change_number": "26203751",
    "update_time": "2024-11-15 09:37:30",
    "depot": {
        "3234011": {
            "config": {
                "oslist": "windows"
            },
            "manifests": {
                "public": {
                    "gid": "7892548163010587148",
                    "size": "941222124",
                    "download": "515874608"
                }
            },
            "decryptionkey": "faf637b9e551eec41aaf445adc0745e56d9c0ac6d5ca9867b787fc1d6dae9b4c"
        },
        "3234012": {
            "config": {
                "oslist": "macos"
            },
            "manifests": {
                "public": {
                    "gid": "5137495052539970054",
                    "size": "1128747058",
                    "download": "636618512"
                }
            },
            "decryptionkey": ""
        },
        "branches": {
            "public": {
                "buildid": "16039550",
                "timeupdated": "1728924096"
            }
        }
    }
}