{
    "appid": "3177970",
    "type": "Game",
    "name": "Bioweaver",
    "schinese_name": "原点计划：血肉工匠",
    "isfreeapp": "0",
    "change_number": "29016408",
    "update_time": "2025-05-16 12:12:44",
    "depot": {
        "baselanguages": "english",
        "workshopdepot": "3177970",
        "3177971": {
            "config": {
                "oslist": "windows",
                "osarch": "64"
            },
            "manifests": {
                "public": {
                    "gid": "1644171749143895542",
                    "size": "708473553",
                    "download": "477774576"
                }
            },
            "decryptionkey": "559e6e3450ca7058329648e9292f360d400970bf869e4a68440e07912d3ac476"
        },
        "3177972": {
            "config": {
                "oslist": "linux",
                "osarch": "64"
            },
            "manifests": {
                "public": {
                    "gid": "5841674226436188243",
                    "size": "682405983",
                    "download": "458872048"
                }
            },
            "decryptionkey": "cac467301f8871e1599a50e2c350b2b16b9ef3adf04cbbd932dd4a6d22fc479c"
        },
        "3177973": {
            "config": {
                "oslist": "macos",
                "osarch": "64"
            },
            "manifests": {
                "public": {
                    "gid": "7011161532992163351",
                    "size": "693518015",
                    "download": "473915888"
                }
            },
            "decryptionkey": "c0227822f255bb0836dc6ea94d39abc7a62fb9ba541ea8d3162b11962a12fb92"
        },
        "3177974": {
            "manifests": {}
        },
        "branches": {
            "public": {
                "buildid": "18124902",
                "timeupdated": "1744788596"
            }
        },
        "privatebranches": "1",
        "workshopdepotdecryptionkey": ""
    }
}