{
    "appid": "3126090",
    "type": "Game",
    "name": "Arcane Board",
    "schinese_name": "",
    "isfreeapp": "0",
    "change_number": "28580136",
    "update_time": "2025-04-21 16:04:04",
    "depot": {
        "3126091": {
            "config": {
                "oslist": "windows"
            },
            "manifests": {
                "public": {
                    "gid": "4437028349639915540",
                    "size": "267458777",
                    "download": "27768160"
                }
            },
            "decryptionkey": "bf35fe557860211d8533ece4a3c65e6a08ccf987f051309cc590d29ebd21d19b"
        },
        "3126092": {
            "config": {
                "oslist": "linux"
            },
            "manifests": {
                "public": {
                    "gid": "6182335062071879774",
                    "size": "273044823",
                    "download": "28733680"
                }
            }
        },
        "3126093": {
            "config": {
                "oslist": "macos"
            },
            "manifests": {
                "public": {
                    "gid": "1821659160027748397",
                    "size": "293452570",
                    "download": "37105040"
                }
            }
        },
        "branches": {
            "public": {
                "buildid": "18083669",
                "timeupdated": "1744464309"
            }
        }
    }
}