{
    "appid": "3339100",
    "type": "Game",
    "name": "Demon Alive",
    "schinese_name": "",
    "isfreeapp": "0",
    "change_number": "28811220",
    "update_time": "2025-05-05 00:31:15",
    "depot": {
        "3339101": {
            "config": {
                "oslist": "windows",
                "osarch": "64"
            },
            "manifests": {
                "public": {
                    "gid": "3648806289515857959",
                    "size": "6510163619",
                    "download": "2394598704"
                }
            },
            "decryptionkey": "ef183af16163ef05d18131a784fbd736fa37ba6795f2d158f277d832c3e9811d"
        },
        "branches": {
            "public": {
                "buildid": "18338679",
                "timeupdated": "1746374801"
            }
        },
        "privatebranches": "1"
    }
}