{
    "appid": "3264270",
    "type": "Demo",
    "name": "Twin-Stick Survivors Demo",
    "schinese_name": "",
    "isfreeapp": "0",
    "change_number": "25938803",
    "update_time": "2024-10-29 04:47:24",
    "depot": {
        "3264271": {
            "config": {
                "oslist": "windows",
                "osarch": "64"
            },
            "manifests": {
                "public": {
                    "gid": "8004316422912842078",
                    "size": "118987894",
                    "download": "67935488"
                }
            },
            "decryptionkey": "b0447f11b9802d01f3877bba26b94cb7ce290b143f0f35663b80868437e355ec"
        },
        "branches": {
            "public": {
                "buildid": "16009106",
                "timeupdated": "1728648904"
            }
        }
    }
}