{
    "appid": "3341750",
    "type": "Game",
    "name": "Starboard",
    "schinese_name": "",
    "isfreeapp": "1",
    "change_number": "27806966",
    "update_time": "2025-03-06 11:08:07",
    "depot": {
        "228989": {
            "config": {
                "oslist": "windows"
            },
            "depotfromapp": "228980",
            "sharedinstall": "1"
        },
        "228990": {
            "config": {
                "oslist": "windows"
            },
            "depotfromapp": "228980",
            "sharedinstall": "1"
        },
        "3341753": {
            "config": {
                "language": "english",
                "oslist": "windows"
            },
            "manifests": {
                "public": {
                    "gid": "1848542059834276545",
                    "size": "7373861449",
                    "download": "6984776000"
                },
                "release": {
                    "gid": "3255109122292377700",
                    "size": "7373865550",
                    "download": "6984628656"
                }
            },
            "decryptionkey": "b5d78d223e8cca6dde4dd9f692915a6bbe5fabfa966be1065ca7791598af6847"
        },
        "branches": {
            "public": {
                "buildid": "16669763",
                "timeupdated": "1733617503"
            },
            "release": {
                "buildid": "16661619",
                "description": "Newest version",
                "timeupdated": "1733519397"
            }
        }
    }
}