{
    "appid": "3317810",
    "type": "Beta",
    "name": "The Dream Within Playtest",
    "schinese_name": "",
    "isfreeapp": "0",
    "change_number": "26543180",
    "update_time": "2024-12-08 07:57:39",
    "depot": {
        "3317811": {
            "manifests": {
                "public": {
                    "gid": "7644881170483792704",
                    "size": "3303551228",
                    "download": "194244736"
                }
            },
            "decryptionkey": "2864d168c068fb51c814e235b41081b2c745cc097858cf9b35bdc808cf7ffa90"
        },
        "branches": {
            "public": {
                "buildid": "16429616",
                "timeupdated": "1731747892"
            }
        }
    }
}