{
    "appid": "2964280",
    "type": "Game",
    "name": "Penguin Helper",
    "schinese_name": "",
    "isfreeapp": "0",
    "change_number": "29015497",
    "update_time": "2025-05-16 10:48:47",
    "depot": {
        "2964281": {
            "manifests": {
                "public": {
                    "gid": "5326032952382895770",
                    "size": "556062896",
                    "download": "216898480"
                }
            },
            "decryptionkey": "30ea11a6a97b9f58a839b3dea80ce248d2ffecfcb93b0320ac0b8c56943b1737"
        },
        "branches": {
            "public": {
                "buildid": "15635510",
                "timeupdated": "1725867720"
            }
        },
        "privatebranches": "1"
    }
}