{
    "appid": "3194630",
    "type": "Demo",
    "name": "Bao Bao's Cozy Laundromat Demo",
    "schinese_name": "",
    "isfreeapp": "0",
    "change_number": "27515263",
    "update_time": "2025-02-17 20:26:00",
    "depot": {
        "3194631": {
            "manifests": {
                "public": {
                    "gid": "8905125193513538267",
                    "size": "270332484",
                    "download": "150519856"
                }
            },
            "decryptionkey": "bf4628dab610158f5afffa2e046a9bef10cb484138da1914d4984d1e1cf5215b"
        },
        "3194632": {
            "config": {
                "oslist": "macos"
            },
            "manifests": {
                "public": {
                    "gid": "3464816086521759958",
                    "size": "285491526",
                    "download": "156922208"
                }
            },
            "decryptionkey": ""
        },
        "3194633": {
            "config": {
                "oslist": "linux",
                "osarch": "64",
                "steamdeck": "1"
            },
            "manifests": {
                "public": {
                    "gid": "3645781463655932196",
                    "size": "265368562",
                    "download": "148549936"
                }
            },
            "decryptionkey": ""
        },
        "branches": {
            "public": {
                "buildid": "17346442",
                "timeupdated": "1739420503"
            }
        }
    }
}