{
    "appid": "3015620",
    "type": "Game",
    "name": "Welcome Back Commander",
    "schinese_name": "欢迎回来，指挥官",
    "isfreeapp": "0",
    "change_number": "29015780",
    "update_time": "2025-05-16 11:12:47",
    "depot": {
        "3015621": {
            "manifests": {
                "public": {
                    "gid": "7012154986414083223",
                    "size": "295476190",
                    "download": "219735712"
                }
            },
            "decryptionkey": "89f663630f68a5c25a643b509807b96e11adbad0ec2ed9bedf02ccb58ebce6aa"
        },
        "branches": {
            "public": {
                "buildid": "18372724",
                "timeupdated": "1746614693"
            }
        }
    }
}