{
    "appid": "3551220",
    "type": "DLC",
    "name": "Chorus of Carcosa  - Digital Artbook",
    "schinese_name": "",
    "isfreeapp": "0",
    "change_number": "28055784",
    "update_time": "2025-03-21 01:06:40",
    "depot": {
        "3551220": {
            "manifests": {
                "public": {
                    "gid": "754376146827967250",
                    "size": "583564249",
                    "download": "585892592"
                }
            },
            "dlcappid": "3551220",
            "decryptionkey": "4906732ccf8d00ff3e0101fd401cc48531c71bc441a5f5bb8425f4cc17e6baaf"
        },
        "branches": {
            "public": {
                "buildid": "17575312",
                "timeupdated": "1741012106"
            }
        }
    }
}