{
    "appid": "3079080",
    "type": "Demo",
    "name": "Gods vs Horrors Demo",
    "schinese_name": "诸神之劫：自走棋 Demo",
    "isfreeapp": "0",
    "change_number": "27731274",
    "update_time": "2025-03-01 16:46:39",
    "depot": {
        "baselanguages": "english,german,french,italian,koreana,spanish,schinese,tchinese,russian,japanese,portuguese,polish,brazilian,latam",
        "3079081": {
            "config": {
                "oslist": "windows"
            },
            "manifests": {
                "public": {
                    "gid": "920601008373708714",
                    "size": "929397913",
                    "download": "191455920"
                }
            },
            "decryptionkey": "babe159c23c798f77186431a8770934b45ccb366d04c00296a41927fc06dd9a8"
        },
        "3079082": {
            "config": {
                "oslist": "linux"
            },
            "manifests": {
                "public": {
                    "gid": "7189843677118014906",
                    "size": "928257845",
                    "download": "189835568"
                }
            },
            "decryptionkey": ""
        },
        "branches": {
            "public": {
                "buildid": "17484061",
                "timeupdated": "1740404308"
            }
        },
        "privatebranches": "1"
    }
}