{
    "appid": "3077670",
    "type": "Game",
    "name": "Water Delivery",
    "schinese_name": "",
    "isfreeapp": "0",
    "change_number": "29016105",
    "update_time": "2025-05-16 11:42:47",
    "depot": {
        "228989": {
            "config": {
                "oslist": "windows"
            },
            "depotfromapp": "228980",
            "sharedinstall": "1"
        },
        "228990": {
            "config": {
                "oslist": "windows"
            },
            "depotfromapp": "228980",
            "sharedinstall": "1"
        },
        "3077671": {
            "config": {
                "oslist": "windows"
            },
            "manifests": {
                "public": {
                    "gid": "382529049006533201",
                    "size": "1588641093",
                    "download": "1406247520"
                }
            },
            "decryptionkey": "e379293fbc464426abd6c8832d37834dd6bcfca4b272f939b0d4a4c7a7c88099"
        },
        "branches": {
            "public": {
                "buildid": "16963419",
                "timeupdated": "1736507115"
            }
        }
    }
}