{
    "appid": "3193770",
    "type": "Game",
    "name": "The Exit 8 VR",
    "schinese_name": "8号出口VR",
    "isfreeapp": "0",
    "change_number": "28540913",
    "update_time": "2025-04-18 09:22:39",
    "depot": {
        "3193771": {
            "manifests": {
                "public": {
                    "gid": "4208876958122034810",
                    "size": "690445251",
                    "download": "530664800"
                }
            },
            "decryptionkey": "9a81515bbf87c0b6d6a551e822aacac22ff6d693c60fde583cd314c448308986"
        },
        "branches": {
            "public": {
                "buildid": "15950125",
                "timeupdated": "1728357981"
            }
        }
    }
}