{
    "appid": "3240260",
    "type": "Demo",
    "name": "I'm on Observation Duty 7 Demo",
    "schinese_name": "",
    "isfreeapp": "0",
    "change_number": "26183469",
    "update_time": "2024-11-14 07:40:13",
    "depot": {
        "3240261": {
            "config": {
                "oslist": "windows",
                "osarch": "64"
            },
            "manifests": {
                "public": {
                    "gid": "5193291455326883260",
                    "size": "1554966605",
                    "download": "1071609776"
                }
            },
            "decryptionkey": "6a327e678772f52442e77ec05c49e6ce184d11a301033fe61b5e5e7bdb60d7a5"
        },
        "3240262": {
            "config": {
                "oslist": "macos",
                "osarch": "64"
            },
            "manifests": {
                "public": {
                    "gid": "4293980245742160195",
                    "size": "1700255301",
                    "download": "1119963152"
                }
            },
            "decryptionkey": ""
        },
        "3240263": {
            "config": {
                "oslist": "linux"
            },
            "manifests": {
                "public": {
                    "gid": "5578497092081074476",
                    "size": "1784270189",
                    "download": "1190604144"
                }
            },
            "decryptionkey": ""
        },
        "branches": {
            "public": {
                "buildid": "16107752",
                "timeupdated": "1729349209"
            }
        },
        "privatebranches": "1"
    }
}