{
    "appid": "3167180",
    "type": "Game",
    "name": "Hello Love: 18 Again",
    "schinese_name": "你好！我们还有场恋爱没谈",
    "isfreeapp": "0",
    "change_number": "29046489",
    "update_time": "2025-05-18 14:14:58",
    "depot": {
        "baselanguages": "english",
        "3167181": {
            "config": {
                "oslist": "windows"
            },
            "manifests": {
                "public": {
                    "gid": "3962991473243727465",
                    "size": "45995778992",
                    "download": "46084894464"
                }
            },
            "decryptionkey": "f61ad6c1640cf36271016dc035341874c16ab54aabaca29279cfc49f05b68741"
        },
        "3167182": {
            "config": {
                "oslist": "macos",
                "osarch": "64"
            },
            "manifests": {
                "public": {
                    "gid": "7320247213697460231",
                    "size": "48030231272",
                    "download": "46396502448"
                }
            }
        },
        "3167183": {
            "config": {
                "oslist": "windows"
            },
            "manifests": {}
        },
        "3167184": {
            "config": {
                "oslist": "macos",
                "osarch": "64"
            },
            "manifests": {}
        },
        "3167185": {
            "config": {
                "oslist": "windows"
            },
            "manifests": {}
        },
        "3167186": {
            "config": {
                "oslist": "macos",
                "osarch": "64"
            },
            "manifests": {}
        },
        "branches": {
            "public": {
                "buildid": "18385433",
                "timeupdated": "1746690189"
            }
        },
        "privatebranches": "1"
    }
}