{
    "appid": "3115840",
    "type": "Game",
    "name": "Sexy Girl Next Door - Virtual Valentine Sex",
    "schinese_name": "",
    "isfreeapp": "0",
    "change_number": "24855371",
    "update_time": "2024-08-20 07:26:24",
    "depot": {
        "3115841": {
            "manifests": {
                "public": {
                    "gid": "6338001687414724217",
                    "size": "4609954622",
                    "download": "1673911088"
                }
            },
            "decryptionkey": "3180f7ad45376d2df8da7e98444b2ae2b7434f57b731ca208afc9079867f4ef4"
        },
        "3115842": {
            "config": {
                "oslist": "windows"
            }
        },
        "branches": {
            "public": {
                "buildid": "15068038",
                "timeupdated": "1721254464"
            }
        }
    }
}