{
    "appid": "3134270",
    "type": "Demo",
    "name": "Fear Followers Demo",
    "schinese_name": "",
    "isfreeapp": "0",
    "change_number": "24609968",
    "update_time": "2024-08-02 01:05:03",
    "depot": {
        "3134271": {
            "manifests": {
                "public": {
                    "gid": "752667790912467963",
                    "size": "1026565965",
                    "download": "771568832"
                }
            },
            "decryptionkey": "cccbf240498b1d4c3d6772680f35212213a30246b19c598042d121cdbe616445"
        },
        "branches": {
            "public": {
                "buildid": "15229566",
                "timeupdated": "1722531897"
            }
        }
    }
}