{
    "appid": "3608980",
    "type": "DLC",
    "name": "RPG Maker MZ - KR Ruins Kit",
    "schinese_name": "",
    "isfreeapp": "0",
    "change_number": "28415070",
    "update_time": "2025-04-11 03:33:42",
    "depot": {
        "3608980": {
            "manifests": {
                "public": {
                    "gid": "6647840774656475518",
                    "size": "16169137",
                    "download": "16074672"
                }
            },
            "dlcappid": "3608980",
            "decryptionkey": "a666d5ee95f80820bee172ddb777e93c1c7a08bd60a58ce964d67a521e7cac1b"
        },
        "branches": {
            "public": {
                "buildid": "18028594",
                "timeupdated": "1744128271"
            }
        }
    }
}