{
    "appid": "3288260",
    "type": "Music",
    "name": "Black Myth: Wukong Soundtrack Selection",
    "schinese_name": "黑神话：悟空 游戏音乐精选集",
    "isfreeapp": "0",
    "change_number": "28524167",
    "update_time": "2025-04-17 15:55:07",
    "depot": {
        "3288261": {
            "manifests": {
                "public": {
                    "gid": "1420688854810981808",
                    "size": "306139870",
                    "download": "283758448"
                }
            },
            "decryptionkey": "dd58656a765e3490f9479f111d16728b1ffa1b0b474076884b122c344153ff52"
        },
        "3288262": {
            "config": {
                "highqualityaudio": "1"
            },
            "manifests": {
                "public": {
                    "gid": "7921052030878882502",
                    "size": "1288522546",
                    "download": "1301605744"
                }
            },
            "decryptionkey": "d00c5648814e85abd2a3d949042a2a715d5a3b9b437c754479b01ef7fd74e42a"
        },
        "branches": {
            "public": {
                "buildid": "16575275",
                "timeupdated": "1732865512"
            }
        }
    }
}