{
    "appid": "3229490",
    "type": "Music",
    "name": "KILL KNIGHT Original Soundtrack",
    "schinese_name": "",
    "isfreeapp": "0",
    "change_number": "28496382",
    "update_time": "2025-04-16 06:16:21",
    "depot": {
        "3229491": {
            "manifests": {
                "public": {
                    "gid": "1431292869030285169",
                    "size": "183684461",
                    "download": "157067472"
                }
            },
            "decryptionkey": "595069e300a9b0cd7630a8a444ffbbfc61bf9b03431030513d65fa65ce7b94b4"
        },
        "3229492": {
            "config": {
                "highqualityaudio": "1"
            },
            "manifests": {
                "public": {
                    "gid": "5894435539723759009",
                    "size": "810436604",
                    "download": "763585824"
                }
            },
            "decryptionkey": "226e04133bed910140d01e86dbcef5f2083d3ebda0c9e2e768893543f7301414"
        },
        "branches": {
            "public": {
                "buildid": "16415059",
                "timeupdated": "1731643380"
            }
        }
    }
}