{
    "appid": "3202190",
    "type": "Demo",
    "name": "汽车大亨 Demo",
    "schinese_name": "",
    "isfreeapp": "0",
    "change_number": "25867823",
    "update_time": "2024-10-24 09:03:18",
    "depot": {
        "3202191": {
            "config": {
                "oslist": "windows",
                "osarch": "64"
            },
            "manifests": {
                "public": {
                    "gid": "8051370519339694929",
                    "size": "664633170",
                    "download": "150923456"
                }
            },
            "decryptionkey": "26276e5394edc76fab225e209403c27acf69c932f7de73bea2fa292a46f7dca6"
        },
        "3202192": {
            "config": {
                "oslist": "windows",
                "osarch": "32"
            },
            "manifests": {
                "public": {
                    "gid": "791224597306480204",
                    "size": "654629326",
                    "download": "147886368"
                }
            },
            "decryptionkey": ""
        },
        "baselanguages": "english,schinese,tchinese",
        "branches": {
            "public": {
                "buildid": "15531472",
                "timeupdated": "1724934139"
            }
        }
    }
}