{
    "appid": "2957570",
    "type": "Game",
    "name": "D-Zone",
    "schinese_name": "",
    "isfreeapp": "0",
    "change_number": "26125663",
    "update_time": "2024-11-10 09:05:33",
    "depot": {
        "2957571": {
            "manifests": {
                "public": {
                    "gid": "5118931270307727313",
                    "size": "244891712",
                    "download": "155698656"
                }
            },
            "decryptionkey": "a460ffadfa26fb8cf07bce706360aeff16f93be4810870139fe68bb28515bf3b"
        },
        "baselanguages": "english,schinese,japanese",
        "branches": {
            "public": {
                "buildid": "14151498",
                "timeupdated": "1713909182"
            }
        }
    }
}