{
    "appid": "2964810",
    "type": "Game",
    "name": "Revenge of Black Bone",
    "schinese_name": "",
    "isfreeapp": "0",
    "change_number": "28930395",
    "update_time": "2025-05-12 08:35:34",
    "depot": {
        "2964811": {
            "manifests": {
                "public": {
                    "gid": "5744163766839690524",
                    "size": "7993856424",
                    "download": "3975883248"
                }
            },
            "decryptionkey": "7de6522a94b684593b8b98330520f6150ca760181ed4c748ff54fb6b084d4a3f"
        },
        "2964812": {
            "config": {
                "oslist": "macos",
                "osarch": "64"
            },
            "manifests": {
                "public": {
                    "gid": "4183736157494321292",
                    "size": "7980718797",
                    "download": "3973076288"
                }
            }
        },
        "branches": {
            "public": {
                "buildid": "18352693",
                "timeupdated": "1746489270"
            }
        }
    }
}