{
    "appid": "3164590",
    "type": "Demo",
    "name": "Lower? Higher! Demo",
    "schinese_name": "不买？下一个！DEMO",
    "isfreeapp": "0",
    "change_number": "26155281",
    "update_time": "2024-11-12 18:28:54",
    "depot": {
        "3164591": {
            "manifests": {
                "public": {
                    "gid": "3875200842278604593",
                    "size": "210440875",
                    "download": "128171248"
                }
            },
            "decryptionkey": "88497296dbf59f5b65502475722b87668a169e1697856ee388fc4e28221c9d72"
        },
        "branches": {
            "public": {
                "buildid": "15491257",
                "timeupdated": "1724662722"
            }
        }
    }
}