{
    "appid": "3071370",
    "type": "Game",
    "name": "Boundary Master",
    "schinese_name": "",
    "isfreeapp": "0",
    "change_number": "26253459",
    "update_time": "2024-11-21 01:02:19",
    "depot": {
        "3071371": {
            "manifests": {
                "public": {
                    "gid": "3902017635679548393",
                    "size": "101747787",
                    "download": "26121264"
                }
            },
            "decryptionkey": "5600be61b09cddbd4c65cd001aad21f8dd59db08995c0e663a3ab14b23044ffc"
        },
        "branches": {
            "public": {
                "buildid": "14807869",
                "timeupdated": "1719115212"
            }
        }
    },
    "access_token": 13334084450512155441
}