{
    "appid": "3337050",
    "type": "Game",
    "name": "The Night Games Collection",
    "schinese_name": "",
    "isfreeapp": "0",
    "change_number": "28922020",
    "update_time": "2025-05-11 09:32:53",
    "depot": {
        "3337051": {
            "manifests": {
                "public": {
                    "gid": "2656088286308140508",
                    "size": "1249799763",
                    "download": "333799584"
                }
            },
            "decryptionkey": "5544ca47f9dd3bd939ff478078ef97b4f47a98d6172a320273ed74a7a659d6d1"
        },
        "branches": {
            "public": {
                "buildid": "16806014",
                "timeupdated": "1734641914"
            }
        }
    }
}