{
    "appid": "3358100",
    "type": "DLC",
    "name": "WARRIORS: Abyss - SAMURAI WARRIORS Classic Costume Set",
    "schinese_name": "无双深渊 - 《战国无双》经典服装组合",
    "isfreeapp": "0",
    "change_number": "27473638",
    "update_time": "2025-02-14 14:08:50",
    "depot": {
        "3358100": {
            "manifests": {
                "public": {
                    "gid": "119839112108696445",
                    "size": "130619744",
                    "download": "130293584"
                }
            },
            "dlcappid": "3358100",
            "decryptionkey": "c0c507bc3f9d4633c5839394fa0af8e7467e111fbd99fc015f1f6caa887cc374"
        },
        "branches": {
            "public": {
                "buildid": "16960677",
                "timeupdated": "1736492619"
            }
        }
    }
}