{
    "appid": "3489720",
    "type": "Demo",
    "name": "我的人生 Demo",
    "schinese_name": "",
    "isfreeapp": "0",
    "change_number": "27810461",
    "update_time": "2025-03-06 16:23:58",
    "depot": {
        "228989": {
            "config": {
                "oslist": "windows"
            },
            "depotfromapp": "228980",
            "sharedinstall": "1"
        },
        "228990": {
            "config": {
                "oslist": "windows"
            },
            "depotfromapp": "228980",
            "sharedinstall": "1"
        },
        "3489721": {
            "config": {
                "oslist": "windows"
            },
            "manifests": {
                "public": {
                    "gid": "1709299379136284362",
                    "size": "241750884",
                    "download": "116816928"
                },
                "prev-release": {
                    "gid": "6990787759828604308",
                    "size": "199824348",
                    "download": "102128256"
                }
            },
            "decryptionkey": "ddfff11d1b7b66a2b49cf70b5a5f78b74c9ab08415ac999ab01c3de6ee7d90d8"
        },
        "3489722": {
            "config": {
                "oslist": "macos"
            },
            "manifests": {
                "public": {
                    "gid": "677997043858428286",
                    "size": "287257986",
                    "download": "136386944"
                },
                "prev-release": {
                    "gid": "7176968318833110813",
                    "size": "268021972",
                    "download": "116885008"
                }
            }
        },
        "baselanguages": "schinese",
        "branches": {
            "public": {
                "buildid": "17565844",
                "timeupdated": "1740930208"
            },
            "prev-release": {
                "buildid": "17417108",
                "description": "更新前测试",
                "timeupdated": "1739938199"
            }
        },
        "privatebranches": "1"
    }
}