{
    "appid": "2983940",
    "type": "Game",
    "name": "SkateLab",
    "schinese_name": "",
    "isfreeapp": "0",
    "change_number": "29038392",
    "update_time": "2025-05-17 17:03:18",
    "depot": {
        "228989": {
            "config": {
                "oslist": "windows"
            },
            "depotfromapp": "228980",
            "sharedinstall": "1"
        },
        "228990": {
            "config": {
                "oslist": "windows"
            },
            "depotfromapp": "228980",
            "sharedinstall": "1"
        },
        "2983941": {
            "manifests": {
                "public": {
                    "gid": "999357228326762959",
                    "size": "3506903876",
                    "download": "3032276592"
                }
            },
            "decryptionkey": "620f341dbd89ba3cb4eddd84f36f5cc3bb73095b28a59a4b9557ec88173f36d1"
        },
        "branches": {
            "public": {
                "buildid": "15972031",
                "timeupdated": "1728420019"
            }
        },
        "privatebranches": "1"
    }
}