{
    "appid": "3050340",
    "type": "DLC",
    "name": "RPG Maker MZ - Arcade Game Resource Pack",
    "schinese_name": "",
    "isfreeapp": "0",
    "change_number": "24230705",
    "update_time": "2024-07-16 02:47:10",
    "depot": {
        "3050340": {
            "manifests": {
                "public": {
                    "gid": "1214139604217682258",
                    "size": "45484037",
                    "download": "16377824"
                }
            },
            "dlcappid": "3050340",
            "decryptionkey": "6f6447dc7a61b61eae5f5f24f0086ef6c4519a6a90f6c61eab5a16b2dd70f38a"
        },
        "branches": {
            "public": {
                "buildid": "14891229",
                "timeupdated": "1719814758"
            }
        }
    }
}