{
    "appid": "2985750",
    "type": "Game",
    "name": "锈翅 逃离我的家乡 Without Wings",
    "schinese_name": "",
    "isfreeapp": "0",
    "change_number": "28914734",
    "update_time": "2025-05-10 14:32:56",
    "depot": {
        "2985751": {
            "manifests": {
                "public": {
                    "gid": "7984661624574255858",
                    "size": "1466455291",
                    "download": "1341650800"
                }
            },
            "decryptionkey": "7c00763378da65f4550e9fa3552df652204be7b3d5e775921018e3c1ad2c7168"
        },
        "branches": {
            "public": {
                "buildid": "18266326",
                "timeupdated": "1745898627"
            }
        },
        "privatebranches": "1"
    }
}