{
    "appid": "3019370",
    "type": "Game",
    "name": "Malware",
    "schinese_name": "流氓软件",
    "isfreeapp": "0",
    "change_number": "29015780",
    "update_time": "2025-05-16 11:12:47",
    "depot": {
        "228989": {
            "config": {
                "oslist": "windows"
            },
            "depotfromapp": "228980",
            "sharedinstall": "1"
        },
        "229007": {
            "config": {
                "oslist": "windows"
            },
            "depotfromapp": "228980",
            "sharedinstall": "1"
        },
        "229020": {
            "config": {
                "oslist": "windows"
            },
            "depotfromapp": "228980",
            "sharedinstall": "1"
        },
        "3019371": {
            "manifests": {
                "public": {
                    "gid": "8483590757562547699",
                    "size": "165853824",
                    "download": "26172304"
                },
                "compatibility": {
                    "gid": "8483590757562547699",
                    "size": "165853824",
                    "download": "26172304"
                }
            },
            "decryptionkey": "bd2da71d2e560a74afbc6465486249437f3649c9ba83f7cf03844fd47d88ea6b"
        },
        "workshopdepot": "3019370",
        "branches": {
            "public": {
                "buildid": "15960880",
                "timeupdated": "1728351545"
            },
            "compatibility": {
                "buildid": "15960880",
                "description": "Malware compatibility version",
                "timeupdated": "1728350425"
            }
        },
        "workshopdepotdecryptionkey": "2f3158478f11790ed0adfb04a2008b4568ce9fd8d1c943a9479da0fa2f46f126"
    }
}