{
    "appid": "3018830",
    "type": "Game",
    "name": "One Night With Kawaii",
    "schinese_name": "",
    "isfreeapp": "0",
    "change_number": "28642580",
    "update_time": "2025-04-24 19:06:26",
    "depot": {
        "3018831": {
            "manifests": {
                "public": {
                    "gid": "4079765382096170618",
                    "size": "1945185942",
                    "download": "668269120"
                }
            },
            "decryptionkey": "e2b9cdbd1788287ddd7793c4194ba2ceaa42739c327e4c6ae30ec792f9b3491f"
        },
        "branches": {
            "public": {
                "buildid": "14496433",
                "timeupdated": "1716685457"
            }
        }
    }
}