{
    "appid": "3037930",
    "type": "Game",
    "name": "[Bober Bros] The Hole",
    "schinese_name": "",
    "isfreeapp": "0",
    "change_number": "29032790",
    "update_time": "2025-05-17 05:13:23",
    "depot": {
        "3037931": {
            "manifests": {
                "public": {
                    "gid": "7708353645071299898",
                    "size": "597591542",
                    "download": "277083744"
                }
            },
            "decryptionkey": "f365b814864e076222c7c5747f3b29af7fa838de5283ae3d3b9abe252cba76e0"
        },
        "branches": {
            "public": {
                "buildid": "17709511",
                "timeupdated": "1741872923"
            }
        },
        "privatebranches": "1"
    }
}