{
    "appid": "3131680",
    "type": "Game",
    "name": "Stardust Skate",
    "schinese_name": "",
    "isfreeapp": "0",
    "change_number": "28354095",
    "update_time": "2025-04-08 05:24:04",
    "depot": {
        "hasdepotsindlc": "0",
        "3131681": {
            "manifests": {
                "public": {
                    "gid": "4440382781806269832",
                    "size": "272884526",
                    "download": "171725200"
                }
            },
            "decryptionkey": "fdfcb50336600c43ec6da7c73fa47f784aaa9f2805fb108f6d8273264e188d92"
        },
        "branches": {
            "public": {
                "buildid": "17949959",
                "timeupdated": "1743597012"
            }
        },
        "privatebranches": "1"
    }
}