{
    "appid": "3022350",
    "type": "Demo",
    "name": "Memories Of BUST Demo",
    "schinese_name": "",
    "isfreeapp": "0",
    "change_number": "25716474",
    "update_time": "2024-10-15 05:06:34",
    "depot": {
        "3022351": {
            "config": {
                "oslist": "windows"
            },
            "manifests": {
                "public": {
                    "gid": "3031306064316396312",
                    "size": "417110626",
                    "download": "264170752"
                }
            },
            "decryptionkey": "3c80fa594c099533ccc4d073dffa2c6c153a200b3707fb458e6a9dcde238932f"
        },
        "3022352": {
            "config": {
                "oslist": "macos"
            },
            "manifests": {
                "public": {
                    "gid": "5665355751740370309",
                    "size": "400897366",
                    "download": "257977744"
                }
            },
            "decryptionkey": ""
        },
        "3022353": {
            "config": {
                "oslist": "linux"
            },
            "manifests": {
                "public": {
                    "gid": "3917278146635538813",
                    "size": "279010548",
                    "download": "280817792"
                }
            },
            "decryptionkey": ""
        },
        "branches": {
            "public": {
                "buildid": "16034508",
                "timeupdated": "1728900041"
            }
        }
    }
}