{
    "appid": "3402460",
    "type": "Demo",
    "name": "Refighter Demo",
    "schinese_name": "",
    "isfreeapp": "0",
    "change_number": "27006583",
    "update_time": "2025-01-15 19:51:21",
    "depot": {
        "baselanguages": "english,tchinese",
        "3402461": {
            "manifests": {
                "public": {
                    "gid": "2250150912113440619",
                    "size": "209451463",
                    "download": "74972976"
                }
            },
            "decryptionkey": "d51c96c0377eab7e6d53cc7336d6dfbd685a16db2b0779cd561d8bdd53e2e8bd"
        },
        "branches": {
            "public": {
                "buildid": "16810233",
                "timeupdated": "1734672863"
            }
        }
    }
}