{
    "appid": "2963550",
    "type": "Game",
    "name": "命运游戏：逆时寻凶",
    "schinese_name": "命运游戏：逆时寻凶",
    "isfreeapp": "0",
    "change_number": "29013895",
    "update_time": "2025-05-16 08:21:36",
    "depot": {
        "baselanguages": "english,koreana,schinese,tchinese",
        "hasdepotsindlc": "1",
        "2963552": {
            "config": {
                "oslist": "windows"
            },
            "manifests": {
                "public": {
                    "gid": "7204556418533299300",
                    "size": "46250859121",
                    "download": "46616197696"
                }
            },
            "decryptionkey": "9806244e6731e75985e09bf1923f1be479cfecf397369c7541d0445150e9ea05"
        },
        "2963553": {
            "config": {
                "oslist": "macos"
            },
            "manifests": {
                "public": {
                    "gid": "3009089252640292661",
                    "size": "47639724052",
                    "download": "47978417440"
                }
            },
            "decryptionkey": "c64b2b62154a9e7ac6f32b3bff9bedc1e32f8c6186e743a6125a389ffef50843"
        },
        "branches": {
            "public": {
                "buildid": "17864621",
                "timeupdated": "1742980930"
            }
        }
    }
}