{
    "appid": "3247990",
    "type": "Game",
    "name": "From The Other Side",
    "schinese_name": "",
    "isfreeapp": "0",
    "change_number": "28908634",
    "update_time": "2025-05-10 03:33:44",
    "depot": {
        "228989": {
            "config": {
                "oslist": "windows"
            },
            "depotfromapp": "228980",
            "sharedinstall": "1"
        },
        "228990": {
            "config": {
                "oslist": "windows"
            },
            "depotfromapp": "228980",
            "sharedinstall": "1"
        },
        "3247991": {
            "manifests": {
                "public": {
                    "gid": "6395531065651187921",
                    "size": "8277095900",
                    "download": "7491894064"
                }
            },
            "decryptionkey": "674d9061e37184f51897c22eb85d176015577b07eaa4fbf235351cc7fb59d56f"
        },
        "branches": {
            "public": {
                "buildid": "17381390",
                "timeupdated": "1739671781"
            }
        }
    }
}