{
    "appid": "3215660",
    "type": "Game",
    "name": "Late Homework | 遅れた宿題",
    "schinese_name": "",
    "isfreeapp": "0",
    "change_number": "29016468",
    "update_time": "2025-05-16 12:19:12",
    "depot": {
        "baselanguages": "english",
        "3215661": {
            "config": {
                "oslist": "windows,linux"
            },
            "manifests": {
                "public": {
                    "gid": "2890008047363734615",
                    "size": "181955850",
                    "download": "122945088"
                }
            },
            "decryptionkey": "5b85cd0b656dd466c580e023eda544feb64e092d0f521122f84a039198cbd0c0"
        },
        "branches": {
            "public": {
                "buildid": "16544617",
                "timeupdated": "1732661256"
            }
        }
    }
}