{
    "appid": "3101770",
    "type": "Game",
    "name": "Wander Hero",
    "schinese_name": "漂流佣兵",
    "isfreeapp": "0",
    "change_number": "29019576",
    "update_time": "2025-05-16 16:12:54",
    "depot": {
        "3101771": {
            "manifests": {
                "public": {
                    "gid": "706174724731776133",
                    "size": "2185049193",
                    "download": "793060640"
                }
            },
            "decryptionkey": "a90af500793740aeb1d016807a9ed89bc371ee5a8e2a31cdcd2d438252c2d488"
        },
        "workshopdepot": "3101770",
        "branches": {
            "public": {
                "buildid": "17646354",
                "timeupdated": "1741435114"
            }
        },
        "workshopdepotdecryptionkey": "4b50d3fcbc9d38b8424c13cdff8727c6e73ec0c5bb346dbfa6b746c5759ae598"
    }
}