{
    "appid": "2976360",
    "type": "Demo",
    "name": "Squigley Demo",
    "schinese_name": "",
    "isfreeapp": "0",
    "change_number": "23591175",
    "update_time": "2024-07-16 02:47:06",
    "depot": {
        "2976361": {
            "config": {
                "language": "english",
                "oslist": "windows,linux"
            },
            "manifests": {
                "public": {
                    "gid": "1229978178130992450",
                    "size": "110521920",
                    "download": "46028880"
                }
            },
            "decryptionkey": "001c0232380eab1fddf287c6eb9754ce9a1bac0d1e4948f160ee698101fa2d42"
        },
        "branches": {
            "public": {
                "buildid": "14304602",
                "timeupdated": "1715180581"
            }
        }
    }
}