{
    "appid": "3464890",
    "type": "Demo",
    "name": "Bugtopia Demo",
    "schinese_name": "虫虫生态箱 Demo",
    "isfreeapp": "0",
    "change_number": "27492539",
    "update_time": "2025-02-15 16:50:55",
    "depot": {
        "3464891": {
            "manifests": {
                "public": {
                    "gid": "48837221482990302",
                    "size": "1678461957",
                    "download": "166253568"
                }
            },
            "decryptionkey": "b3790d662f2b53a0447054933b7a4befcbb717b0ed1521615f4c365e1f5f4463"
        },
        "branches": {
            "public": {
                "buildid": "17291730",
                "timeupdated": "1739022692"
            }
        },
        "privatebranches": "1"
    }
}