{
    "appid": "3269890",
    "type": "Demo",
    "name": "Urban Myth Dissolution Center Demo",
    "schinese_name": "都市传说解体中心 Demo",
    "isfreeapp": "0",
    "change_number": "27729072",
    "update_time": "2025-03-01 10:47:54",
    "depot": {
        "3269891": {
            "manifests": {
                "public": {
                    "gid": "3880926574532055034",
                    "size": "886161283",
                    "download": "213518368"
                }
            },
            "decryptionkey": "891abdec5c4e072e83a2a584e10c8c34e8273a7bc07690790c0bfba9145a6356"
        },
        "baselanguages": "english,german,french,italian,koreana,spanish,schinese,tchinese,russian,japanese,arabic,brazilian",
        "branches": {
            "public": {
                "buildid": "16768699",
                "timeupdated": "1736139207"
            }
        },
        "privatebranches": "1"
    }
}