{
    "appid": "3337500",
    "type": "Game",
    "name": "Waifu Simulator: Christmas Edition",
    "schinese_name": "",
    "isfreeapp": "0",
    "change_number": "28812290",
    "update_time": "2025-05-05 02:32:02",
    "depot": {
        "3337501": {
            "manifests": {
                "public": {
                    "gid": "3138980571183068036",
                    "size": "95137196",
                    "download": "81165520"
                }
            },
            "decryptionkey": "b8f73aaec1cb7e1f494ce82b09e3ba21babbd58a0b1e123dbb7e451b528dc2c9"
        },
        "branches": {
            "public": {
                "buildid": "16674704",
                "timeupdated": "1733697901"
            }
        }
    }
}