{
    "appid": "3008030",
    "type": "Music",
    "name": "Hookah Haze -Original Soundtrack-",
    "schinese_name": "水烟水雾 -Original Soundtrack-",
    "isfreeapp": "0",
    "change_number": "28138716",
    "update_time": "2025-03-26 06:39:27",
    "depot": {
        "3008031": {
            "manifests": {
                "public": {
                    "gid": "653700327025013025",
                    "size": "132969620",
                    "download": "106719456"
                }
            },
            "decryptionkey": "a622c5a96b6e3006f74d2ede522e7fe726218a01452388b5a7754480067cd7cd"
        },
        "3008032": {
            "config": {
                "highqualityaudio": "1"
            },
            "manifests": {
                "public": {
                    "gid": "912877236270865035",
                    "size": "586544984",
                    "download": "485929664"
                }
            },
            "decryptionkey": "80556fd4ccabe0f5d8145cbcfca11d83697a9bd0cc9e074acb38eeda2c13e59d"
        },
        "branches": {
            "public": {
                "buildid": "14868196",
                "timeupdated": "1719557381"
            }
        }
    }
}