{
    "appid": "3027480",
    "type": "Game",
    "name": "Outpost 3",
    "schinese_name": "前哨站3",
    "isfreeapp": "0",
    "change_number": "28897720",
    "update_time": "2025-05-09 16:32:16",
    "depot": {
        "baselanguages": "english",
        "3027481": {
            "manifests": {
                "public": {
                    "gid": "7915520251987867368",
                    "size": "960911668",
                    "download": "202344784"
                }
            },
            "decryptionkey": "2f707ad63555908d2e1f9bd467ea37889fa15eaaf35fdb25d0bffb6ddbd8aa2b"
        },
        "branches": {
            "public": {
                "buildid": "16149662",
                "timeupdated": "1729679957"
            }
        },
        "privatebranches": "1"
    }
}