{
    "appid": "3678920",
    "type": "Game",
    "name": "逆乱西游之西天取经",
    "schinese_name": "",
    "isfreeapp": "0",
    "change_number": "29045689",
    "update_time": "2025-05-18 11:13:34",
    "depot": {
        "3678921": {
            "manifests": {
                "public": {
                    "gid": "5411005134254081366",
                    "size": "283107574",
                    "download": "102708240"
                }
            },
            "decryptionkey": "810f87d7e0a77820b4c85b9c09e06e11adfd8990e3e32d83231a2ff730cf64cf"
        },
        "branches": {
            "public": {
                "buildid": "18488116",
                "timeupdated": "1747384438"
            }
        }
    }
}