{
    "appid": "3089900",
    "type": "Music",
    "name": "Ready or Not: Supporter OST",
    "schinese_name": "",
    "isfreeapp": "0",
    "change_number": "24675684",
    "update_time": "2024-08-14 21:18:22",
    "depot": {
        "3089901": {
            "manifests": {
                "public": {
                    "gid": "1723101407538555142",
                    "size": "362550144",
                    "download": "257196144"
                }
            },
            "decryptionkey": "8e73f9b5e5f74b1ce952a2bd62f81ecf67a3bfec22ad0851a40999402e0033fe"
        },
        "3089902": {
            "config": {
                "highqualityaudio": "1"
            },
            "manifests": {
                "public": {
                    "gid": "8333033936200063178",
                    "size": "1419322118",
                    "download": "1435985392"
                }
            },
            "decryptionkey": "e2492b2c266aec1c88d06b2c1cb7539b585e50767d2ab7e970f5749ab8a2b2ee"
        },
        "branches": {
            "public": {
                "buildid": "15131500",
                "timeupdated": "1721782584"
            }
        }
    },
    "access_token": 3109851805188891214
}