{
    "appid": "3516620",
    "type": "Game",
    "name": "MAGICAL BEAT",
    "schinese_name": "",
    "isfreeapp": "0",
    "change_number": "29020123",
    "update_time": "2025-05-16 16:46:05",
    "depot": {
        "baselanguages": "english,japanese",
        "228989": {
            "config": {
                "oslist": "windows"
            },
            "depotfromapp": "228980",
            "sharedinstall": "1"
        },
        "228990": {
            "config": {
                "oslist": "windows"
            },
            "depotfromapp": "228980",
            "sharedinstall": "1"
        },
        "3516621": {
            "config": {
                "oslist": "windows"
            },
            "manifests": {
                "public": {
                    "gid": "6708149688883031967",
                    "size": "2586420382",
                    "download": "1979839616"
                }
            },
            "decryptionkey": "fb6691d0b58f62cc11ac75fb533eb5d072742572b9391ca2866a8c48c0095855"
        },
        "branches": {
            "public": {
                "buildid": "18052567",
                "timeupdated": "1744349423"
            }
        },
        "privatebranches": "1"
    }
}