{
    "appid": "3128570",
    "type": "Game",
    "name": "法医探案团之碎嘴小诗",
    "schinese_name": "",
    "isfreeapp": "0",
    "change_number": "29013895",
    "update_time": "2025-05-16 08:21:34",
    "depot": {
        "hasdepotsindlc": "0",
        "3128571": {
            "config": {
                "oslist": "windows",
                "osarch": "64"
            },
            "manifests": {
                "public": {
                    "gid": "53413912034526320",
                    "size": "3169771169",
                    "download": "3026610528"
                }
            },
            "decryptionkey": "f9570382bc6e398c8c6a6871d3672a14212c5391c71d5438e6c3396364404cae"
        },
        "3128572": {
            "config": {
                "oslist": "macos",
                "osarch": "64"
            },
            "manifests": {
                "public": {
                    "gid": "7633868787327839107",
                    "size": "3164714714",
                    "download": "3022440944"
                }
            }
        },
        "branches": {
            "public": {
                "buildid": "17632033",
                "timeupdated": "1741337763"
            }
        },
        "privatebranches": "1"
    }
}