{
    "appid": "3561820",
    "type": "Game",
    "name": "Trump Searching Vigaro",
    "schinese_name": "",
    "isfreeapp": "0",
    "change_number": "28336699",
    "update_time": "2025-04-07 07:15:17",
    "depot": {
        "228989": {
            "config": {
                "oslist": "windows"
            },
            "depotfromapp": "228980",
            "sharedinstall": "1"
        },
        "228990": {
            "config": {
                "oslist": "windows"
            },
            "depotfromapp": "228980",
            "sharedinstall": "1"
        },
        "229000": {
            "config": {
                "oslist": "windows"
            },
            "depotfromapp": "228980",
            "sharedinstall": "1"
        },
        "3561821": {
            "manifests": {
                "public": {
                    "gid": "7135472247072721453",
                    "size": "4714607789",
                    "download": "1741530176"
                }
            },
            "decryptionkey": "8fe5abe8f3d5c980611bc95af62d03ee0baf5f8761a2da3440275ec4f0e48898"
        },
        "branches": {
            "public": {
                "buildid": "17750306",
                "timeupdated": "1743926075"
            }
        }
    }
}