{
    "appid": "3035200",
    "type": "DLC",
    "name": "Gori: Cuddly Carnage - Neon Neko Skin Pack",
    "schinese_name": "哥里：可爱的大屠杀 - Neon Neko Skin Pack",
    "isfreeapp": "0",
    "change_number": "24993720",
    "update_time": "2024-08-29 20:49:49",
    "depot": {
        "3035200": {
            "manifests": {
                "public": {
                    "gid": "3713146454318724576",
                    "size": "46",
                    "download": "96"
                }
            },
            "dlcappid": "3035200",
            "decryptionkey": "484d0739d9ad890e1380ea5efcd32fe49a3339f4844f61baac1cd53f05069253"
        },
        "branches": {
            "public": {
                "buildid": "15265601",
                "timeupdated": "1722871887"
            }
        }
    }
}