{
    "appid": "3515950",
    "type": "Demo",
    "name": "Star Wars Outlaws Demo",
    "schinese_name": "",
    "isfreeapp": "0",
    "change_number": "29043297",
    "update_time": "2025-05-18 04:15:27",
    "depot": {
        "baselanguages": "english,german,french,italian,koreana,spanish,schinese,tchinese,russian,japanese,polish,brazilian",
        "228989": {
            "config": {
                "oslist": "windows"
            },
            "depotfromapp": "228980",
            "sharedinstall": "1"
        },
        "228990": {
            "config": {
                "oslist": "windows"
            },
            "depotfromapp": "228980",
            "sharedinstall": "1"
        },
        "3515951": {
            "manifests": {
                "public": {
                    "gid": "6988172555417808825",
                    "size": "35312555860",
                    "download": "32305430832"
                }
            }
        },
        "3515952": {
            "config": {
                "language": "french"
            },
            "manifests": {
                "public": {
                    "gid": "8200357828338819462",
                    "size": "1484350511",
                    "download": "1428824480"
                }
            }
        },
        "3515953": {
            "config": {
                "language": "german"
            },
            "manifests": {
                "public": {
                    "gid": "669598908428527583",
                    "size": "1580126079",
                    "download": "1523664496"
                }
            }
        },
        "3515954": {
            "config": {
                "language": "spanish"
            },
            "manifests": {
                "public": {
                    "gid": "1296974468897458912",
                    "size": "1616488783",
                    "download": "1560247856"
                }
            }
        },
        "3515955": {
            "config": {
                "language": "brazilian"
            },
            "manifests": {
                "public": {
                    "gid": "475745125462059811",
                    "size": "1543316312",
                    "download": "1487553056"
                }
            }
        },
        "3515956": {
            "config": {
                "language": "japanese"
            },
            "manifests": {
                "public": {
                    "gid": "8604942577007628516",
                    "size": "1544823538",
                    "download": "1488617904"
                }
            }
        },
        "1716751": {
            "manifests": {
                "public": {
                    "gid": "3341282173115166582",
                    "size": "239900768",
                    "download": "241746080"
                }
            },
            "depotfromapp": "1716750",
            "decryptionkey": "84780b728a23b1dabbe8b064807ccd3dbd40c67139ed569101104a418c581675"
        },
        "branches": {
            "public": {
                "buildid": "18014481",
                "timeupdated": "1744792427"
            }
        },
        "privatebranches": "1"
    }
}