{
    "appid": "3139530",
    "type": "Game",
    "name": "中年失业模拟器2-When a man lose his job 2",
    "schinese_name": "",
    "isfreeapp": "0",
    "change_number": "28088720",
    "update_time": "2025-03-23 00:21:06",
    "depot": {
        "3139531": {
            "manifests": {
                "public": {
                    "gid": "2754978926337825169",
                    "size": "675617212",
                    "download": "447343952"
                }
            },
            "decryptionkey": "a4a09da5e54bb25c4c2d9952fe2119edb4c12bb1e720a6da8436afccef67ac32"
        },
        "baselanguages": "english,schinese",
        "branches": {
            "public": {
                "buildid": "16715868",
                "timeupdated": "1733972729"
            }
        }
    }
}