{
    "appid": "2983270",
    "type": "Game",
    "name": "SEX, Stocks & Cocks",
    "schinese_name": "",
    "isfreeapp": "0",
    "change_number": "29015648",
    "update_time": "2025-05-16 11:00:44",
    "depot": {
        "2983271": {
            "manifests": {
                "public": {
                    "gid": "2769966762388015731",
                    "size": "3964500447",
                    "download": "3702540304"
                }
            },
            "decryptionkey": "7680d5504a44f1a812235e64124069e58f18ce4ae1774e6bdc4ed039b5223697"
        },
        "branches": {
            "public": {
                "buildid": "14643542",
                "timeupdated": "1717785965"
            }
        }
    }
}