{
    "appid": "3134170",
    "type": "DLC",
    "name": "ISEKAI FRONTLINE : ASCENSION",
    "schinese_name": "",
    "isfreeapp": "0",
    "change_number": "28856107",
    "update_time": "2025-05-07 15:08:55",
    "depot": {
        "3134170": {
            "manifests": {
                "public": {
                    "gid": "8579707754993511935",
                    "size": "9410465078",
                    "download": "923907568"
                }
            },
            "dlcappid": "3134170",
            "decryptionkey": "7f89d233a8bbc805a7a2769b232bab8351bf102eadfbc5db2ac5d631cefecdcd"
        },
        "branches": {
            "public": {
                "buildid": "16700413",
                "timeupdated": "1733871728"
            }
        }
    }
}