{
    "appid": "2972350",
    "type": "Game",
    "name": "Devious Path",
    "schinese_name": "",
    "isfreeapp": "0",
    "change_number": "27301046",
    "update_time": "2025-02-04 12:32:51",
    "depot": {
        "228988": {
            "config": {
                "oslist": "windows"
            },
            "depotfromapp": "228980",
            "sharedinstall": "1"
        },
        "228989": {
            "config": {
                "oslist": "windows"
            },
            "depotfromapp": "228980",
            "sharedinstall": "1"
        },
        "228990": {
            "config": {
                "oslist": "windows"
            },
            "depotfromapp": "228980",
            "sharedinstall": "1"
        },
        "baselanguages": "english",
        "2972351": {
            "config": {
                "oslist": "windows"
            },
            "manifests": {
                "public": {
                    "gid": "2219067799153592655",
                    "size": "4606242465",
                    "download": "1882241520"
                }
            },
            "decryptionkey": "b8e1681b17f5187cccb83d6c4b16b447eef586b189f32da29e7e5b1dbef2860e"
        },
        "branches": {
            "public": {
                "buildid": "15783876",
                "timeupdated": "1726967159"
            }
        }
    }
}