{
    "appid": "3358070",
    "type": "DLC",
    "name": "WARRIORS: Abyss - \"DYNASTY WARRIORS\" Costume Set",
    "schinese_name": "无双深渊 - 《三国无双》服装组合",
    "isfreeapp": "1",
    "change_number": "27473638",
    "update_time": "2025-02-14 14:08:48",
    "depot": {
        "3358070": {
            "manifests": {
                "public": {
                    "gid": "692117097771144508",
                    "size": "8190892",
                    "download": "8153952"
                }
            },
            "dlcappid": "3358070",
            "decryptionkey": "7f29a98df78d333fa66611c3d323c6312f0c42aacd986b5459db60dee34ac7fa"
        },
        "branches": {
            "public": {
                "buildid": "16946212",
                "timeupdated": "1736389669"
            }
        }
    }
}