{
    "appid": "3460790",
    "type": "Game",
    "name": "Hidden Skulls",
    "schinese_name": "",
    "isfreeapp": "0",
    "change_number": "28938114",
    "update_time": "2025-05-12 20:02:52",
    "depot": {
        "3460791": {
            "config": {
                "oslist": "windows"
            },
            "manifests": {
                "public": {
                    "gid": "9029557372096919703",
                    "size": "236659123",
                    "download": "151816560"
                }
            },
            "decryptionkey": "5c9a8eab76e2c2c2e4badec32be47efbe2d17ef719a5b9ad20022988c18c70fc"
        },
        "3460792": {
            "config": {
                "oslist": "macos"
            },
            "manifests": {
                "public": {
                    "gid": "3504947704183854732",
                    "size": "260855128",
                    "download": "159348672"
                }
            }
        },
        "3460793": {
            "config": {
                "oslist": "linux"
            },
            "manifests": {
                "public": {
                    "gid": "2594843472813993461",
                    "size": "238782442",
                    "download": "151319392"
                }
            }
        },
        "branches": {
            "public": {
                "buildid": "17095809",
                "timeupdated": "1737575074"
            }
        }
    }
}