{
    "appid": "3197860",
    "type": "Game",
    "name": "Infinite Idle: Online Clicker RPG",
    "schinese_name": "",
    "isfreeapp": "0",
    "change_number": "29016408",
    "update_time": "2025-05-16 12:12:50",
    "depot": {
        "baselanguages": "english",
        "3197861": {
            "config": {
                "oslist": "windows"
            },
            "manifests": {
                "public": {
                    "gid": "8432456160470714035",
                    "size": "128654055",
                    "download": "43924528"
                }
            },
            "decryptionkey": "14aa175c0a5cf2a84207801849b3cb6dfe3a2eacb34ec9e51009fa5c5974888a"
        },
        "branches": {
            "public": {
                "buildid": "16022176",
                "timeupdated": "1728759422"
            }
        }
    }
}