{
    "appid": "3138780",
    "type": "Game",
    "name": "Do No Harm",
    "schinese_name": "触手回春",
    "isfreeapp": "0",
    "change_number": "29023113",
    "update_time": "2025-05-16 19:33:58",
    "depot": {
        "3138781": {
            "manifests": {
                "public": {
                    "gid": "2034488110057398675",
                    "size": "1821234201",
                    "download": "587393952"
                }
            },
            "decryptionkey": "877abb2ce4370120a9d52d84882d51e8277bf75cf3abaf324184e13ec1e07992"
        },
        "baselanguages": "english,german,french,italian,koreana,spanish,schinese,russian,portuguese,polish,turkish,brazilian,latam",
        "branches": {
            "public": {
                "buildid": "18068135",
                "timeupdated": "1744357412"
            }
        },
        "privatebranches": "1"
    }
}