{
    "appid": "3414930",
    "type": "Game",
    "name": "Hentai Tales: Taboo Sisters",
    "schinese_name": "",
    "isfreeapp": "0",
    "change_number": "28686480",
    "update_time": "2025-04-27 04:55:05",
    "depot": {
        "3414931": {
            "config": {
                "oslist": "windows"
            },
            "manifests": {
                "public": {
                    "gid": "8959732184012031378",
                    "size": "696129765",
                    "download": "135047952"
                }
            },
            "decryptionkey": "685cd547ba81807cad4da8344f21007f14027e3f0db3496992b9cc881446e779"
        },
        "3414932": {
            "config": {
                "oslist": "macos"
            },
            "manifests": {
                "public": {
                    "gid": "8444493250191514297",
                    "size": "690324499",
                    "download": "133765008"
                }
            }
        },
        "3414933": {
            "config": {
                "oslist": "linux"
            },
            "manifests": {
                "public": {
                    "gid": "8569963659078685796",
                    "size": "737003291",
                    "download": "135036320"
                }
            }
        },
        "baselanguages": "english",
        "branches": {
            "public": {
                "buildid": "17102592",
                "timeupdated": "1737622463"
            }
        }
    }
}