{
    "appid": "2991420",
    "type": "Demo",
    "name": "Neko Odyssey Demo",
    "schinese_name": "美希与猫之岛 -Neko Odyssey- DEMO",
    "isfreeapp": "0",
    "change_number": "26745262",
    "update_time": "2024-12-21 19:00:42",
    "depot": {
        "2991421": {
            "manifests": {
                "public": {
                    "gid": "2702104946420209380",
                    "size": "3215242059",
                    "download": "720377216"
                }
            },
            "decryptionkey": "33694a4aca911a06b63713755ea47b281f941401c9967f964568bd875db6da0f"
        },
        "branches": {
            "public": {
                "buildid": "16822612",
                "timeupdated": "1734778838"
            }
        },
        "privatebranches": "1"
    }
}