{
    "appid": "3626510",
    "type": "Music",
    "name": "Steel Seed - Soundtrack",
    "schinese_name": "",
    "isfreeapp": "0",
    "change_number": "28610308",
    "update_time": "2025-04-23 06:38:43",
    "depot": {
        "3626511": {
            "manifests": {
                "public": {
                    "gid": "2997681603217342046",
                    "size": "82559193",
                    "download": "81937536"
                }
            },
            "decryptionkey": "9469507dc64d62f8b2db271ac85a42585838d7f45b3c61f2ad671bac55309832"
        },
        "branches": {
            "public": {
                "buildid": "18054063",
                "timeupdated": "1744278306"
            }
        }
    }
}