{
    "appid": "3142550",
    "type": "Music",
    "name": "The Backrooms: Lost Tape (Soundtrack)",
    "schinese_name": "",
    "isfreeapp": "0",
    "change_number": "26165717",
    "update_time": "2024-11-13 07:34:52",
    "depot": {
        "3142551": {
            "manifests": {
                "public": {
                    "gid": "6312649618816829448",
                    "size": "39317192",
                    "download": "35365936"
                }
            },
            "decryptionkey": "75e2bae0d0448382e7225c383ec0e00b6fe3aa7cc49ba2ad748cf18e56ee9442"
        },
        "branches": {
            "public": {
                "buildid": "15555040",
                "timeupdated": "1725119707"
            }
        }
    }
}