{
    "appid": "3268390",
    "type": "DLC",
    "name": "Tavern Talk: Supporter Edition Upgrade",
    "schinese_name": "《魔饮心语》支持者升级版本",
    "isfreeapp": "0",
    "change_number": "26730260",
    "update_time": "2024-12-20 17:33:21",
    "depot": {
        "3268390": {
            "manifests": {
                "public": {
                    "gid": "6461570684072393616",
                    "size": "2649418561",
                    "download": "1541154656"
                }
            },
            "dlcappid": "3268390",
            "decryptionkey": "9e8081ed036846f8aa20f8e62a4035f8a7ee114684a97b4a1481ad96e943be16"
        },
        "branches": {
            "public": {
                "buildid": "17481815",
                "timeupdated": "1740395936"
            }
        }
    }
}