{
    "appid": "3169680",
    "type": "Demo",
    "name": "Sultan's Game Demo",
    "schinese_name": "苏丹的游戏 Demo",
    "isfreeapp": "0",
    "change_number": "26771124",
    "update_time": "2024-12-24 16:08:07",
    "depot": {
        "3169681": {
            "manifests": {
                "public": {
                    "gid": "4383337841185410520",
                    "size": "809292354",
                    "download": "192581408"
                }
            },
            "decryptionkey": "0f3522eb79ace405a0f8cdbd55e2ffdd85e6934f74d9fe3af54f40d0db123f26"
        },
        "branches": {
            "public": {
                "buildid": "16755957",
                "timeupdated": "1734334460"
            }
        },
        "privatebranches": "1"
    }
}