{
    "appid": "3193560",
    "type": "Game",
    "name": "Yokai Landlord: Monster Mystery!",
    "schinese_name": "哎呀哎呀？房东呀！",
    "isfreeapp": "0",
    "change_number": "29029437",
    "update_time": "2025-05-17 01:15:38",
    "depot": {
        "3193561": {
            "manifests": {
                "public": {
                    "gid": "1261118598847753369",
                    "size": "1190203698",
                    "download": "555426112"
                }
            },
            "decryptionkey": "a581b321d5ae768ca569b9bf7498b3fa0dfb8e144d6f898ed903c6ea44cfa82f"
        },
        "baselanguages": "english,schinese,japanese",
        "branches": {
            "public": {
                "buildid": "18442900",
                "timeupdated": "1747191984"
            }
        },
        "privatebranches": "1"
    }
}