{
    "appid": "2943000",
    "type": "Demo",
    "name": "Dealer's Life Legend Demo",
    "schinese_name": "",
    "isfreeapp": "0",
    "change_number": "27008557",
    "update_time": "2025-01-15 22:11:27",
    "depot": {
        "2943001": {
            "manifests": {
                "public": {
                    "gid": "9169400298829878690",
                    "size": "233498213",
                    "download": "169618192"
                }
            },
            "decryptionkey": "f96e075f267f41f3f201b08f896a3e67e794fa66fe1cf09c4f1c33c2a9ed4110"
        },
        "branches": {
            "public": {
                "buildid": "16804547",
                "timeupdated": "1734633317"
            }
        },
        "privatebranches": "1"
    }
}