{
    "appid": "3359420",
    "type": "Game",
    "name": "Celestial Front",
    "schinese_name": "",
    "isfreeapp": "0",
    "change_number": "28418591",
    "update_time": "2025-04-11 08:13:31",
    "depot": {
        "3359421": {
            "manifests": {
                "public": {
                    "gid": "3631568770302146845",
                    "size": "119623445",
                    "download": "23745504"
                }
            },
            "decryptionkey": "27b7ef1976b2a43037951a3c6e14c94447f700c94525c4c51d280977b42afd0a"
        },
        "branches": {
            "public": {
                "buildid": "16451455",
                "timeupdated": "1731973351"
            }
        }
    }
}