{
    "appid": "3391150",
    "type": "Game",
    "name": "百禾梦境漫游 Wandering Dreams of Yuri",
    "schinese_name": "",
    "isfreeapp": "0",
    "change_number": "27198142",
    "update_time": "2025-01-28 17:36:04",
    "depot": {
        "baselanguages": "english,schinese,japanese",
        "3391151": {
            "manifests": {
                "public": {
                    "gid": "3991206013933216362",
                    "size": "1249593588",
                    "download": "1091813376"
                }
            },
            "decryptionkey": "6864b45c3f00330013d3625ffcf5c4cea5e9894d1d276252b5651d6aa708d8c3"
        },
        "3391153": {
            "config": {
                "language": "japanese",
                "oslist": "windows",
                "osarch": "64"
            },
            "manifests": {
                "public": {
                    "gid": "7894398529532100767",
                    "size": "1260717561",
                    "download": "1098799504"
                }
            },
            "decryptionkey": ""
        },
        "3391152": {
            "config": {
                "language": "english",
                "oslist": "windows",
                "osarch": "64"
            },
            "manifests": {
                "public": {
                    "gid": "4281605817242751914",
                    "size": "1250924417",
                    "download": "1093171232"
                }
            },
            "decryptionkey": ""
        },
        "branches": {
            "public": {
                "buildid": "17146332",
                "timeupdated": "1737990043"
            }
        }
    }
}