{
    "appid": "3016670",
    "type": "Demo",
    "name": "Cats and Seek : Kyoto Demo",
    "schinese_name": "",
    "isfreeapp": "0",
    "change_number": "23996902",
    "update_time": "2024-07-16 02:47:08",
    "depot": {
        "baselanguages": "english",
        "hasdepotsindlc": "0",
        "3016671": {
            "config": {
                "oslist": "windows"
            },
            "manifests": {
                "public": {
                    "gid": "3656151506056819567",
                    "size": "314022213",
                    "download": "136629152"
                }
            },
            "decryptionkey": "145956718383a0f3b32fe82880c6651a50817c1f9a10cf2bf372f39dd98bf5df"
        },
        "3016672": {
            "config": {
                "oslist": "linux"
            },
            "manifests": {
                "public": {
                    "gid": "4925702236629694968",
                    "size": "431610994",
                    "download": "148491056"
                }
            },
            "decryptionkey": ""
        },
        "branches": {
            "public": {
                "buildid": "14637356",
                "timeupdated": "1717766343"
            }
        }
    }
}