{
    "appid": "3525580",
    "type": "Game",
    "name": "Castle Combat",
    "schinese_name": "城堡战记",
    "isfreeapp": "0",
    "change_number": "29038010",
    "update_time": "2025-05-17 16:06:28",
    "depot": {
        "baselanguages": "english,schinese",
        "hasdepotsindlc": "0",
        "3525581": {
            "config": {
                "oslist": "windows"
            },
            "manifests": {
                "public": {
                    "gid": "8525665037906102177",
                    "size": "142158881",
                    "download": "56137744"
                }
            },
            "decryptionkey": "bc3d95dfee9505ceceb773ef61fefbfff2e042162d6f929de688b57b5a5cd9e1"
        },
        "3525582": {
            "config": {
                "oslist": "linux"
            },
            "manifests": {
                "public": {
                    "gid": "7364521196104777901",
                    "size": "114326785",
                    "download": "50753904"
                }
            }
        },
        "branches": {
            "public": {
                "buildid": "18429085",
                "timeupdated": "1747469184"
            }
        }
    }
}