{
    "appid": "3333570",
    "type": "Demo",
    "name": "Starry-巡星之旅 Demo",
    "schinese_name": "",
    "isfreeapp": "0",
    "change_number": "26797661",
    "update_time": "2024-12-27 22:42:35",
    "depot": {
        "baselanguages": "schinese,japanese",
        "3333571": {
            "config": {
                "language": "schinese",
                "oslist": "windows",
                "osarch": "64"
            },
            "manifests": {
                "public": {
                    "gid": "7508487435701495621",
                    "size": "2292517885",
                    "download": "1913042304"
                }
            },
            "decryptionkey": "0242087aa6150dc26ca9c7cd3fe507891c0c2392f1377c0002d50e04a472df80"
        },
        "branches": {
            "public": {
                "buildid": "17466383",
                "timeupdated": "1740220931"
            }
        }
    }
}