{
    "appid": "3170530",
    "type": "DLC",
    "name": "Roger's Route DLC",
    "schinese_name": "",
    "isfreeapp": "0",
    "change_number": "27744020",
    "update_time": "2025-03-03 02:38:15",
    "depot": {
        "3170530": {
            "manifests": {
                "public": {
                    "gid": "7788903530136394404",
                    "size": "1225851508",
                    "download": "1185242032"
                }
            },
            "dlcappid": "3170530",
            "decryptionkey": "6a1123c60803bfe95574212a31bcda387be7239cade130576a238bae896f22ef"
        },
        "branches": {
            "public": {
                "buildid": "17566584",
                "timeupdated": "1740940689"
            }
        }
    }
}