{
    "appid": "2950370",
    "type": "Demo",
    "name": "Enotria: The Last Song Demo",
    "schinese_name": "",
    "isfreeapp": "0",
    "change_number": "25269390",
    "update_time": "2024-09-18 06:43:08",
    "depot": {
        "228989": {
            "config": {
                "oslist": "windows"
            },
            "depotfromapp": "228980",
            "sharedinstall": "1"
        },
        "228990": {
            "config": {
                "oslist": "windows"
            },
            "depotfromapp": "228980",
            "sharedinstall": "1"
        },
        "2950371": {
            "manifests": {
                "public": {
                    "gid": "2692092208201128644",
                    "size": "12114386393",
                    "download": "11709308480"
                }
            },
            "decryptionkey": "3426c415e32a21308ca2fd30b629f1afb17b570da3de38b324b0c641fb77c61d"
        },
        "2950372": {
            "manifests": {}
        },
        "branches": {
            "public": {
                "buildid": "14593278",
                "timeupdated": "1717495311"
            }
        },
        "privatebranches": "1"
    }
}