{
    "appid": "3377190",
    "type": "Music",
    "name": "The Edge of Allegoria Soundtrack",
    "schinese_name": "",
    "isfreeapp": "0",
    "change_number": "26506264",
    "update_time": "2024-12-05 19:35:54",
    "depot": {
        "3377191": {
            "manifests": {
                "public": {
                    "gid": "8446038214839401085",
                    "size": "402576473",
                    "download": "401942544"
                }
            },
            "decryptionkey": "cc8277ba09751e388f1e95484500baf980accc4555af04f5a4a5bc72e8ad8080"
        },
        "branches": {
            "public": {
                "buildid": "16573895",
                "timeupdated": "1732851296"
            }
        }
    }
}