{
    "appid": "3459850",
    "type": "Game",
    "name": "Monster Girl Saga: Fallen Heroes",
    "schinese_name": "",
    "isfreeapp": "0",
    "change_number": "28728725",
    "update_time": "2025-04-29 21:53:50",
    "depot": {
        "3459851": {
            "config": {
                "oslist": "windows",
                "osarch": "64"
            },
            "manifests": {
                "public": {
                    "gid": "3737224292553791673",
                    "size": "7297169973",
                    "download": "6815795008"
                },
                "test": {
                    "gid": "5538476047407847511",
                    "size": "7167869512",
                    "download": "6735082544"
                }
            },
            "decryptionkey": "b40cca8a471e5fc042be13e34a521d5e89b6c931ae17c412ff564056787bf95e"
        },
        "branches": {
            "public": {
                "buildid": "17951512",
                "timeupdated": "1743582236"
            },
            "test": {
                "buildid": "16999951",
                "description": "for test",
                "timeupdated": "1736859940"
            }
        }
    }
}