{
    "appid": "2947730",
    "type": "Game",
    "name": "3D PUZZLE - Hospital 1",
    "schinese_name": "",
    "isfreeapp": "0",
    "change_number": "27304973",
    "update_time": "2025-02-04 18:35:45",
    "depot": {
        "2947731": {
            "manifests": {
                "public": {
                    "gid": "2217547483021233437",
                    "size": "1174961489",
                    "download": "161227952"
                }
            },
            "decryptionkey": "7a6533bab1bb9c4fe4e1ad140a307140885414f5500f3c49f80669e90174fb9e"
        },
        "branches": {
            "public": {
                "buildid": "14356158",
                "timeupdated": "1715649586"
            }
        }
    }
}