{
    "appid": "3329430",
    "type": "Game",
    "name": "Adventuring With Matilda!",
    "schinese_name": "不知何故独来独往的玛蒂尔达小姐",
    "isfreeapp": "0",
    "change_number": "28601407",
    "update_time": "2025-04-22 20:59:06",
    "depot": {
        "228982": {
            "config": {
                "oslist": "windows"
            },
            "depotfromapp": "228980",
            "sharedinstall": "1"
        },
        "228984": {
            "config": {
                "oslist": "windows"
            },
            "depotfromapp": "228980",
            "sharedinstall": "1"
        },
        "228985": {
            "config": {
                "oslist": "windows"
            },
            "depotfromapp": "228980",
            "sharedinstall": "1"
        },
        "228989": {
            "config": {
                "oslist": "windows"
            },
            "depotfromapp": "228980",
            "sharedinstall": "1"
        },
        "3329431": {
            "manifests": {
                "public": {
                    "gid": "2157173181489936751",
                    "size": "1513507545",
                    "download": "347862688"
                }
            },
            "decryptionkey": "1fd2774b5c9b85764e11260ad6db78cde8fec6a27f33fd770d1df0ea6f2be5f0"
        },
        "3329432": {
            "config": {
                "language": "schinese"
            },
            "manifests": {
                "public": {
                    "gid": "6876045209762180629",
                    "size": "747222129",
                    "download": "148234192"
                }
            },
            "decryptionkey": "547a321e12a7706896c579e9dd79d12e97ee88f07138a386772e4a122036dc68"
        },
        "3329433": {
            "config": {
                "language": "japanese"
            },
            "manifests": {
                "public": {
                    "gid": "92798334614145389",
                    "size": "1393644043",
                    "download": "272045376"
                }
            },
            "decryptionkey": "a1bee8af67c44a59fecb7f5357c45d6cbb47834cd593b23333583be97ebb900b"
        },
        "branches": {
            "public": {
                "buildid": "17449002",
                "timeupdated": "1740108921"
            }
        }
    }
}