{
    "appid": "3081240",
    "type": "Game",
    "name": "少女怪奇事件簿:永生 Salvation:Immortale",
    "schinese_name": "",
    "isfreeapp": "0",
    "change_number": "28772735",
    "update_time": "2025-05-02 01:39:47",
    "depot": {
        "3081241": {
            "manifests": {
                "public": {
                    "gid": "2409795544017198555",
                    "size": "1324450692",
                    "download": "997519488"
                }
            },
            "decryptionkey": "8998ba702ef77702f501bdd727d9b458224739e9e0362f47bc809d0bb066a7d9"
        },
        "branches": {
            "public": {
                "buildid": "17565864",
                "timeupdated": "1740930592"
            }
        }
    }
}