{
    "appid": "3274190",
    "type": "DLC",
    "name": "Beat Saber - Bossfight - Endgame",
    "schinese_name": "",
    "isfreeapp": "0",
    "change_number": "26387433",
    "update_time": "2024-12-05 05:27:15",
    "depot": {
        "3274190": {
            "manifests": {
                "public": {
                    "gid": "5238445473314657298",
                    "size": "15241602",
                    "download": "15450048"
                }
            },
            "dlcappid": "3274190",
            "decryptionkey": "3c440bc5248697139c0264ab2a571d30f006d917777e1d24911dfb03a5731931"
        },
        "branches": {
            "public": {
                "buildid": "15951283",
                "timeupdated": "1728294401"
            }
        }
    }
}