{
    "appid": "3319840",
    "type": "DLC",
    "name": "DYNASTY WARRIORS: ORIGINS - Protagonist's Costume \"Nameless Warrior Garb\"",
    "schinese_name": "真・三国无双 起源 - 主人公服装“佚名者战衣”",
    "isfreeapp": "0",
    "change_number": "27034302",
    "update_time": "2025-01-17 09:00:23",
    "depot": {
        "3319840": {
            "config": {
                "oslist": "windows"
            },
            "manifests": {
                "public": {
                    "gid": "4766733277274996871",
                    "size": "52441373",
                    "download": "52249280"
                }
            },
            "dlcappid": "3319840",
            "decryptionkey": "e3daad5e8a9c79487f8ea299232fe177f346a535339aced3dbb44b4123959142"
        },
        "branches": {
            "public": {
                "buildid": "16543858",
                "timeupdated": "1732666787"
            }
        }
    },
    "access_token": 8824614407371289400
}