{
    "appid": "3008420",
    "type": "Demo",
    "name": "Elemental Exiles Demo",
    "schinese_name": "",
    "isfreeapp": "0",
    "change_number": "24871390",
    "update_time": "2024-08-21 06:41:24",
    "depot": {
        "3008421": {
            "manifests": {
                "public": {
                    "gid": "6807705471327181324",
                    "size": "2106866659",
                    "download": "455281168"
                }
            },
            "decryptionkey": "5544f315c73f239737e6dffe605b67853ebf091d9f15c0a3c08d46b2eb140aa5"
        },
        "branches": {
            "public": {
                "buildid": "14695027",
                "timeupdated": "1718212236"
            }
        }
    }
}