{
    "appid": "3319860",
    "type": "DLC",
    "name": "DYNASTY WARRIORS: ORIGINS - Official Book (Digital Edition, Japanese version)",
    "schinese_name": "真・三国无双 起源 - 官方资料集（数字版）",
    "isfreeapp": "0",
    "change_number": "27034304",
    "update_time": "2025-01-17 09:00:27",
    "depot": {
        "3319860": {
            "config": {
                "oslist": "windows"
            },
            "manifests": {
                "public": {
                    "gid": "7820196852362389506",
                    "size": "30383077",
                    "download": "30489888"
                }
            },
            "dlcappid": "3319860",
            "decryptionkey": "eb5c039bb499de6dea3bb580083c831393d697ff12404bae8b7ffcc0d8fe9f28"
        },
        "branches": {
            "public": {
                "buildid": "16543884",
                "timeupdated": "1732666703"
            }
        }
    },
    "access_token": 525880456765100502
}