{
    "appid": "3137200",
    "type": "Demo",
    "name": "七度荒域：混沌之树 Demo",
    "schinese_name": "七度荒域：混沌之树 Demo",
    "isfreeapp": "0",
    "change_number": "24871390",
    "update_time": "2024-08-21 06:36:15",
    "depot": {
        "3137201": {
            "manifests": {
                "public": {
                    "gid": "3006010648351025845",
                    "size": "1952180972",
                    "download": "1370243104"
                }
            },
            "decryptionkey": "ce5fd93a770da75126734b6c37e59addae7c44b3420d74377129def56c1cea1e"
        },
        "branches": {
            "public": {
                "buildid": "15188330",
                "timeupdated": "1722268937"
            }
        }
    }
}