{
    "appid": "3101830",
    "type": "Demo",
    "name": "硬币与仙人掌 (Coins&Wishpalm) Demo",
    "schinese_name": "",
    "isfreeapp": "0",
    "change_number": "26647365",
    "update_time": "2024-12-15 11:24:00",
    "depot": {
        "3101831": {
            "manifests": {
                "public": {
                    "gid": "6010141363397011382",
                    "size": "3668908234",
                    "download": "809245344"
                }
            },
            "decryptionkey": "ca868b8476162a974cc57797ac859e05a5c08523996e98d074a0351de7c900e3"
        },
        "branches": {
            "public": {
                "buildid": "16178394",
                "timeupdated": "1729849293"
            }
        }
    }
}