{
    "appid": "3152030",
    "type": "Demo",
    "name": "SUPERVIVE Demo",
    "schinese_name": "",
    "isfreeapp": "0",
    "change_number": "26405228",
    "update_time": "2024-12-05 06:48:04",
    "depot": {
        "228989": {
            "config": {
                "oslist": "windows"
            },
            "depotfromapp": "228980",
            "sharedinstall": "1"
        },
        "228990": {
            "config": {
                "oslist": "windows"
            },
            "depotfromapp": "228980",
            "sharedinstall": "1"
        },
        "3152031": {
            "manifests": {
                "public": {
                    "gid": "1965035333892223701",
                    "size": "115856",
                    "download": "17104"
                }
            },
            "decryptionkey": "4af05ad0f36ba1e22306e3408d594bf8243ca8e9116b15688ca5c8ff2b617e76"
        },
        "branches": {
            "public": {
                "buildid": "16476609",
                "timeupdated": "1732129734"
            }
        }
    }
}