{
    "appid": "3054600",
    "type": "DLC",
    "name": "Tavern Talk: 3 Digital Battle Maps",
    "schinese_name": "",
    "isfreeapp": "0",
    "change_number": "25626946",
    "update_time": "2024-10-11 22:28:22",
    "depot": {
        "3054600": {
            "manifests": {
                "public": {
                    "gid": "1818065523508599753",
                    "size": "1261952163",
                    "download": "1259983776"
                }
            },
            "dlcappid": "3054600",
            "decryptionkey": "55dce4f4963c6ada0f61e2463d2119564902936b80c33fd098569a290ebd5cad"
        },
        "branches": {
            "public": {
                "buildid": "14781350",
                "timeupdated": "1718887082"
            }
        }
    }
}