{
    "appid": "3413250",
    "type": "Demo",
    "name": "Desperate Place Demo",
    "schinese_name": "绝望之地 Demo",
    "isfreeapp": "0",
    "change_number": "27543219",
    "update_time": "2025-02-19 06:16:54",
    "depot": {
        "3413251": {
            "config": {
                "oslist": "windows"
            },
            "manifests": {
                "public": {
                    "gid": "2181947951034900078",
                    "size": "425844562",
                    "download": "272234336"
                }
            },
            "decryptionkey": "3ef1bc572b047f52c59fc24a2cc1067701fb0905b9decfdcb40c5e3a0a58c6cf"
        },
        "branches": {
            "public": {
                "buildid": "17450091",
                "timeupdated": "1740117400"
            }
        }
    }
}