{
    "appid": "3433810",
    "type": "Game",
    "name": "咸鱼殿下",
    "schinese_name": "",
    "isfreeapp": "0",
    "change_number": "28864120",
    "update_time": "2025-05-07 23:02:29",
    "depot": {
        "3433811": {
            "manifests": {
                "public": {
                    "gid": "6682167799976792748",
                    "size": "77411680454",
                    "download": "77231364832"
                }
            },
            "decryptionkey": "97951ad4076d5b305779257c1e4521d5d0a4d099ad35ac5723e57c9fa05c971a"
        },
        "branches": {
            "public": {
                "buildid": "17723671",
                "timeupdated": "1741950334"
            }
        },
        "privatebranches": "1"
    }
}