{
    "appid": "3332000",
    "type": "Game",
    "name": "廃層",
    "schinese_name": "",
    "isfreeapp": "0",
    "change_number": "26645666",
    "update_time": "2024-12-15 05:25:03",
    "depot": {
        "3332001": {
            "manifests": {
                "public": {
                    "gid": "157259714713037043",
                    "size": "825342737",
                    "download": "296161472"
                }
            },
            "decryptionkey": "0fa0a4eb47c0edfa70874be1e95c6af56c0e37594b68c8433ef6b96b2f5090ac"
        },
        "branches": {
            "public": {
                "buildid": "16747662",
                "timeupdated": "1734211498"
            }
        }
    }
}