{
    "appid": "3378270",
    "type": "Game",
    "name": "Love & Bitch",
    "schinese_name": "",
    "isfreeapp": "0",
    "change_number": "29016664",
    "update_time": "2025-05-16 12:42:45",
    "depot": {
        "baselanguages": "english,schinese,tchinese,japanese",
        "3378271": {
            "config": {
                "language": "japanese",
                "oslist": "windows"
            },
            "manifests": {
                "public": {
                    "gid": "4530164556327952584",
                    "size": "603614911",
                    "download": "483747680"
                }
            },
            "decryptionkey": ""
        },
        "3378272": {
            "config": {
                "language": "english",
                "oslist": "windows"
            },
            "manifests": {
                "public": {
                    "gid": "266523519929619611",
                    "size": "614011949",
                    "download": "488189488"
                }
            },
            "decryptionkey": "2ac31e231ae6e01d0aac9445124d742377fbf3ebd9a7e7d4d1a9d6118d251e9b"
        },
        "3378273": {
            "config": {
                "language": "tchinese",
                "oslist": "windows"
            },
            "manifests": {
                "public": {
                    "gid": "7900872367172926464",
                    "size": "613749222",
                    "download": "487983936"
                }
            },
            "decryptionkey": "8f7143d2465e0e5d2e4ca6470d474f4b2df6c6a52ea538ae877c8c957e70ea2c"
        },
        "3378274": {
            "config": {
                "language": "schinese",
                "oslist": "windows"
            },
            "manifests": {
                "public": {
                    "gid": "2763530046861315510",
                    "size": "613817596",
                    "download": "488054048"
                }
            },
            "decryptionkey": "80a8d5ad0a7dfe05cbd12bc21dfa1f8bc049f4c0554866b8e1942dac07077477"
        },
        "branches": {
            "public": {
                "buildid": "18051928",
                "timeupdated": "1744266885"
            }
        }
    }
}