{
    "appid": "3141440",
    "type": "Demo",
    "name": "Get Tilted :) Demo",
    "schinese_name": "",
    "isfreeapp": "0",
    "change_number": "27371659",
    "update_time": "2025-02-08 06:00:23",
    "depot": {
        "3141441": {
            "config": {
                "oslist": "windows"
            },
            "manifests": {
                "public": {
                    "gid": "6514541124494551888",
                    "size": "1144778860",
                    "download": "872010848"
                }
            },
            "decryptionkey": "f603a5a560df7af915bcbc892a39d3d4e4b7e0c6fab7e66d71ae58ac47beff90"
        },
        "branches": {
            "public": {
                "buildid": "15959893",
                "timeupdated": "1728355449"
            }
        },
        "privatebranches": "1"
    }
}