{
    "appid": "3204510",
    "type": "Game",
    "name": "Friday Fever",
    "schinese_name": "",
    "isfreeapp": "0",
    "change_number": "29023851",
    "update_time": "2025-05-16 20:17:35",
    "depot": {
        "3204511": {
            "config": {
                "oslist": "windows,linux"
            },
            "manifests": {
                "public": {
                    "gid": "192537417600335749",
                    "size": "185858136",
                    "download": "120955472"
                }
            },
            "decryptionkey": "b1fce811d2e0517226d2fba0027c1022f66707b0a792817bc30966c63783d6a7"
        },
        "3204512": {
            "config": {
                "oslist": "macos"
            },
            "manifests": {
                "public": {
                    "gid": "1651100970268260690",
                    "size": "173356873",
                    "download": "116289200"
                }
            },
            "decryptionkey": "37e8327fc8af630fb13c95001a1b1c5e9fa8db1ce01c46f4d529a2b3d884ea15"
        },
        "branches": {
            "public": {
                "buildid": "18009572",
                "timeupdated": "1744020858"
            }
        }
    }
}