{
    "appid": "3051080",
    "type": "Game",
    "name": "busy streets",
    "schinese_name": "",
    "isfreeapp": "0",
    "change_number": "24202255",
    "update_time": "2024-07-02 14:20:43",
    "depot": {
        "3051081": {
            "manifests": {
                "public": {
                    "gid": "3497565933470348094",
                    "size": "43824750",
                    "download": "15664560"
                }
            },
            "decryptionkey": "85c319ed7c130240380e3b434aaa790675d4e905e827e2a7b57e99b689bd0043"
        },
        "branches": {
            "public": {
                "buildid": "14691096",
                "timeupdated": "1718193165"
            }
        }
    }
}