{
    "appid": "3281300",
    "type": "Game",
    "name": "DUNGEON RAZE",
    "schinese_name": "",
    "isfreeapp": "0",
    "change_number": "29016574",
    "update_time": "2025-05-16 12:30:50",
    "depot": {
        "baselanguages": "english,japanese",
        "3281301": {
            "config": {
                "oslist": "windows"
            },
            "manifests": {
                "public": {
                    "gid": "8117887279003501624",
                    "size": "105467272",
                    "download": "96120464"
                }
            },
            "decryptionkey": "d547f63d43db6049c62db057e621be11aaf1a81b662aea9773f878ce278ea7d7"
        },
        "branches": {
            "public": {
                "buildid": "17648366",
                "timeupdated": "1741463933"
            }
        }
    }
}