{
    "appid": "3316470",
    "type": "Game",
    "name": "Dead Trash",
    "schinese_name": "",
    "isfreeapp": "0",
    "change_number": "28738903",
    "update_time": "2025-04-30 09:16:30",
    "depot": {
        "3316471": {
            "manifests": {
                "public": {
                    "gid": "2071780265886499445",
                    "size": "491581028",
                    "download": "409909184"
                }
            },
            "decryptionkey": "61993ca217a99ef735b4844b2464764eb8e4462c16d0b36d7701c116b7843d29"
        },
        "branches": {
            "public": {
                "buildid": "17883119",
                "timeupdated": "1743081363"
            }
        }
    }
}