{
    "appid": "3666640",
    "type": "Game",
    "name": "أنتم السابقون",
    "schinese_name": "",
    "isfreeapp": "0",
    "change_number": "28849491",
    "update_time": "2025-05-07 04:49:23",
    "depot": {
        "228989": {
            "config": {
                "oslist": "windows"
            },
            "depotfromapp": "228980",
            "sharedinstall": "1"
        },
        "228990": {
            "config": {
                "oslist": "windows"
            },
            "depotfromapp": "228980",
            "sharedinstall": "1"
        },
        "3666641": {
            "manifests": {
                "public": {
                    "gid": "5196104027629039621",
                    "size": "3907678847",
                    "download": "3561333760"
                }
            },
            "decryptionkey": "69d1b349084afa00fdcbb6308a914d3fd15d58f72ebee39c47144e032e923a69"
        },
        "branches": {
            "public": {
                "buildid": "18364960",
                "timeupdated": "1746564556"
            }
        }
    }
}