{
    "appid": "3093190",
    "type": "Tool",
    "name": "Exfil Dedicated Server",
    "schinese_name": "",
    "isfreeapp": "0",
    "change_number": "29034403",
    "update_time": "2025-05-17 07:44:09",
    "depot": {
        "1004": {
            "config": {
                "oslist": "windows"
            },
            "manifests": {
                "public": {
                    "gid": "7747775778018907449",
                    "size": "46727128",
                    "download": "14307024"
                }
            },
            "depotfromapp": "1007",
            "decryptionkey": "f21faa4f29ecee9d192fc1784d1701376eb87e13521824ceaf0116b10c558a81"
        },
        "1005": {
            "config": {
                "oslist": "macos"
            },
            "manifests": {
                "public": {
                    "gid": "2135359612286175146",
                    "size": "0",
                    "download": "0"
                }
            },
            "depotfromapp": "1007",
            "decryptionkey": "ffa980484d510ce8d7bfcdfde8545a438acc894accb6750711fdb75c0ee92ad9"
        },
        "1006": {
            "config": {
                "oslist": "linux"
            },
            "manifests": {
                "public": {
                    "gid": "7138471031118904166",
                    "size": "78382436",
                    "download": "21254752"
                }
            },
            "depotfromapp": "1007",
            "decryptionkey": "0a6d85ecbae0b6b89cf23244f6b4a69fe14e3e64b128473e93f9a2ed3d835b1c"
        },
        "3093191": {
            "config": {
                "oslist": "linux"
            },
            "manifests": {
                "public": {
                    "gid": "471612296640024371",
                    "size": "1810808062",
                    "download": "1554543056"
                },
                "demo": {
                    "gid": "689329253447378115",
                    "size": "1825977682",
                    "download": "1568974880"
                },
                "public-testing": {
                    "gid": "471612296640024371",
                    "size": "1810808062",
                    "download": "1554543056"
                }
            }
        },
        "3093192": {
            "config": {
                "oslist": "windows",
                "osarch": "64"
            },
            "manifests": {
                "public": {
                    "gid": "3313707428640642075",
                    "size": "1878171834",
                    "download": "1612672384"
                },
                "demo": {
                    "gid": "5587662279550271625",
                    "size": "1893367880",
                    "download": "1630107280"
                },
                "public-testing": {
                    "gid": "3313707428640642075",
                    "size": "1878171834",
                    "download": "1612672384"
                }
            },
            "decryptionkey": ""
        },
        "branches": {
            "public": {
                "buildid": "18485066",
                "timeupdated": "1747439044"
            },
            "demo": {
                "buildid": "17770759",
                "description": "Demo build",
                "timeupdated": "1742328143"
            },
            "public-testing": {
                "buildid": "18485066",
                "description": "Public access to the latest changes for dedicated servers",
                "timeupdated": "1747431234"
            }
        },
        "privatebranches": "1"
    }
}