{
    "appid": "3099700",
    "type": "Demo",
    "name": "World Crafter TD Demo",
    "schinese_name": "",
    "isfreeapp": "0",
    "change_number": "26241227",
    "update_time": "2024-11-18 17:02:28",
    "depot": {
        "228989": {
            "config": {
                "oslist": "windows"
            },
            "depotfromapp": "228980",
            "sharedinstall": "1"
        },
        "228990": {
            "config": {
                "oslist": "windows"
            },
            "depotfromapp": "228980",
            "sharedinstall": "1"
        },
        "3099701": {
            "manifests": {
                "public": {
                    "gid": "4449830778442669091",
                    "size": "13133398565",
                    "download": "11931006608"
                }
            },
            "decryptionkey": "22c26f83db3972c9c57d65497bc557ee17f53ae656871a6609dd6b7cefe0a3e4"
        },
        "branches": {
            "public": {
                "buildid": "15556830",
                "timeupdated": "1728063267"
            }
        }
    }
}