{
    "appid": "2982100",
    "type": "Game",
    "name": "Fish-Click Squad!",
    "schinese_name": "一起来摸鱼",
    "isfreeapp": "0",
    "change_number": "28909503",
    "update_time": "2025-05-10 04:36:30",
    "depot": {
        "228989": {
            "config": {
                "oslist": "windows"
            },
            "depotfromapp": "228980",
            "sharedinstall": "1"
        },
        "228990": {
            "config": {
                "oslist": "windows"
            },
            "depotfromapp": "228980",
            "sharedinstall": "1"
        },
        "2982101": {
            "manifests": {
                "public": {
                    "gid": "1047548131170746879",
                    "size": "465636784",
                    "download": "325328416"
                }
            },
            "decryptionkey": "5222c355e517a15ee218f9237c000297d9ceef3e8b7ec14330b17c6222dff7a2"
        },
        "branches": {
            "public": {
                "buildid": "18007909",
                "timeupdated": "1744010957"
            }
        }
    }
}