{
    "appid": "3353850",
    "type": "Demo",
    "name": "Gas Station Manager Demo",
    "schinese_name": "",
    "isfreeapp": "0",
    "change_number": "27503408",
    "update_time": "2025-02-16 22:45:05",
    "depot": {
        "3353852": {
            "config": {
                "oslist": "windows",
                "osarch": "64"
            },
            "manifests": {
                "public": {
                    "gid": "6459686504631644233",
                    "size": "974898698",
                    "download": "288778928"
                }
            },
            "decryptionkey": "9a0366b9c7ffad1d76ae375786d2e7810a0e417982823995b050b1131f5cb8f2"
        },
        "3353853": {
            "config": {
                "oslist": "macos"
            },
            "manifests": {
                "public": {
                    "gid": "1249260183308416320",
                    "size": "620723546",
                    "download": "330949984"
                }
            },
            "decryptionkey": ""
        },
        "branches": {
            "public": {
                "buildid": "17475704",
                "timeupdated": "1740382325"
            }
        },
        "privatebranches": "1"
    }
}