{
    "appid": "3487340",
    "type": "Game",
    "name": "Zavod",
    "schinese_name": "",
    "isfreeapp": "0",
    "change_number": "28726776",
    "update_time": "2025-04-29 20:13:37",
    "depot": {
        "baselanguages": "english",
        "3487341": {
            "config": {
                "oslist": "windows"
            },
            "manifests": {
                "public": {
                    "gid": "3311616702454388176",
                    "size": "914176355",
                    "download": "813083888"
                },
                "steamdeck_public": {
                    "gid": "3311616702454388176",
                    "size": "914176355",
                    "download": "813083888"
                }
            },
            "decryptionkey": ""
        },
        "3487342": {
            "config": {
                "oslist": "windows"
            },
            "manifests": {
                "public": {
                    "gid": "4380210375336404523",
                    "size": "914179826",
                    "download": "813206752"
                },
                "steamdeck_public": {
                    "gid": "1462341784546117292",
                    "size": "1052873900",
                    "download": "840292768"
                }
            },
            "decryptionkey": "42b67432f0388e55089f8099d1d532a384c935a63384caa2ac62aebdd58b93fc"
        },
        "3487343": {
            "config": {
                "oslist": "linux",
                "steamdeck": "1"
            },
            "manifests": {
                "public": {
                    "gid": "6579877134310892068",
                    "size": "1221428885",
                    "download": "1079743840"
                },
                "steamdeck_public": {
                    "gid": "6523165580467224485",
                    "size": "871538467",
                    "download": "744239168"
                }
            },
            "decryptionkey": ""
        },
        "3487344": {
            "config": {
                "oslist": "linux"
            },
            "manifests": {
                "public": {
                    "gid": "393046425424346178",
                    "size": "871537438",
                    "download": "743914704"
                },
                "steamdeck_public": {
                    "gid": "393046425424346178",
                    "size": "871537438",
                    "download": "743914704"
                }
            },
            "decryptionkey": ""
        },
        "branches": {
            "public": {
                "buildid": "17916102",
                "timeupdated": "1743346956"
            },
            "steamdeck_public": {
                "buildid": "17916289",
                "description": "Public steamdeck",
                "timeupdated": "1743349839"
            }
        },
        "privatebranches": "1"
    }
}