{
    "appid": "2999200",
    "type": "Demo",
    "name": "超级星探 Demo",
    "schinese_name": "",
    "isfreeapp": "0",
    "change_number": "26536333",
    "update_time": "2024-12-07 11:57:05",
    "depot": {
        "2999201": {
            "manifests": {
                "public": {
                    "gid": "1763936911730368887",
                    "size": "110357954",
                    "download": "31650736"
                },
                "test": {
                    "gid": "1763936911730368887",
                    "size": "110357954",
                    "download": "31650736"
                }
            },
            "decryptionkey": "3ccfca714e3c4940792c01b1af9275f52c104e9d0a6b0d63142ee7849d087351"
        },
        "2999202": {
            "manifests": {
                "public": {
                    "gid": "2640382397318413571",
                    "size": "1659012784",
                    "download": "1392941056"
                },
                "test": {
                    "gid": "2640382397318413571",
                    "size": "1659012784",
                    "download": "1392941056"
                }
            },
            "decryptionkey": "3ac654ebb1f9dc92f03763f2b6213baf8ce1ee1e2a21e2999150e7fd3b2df6ce"
        },
        "2999203": {
            "manifests": {
                "public": {
                    "gid": "6091841552402603303",
                    "size": "20457810574",
                    "download": "20634992448"
                },
                "test": {
                    "gid": "6091841552402603303",
                    "size": "20457810574",
                    "download": "20634992448"
                }
            },
            "decryptionkey": "7a8d7fdbbbf0e5d008d37c238ca21232ffc557788b82dfd38e27e2c0be09d1a4"
        },
        "2999204": {
            "manifests": {
                "public": {
                    "gid": "727549239455406886",
                    "size": "238983",
                    "download": "86304"
                },
                "test": {
                    "gid": "727549239455406886",
                    "size": "238983",
                    "download": "86304"
                }
            },
            "decryptionkey": "008a12c0562b4f9a21e0c984b640101416710204c19ae89d0ef8af46b3ee8500"
        },
        "2999205": {
            "manifests": {
                "public": {
                    "gid": "2554377506050201308",
                    "size": "738410",
                    "download": "321488"
                },
                "test": {
                    "gid": "2554377506050201308",
                    "size": "738410",
                    "download": "321488"
                }
            },
            "decryptionkey": "b883b37e87fd69abedb0cdf6e252b7f62f399f97dfb94acf98b89114c79546dd"
        },
        "branches": {
            "public": {
                "buildid": "14780625",
                "timeupdated": "1718884607"
            },
            "test": {
                "buildid": "14780625",
                "description": "develop test",
                "timeupdated": "1718883210"
            }
        }
    }
}