{
    "appid": "3050930",
    "type": "Demo",
    "name": "深空七号 Deep Space 7 Demo",
    "schinese_name": "",
    "isfreeapp": "0",
    "change_number": "27252237",
    "update_time": "2025-01-31 19:47:04",
    "depot": {
        "228989": {
            "config": {
                "oslist": "windows"
            },
            "depotfromapp": "228980",
            "sharedinstall": "1"
        },
        "228990": {
            "config": {
                "oslist": "windows"
            },
            "depotfromapp": "228980",
            "sharedinstall": "1"
        },
        "baselanguages": "english,schinese",
        "3050931": {
            "config": {
                "oslist": "windows",
                "osarch": "64"
            },
            "manifests": {
                "public": {
                    "gid": "8302056567809614847",
                    "size": "9138661360",
                    "download": "7646082048"
                }
            },
            "decryptionkey": "3fb3c44166b43dc0812a4ba1ba0a5aff53906236594ca0a0f1bcc180f7600344"
        },
        "branches": {
            "public": {
                "buildid": "17198058",
                "timeupdated": "1738324017"
            }
        }
    }
}