{
    "appid": "3229140",
    "type": "Game",
    "name": "Echoes Of The House",
    "schinese_name": "",
    "isfreeapp": "0",
    "change_number": "28567087",
    "update_time": "2025-04-20 06:03:26",
    "depot": {
        "228989": {
            "config": {
                "oslist": "windows"
            },
            "depotfromapp": "228980",
            "sharedinstall": "1"
        },
        "228990": {
            "config": {
                "oslist": "windows"
            },
            "depotfromapp": "228980",
            "sharedinstall": "1"
        },
        "3229141": {
            "manifests": {
                "public": {
                    "gid": "4980909619856623682",
                    "size": "3643036415",
                    "download": "3303286256"
                }
            },
            "decryptionkey": "0daca8e1cc3ec8afd8448a4c935ee9a269908d265283eb262110ffc05e851300"
        },
        "branches": {
            "public": {
                "buildid": "16675893",
                "timeupdated": "1733712350"
            }
        }
    }
}