{
    "appid": "3365610",
    "type": "Music",
    "name": "FINAL FANTASY V PIXEL REMASTER Original Soundtrack",
    "schinese_name": "",
    "isfreeapp": "0",
    "change_number": "28883905",
    "update_time": "2025-05-08 22:30:47",
    "depot": {
        "3365611": {
            "manifests": {
                "public": {
                    "gid": "6370962337782419959",
                    "size": "424749487",
                    "download": "383076512"
                }
            },
            "decryptionkey": "c1579fd51573821725bb5b2a8b018b7a4cd5a349154a0b04e43cd0c0fc9b2158"
        },
        "branches": {
            "public": {
                "buildid": "16703931",
                "timeupdated": "1733899599"
            }
        }
    }
}