{
    "appid": "3205850",
    "type": "Demo",
    "name": "爆笑三国Demo",
    "schinese_name": "",
    "isfreeapp": "0",
    "change_number": "26123688",
    "update_time": "2024-11-10 02:38:46",
    "depot": {
        "baselanguages": "schinese",
        "3205851": {
            "config": {
                "language": "schinese",
                "oslist": "windows",
                "osarch": "64"
            },
            "manifests": {
                "public": {
                    "gid": "2964298932911041613",
                    "size": "153859899",
                    "download": "130887344"
                }
            },
            "decryptionkey": "5240ae87aa6683c650b378526e9a9e2b15f22130edab95189fdcaae1925407ad"
        },
        "branches": {
            "public": {
                "buildid": "16353649",
                "timeupdated": "1731177523"
            }
        }
    }
}