{
    "appid": "3270020",
    "type": "Game",
    "name": "Dungeon Desire: The Sleepless City of Runeheim",
    "schinese_name": "欲望地下城：不眠之都卢恩海姆",
    "isfreeapp": "0",
    "change_number": "29016574",
    "update_time": "2025-05-16 12:30:49",
    "depot": {
        "3270021": {
            "config": {
                "language": "japanese"
            },
            "manifests": {
                "public": {
                    "gid": "5890940205353354292",
                    "size": "1640566635",
                    "download": "1128135792"
                }
            },
            "decryptionkey": "81f4bbd6ad2b3404c7a5453c49e147ce8bd348f4820e1fc08158223c4f1966ca"
        },
        "3270022": {
            "config": {
                "language": "schinese"
            },
            "manifests": {
                "public": {
                    "gid": "1500029239316322822",
                    "size": "1646509996",
                    "download": "1133963552"
                }
            },
            "decryptionkey": "cda718089ad22f367d48311233be2e4364e13a6ebdf7960be86cb262c937b1ee"
        },
        "3270023": {
            "config": {
                "language": "tchinese"
            },
            "manifests": {
                "public": {
                    "gid": "4537798790040900934",
                    "size": "1669603988",
                    "download": "1149725504"
                }
            },
            "decryptionkey": "9c6c334da62a3edd5dd936177838cbc68cc9f2c4f81e8f2dd47f7e9500c1f6d4"
        },
        "3270024": {
            "config": {
                "language": "english"
            },
            "manifests": {
                "public": {
                    "gid": "4169197406485773325",
                    "size": "1643767375",
                    "download": "1132843536"
                }
            },
            "decryptionkey": "c51414cb6d89a11ba430b46fdd87e3d894f2a9b299849cc413e17e18140b7f57"
        },
        "baselanguages": "english,schinese,tchinese,japanese",
        "branches": {
            "public": {
                "buildid": "17573559",
                "timeupdated": "1741002779"
            }
        }
    }
}