{
    "appid": "3670090",
    "type": "Music",
    "name": "BOKURA: planet Original Soundtrack",
    "schinese_name": "不同的星球 Original Soundtrack",
    "isfreeapp": "0",
    "change_number": "28736706",
    "update_time": "2025-04-30 06:17:35",
    "depot": {
        "3670092": {
            "manifests": {
                "public": {
                    "gid": "5623129724820395501",
                    "size": "163216719",
                    "download": "149154176"
                }
            },
            "decryptionkey": "b6f2a3af30655cada76cf1ef59356b8b0afb365fa08b464e75f2536652c09598"
        },
        "branches": {
            "public": {
                "buildid": "18167681",
                "timeupdated": "1745074660"
            }
        }
    }
}