{
    "appid": "2948780",
    "type": "Demo",
    "name": "Rebellion: Rise of the Damned Demo",
    "schinese_name": "",
    "isfreeapp": "0",
    "change_number": "25246912",
    "update_time": "2024-09-17 00:08:30",
    "depot": {
        "2948781": {
            "manifests": {
                "public": {
                    "gid": "634000060748485544",
                    "size": "736102913",
                    "download": "563954368"
                }
            },
            "decryptionkey": "2208b1a16c8739302eb532445a6c9812a19f995db628e275cbe18936c70f8586"
        },
        "branches": {
            "public": {
                "buildid": "14224249",
                "timeupdated": "1714497894"
            }
        }
    }
}