{
    "appid": "2992570",
    "type": "Game",
    "name": "芙兰杂感记录-Flan's MS",
    "schinese_name": "芙兰杂感记录",
    "isfreeapp": "0",
    "change_number": "29015648",
    "update_time": "2025-05-16 11:00:43",
    "depot": {
        "2992571": {
            "manifests": {
                "public": {
                    "gid": "6330094445177750111",
                    "size": "656902303",
                    "download": "131249968"
                }
            },
            "decryptionkey": "aaac9998d9c082e20fa49100b4bbd6e558abed365b110e871e7db1f88aa7d0e6"
        },
        "baselanguages": "english,koreana,schinese,japanese",
        "branches": {
            "public": {
                "buildid": "16675509",
                "timeupdated": "1733709544"
            }
        }
    }
}