{
    "appid": "3061310",
    "type": "Demo",
    "name": "Fix This House Demo",
    "schinese_name": "",
    "isfreeapp": "0",
    "change_number": "25761751",
    "update_time": "2024-10-17 15:06:06",
    "depot": {
        "baselanguages": "english,german,french,italian,koreana,spanish,schinese,tchinese,russian,thai,japanese,portuguese,polish,danish,dutch,finnish,norwegian,swedish,hungarian,czech,romanian,turkish,arabic,brazilian,bulgarian,greek,ukrainian,latam,vietnamese,indonesian",
        "3061313": {
            "config": {
                "oslist": "windows",
                "osarch": "64"
            },
            "manifests": {
                "public": {
                    "gid": "2131609470064887289",
                    "size": "170536034",
                    "download": "98986976"
                },
                "beta": {
                    "gid": "2131609470064887289",
                    "size": "170536034",
                    "download": "98986976"
                }
            },
            "decryptionkey": "338392f23b23d71d96488bbce2befb882f562a45b44587f0a1365979bf44548b"
        },
        "3061311": {
            "config": {
                "oslist": "windows",
                "osarch": "32"
            },
            "manifests": {
                "public": {
                    "gid": "11744635864508420",
                    "size": "160703078",
                    "download": "96033584"
                },
                "beta": {
                    "gid": "11744635864508420",
                    "size": "160703078",
                    "download": "96033584"
                }
            },
            "decryptionkey": ""
        },
        "3061312": {
            "config": {
                "oslist": "linux"
            },
            "manifests": {
                "public": {
                    "gid": "3896698667325991763",
                    "size": "185893791",
                    "download": "101551952"
                },
                "beta": {
                    "gid": "3896698667325991763",
                    "size": "185893791",
                    "download": "101551952"
                }
            },
            "decryptionkey": ""
        },
        "3061314": {
            "config": {
                "oslist": "macos"
            },
            "manifests": {
                "public": {
                    "gid": "6351041819172361485",
                    "size": "206276943",
                    "download": "110648720"
                },
                "beta": {
                    "gid": "6351041819172361485",
                    "size": "206276943",
                    "download": "110648720"
                }
            },
            "decryptionkey": ""
        },
        "branches": {
            "public": {
                "buildid": "16076831",
                "timeupdated": "1729148763"
            },
            "beta": {
                "buildid": "16076831",
                "description": "beta branch",
                "timeupdated": "1729148533"
            }
        }
    }
}