{
    "appid": "3267810",
    "type": "DLC",
    "name": "The Coma 2B: Catacomb - Artbook",
    "schinese_name": "",
    "isfreeapp": "0",
    "change_number": "25898588",
    "update_time": "2024-10-25 23:10:37",
    "depot": {
        "3267810": {
            "manifests": {
                "public": {
                    "gid": "350296744437311187",
                    "size": "82921283",
                    "download": "79548768"
                }
            },
            "dlcappid": "3267810",
            "decryptionkey": "af9fcd2919324481817060a4e0ef16beff72d8f990827d28a72f3f855d9dcf5d"
        },
        "branches": {
            "public": {
                "buildid": "16003219",
                "timeupdated": "1728614615"
            }
        }
    }
}