{
    "appid": "3659480",
    "type": "Music",
    "name": "Beholder: Conductor Soundtrack",
    "schinese_name": "",
    "isfreeapp": "0",
    "change_number": "28758415",
    "update_time": "2025-05-01 05:15:31",
    "depot": {
        "3659481": {
            "manifests": {
                "public": {
                    "gid": "5341196762520215658",
                    "size": "40767201",
                    "download": "40806768"
                }
            },
            "decryptionkey": "61cfbb13d30164f2ddf675de307a28f9364f413066c65f7e89d1af74de5a2d59"
        },
        "3659482": {
            "config": {
                "highqualityaudio": "1"
            },
            "manifests": {
                "public": {
                    "gid": "6338769007388736379",
                    "size": "279249152",
                    "download": "207772016"
                }
            },
            "decryptionkey": "c37861920052728584b02f083a1f8561033152d8c3900513f89590fb06d4bde3"
        },
        "branches": {
            "public": {
                "buildid": "18179465",
                "timeupdated": "1745230934"
            }
        }
    }
}