{
    "appid": "2968160",
    "type": "Demo",
    "name": "PolyPine Demo",
    "schinese_name": "小松林 Demo",
    "isfreeapp": "0",
    "change_number": "28232874",
    "update_time": "2025-04-01 01:13:34",
    "depot": {
        "baselanguages": "english,german,french,schinese,russian,japanese,swedish,brazilian,latam",
        "228989": {
            "config": {
                "oslist": "windows"
            },
            "depotfromapp": "228980",
            "sharedinstall": "1"
        },
        "2968161": {
            "config": {
                "oslist": "windows",
                "osarch": "64"
            },
            "manifests": {
                "public": {
                    "gid": "1889601612126050281",
                    "size": "99195233",
                    "download": "58106864"
                }
            },
            "decryptionkey": "0c8bc6aacd029e16d728df968c3c556b34801b3ff30402cb7cc7cc98d810ec82"
        },
        "branches": {
            "public": {
                "buildid": "17437784",
                "timeupdated": "1740049389"
            }
        },
        "privatebranches": "1"
    }
}