{
    "appid": "3491220",
    "type": "Demo",
    "name": "AFTERBLAST Demo",
    "schinese_name": "",
    "isfreeapp": "0",
    "change_number": "28277270",
    "update_time": "2025-04-03 05:50:58",
    "depot": {
        "228989": {
            "config": {
                "oslist": "windows"
            },
            "depotfromapp": "228980",
            "sharedinstall": "1"
        },
        "228990": {
            "config": {
                "oslist": "windows"
            },
            "depotfromapp": "228980",
            "sharedinstall": "1"
        },
        "3491221": {
            "manifests": {
                "public": {
                    "gid": "5460558594007313429",
                    "size": "3321513441",
                    "download": "2645128736"
                }
            },
            "decryptionkey": "6bc67dcf206b2f69a02b1efa784a330164a12a9bb810ce4c449fae6230358695"
        },
        "branches": {
            "public": {
                "buildid": "17655902",
                "timeupdated": "1741572554"
            }
        },
        "privatebranches": "1"
    }
}