{
    "appid": "3043090",
    "type": "Game",
    "name": "Motorbike Simulator MX Driving",
    "schinese_name": "",
    "isfreeapp": "0",
    "change_number": "24308980",
    "update_time": "2024-07-11 01:01:33",
    "depot": {
        "3043091": {
            "config": {
                "oslist": "windows"
            },
            "manifests": {
                "public": {
                    "gid": "7805681604387151938",
                    "size": "510805889",
                    "download": "412634976"
                }
            },
            "decryptionkey": "e1c785fb19b218e28f8e28a59442fc749e4eb0d7554efe46930c6d80e784a28e"
        },
        "branches": {
            "public": {
                "buildid": "14642287",
                "timeupdated": "1717778679"
            }
        }
    }
}