{
    "appid": "2951710",
    "type": "Game",
    "name": "品玉庵异谈",
    "schinese_name": "",
    "isfreeapp": "0",
    "change_number": "28504439",
    "update_time": "2025-04-16 17:11:19",
    "depot": {
        "baselanguages": "english,schinese",
        "2951711": {
            "manifests": {
                "public": {
                    "gid": "6266878738281977571",
                    "size": "744182334",
                    "download": "651578992"
                }
            },
            "decryptionkey": "6f4e82e96f73ed8c764739a91a689b7fbb89c589b4e91c113c40777ef56b2ebb"
        },
        "branches": {
            "public": {
                "buildid": "15541471",
                "timeupdated": "1725004019"
            }
        },
        "privatebranches": "1"
    }
}