{
    "appid": "3434350",
    "type": "Demo",
    "name": "Nightfall Protocol Demo",
    "schinese_name": "",
    "isfreeapp": "0",
    "change_number": "27861937",
    "update_time": "2025-03-10 05:15:03",
    "depot": {
        "228989": {
            "config": {
                "oslist": "windows"
            },
            "depotfromapp": "228980",
            "sharedinstall": "1"
        },
        "228990": {
            "config": {
                "oslist": "windows"
            },
            "depotfromapp": "228980",
            "sharedinstall": "1"
        },
        "3434351": {
            "config": {
                "language": "english",
                "oslist": "windows",
                "osarch": "64"
            },
            "manifests": {
                "public": {
                    "gid": "8067781185932301780",
                    "size": "8100242133",
                    "download": "7757358480"
                }
            },
            "decryptionkey": "06632ac5f638d54f9ea5a7e76136d585b635c8dc9a950fb74e2ae73cd820825c"
        },
        "branches": {
            "public": {
                "buildid": "17654762",
                "timeupdated": "1741554900"
            }
        }
    }
}