{
    "appid": "3484680",
    "type": "Game",
    "name": "LES MILLS BODYCOMBAT",
    "schinese_name": "",
    "isfreeapp": "0",
    "change_number": "29024860",
    "update_time": "2025-05-16 21:17:47",
    "depot": {
        "3484681": {
            "config": {
                "oslist": "windows"
            },
            "manifests": {
                "public": {
                    "gid": "6845895348224959730",
                    "size": "11266599491",
                    "download": "3755724976"
                }
            },
            "decryptionkey": "f876e66a7ccce5c6d4d0b2c7c14a098e80469c462db79317d766bac33240fd8b"
        },
        "3535930": {
            "dlcappid": "3535930"
        },
        "3535950": {
            "dlcappid": "3535950"
        },
        "3535940": {
            "dlcappid": "3535940"
        },
        "3535960": {
            "dlcappid": "3535960"
        },
        "branches": {
            "public": {
                "buildid": "18127343",
                "timeupdated": "1745226012"
            }
        },
        "privatebranches": "1"
    }
}