{
    "appid": "3078910",
    "type": "Game",
    "name": "Sisters Z Hypnosis",
    "schinese_name": "姐姐Z催眠",
    "isfreeapp": "0",
    "change_number": "28573270",
    "update_time": "2025-04-21 00:04:22",
    "depot": {
        "3078911": {
            "config": {
                "oslist": "windows"
            },
            "manifests": {
                "public": {
                    "gid": "3597566134946260426",
                    "size": "4233840819",
                    "download": "3201293168"
                }
            },
            "decryptionkey": "edad14e6683b772cdd970e2da702cafe50c4df9d85e379b2d692b97c02a61b79"
        },
        "3078912": {
            "config": {
                "language": "japanese",
                "oslist": "windows"
            },
            "manifests": {
                "public": {
                    "gid": "3002856048190597820",
                    "size": "356391",
                    "download": "357392"
                }
            },
            "decryptionkey": ""
        },
        "3109680": {
            "dlcappid": "3109680",
            "config": {
                "oslist": "windows"
            },
            "manifests": {
                "public": {
                    "gid": "8139230218266123780",
                    "size": "1377177159",
                    "download": "832529152"
                }
            },
            "decryptionkey": ""
        },
        "3320130": {
            "dlcappid": "3320130",
            "config": {
                "language": "japanese",
                "oslist": "windows"
            },
            "manifests": {
                "public": {
                    "gid": "6148897729282604183",
                    "size": "10002346",
                    "download": "9175008"
                }
            },
            "decryptionkey": ""
        },
        "branches": {
            "public": {
                "buildid": "16522391",
                "timeupdated": "1732528992"
            }
        }
    }
}