{
    "appid": "2998970",
    "type": "Game",
    "name": "Повестка: Совместный побег",
    "schinese_name": "",
    "isfreeapp": "0",
    "change_number": "28766315",
    "update_time": "2025-05-01 17:31:24",
    "depot": {
        "hasdepotsindlc": "0",
        "baselanguages": "english,german,russian,polish,czech,turkish",
        "2998971": {
            "config": {
                "oslist": "windows"
            },
            "manifests": {
                "public": {
                    "gid": "6223106089497311026",
                    "size": "8739199311",
                    "download": "2813775888"
                }
            },
            "decryptionkey": "00db5047f3d2a4415beb02b2afc948c0e8309db0d57098abb58d06b52fd36cd0"
        },
        "branches": {
            "public": {
                "buildid": "16430390",
                "timeupdated": "1731757228"
            }
        }
    }
}