{
    "appid": "3057760",
    "type": "Game",
    "name": "CROPS!",
    "schinese_name": "锄禾日当午",
    "isfreeapp": "0",
    "change_number": "29015969",
    "update_time": "2025-05-16 11:30:46",
    "depot": {
        "baselanguages": "english,german,schinese,russian,japanese,brazilian",
        "3057761": {
            "manifests": {
                "public": {
                    "gid": "863764405145555715",
                    "size": "322167091",
                    "download": "231757152"
                }
            },
            "decryptionkey": "885dcd6dca673fce143a4b23fedd73ace8ab43ab07ec64dbcd321d59fbb57ab2"
        },
        "branches": {
            "public": {
                "buildid": "18089310",
                "timeupdated": "1744544005"
            }
        }
    }
}