{
    "appid": "3386340",
    "type": "Demo",
    "name": "Trash Teammates Demo",
    "schinese_name": "",
    "isfreeapp": "0",
    "change_number": "26657071",
    "update_time": "2024-12-16 15:56:54",
    "depot": {
        "3386341": {
            "manifests": {
                "public": {
                    "gid": "8768785792886531568",
                    "size": "184811399",
                    "download": "44284912"
                }
            },
            "decryptionkey": "1a72d970dbdc9b98a40c5f0ef08fd2c3563cf1687935f1d82f72b3ec9a1d7e78"
        },
        "branches": {
            "public": {
                "buildid": "16702361",
                "timeupdated": "1733886327"
            }
        }
    }
}