{
    "appid": "3337630",
    "type": "Game",
    "name": "Paranormal Snap Shot",
    "schinese_name": "",
    "isfreeapp": "0",
    "change_number": "28541958",
    "update_time": "2025-04-18 11:00:31",
    "depot": {
        "228989": {
            "config": {
                "oslist": "windows"
            },
            "depotfromapp": "228980",
            "sharedinstall": "1"
        },
        "228990": {
            "config": {
                "oslist": "windows"
            },
            "depotfromapp": "228980",
            "sharedinstall": "1"
        },
        "hasdepotsindlc": "0",
        "baselanguages": "english",
        "3337631": {
            "config": {
                "oslist": "windows"
            },
            "manifests": {
                "public": {
                    "gid": "4411773571067298994",
                    "size": "7511847047",
                    "download": "1988185232"
                }
            },
            "decryptionkey": "2c8291053566800aaa208ae9f0878c38785f8c4706d916327d29572f301f6666"
        },
        "branches": {
            "public": {
                "buildid": "17725919",
                "timeupdated": "1741959013"
            }
        }
    }
}