{
    "appid": "3065790",
    "type": "Demo",
    "name": "JustFutanari 2 Demo",
    "schinese_name": "",
    "isfreeapp": "0",
    "change_number": "27414612",
    "update_time": "2025-02-11 14:26:33",
    "depot": {
        "3065791": {
            "manifests": {
                "public": {
                    "gid": "1626720029095827531",
                    "size": "611823672",
                    "download": "176098496"
                }
            },
            "decryptionkey": "d2394988a819ec37f57c498a5f0b04c3ffa659f359bdeae45db54b34b0c9c4ac"
        },
        "branches": {
            "public": {
                "buildid": "17317155",
                "timeupdated": "1739255186"
            }
        }
    }
}