{
    "appid": "3263730",
    "type": "Demo",
    "name": "这是我的公司 Demo",
    "schinese_name": "",
    "isfreeapp": "0",
    "change_number": "25700976",
    "update_time": "2024-10-14 12:52:38",
    "depot": {
        "228989": {
            "config": {
                "oslist": "windows"
            },
            "depotfromapp": "228980",
            "sharedinstall": "1"
        },
        "228990": {
            "config": {
                "oslist": "windows"
            },
            "depotfromapp": "228980",
            "sharedinstall": "1"
        },
        "229007": {
            "config": {
                "oslist": "windows"
            },
            "depotfromapp": "228980",
            "sharedinstall": "1"
        },
        "229020": {
            "config": {
                "oslist": "windows"
            },
            "depotfromapp": "228980",
            "sharedinstall": "1"
        },
        "3263731": {
            "config": {
                "oslist": "windows"
            },
            "manifests": {
                "public": {
                    "gid": "673643511403413344",
                    "size": "235087898",
                    "download": "45794688"
                }
            },
            "decryptionkey": "bda1a4bf093d073ac35fb84166b895a29dbb9c8dd6e3b906aa06ab1c6f73f871"
        },
        "baselanguages": "english,schinese",
        "branches": {
            "public": {
                "buildid": "16023857",
                "timeupdated": "1728784029"
            }
        }
    }
}