{
    "appid": "3124450",
    "type": "Music",
    "name": "Endzone 2: Soundtrack",
    "schinese_name": "",
    "isfreeapp": "0",
    "change_number": "26633376",
    "update_time": "2024-12-14 00:53:20",
    "depot": {
        "3126190": {
            "config": {
                "highqualityaudio": "1"
            },
            "manifests": {
                "public": {
                    "gid": "5599244280379255750",
                    "size": "1441113670",
                    "download": "1325230640"
                }
            },
            "decryptionkey": "7ac3c41708a414ce087309c70bd9d23f394c2a6a23b294e9c68e036290e2a985"
        },
        "3126191": {
            "manifests": {
                "public": {
                    "gid": "1808543466085062892",
                    "size": "230144880",
                    "download": "227433872"
                }
            },
            "decryptionkey": "41477a06fe546e82dd15c33b3af00f361f29f4f56f2482cf0ab94508cb755a9c"
        },
        "branches": {
            "public": {
                "buildid": "16738210",
                "timeupdated": "1734108719"
            }
        }
    }
}