{
    "appid": "3324810",
    "type": "Game",
    "name": "淫慾試煉",
    "schinese_name": "",
    "isfreeapp": "0",
    "change_number": "29016621",
    "update_time": "2025-05-16 12:36:45",
    "depot": {
        "baselanguages": "english,tchinese,japanese",
        "3324811": {
            "manifests": {
                "public": {
                    "gid": "6799678033790643416",
                    "size": "1147522512",
                    "download": "1011695392"
                }
            },
            "decryptionkey": "233dc888030ec5d02204a357c7ccbe1208e6ea58a814fa636b8bfbbeb1691bbe"
        },
        "3324812": {
            "config": {
                "language": "tchinese"
            },
            "manifests": {
                "public": {
                    "gid": "805618876555691531",
                    "size": "1144713241",
                    "download": "1009704096"
                }
            },
            "decryptionkey": "10c563b4d02e066e5b3872051f2f526c6072e12f42baac4e2bbf39d4e65d4a49"
        },
        "3324813": {
            "config": {
                "language": "japanese"
            },
            "manifests": {
                "public": {
                    "gid": "4356114399404730850",
                    "size": "1158348144",
                    "download": "1011874336"
                }
            },
            "decryptionkey": ""
        },
        "branches": {
            "public": {
                "buildid": "17818432",
                "timeupdated": "1742623147"
            }
        }
    }
}