{
    "appid": "3213970",
    "type": "DLC",
    "name": "Touhou Hero of Ice Fairy DLC1 - Rose Idol",
    "schinese_name": "东方冰之勇者记DLC1 - 蔷薇偶像",
    "isfreeapp": "0",
    "change_number": "28407937",
    "update_time": "2025-04-10 21:11:06",
    "depot": {
        "3213970": {
            "config": {
                "oslist": "windows",
                "osarch": "64"
            },
            "manifests": {
                "public": {
                    "gid": "5286935977373611491",
                    "size": "80278733",
                    "download": "80530896"
                }
            },
            "dlcappid": "3213970",
            "decryptionkey": "8aa8c519999b733e62801b312663af06939b9ca56e89c3fde921f995fc6f56a8"
        },
        "branches": {
            "public": {
                "buildid": "17982136",
                "timeupdated": "1743757414"
            }
        },
        "privatebranches": "1"
    }
}