{
    "appid": "2957990",
    "type": "Game",
    "name": "ハーレムなんか望んでない！ - Undesired Harem -",
    "schinese_name": "",
    "isfreeapp": "0",
    "change_number": "23847531",
    "update_time": "2024-06-06 08:43:32",
    "depot": {
        "2957991": {
            "manifests": {
                "public": {
                    "gid": "8366106936416883807",
                    "size": "194294440",
                    "download": "186594336"
                }
            },
            "decryptionkey": "239086651d338efcb0ecd686f1f779b6c3b0e7e38ae465c50f85a4c755e45422"
        },
        "baselanguages": "english,japanese",
        "branches": {
            "public": {
                "buildid": "14356749",
                "timeupdated": "1715654031"
            }
        }
    }
}