{
    "appid": "3234330",
    "type": "Game",
    "name": "Ninja Ming",
    "schinese_name": "忍者明",
    "isfreeapp": "0",
    "change_number": "28943381",
    "update_time": "2025-05-13 00:35:58",
    "depot": {
        "baselanguages": "english,schinese",
        "3234331": {
            "config": {
                "oslist": "windows"
            },
            "manifests": {
                "public": {
                    "gid": "4903923149615277457",
                    "size": "437826853",
                    "download": "227970656"
                }
            },
            "decryptionkey": "2ee543f15981748ad16c8f2cb3e289a09fc50fe32250d28e751a7478115146a8"
        },
        "3234332": {
            "config": {
                "oslist": "macos"
            },
            "manifests": {
                "public": {
                    "gid": "1089461002192495466",
                    "size": "497207348",
                    "download": "235304080"
                }
            }
        },
        "3234333": {
            "config": {
                "oslist": "linux"
            },
            "manifests": {
                "public": {
                    "gid": "261975504057300684",
                    "size": "462379754",
                    "download": "231329632"
                }
            }
        },
        "branches": {
            "public": {
                "buildid": "18172678",
                "timeupdated": "1745204465"
            }
        },
        "privatebranches": "1"
    }
}