{
    "appid": "2967860",
    "type": "Game",
    "name": "MY ADAPTATION IN(TO) HUMAN",
    "schinese_name": "",
    "isfreeapp": "0",
    "change_number": "28968056",
    "update_time": "2025-05-14 04:33:01",
    "depot": {
        "2967861": {
            "manifests": {
                "public": {
                    "gid": "870049997919954905",
                    "size": "1228651830",
                    "download": "469326544"
                }
            },
            "decryptionkey": "bf337076c4216a3acc10526d26701e657b0e472e4929a2468918d9718c2128fb"
        },
        "branches": {
            "public": {
                "buildid": "14347811",
                "timeupdated": "1715595165"
            }
        }
    }
}