{
    "appid": "2957910",
    "type": "Demo",
    "name": "THRESHOLD Demo",
    "schinese_name": "",
    "isfreeapp": "0",
    "change_number": "26267671",
    "update_time": "2024-11-20 03:34:37",
    "depot": {
        "hasdepotsindlc": "0",
        "baselanguages": "english,german,french,koreana,schinese,russian,japanese,turkish,brazilian,ukrainian,latam",
        "228989": {
            "config": {
                "oslist": "windows"
            },
            "depotfromapp": "228980",
            "sharedinstall": "1"
        },
        "228990": {
            "config": {
                "oslist": "windows"
            },
            "depotfromapp": "228980",
            "sharedinstall": "1"
        },
        "2957911": {
            "config": {
                "oslist": "windows",
                "osarch": "64"
            },
            "manifests": {
                "public": {
                    "gid": "7058660214207127051",
                    "size": "628264577",
                    "download": "408659104"
                }
            },
            "decryptionkey": "676433b845d83c3f092981a894b0dbe9a162f72b2f72328a97b6ae85248e5cdc"
        },
        "branches": {
            "public": {
                "buildid": "15647544",
                "timeupdated": "1725971220"
            }
        },
        "privatebranches": "1"
    }
}