{
    "appid": "3354690",
    "type": "DLC",
    "name": "Beat Saber - Metallica - Sad But True",
    "schinese_name": "",
    "isfreeapp": "0",
    "change_number": "26577817",
    "update_time": "2024-12-10 23:44:33",
    "depot": {
        "3354690": {
            "manifests": {
                "public": {
                    "gid": "2133367245952710563",
                    "size": "18465164",
                    "download": "18717888"
                }
            },
            "dlcappid": "3354690",
            "decryptionkey": "ac49f77008afe547e74098da19f447568a23d0c76d6cfe50537f0210b1209498"
        },
        "branches": {
            "public": {
                "buildid": "16539587",
                "timeupdated": "1732636605"
            }
        }
    }
}