{
    "appid": "3022280",
    "type": "Demo",
    "name": "Arrogue Demo",
    "schinese_name": "",
    "isfreeapp": "0",
    "change_number": "27199094",
    "update_time": "2025-01-28 18:48:22",
    "depot": {
        "3022281": {
            "manifests": {
                "public": {
                    "gid": "4740527538957538603",
                    "size": "237742290",
                    "download": "45944992"
                }
            },
            "decryptionkey": "efeaa712b47adf3955d1123064144eb531767d3009ff45e92a29bd1a8b871b35"
        },
        "branches": {
            "public": {
                "buildid": "17039708",
                "timeupdated": "1737120561"
            }
        }
    }
}