{
    "appid": "3213500",
    "type": "Music",
    "name": "Summer For You Soundtrack",
    "schinese_name": "",
    "isfreeapp": "0",
    "change_number": "27261367",
    "update_time": "2025-02-01 05:13:42",
    "depot": {
        "3213501": {
            "manifests": {
                "public": {
                    "gid": "8113274160895606737",
                    "size": "83076635",
                    "download": "79198208"
                }
            },
            "decryptionkey": "06b07bcb77d95a450eddc2c060ae29796739446d0e2cd2dd4c3eaa751b9a6caa"
        },
        "branches": {
            "public": {
                "buildid": "17092222",
                "timeupdated": "1737554854"
            }
        }
    }
}