{
    "appid": "3280850",
    "type": "Demo",
    "name": "Legacy of Defense Demo",
    "schinese_name": "",
    "isfreeapp": "0",
    "change_number": "27509059",
    "update_time": "2025-02-17 11:14:59",
    "depot": {
        "3280851": {
            "manifests": {
                "public": {
                    "gid": "6668393448104877660",
                    "size": "113046962",
                    "download": "74246016"
                }
            },
            "decryptionkey": "bdee9b323a51a19e7866dc2139ed7ae145fd2ddeb9b59c1239aa08e973f9c0b3"
        },
        "branches": {
            "public": {
                "buildid": "17321024",
                "timeupdated": "1739276232"
            }
        }
    }
}