{
    "appid": "3160350",
    "type": "Demo",
    "name": "芙兰杂感记录 Demo",
    "schinese_name": "",
    "isfreeapp": "0",
    "change_number": "25241378",
    "update_time": "2024-09-16 17:39:33",
    "depot": {
        "baselanguages": "english,schinese,japanese",
        "3160351": {
            "config": {
                "oslist": "windows",
                "osarch": "64"
            },
            "manifests": {
                "public": {
                    "gid": "7934919263834418751",
                    "size": "584330250",
                    "download": "99879536"
                }
            },
            "decryptionkey": "6bd6233fef82372605bbf1acf1f46d5573a9dc293cb17a463c04459bdf3a9e52"
        },
        "branches": {
            "public": {
                "buildid": "15401964",
                "timeupdated": "1723860603"
            }
        }
    }
}