{
    "appid": "3002860",
    "type": "Game",
    "name": "Novivors",
    "schinese_name": "",
    "isfreeapp": "0",
    "change_number": "29015726",
    "update_time": "2025-05-16 11:06:47",
    "depot": {
        "3002861": {
            "manifests": {
                "public": {
                    "gid": "6750703421417656273",
                    "size": "253118881",
                    "download": "34999344"
                }
            },
            "decryptionkey": "40923c47c826de77149f6361b092fb9825fd42448a72d0c19832d55548f467ee"
        },
        "branches": {
            "public": {
                "buildid": "14808214",
                "timeupdated": "1719121478"
            }
        }
    }
}