{
    "appid": "3162210",
    "type": "Demo",
    "name": "无罪之庭 Demo",
    "schinese_name": "无罪之庭 Demo",
    "isfreeapp": "0",
    "change_number": "26698215",
    "update_time": "2024-12-19 00:03:18",
    "depot": {
        "3162211": {
            "manifests": {
                "public": {
                    "gid": "3212645200739255242",
                    "size": "1743340596",
                    "download": "1086868528"
                }
            },
            "decryptionkey": "5dd8302a2c041a909b73a43abc2101f3f7721907f9a2b48c318d28d576395984"
        },
        "branches": {
            "public": {
                "buildid": "16751259",
                "timeupdated": "1734275815"
            }
        }
    }
}