{
    "appid": "2978710",
    "type": "Game",
    "name": "The Rainman",
    "schinese_name": "",
    "isfreeapp": "0",
    "change_number": "28775507",
    "update_time": "2025-05-02 05:08:43",
    "depot": {
        "2978711": {
            "manifests": {
                "public": {
                    "gid": "3056756159017032252",
                    "size": "27674972",
                    "download": "18950752"
                }
            },
            "decryptionkey": "e7268b540c3494a64b5f64233b43ee50bc3fd3c1a4a40785b07450c687d14378"
        },
        "branches": {
            "public": {
                "buildid": "14270258",
                "timeupdated": "1714908032"
            }
        }
    }
}