{
    "appid": "3033650",
    "type": "Demo",
    "name": "Dragonscale Monastery Demo",
    "schinese_name": "",
    "isfreeapp": "0",
    "change_number": "27269100",
    "update_time": "2025-02-01 22:33:03",
    "depot": {
        "3033651": {
            "manifests": {
                "public": {
                    "gid": "792757050198027983",
                    "size": "4684178119",
                    "download": "1584921856"
                }
            },
            "decryptionkey": "567e5e477b9e6a354c905eda7d243e155338338e4e0178b95ef3d5d7eb599c6c"
        },
        "branches": {
            "public": {
                "buildid": "16133476",
                "timeupdated": "1729585976"
            }
        }
    }
}