{
    "appid": "3509050",
    "type": "Game",
    "name": "[REC] Desolation",
    "schinese_name": "",
    "isfreeapp": "0",
    "change_number": "28795293",
    "update_time": "2025-05-03 09:30:41",
    "depot": {
        "228989": {
            "config": {
                "oslist": "windows"
            },
            "depotfromapp": "228980",
            "sharedinstall": "1"
        },
        "228990": {
            "config": {
                "oslist": "windows"
            },
            "depotfromapp": "228980",
            "sharedinstall": "1"
        },
        "3509051": {
            "manifests": {
                "public": {
                    "gid": "2718204947796891040",
                    "size": "2987212143",
                    "download": "2670667456"
                }
            },
            "decryptionkey": "04a3d1a70bc55ef5268117e486ffad2f11b75cb9ca6ea1ceffbe53e8a8ded033"
        },
        "branches": {
            "public": {
                "buildid": "17550987",
                "timeupdated": "1740765510"
            }
        }
    }
}