{
    "appid": "3443620",
    "type": "Game",
    "name": "SamabakeScramble",
    "schinese_name": "",
    "isfreeapp": "0",
    "change_number": "29048541",
    "update_time": "2025-05-18 20:16:04",
    "depot": {
        "baselanguages": "english,schinese,tchinese",
        "3443621": {
            "manifests": {
                "public": {
                    "gid": "94387402737097914",
                    "size": "18928924523",
                    "download": "2623759360"
                }
            },
            "decryptionkey": "236bea9bbcde10beddeb2f46e212432be1bd7acd5b4dbaa03744dfbdf280da9d"
        },
        "3578770": {
            "dlcappid": "3578770",
            "manifests": {
                "public": {
                    "gid": "1657828720442502550",
                    "size": "1055423606",
                    "download": "908784432"
                }
            },
            "decryptionkey": "8528f56dd631d1e058a7ea54b8809fd327f5432df4448024d774fa763f4bde4e"
        },
        "branches": {
            "public": {
                "buildid": "18205497",
                "timeupdated": "1746756061"
            }
        },
        "privatebranches": "1"
    }
}