{
    "appid": "3275720",
    "type": "Game",
    "name": "酒歌",
    "schinese_name": "酒歌",
    "isfreeapp": "0",
    "change_number": "28342733",
    "update_time": "2025-04-07 17:28:18",
    "depot": {
        "baselanguages": "english,german,french,italian,koreana,schinese,tchinese,russian,japanese",
        "228989": {
            "config": {
                "oslist": "windows"
            },
            "depotfromapp": "228980",
            "sharedinstall": "1"
        },
        "228990": {
            "config": {
                "oslist": "windows"
            },
            "depotfromapp": "228980",
            "sharedinstall": "1"
        },
        "3275721": {
            "manifests": {
                "public": {
                    "gid": "5105219365984007438",
                    "size": "6192919418",
                    "download": "5657108512"
                }
            },
            "decryptionkey": "578adcca5abcbd68f09f0274fb8f604326dcb5bfed93a0b8f8038b881910d9f5"
        },
        "branches": {
            "public": {
                "buildid": "18009253",
                "timeupdated": "1744018089"
            }
        }
    }
}