{
    "appid": "3246740",
    "type": "Demo",
    "name": "Spy Drops Demo",
    "schinese_name": "",
    "isfreeapp": "0",
    "change_number": "26728968",
    "update_time": "2024-12-20 15:53:35",
    "depot": {
        "3246741": {
            "manifests": {
                "public": {
                    "gid": "4633668857432505207",
                    "size": "765184029",
                    "download": "339442192"
                }
            },
            "decryptionkey": "473d6c16c9c0f4042f6b73aeb6c4db199ea319257cecf7853ded2831b429b8d1"
        },
        "baselanguages": "english,japanese",
        "branches": {
            "public": {
                "buildid": "16273472",
                "timeupdated": "1730537189"
            }
        }
    }
}