{
    "appid": "3295330",
    "type": "Demo",
    "name": "Cartier 06 Demo",
    "schinese_name": "",
    "isfreeapp": "0",
    "change_number": "26890226",
    "update_time": "2025-01-07 18:23:05",
    "depot": {
        "228989": {
            "config": {
                "oslist": "windows"
            },
            "depotfromapp": "228980",
            "sharedinstall": "1"
        },
        "228990": {
            "config": {
                "oslist": "windows"
            },
            "depotfromapp": "228980",
            "sharedinstall": "1"
        },
        "3295331": {
            "manifests": {
                "public": {
                    "gid": "5842163803940030723",
                    "size": "7819317789",
                    "download": "7561925792"
                }
            },
            "decryptionkey": "f1ee67180d657b005f675a3b96da33ed2f52264f932e4a79ae63fb3c4268c587"
        },
        "baselanguages": "english",
        "branches": {
            "public": {
                "buildid": "16053009",
                "timeupdated": "1729002980"
            }
        }
    }
}