{
    "appid": "3423040",
    "type": "Demo",
    "name": "掷个骰子 Demo",
    "schinese_name": "掷个骰子 Demo",
    "isfreeapp": "0",
    "change_number": "26967745",
    "update_time": "2025-01-13 12:53:58",
    "depot": {
        "3423041": {
            "manifests": {
                "public": {
                    "gid": "3181890962128136785",
                    "size": "107259904",
                    "download": "44116144"
                }
            },
            "decryptionkey": "4d7ea07402b46267c417f5981e62b8571377bd7e11ca10cba533ed6bf3db5daa"
        },
        "baselanguages": "english,schinese,tchinese",
        "branches": {
            "public": {
                "buildid": "16980609",
                "timeupdated": "1736744034"
            }
        }
    }
}