{
    "appid": "3270670",
    "type": "Demo",
    "name": "Unprotected Demo",
    "schinese_name": "",
    "isfreeapp": "0",
    "change_number": "26034439",
    "update_time": "2024-11-04 17:36:12",
    "depot": {
        "3270671": {
            "manifests": {
                "public": {
                    "gid": "141450468043468094",
                    "size": "1188106001",
                    "download": "1010844800"
                }
            },
            "decryptionkey": "2d62b12fc79666cc6926fe1237bf8798c46c1468893ea7f52a52aefca48ce88f"
        },
        "branches": {
            "public": {
                "buildid": "15945834",
                "timeupdated": "1728229926"
            }
        }
    }
}