{
    "appid": "3201250",
    "type": "Demo",
    "name": "Chaos Entropy Prologue",
    "schinese_name": "混沌之熵 序章",
    "isfreeapp": "0",
    "change_number": "26100398",
    "update_time": "2024-11-08 10:41:34",
    "depot": {
        "3201251": {
            "manifests": {
                "public": {
                    "gid": "5046197252163112055",
                    "size": "8314289887",
                    "download": "2904147008"
                }
            },
            "decryptionkey": "f833f03802456976abf2e9ee20e119a0db9ee813e787d55ca1d140a8a3e12e84"
        },
        "branches": {
            "public": {
                "buildid": "16018590",
                "timeupdated": "1728714087"
            }
        }
    }
}