{
    "appid": "2945340",
    "type": "Game",
    "name": "虎馬 / Trauma",
    "schinese_name": "",
    "isfreeapp": "0",
    "change_number": "28004523",
    "update_time": "2025-03-18 08:57:35",
    "depot": {
        "2945341": {
            "manifests": {
                "public": {
                    "gid": "1727460407313886166",
                    "size": "2552056797",
                    "download": "2538215600"
                }
            },
            "decryptionkey": "af1728f474c5a2464a968990cfb3e13375785052022b02850f011eb66dd16c3c"
        },
        "baselanguages": "english,japanese",
        "branches": {
            "public": {
                "buildid": "14129361",
                "timeupdated": "1713765810"
            }
        }
    }
}