{
    "appid": "2969060",
    "type": "Game",
    "name": "Casino Island Simulator",
    "schinese_name": "",
    "isfreeapp": "0",
    "change_number": "28922313",
    "update_time": "2025-05-11 10:33:14",
    "depot": {
        "2969061": {
            "manifests": {
                "public": {
                    "gid": "4881411162273892732",
                    "size": "5831045779",
                    "download": "1970204272"
                }
            },
            "decryptionkey": "883f95c6349db665575617618e868395ae0f708668dc74134c082b88ba0bdeb0"
        },
        "branches": {
            "public": {
                "buildid": "17232428",
                "timeupdated": "1738637325"
            }
        }
    }
}