{
    "appid": "3474480",
    "type": "Demo",
    "name": "Max Manos Demo",
    "schinese_name": "",
    "isfreeapp": "0",
    "change_number": "27342006",
    "update_time": "2025-02-06 17:36:38",
    "depot": {
        "3474481": {
            "manifests": {
                "public": {
                    "gid": "2351608461653567738",
                    "size": "345210848",
                    "download": "274307488"
                }
            },
            "decryptionkey": "6182dd3207afd02ef3c99526272eab47ba97814de1aabad7597d5d16cb9373ed"
        },
        "branches": {
            "public": {
                "buildid": "17188707",
                "timeupdated": "1738263174"
            }
        }
    }
}