{
    "appid": "3049090",
    "type": "Beta",
    "name": "守护与智友 Playtest",
    "schinese_name": "",
    "isfreeapp": "0",
    "change_number": "25137675",
    "update_time": "2024-09-09 17:55:18",
    "depot": {
        "3049091": {
            "manifests": {
                "public": {
                    "gid": "1063805505772512903",
                    "size": "1364450111",
                    "download": "703425568"
                }
            },
            "decryptionkey": "6dfe4cd79b4a87b65de02e6446159ac9f5f637e58cdcd79b9997d71c98c946f6"
        },
        "baselanguages": "schinese",
        "workshopdepot": "3049090",
        "branches": {
            "public": {
                "buildid": "15564938",
                "timeupdated": "1725330722"
            }
        },
        "workshopdepotdecryptionkey": "e1ac2dd58dd5e6fc2ff2f9d5f5d60b024c443412d3c6f6610ed25aeba19bf5ce"
    }
}