{
    "appid": "3080880",
    "type": "Game",
    "name": "XiuzhenWorld2 / 修真世界2",
    "schinese_name": "修真世界2",
    "isfreeapp": "0",
    "change_number": "29033426",
    "update_time": "2025-05-17 06:12:33",
    "depot": {
        "baselanguages": "english,schinese,tchinese",
        "hasdepotsindlc": "0",
        "3080881": {
            "config": {
                "oslist": "windows"
            },
            "manifests": {
                "public": {
                    "gid": "6709713110434771507",
                    "size": "2500608485",
                    "download": "779814384"
                }
            },
            "decryptionkey": "01f7eca562612b60c48a61e2f1363c61b6429ec1d32bb2ff64292e4974ad1302"
        },
        "branches": {
            "public": {
                "buildid": "16708582",
                "timeupdated": "1733927284"
            }
        },
        "privatebranches": "1"
    }
}