{
    "appid": "3128280",
    "type": "Game",
    "name": "Cats & Dice",
    "schinese_name": "",
    "isfreeapp": "0",
    "change_number": "29045922",
    "update_time": "2025-05-18 12:12:52",
    "depot": {
        "3128281": {
            "config": {
                "oslist": "windows"
            },
            "manifests": {
                "public": {
                    "gid": "7483306275550414228",
                    "size": "140830123",
                    "download": "80651040"
                }
            },
            "decryptionkey": "451a0b83b1eaa8f52e8567032e0c0767b187cfd7787ca5b01b62f1410dd06dff"
        },
        "baselanguages": "english",
        "branches": {
            "public": {
                "buildid": "18508681",
                "timeupdated": "1747574156"
            }
        },
        "privatebranches": "1"
    }
}