{
    "appid": "3533830",
    "type": "Game",
    "name": "Brány Skeldalu",
    "schinese_name": "",
    "isfreeapp": "0",
    "change_number": "28930205",
    "update_time": "2025-05-12 08:02:38",
    "depot": {
        "3533831": {
            "manifests": {
                "public": {
                    "gid": "6523550649722616482",
                    "size": "292582528",
                    "download": "203926112"
                }
            },
            "decryptionkey": "e1399d6d2799d6704ee038415c9bce843919de9722644165aad2d9d88a9ecd21"
        },
        "branches": {
            "public": {
                "buildid": "18339822",
                "timeupdated": "1746388853"
            }
        }
    }
}