{
    "appid": "3033940",
    "type": "Demo",
    "name": "Feed The Gods Demo",
    "schinese_name": "",
    "isfreeapp": "0",
    "change_number": "26631686",
    "update_time": "2024-12-13 23:03:00",
    "depot": {
        "3033941": {
            "manifests": {
                "public": {
                    "gid": "2292270959766832855",
                    "size": "645691572",
                    "download": "375356960"
                }
            },
            "decryptionkey": "0df849b12f17b9d884fef70ea6705827198cc03f0ce672183dad8a82a50f81a5"
        },
        "branches": {
            "public": {
                "buildid": "16702109",
                "timeupdated": "1733884316"
            }
        }
    }
}