{
    "appid": "3136470",
    "type": "Demo",
    "name": "Fantasy Map Simulator Demo",
    "schinese_name": "架空地图模拟器试玩版",
    "isfreeapp": "0",
    "change_number": "26823692",
    "update_time": "2024-12-31 14:51:35",
    "depot": {
        "228989": {
            "config": {
                "oslist": "windows"
            },
            "depotfromapp": "228980",
            "sharedinstall": "1"
        },
        "3136471": {
            "manifests": {
                "public": {
                    "gid": "5050661517558100474",
                    "size": "483869800",
                    "download": "185956768"
                }
            },
            "decryptionkey": "66dbb827f7aa7b4fd2906e7a239dbbc7855408d38292e51bd81f4e49b7361ede"
        },
        "branches": {
            "public": {
                "buildid": "15540790",
                "timeupdated": "1724999426"
            }
        }
    }
}