{
    "appid": "3385370",
    "type": "Game",
    "name": "Maze Mice",
    "schinese_name": "",
    "isfreeapp": "0",
    "change_number": "29037858",
    "update_time": "2025-05-17 15:49:27",
    "depot": {
        "3385371": {
            "config": {
                "oslist": "windows"
            },
            "manifests": {
                "public": {
                    "gid": "7014007033806310948",
                    "size": "100248008",
                    "download": "51165680"
                }
            },
            "decryptionkey": "2d56e4408892643e0fa5d463e4da28628df9877ddb33e890d8d89d95ad673b39"
        },
        "3385372": {
            "config": {
                "oslist": "macos"
            },
            "manifests": {
                "public": {
                    "gid": "2323422906156740903",
                    "size": "175328540",
                    "download": "66153712"
                }
            }
        },
        "3385373": {
            "config": {
                "oslist": "linux"
            },
            "manifests": {
                "public": {
                    "gid": "6256288156002870315",
                    "size": "108406600",
                    "download": "53196288"
                }
            }
        },
        "baselanguages": "",
        "branches": {
            "public": {
                "buildid": "18439327",
                "timeupdated": "1747113712"
            }
        },
        "privatebranches": "1"
    }
}