{
    "appid": "3103460",
    "type": "Game",
    "name": "Storage Guys",
    "schinese_name": "",
    "isfreeapp": "0",
    "change_number": "28962446",
    "update_time": "2025-05-13 22:34:45",
    "depot": {
        "228989": {
            "config": {
                "oslist": "windows"
            },
            "depotfromapp": "228980",
            "sharedinstall": "1"
        },
        "228990": {
            "config": {
                "oslist": "windows"
            },
            "depotfromapp": "228980",
            "sharedinstall": "1"
        },
        "3103461": {
            "manifests": {
                "public": {
                    "gid": "5863451643677028395",
                    "size": "1824227075",
                    "download": "1658159584"
                }
            },
            "decryptionkey": "d39ad94d5d576b272e0e477f4c472db92b57a0b879fbdac451a1700784b97512"
        },
        "branches": {
            "public": {
                "buildid": "18324093",
                "timeupdated": "1746204410"
            }
        }
    }
}