{
    "appid": "3097830",
    "type": "DLC",
    "name": "Blocks",
    "schinese_name": "",
    "isfreeapp": "0",
    "change_number": "24428187",
    "update_time": "2024-07-19 15:41:27",
    "depot": {
        "3097830": {
            "config": {
                "oslist": "windows",
                "osarch": "64",
                "optionaldlc": "3097830"
            },
            "manifests": {
                "public": {
                    "gid": "3776304224289907607",
                    "size": "227971751",
                    "download": "78017264"
                }
            },
            "dlcappid": "3097830",
            "decryptionkey": "2393b66b452294852ae36d18d4ba232bf17b54004506c0b026486df897b04e08"
        },
        "branches": {
            "public": {
                "buildid": "14963263",
                "timeupdated": "1720434204"
            }
        },
        "appmanagesdlc": "1"
    }
}