{
    "appid": "3520240",
    "type": "Demo",
    "name": "Eyes on the Exam Demo",
    "schinese_name": "",
    "isfreeapp": "0",
    "change_number": "27540927",
    "update_time": "2025-02-19 03:23:37",
    "depot": {
        "3520241": {
            "manifests": {
                "public": {
                    "gid": "3585689399700072036",
                    "size": "875464149",
                    "download": "463095456"
                }
            },
            "decryptionkey": "52780802f8de8f384eb00096f92f1d49ac37e31cb64e219d8994b92fc24f8ba8"
        },
        "branches": {
            "public": {
                "buildid": "17412168",
                "timeupdated": "1739906612"
            }
        }
    }
}