{
    "appid": "3639000",
    "type": "Game",
    "name": "The Room Stalker",
    "schinese_name": "",
    "isfreeapp": "0",
    "change_number": "28787491",
    "update_time": "2025-05-02 23:00:50",
    "depot": {
        "3639001": {
            "config": {
                "oslist": "windows",
                "osarch": "64"
            },
            "manifests": {
                "public": {
                    "gid": "8201773494003390596",
                    "size": "1077515920",
                    "download": "291444320"
                }
            },
            "decryptionkey": "fc7bf25ea3b9e83a29e7e01a9b127445181498ac944537d2a45a6611feb881b3"
        },
        "3639002": {
            "config": {
                "oslist": "windows",
                "osarch": "32"
            },
            "manifests": {
                "public": {
                    "gid": "6647641345209386726",
                    "size": "1090695312",
                    "download": "292342576"
                }
            },
            "decryptionkey": ""
        },
        "3639003": {
            "config": {
                "oslist": "linux"
            },
            "manifests": {
                "public": {
                    "gid": "357896864632295827",
                    "size": "1050286616",
                    "download": "286048384"
                }
            }
        },
        "branches": {
            "public": {
                "buildid": "18319638",
                "timeupdated": "1746178628"
            }
        }
    }
}