{
    "appid": "3420500",
    "type": "Tool",
    "name": "Temple-Cobolia-Benchmark",
    "schinese_name": "",
    "isfreeapp": "0",
    "change_number": "28329794",
    "update_time": "2025-04-06 13:51:02",
    "depot": {
        "1004": {
            "config": {
                "oslist": "windows"
            },
            "manifests": {
                "public": {
                    "gid": "7747775778018907449",
                    "size": "46727128",
                    "download": "14307024"
                }
            },
            "depotfromapp": "1007",
            "decryptionkey": "f21faa4f29ecee9d192fc1784d1701376eb87e13521824ceaf0116b10c558a81"
        },
        "1005": {
            "config": {
                "oslist": "macos"
            },
            "manifests": {
                "public": {
                    "gid": "2135359612286175146",
                    "size": "0",
                    "download": "0"
                }
            },
            "depotfromapp": "1007",
            "decryptionkey": "ffa980484d510ce8d7bfcdfde8545a438acc894accb6750711fdb75c0ee92ad9"
        },
        "1006": {
            "config": {
                "oslist": "linux"
            },
            "manifests": {
                "public": {
                    "gid": "7138471031118904166",
                    "size": "78382436",
                    "download": "21254752"
                }
            },
            "depotfromapp": "1007",
            "decryptionkey": "0a6d85ecbae0b6b89cf23244f6b4a69fe14e3e64b128473e93f9a2ed3d835b1c"
        },
        "228989": {
            "config": {
                "oslist": "windows"
            },
            "depotfromapp": "228980",
            "sharedinstall": "1"
        },
        "228990": {
            "config": {
                "oslist": "windows"
            },
            "depotfromapp": "228980",
            "sharedinstall": "1"
        },
        "229012": {
            "config": {
                "oslist": "windows"
            },
            "depotfromapp": "228980",
            "sharedinstall": "1"
        },
        "229020": {
            "config": {
                "oslist": "windows"
            },
            "depotfromapp": "228980",
            "sharedinstall": "1"
        },
        "229033": {
            "config": {
                "oslist": "windows"
            },
            "depotfromapp": "228980",
            "sharedinstall": "1"
        },
        "hasdepotsindlc": "1",
        "baselanguages": "english,german,french,italian,koreana,spanish,schinese,tchinese,russian,thai,japanese,portuguese,polish,danish,dutch,finnish,norwegian,swedish,hungarian,czech,romanian,turkish,arabic,brazilian,bulgarian,greek,ukrainian,latam,vietnamese,indonesian",
        "3636810": {
            "config": {
                "language": "english",
                "oslist": "windows",
                "osarch": "64",
                "optionaldlc": "3636810"
            },
            "dlcappid": "3636810",
            "manifests": {
                "public": {
                    "gid": "1400352632105523995",
                    "size": "2142599713",
                    "download": "606239536"
                }
            },
            "depotfromapp": "3636810",
            "decryptionkey": ""
        },
        "3420501": {
            "config": {
                "osarch": "64",
                "oslist": "windows",
                "language": "english"
            },
            "dlcappid": "3636810",
            "manifests": {
                "public": {
                    "gid": "2829911804792953962",
                    "size": "15919912561",
                    "download": "11796241920"
                }
            },
            "decryptionkey": ""
        },
        "branches": {
            "public": {
                "buildid": "18000071",
                "timeupdated": "1743918658"
            }
        },
        "privatebranches": "1"
    }
}