{
    "appid": "3071850",
    "type": "Demo",
    "name": "Salvus Aries Demo",
    "schinese_name": "",
    "isfreeapp": "0",
    "change_number": "26183469",
    "update_time": "2024-11-14 07:30:00",
    "depot": {
        "baselanguages": "english",
        "3071854": {
            "config": {
                "language": "english",
                "oslist": "windows"
            },
            "manifests": {
                "public": {
                    "gid": "1768952166025938095",
                    "size": "1137743322",
                    "download": "705789440"
                },
                "release": {
                    "gid": "1768952166025938095",
                    "size": "1137743322",
                    "download": "705789440"
                }
            },
            "decryptionkey": "13195e144e2561be402dbb059770e256ee2e1966f22ae8475cf4363fcdf3ca83"
        },
        "3071855": {
            "config": {
                "language": "english",
                "oslist": "macos"
            },
            "manifests": {
                "public": {
                    "gid": "8841313305058908098",
                    "size": "1137743322",
                    "download": "705789440"
                },
                "release": {
                    "gid": "8841313305058908098",
                    "size": "1137743322",
                    "download": "705789440"
                }
            },
            "decryptionkey": ""
        },
        "3071856": {
            "config": {
                "language": "english",
                "oslist": "linux"
            },
            "manifests": {
                "public": {
                    "gid": "4190690529365943786",
                    "size": "1137743322",
                    "download": "705789440"
                },
                "release": {
                    "gid": "4190690529365943786",
                    "size": "1137743322",
                    "download": "705789440"
                }
            },
            "decryptionkey": ""
        },
        "branches": {
            "public": {
                "buildid": "14927397",
                "timeupdated": "1720200668"
            },
            "release": {
                "buildid": "14927397",
                "description": "release",
                "timeupdated": "1720200709"
            }
        },
        "privatebranches": "1"
    }
}