{
    "appid": "3192060",
    "type": "Demo",
    "name": "pedalverse Demo",
    "schinese_name": "",
    "isfreeapp": "0",
    "change_number": "26866295",
    "update_time": "2025-01-05 15:56:27",
    "depot": {
        "228989": {
            "config": {
                "oslist": "windows"
            },
            "depotfromapp": "228980",
            "sharedinstall": "1"
        },
        "228990": {
            "config": {
                "oslist": "windows"
            },
            "depotfromapp": "228980",
            "sharedinstall": "1"
        },
        "3192061": {
            "manifests": {
                "public": {
                    "gid": "1194600413864157892",
                    "size": "3593650538",
                    "download": "3516987424"
                }
            },
            "decryptionkey": "ca4444468787bb3722c1368a6e0bba23650aff775aa4f7710c092547c3551c5c"
        },
        "branches": {
            "public": {
                "buildid": "16909786",
                "timeupdated": "1736063779"
            }
        }
    }
}