{
    "appid": "3345960",
    "type": "Game",
    "name": "贝如塔医院 Ass Hospital",
    "schinese_name": "",
    "isfreeapp": "0",
    "change_number": "28964551",
    "update_time": "2025-05-14 00:33:25",
    "depot": {
        "baselanguages": "schinese",
        "3345963": {
            "config": {
                "language": "schinese",
                "oslist": "windows"
            },
            "manifests": {
                "public": {
                    "gid": "2487545231214454260",
                    "size": "1593731500",
                    "download": "1231046304"
                }
            },
            "decryptionkey": ""
        },
        "3345964": {
            "config": {
                "language": "schinese",
                "oslist": "windows"
            },
            "manifests": {
                "public": {
                    "gid": "1120961676585450089",
                    "size": "4218835398",
                    "download": "1337394912"
                }
            },
            "decryptionkey": "1632fc41c035812d8d5213175bd577d8ecea6a3bf3e228d05ac49c19dab48980"
        },
        "branches": {
            "public": {
                "buildid": "17410681",
                "timeupdated": "1739899081"
            }
        }
    }
}