{
    "appid": "3543420",
    "type": "Game",
    "name": "ТИХИЙ ДЭН",
    "schinese_name": "",
    "isfreeapp": "0",
    "change_number": "29042908",
    "update_time": "2025-05-18 03:12:29",
    "depot": {
        "3543421": {
            "manifests": {
                "public": {
                    "gid": "2962163987742593414",
                    "size": "1029890118",
                    "download": "931331136"
                }
            },
            "decryptionkey": "7e4c11088aa3afd1cb500006b652778df544171b13ad9396e9b81a8c5fd9b95d"
        },
        "branches": {
            "public": {
                "buildid": "18377147",
                "timeupdated": "1746636340"
            }
        }
    }
}