{
    "appid": "3042840",
    "type": "Game",
    "name": "Dream City",
    "schinese_name": "",
    "isfreeapp": "0",
    "change_number": "24200845",
    "update_time": "2024-07-02 11:02:50",
    "depot": {
        "3042841": {
            "manifests": {
                "public": {
                    "gid": "6594870599682041108",
                    "size": "154144035",
                    "download": "20577760"
                }
            },
            "decryptionkey": "d477984eb2361b6d1706cb28ddcf9a13f1e2e1df6a1c6bc5736146787095ac6b"
        },
        "branches": {
            "public": {
                "buildid": "14753452",
                "timeupdated": "1718706836"
            }
        }
    }
}