{
    "appid": "3404380",
    "type": "Game",
    "name": "你的女儿",
    "schinese_name": "你的女儿",
    "isfreeapp": "0",
    "change_number": "28533010",
    "update_time": "2025-04-18 00:04:56",
    "depot": {
        "baselanguages": "english,german,french,italian,koreana,spanish,schinese,tchinese,russian,thai,japanese,portuguese,polish,danish,dutch,finnish,norwegian,swedish,hungarian,czech,romanian,turkish,arabic,brazilian,bulgarian,greek,ukrainian,latam,vietnamese,indonesian",
        "3404382": {
            "manifests": {
                "public": {
                    "gid": "455913490489939064",
                    "size": "120638367",
                    "download": "26765264"
                }
            },
            "decryptionkey": "818485af983e18f1c080cf76dc693e2870c44ea432fe723b155dde4a57f45cda"
        },
        "hasdepotsindlc": "0",
        "branches": {
            "public": {
                "buildid": "17687582",
                "timeupdated": "1741754171"
            }
        }
    }
}