{
    "appid": "3113220",
    "type": "Music",
    "name": "Ravenswatch - Soundtrack",
    "schinese_name": "",
    "isfreeapp": "0",
    "change_number": "28257225",
    "update_time": "2025-04-02 06:47:59",
    "depot": {
        "3113221": {
            "manifests": {
                "public": {
                    "gid": "7561727770313053838",
                    "size": "71494191",
                    "download": "70531072"
                }
            },
            "decryptionkey": "46c4294d45e11632ea715cf3bbdfd9254a1f394c9ea0feb96d377906ddb9ca53"
        },
        "3113222": {
            "config": {
                "highqualityaudio": "1"
            },
            "manifests": {
                "public": {
                    "gid": "7023117283583042955",
                    "size": "1028298570",
                    "download": "987415184"
                }
            },
            "decryptionkey": "61ebe8ad6e2dc57d98d5399801cf4cef894ca0083a23ee0cf53c929b975374cf"
        },
        "branches": {
            "public": {
                "buildid": "15665940",
                "timeupdated": "1726068107"
            }
        }
    }
}