{
    "appid": "3404410",
    "type": "Game",
    "name": "The New Apartment",
    "schinese_name": "",
    "isfreeapp": "0",
    "change_number": "29029440",
    "update_time": "2025-05-17 01:15:44",
    "depot": {
        "228989": {
            "config": {
                "oslist": "windows"
            },
            "depotfromapp": "228980",
            "sharedinstall": "1"
        },
        "228990": {
            "config": {
                "oslist": "windows"
            },
            "depotfromapp": "228980",
            "sharedinstall": "1"
        },
        "3404411": {
            "manifests": {
                "public": {
                    "gid": "8630421047806429059",
                    "size": "2519157356",
                    "download": "2273704608"
                }
            },
            "decryptionkey": "640be821b48f54a2495d403bd674ed1a7184058f0e596b9c2122b13c39e81d4a"
        },
        "branches": {
            "public": {
                "buildid": "17289668",
                "timeupdated": "1739399642"
            }
        }
    }
}