{
    "appid": "3156010",
    "type": "Game",
    "name": "Minesweeper & Dungeon RPG: Adventure",
    "schinese_name": "",
    "isfreeapp": "0",
    "change_number": "29016345",
    "update_time": "2025-05-16 12:06:46",
    "depot": {
        "3156011": {
            "config": {
                "oslist": "windows"
            },
            "manifests": {
                "public": {
                    "gid": "1914050900105155438",
                    "size": "177308257",
                    "download": "63080672"
                }
            },
            "decryptionkey": "b7ff720de094aaddeb92cc79f94ec4311e7a20b86b9e25d5993ddf001b7b77e5"
        },
        "3156012": {
            "config": {
                "oslist": "macos"
            },
            "manifests": {
                "public": {
                    "gid": "843595083630194849",
                    "size": "286330730",
                    "download": "84065392"
                }
            },
            "decryptionkey": ""
        },
        "branches": {
            "public": {
                "buildid": "17135804",
                "timeupdated": "1737886688"
            }
        },
        "privatebranches": "1"
    }
}