{
    "appid": "3255380",
    "type": "Game",
    "name": "LUNAR Remastered Collection",
    "schinese_name": "",
    "isfreeapp": "0",
    "change_number": "29041583",
    "update_time": "2025-05-18 00:13:17",
    "depot": {
        "baselanguages": "english,german,french,koreana,schinese,tchinese,japanese",
        "228989": {
            "config": {
                "oslist": "windows"
            },
            "depotfromapp": "228980",
            "sharedinstall": "1"
        },
        "228990": {
            "config": {
                "oslist": "windows"
            },
            "depotfromapp": "228980",
            "sharedinstall": "1"
        },
        "3255381": {
            "manifests": {
                "public": {
                    "gid": "70166207428867733",
                    "size": "6386871656",
                    "download": "4804711696"
                }
            },
            "decryptionkey": "ac38563e5a2b774e999580eda2f78158ecfe5f14419e7dd76e7f4f666937d989"
        },
        "3255382": {
            "manifests": {
                "public": {
                    "gid": "6395803103157502866",
                    "size": "287510496",
                    "download": "107769184"
                }
            },
            "decryptionkey": "5ceb677dfd97bac6a889614914a31e941771a4b03968b8e2d89a6d5398e01c8f"
        },
        "3255383": {
            "manifests": {
                "public": {
                    "gid": "979835052246754739",
                    "size": "26944944",
                    "download": "22377152"
                }
            },
            "decryptionkey": "5406494f85e7ff25efa225fcb622eebf580bc008888ee39dbc82e22859a9be37"
        },
        "branches": {
            "public": {
                "buildid": "18155215",
                "timeupdated": "1744964526"
            }
        },
        "privatebranches": "1"
    }
}