{
    "appid": "3068740",
    "type": "Demo",
    "name": "Ground of Aces Demo",
    "schinese_name": "",
    "isfreeapp": "0",
    "change_number": "26734143",
    "update_time": "2024-12-20 22:02:49",
    "depot": {
        "3068741": {},
        "3068742": {
            "config": {
                "oslist": "windows"
            },
            "manifests": {
                "public": {
                    "gid": "1417167429691195754",
                    "size": "657389064",
                    "download": "157655968"
                }
            },
            "decryptionkey": "57c3a05809437082f2e741502c3d8a0b162e790a04dd2744b95fb64b2dbc8141"
        },
        "3068743": {
            "config": {
                "oslist": "macos",
                "osarch": "64"
            },
            "manifests": {
                "public": {
                    "gid": "4533429172785479918",
                    "size": "681477705",
                    "download": "164825136"
                }
            },
            "decryptionkey": ""
        },
        "3068744": {
            "config": {
                "oslist": "linux"
            },
            "manifests": {
                "public": {
                    "gid": "2514397487359155440",
                    "size": "658055294",
                    "download": "157336160"
                }
            },
            "decryptionkey": ""
        },
        "branches": {
            "public": {
                "buildid": "16813530",
                "timeupdated": "1734703364"
            }
        },
        "privatebranches": "1"
    }
}