{
    "appid": "3415160",
    "type": "Demo",
    "name": "Leafing Home Demo",
    "schinese_name": "",
    "isfreeapp": "0",
    "change_number": "28824280",
    "update_time": "2025-05-05 22:49:45",
    "depot": {
        "228989": {
            "config": {
                "oslist": "windows"
            },
            "depotfromapp": "228980",
            "sharedinstall": "1"
        },
        "228990": {
            "config": {
                "oslist": "windows"
            },
            "depotfromapp": "228980",
            "sharedinstall": "1"
        },
        "3415161": {
            "config": {
                "language": "english",
                "oslist": "windows"
            },
            "manifests": {
                "public": {
                    "gid": "8861093502096638205",
                    "size": "4579893206",
                    "download": "4361373328"
                }
            },
            "decryptionkey": "4b9ff58f71c7b23365efa482cee8b63c4536843db333b643fdc09449221e2fea"
        },
        "branches": {
            "public": {
                "buildid": "17486230",
                "timeupdated": "1740414063"
            }
        }
    }
}