{
    "appid": "3047650",
    "type": "Music",
    "name": "Killer Frequency - Original Soundtrack",
    "schinese_name": "",
    "isfreeapp": "0",
    "change_number": "28496382",
    "update_time": "2025-04-16 06:16:54",
    "depot": {
        "3047653": {
            "manifests": {
                "public": {
                    "gid": "8290452584067616961",
                    "size": "35710843",
                    "download": "35673680"
                }
            },
            "decryptionkey": "16603498987c3a87a3f8a3a4dcb3444edd79618c2a3e871fe8e0b84305060c29"
        },
        "3047654": {
            "config": {
                "highqualityaudio": "1"
            },
            "manifests": {
                "public": {
                    "gid": "4226875343260628605",
                    "size": "635284556",
                    "download": "617506752"
                }
            },
            "decryptionkey": "59b4cfe90eda6fa8a68b81e982b939a431aa7b88a5fedd220125d2017e95f758"
        },
        "branches": {
            "public": {
                "buildid": "14857254",
                "timeupdated": "1719484727"
            }
        }
    }
}