{
    "appid": "2999890",
    "type": "Demo",
    "name": "Mirthwood Demo",
    "schinese_name": "",
    "isfreeapp": "0",
    "change_number": "26130185",
    "update_time": "2024-11-11 00:38:12",
    "depot": {
        "2999891": {
            "manifests": {
                "public": {
                    "gid": "7602244072453706185",
                    "size": "5982930618",
                    "download": "1552180736"
                }
            },
            "decryptionkey": "0ef11674fd584a0bdd8495ef3d2d4a0149215407fc6b3db37420c8de5264619a"
        },
        "branches": {
            "public": {
                "buildid": "15974420",
                "timeupdated": "1728437310"
            }
        }
    }
}