{
    "appid": "3081030",
    "type": "Game",
    "name": "束縛彼女とペットな僕 - I'm Your Pet -",
    "schinese_name": "",
    "isfreeapp": "0",
    "change_number": "24694460",
    "update_time": "2024-08-08 09:10:12",
    "depot": {
        "3081031": {
            "manifests": {
                "public": {
                    "gid": "3599605089190958437",
                    "size": "179924541",
                    "download": "173655344"
                }
            },
            "decryptionkey": "d25c1cb3bb85eace9b72aaf4145a8f7558ac26e46557715e33934af5ad648c69"
        },
        "baselanguages": "english,japanese",
        "branches": {
            "public": {
                "buildid": "14902502",
                "timeupdated": "1719898686"
            }
        }
    }
}