{
    "appid": "3225930",
    "type": "Game",
    "name": "Rotate or Die",
    "schinese_name": "",
    "isfreeapp": "0",
    "change_number": "27134077",
    "update_time": "2025-01-24 00:28:12",
    "depot": {
        "3225931": {
            "manifests": {
                "public": {
                    "gid": "8635256725901744289",
                    "size": "89486051",
                    "download": "25739216"
                }
            },
            "decryptionkey": "70cbee93418df1506bf3bf3fce2fa89091d6056a40137fc771c7aaad4f0b19d4"
        },
        "branches": {
            "public": {
                "buildid": "15664323",
                "timeupdated": "1726059516"
            }
        }
    }
}