{
    "appid": "3226330",
    "type": "Game",
    "name": "FOOT LOVERS",
    "schinese_name": "",
    "isfreeapp": "0",
    "change_number": "28706311",
    "update_time": "2025-04-28 20:54:16",
    "depot": {
        "3226331": {
            "manifests": {
                "public": {
                    "gid": "1139809659719158774",
                    "size": "317595851",
                    "download": "158363216"
                }
            },
            "decryptionkey": "f36abd5a345b1b14420be0d53daefa80d16d663d783eb1ef868ee0066984779f"
        },
        "branches": {
            "public": {
                "buildid": "16054261",
                "timeupdated": "1730420684"
            }
        }
    }
}