{
    "appid": "3156040",
    "type": "Game",
    "name": "CalorieMate LIQUID FOR GAME CREATORS",
    "schinese_name": "",
    "isfreeapp": "0",
    "change_number": "29016345",
    "update_time": "2025-05-16 12:06:47",
    "depot": {
        "baselanguages": "english,japanese",
        "3156041": {
            "config": {
                "oslist": "windows",
                "osarch": "64"
            },
            "manifests": {
                "public": {
                    "gid": "1782474360672994094",
                    "size": "2986116696",
                    "download": "1023654656"
                }
            },
            "decryptionkey": "c26f17a6c2ec42299f334e2bdcbc290d9737358809fdfac79374d826f30e8c6e"
        },
        "branches": {
            "public": {
                "buildid": "15724233",
                "timeupdated": "1726556115"
            }
        },
        "privatebranches": "1"
    }
}