{
    "appid": "3142240",
    "type": "Music",
    "name": "Симулятор Чушпана 2 Soundtrack",
    "schinese_name": "",
    "isfreeapp": "0",
    "change_number": "26925942",
    "update_time": "2025-01-09 23:17:35",
    "depot": {
        "3142241": {
            "manifests": {
                "public": {
                    "gid": "5120725499176074561",
                    "size": "23815307",
                    "download": "21708320"
                }
            },
            "decryptionkey": "cf098480bfb6b8a39652c9b5b0dc964175a474b595889c1a603cf33defd4788f"
        },
        "3142242": {
            "config": {
                "highqualityaudio": "1"
            },
            "manifests": {
                "public": {
                    "gid": "1399518783828605486",
                    "size": "157453796",
                    "download": "143752368"
                }
            },
            "decryptionkey": "19437ac8327e70ca3a252dbe75de1d08045a3c5c6440e03a18b117de445c5e16"
        },
        "branches": {
            "public": {
                "buildid": "15668559",
                "timeupdated": "1726084887"
            }
        }
    }
}