{
    "appid": "3275300",
    "type": "Demo",
    "name": "LIMSCAPE DEMO",
    "schinese_name": "",
    "isfreeapp": "0",
    "change_number": "28976101",
    "update_time": "2025-05-14 22:40:32",
    "depot": {
        "228989": {
            "config": {
                "oslist": "windows"
            },
            "depotfromapp": "228980",
            "sharedinstall": "1"
        },
        "228990": {
            "config": {
                "oslist": "windows"
            },
            "depotfromapp": "228980",
            "sharedinstall": "1"
        },
        "3275301": {
            "config": {
                "oslist": "windows",
                "osarch": "64"
            },
            "manifests": {
                "public": {
                    "gid": "6454902898521607824",
                    "size": "1282357264",
                    "download": "902424496"
                }
            },
            "decryptionkey": "ea6448f77bd6e7cdab3d51211b1143e515176ce34f9fe3f7dff992acc70f21da"
        },
        "branches": {
            "public": {
                "buildid": "16864865",
                "timeupdated": "1735372729"
            }
        }
    }
}