{
    "appid": "3438980",
    "type": "DLC",
    "name": "Them and Us - Soo Yun",
    "schinese_name": "",
    "isfreeapp": "0",
    "change_number": "28303779",
    "update_time": "2025-04-04 15:38:57",
    "depot": {
        "3438981": {
            "config": {
                "oslist": "windows",
                "osarch": "64"
            },
            "manifests": {
                "public": {
                    "gid": "2706794525468653215",
                    "size": "99229828",
                    "download": "82120768"
                }
            },
            "dlcappid": "3438980",
            "decryptionkey": "d5abe8082cf3536010c7b0a86166d263179b91c142f6737e1792e5c7449276c7"
        },
        "branches": {
            "public": {
                "buildid": "17978890",
                "timeupdated": "1743752210"
            }
        }
    }
}