{
    "appid": "2981960",
    "type": "Demo",
    "name": "The Gun is Good Demo",
    "schinese_name": "",
    "isfreeapp": "0",
    "change_number": "23771405",
    "update_time": "2024-07-16 02:47:06",
    "depot": {
        "baselanguages": "english",
        "2981961": {
            "config": {
                "oslist": "windows",
                "language": "english"
            },
            "manifests": {
                "public": {
                    "gid": "6513217469141637920",
                    "size": "242771277",
                    "download": "127681792"
                }
            },
            "decryptionkey": "a354f0bacf1a92c4d62d95e4e3d216b4e3a7b3b46fb51846a3ec82043823ab40"
        },
        "2981962": {
            "config": {
                "language": "english",
                "oslist": "linux"
            },
            "manifests": {
                "public": {
                    "gid": "5905516907721065625",
                    "size": "271261109",
                    "download": "128570560"
                }
            },
            "decryptionkey": ""
        },
        "branches": {
            "public": {
                "buildid": "14558710",
                "timeupdated": "1717148189"
            }
        }
    }
}