{
    "appid": "3303320",
    "type": "Game",
    "name": "Kraken City",
    "schinese_name": "克拉肯城市",
    "isfreeapp": "0",
    "change_number": "28780403",
    "update_time": "2025-05-02 13:37:39",
    "depot": {
        "baselanguages": "english,german,french,italian,koreana,spanish,schinese,tchinese,russian,thai,japanese,portuguese,polish,turkish,brazilian,vietnamese",
        "3303321": {
            "config": {
                "oslist": "windows"
            },
            "manifests": {
                "public": {
                    "gid": "5005874332905392935",
                    "size": "5039327896",
                    "download": "2033950400"
                }
            },
            "decryptionkey": "7fe88585c2b6178d6fa39c02a62d464bc3ea6e257eb1f105b5cb918aaaed066a"
        },
        "branches": {
            "public": {
                "buildid": "16897647",
                "timeupdated": "1735889774"
            }
        }
    }
}