{
    "appid": "3371240",
    "type": "Game",
    "name": "Beyond Citadel",
    "schinese_name": "",
    "isfreeapp": "0",
    "change_number": "28860016",
    "update_time": "2025-05-07 19:02:29",
    "depot": {
        "228989": {
            "config": {
                "oslist": "windows"
            },
            "depotfromapp": "228980",
            "sharedinstall": "1"
        },
        "228990": {
            "config": {
                "oslist": "windows"
            },
            "depotfromapp": "228980",
            "sharedinstall": "1"
        },
        "3371241": {
            "manifests": {
                "public": {
                    "gid": "6912365008043274414",
                    "size": "1597511123",
                    "download": "1420122720"
                }
            },
            "decryptionkey": "545544358b5ccb968bcb306b020d7d3b5f749949a10a6f02958a6d6181e9dcce"
        },
        "3371242": {
            "config": {
                "oslist": "windows",
                "osarch": "64"
            }
        },
        "branches": {
            "public": {
                "buildid": "18006497",
                "timeupdated": "1743997653"
            }
        },
        "privatebranches": "1"
    }
}