{
    "appid": "3067860",
    "type": "Demo",
    "name": "Backrooms #999999999 Demo",
    "schinese_name": "",
    "isfreeapp": "0",
    "change_number": "24543702",
    "update_time": "2024-07-28 16:50:30",
    "depot": {
        "228989": {
            "config": {
                "oslist": "windows"
            },
            "depotfromapp": "228980",
            "sharedinstall": "1"
        },
        "228990": {
            "config": {
                "oslist": "windows"
            },
            "depotfromapp": "228980",
            "sharedinstall": "1"
        },
        "3067861": {
            "manifests": {
                "public": {
                    "gid": "1492711619515667855",
                    "size": "1989212212",
                    "download": "1589848944"
                }
            },
            "decryptionkey": "ada87ff2c02cac6d1f5e773ba61da7841b7f392b2e53fa094c52d5e5d1054e41"
        },
        "branches": {
            "public": {
                "buildid": "15176769",
                "timeupdated": "1722156627"
            }
        }
    }
}