{
    "appid": "3253630",
    "type": "Game",
    "name": "Gal Guardians: Servants of the Dark",
    "schinese_name": "少女魔役",
    "isfreeapp": "0",
    "change_number": "29036921",
    "update_time": "2025-05-17 13:14:16",
    "depot": {
        "baselanguages": "english,german,french,italian,koreana,spanish,schinese,tchinese,japanese,brazilian",
        "hasdepotsindlc": "1",
        "228989": {
            "config": {
                "oslist": "windows"
            },
            "depotfromapp": "228980",
            "sharedinstall": "1"
        },
        "228990": {
            "config": {
                "oslist": "windows"
            },
            "depotfromapp": "228980",
            "sharedinstall": "1"
        },
        "3253631": {
            "manifests": {
                "public": {
                    "gid": "1926596816367932177",
                    "size": "4587804283",
                    "download": "2281556528"
                }
            },
            "decryptionkey": "35b657ff529e35bc5bc2480eda73c452361b0e5875c1a66000bd08f5da5789a8"
        },
        "branches": {
            "public": {
                "buildid": "18237603",
                "timeupdated": "1745581095"
            }
        },
        "privatebranches": "1"
    }
}