{
    "appid": "3110180",
    "type": "Music",
    "name": "The Operator Soundtrack",
    "schinese_name": "",
    "isfreeapp": "0",
    "change_number": "27783856",
    "update_time": "2025-03-05 07:35:47",
    "depot": {
        "3110181": {
            "manifests": {
                "public": {
                    "gid": "4889332258586144520",
                    "size": "224529461",
                    "download": "217777424"
                }
            },
            "decryptionkey": "e518b045374bc922fe1fa82e429a4761cb17ac790190bd3f24645657ad51b0f5"
        },
        "3110182": {
            "config": {
                "highqualityaudio": "1"
            },
            "manifests": {
                "public": {
                    "gid": "3734388024709212248",
                    "size": "1599472236",
                    "download": "1371275632"
                }
            },
            "decryptionkey": "3d8422bdea6ca063285f6a69edd4607d868a52c6b432bb8c35a28c81bc11f8c9"
        },
        "branches": {
            "public": {
                "buildid": "15073407",
                "timeupdated": "1721293813"
            }
        }
    }
}