{
    "appid": "3179140",
    "type": "Game",
    "name": "HR Simulator",
    "schinese_name": "",
    "isfreeapp": "0",
    "change_number": "29048825",
    "update_time": "2025-05-18 20:57:05",
    "depot": {
        "baselanguages": "english,indonesian",
        "3179141": {
            "config": {
                "oslist": "windows"
            },
            "manifests": {
                "public": {
                    "gid": "3613377763804451471",
                    "size": "2448141675",
                    "download": "376507024"
                }
            },
            "decryptionkey": "339c1bf9c91692d7738fa88e5756ca66dc42a5d5ddb3fa9f8d0b951c0d663a42"
        },
        "3179142": {
            "config": {
                "oslist": "macos"
            },
            "manifests": {
                "public": {
                    "gid": "7201631831547915259",
                    "size": "2476837165",
                    "download": "356604080"
                }
            }
        },
        "branches": {
            "public": {
                "buildid": "18501167",
                "timeupdated": "1747468128"
            }
        },
        "privatebranches": "1"
    }
}