{
    "appid": "3012100",
    "type": "DLC",
    "name": "Burger - Delicious Wallpaper",
    "schinese_name": "",
    "isfreeapp": "0",
    "change_number": "25977892",
    "update_time": "2024-10-31 04:11:48",
    "depot": {
        "3012100": {
            "manifests": {
                "public": {
                    "gid": "6437562707883101328",
                    "size": "878284",
                    "download": "698896"
                }
            },
            "dlcappid": "3012100",
            "decryptionkey": "896512a302c0b1e0669d1a44d3378dd17c44b3a341db9b35cc4d0c76aa8f8290"
        },
        "branches": {
            "public": {
                "buildid": "14487636",
                "timeupdated": "1716583554"
            }
        }
    }
}