{
    "appid": "3339470",
    "type": "Game",
    "name": "101 Cats Hidden in Madrid",
    "schinese_name": "",
    "isfreeapp": "0",
    "change_number": "28969915",
    "update_time": "2025-05-14 07:16:14",
    "depot": {
        "3339471": {
            "manifests": {
                "public": {
                    "gid": "3528333552032405281",
                    "size": "567038691",
                    "download": "94835424"
                }
            },
            "decryptionkey": "ca690bbbd0f880336ca78ac6e5fdefbfa8c4d3c06a2de0bc9159f9b4841606ba"
        },
        "branches": {
            "public": {
                "buildid": "16913044",
                "timeupdated": "1736119056"
            }
        }
    }
}