{
    "appid": "3286970",
    "type": "DLC",
    "name": "Spear Song Artbook",
    "schinese_name": "",
    "isfreeapp": "0",
    "change_number": "25996255",
    "update_time": "2024-11-01 04:11:24",
    "depot": {
        "3286970": {
            "dlcappid": "3286970",
            "manifests": {
                "public": {
                    "gid": "4346745705020752885",
                    "size": "322983462",
                    "download": "268720656"
                }
            },
            "decryptionkey": ""
        },
        "3286971": {
            "manifests": {
                "public": {
                    "gid": "6413743206701424168",
                    "size": "322983462",
                    "download": "250623888"
                }
            },
            "dlcappid": "3286970",
            "decryptionkey": "e182612821559ff03401b3f37a56a7b61addef08351de0acd2e0c4a3ffbbaf3c"
        },
        "branches": {
            "public": {
                "buildid": "16256666",
                "timeupdated": "1730405475"
            }
        }
    }
}