{
    "appid": "3285450",
    "type": "Demo",
    "name": "Towers & Goblins: The Last Stand Demo",
    "schinese_name": "塔与妖精：最后的防线 演示版",
    "isfreeapp": "0",
    "change_number": "27429209",
    "update_time": "2025-02-12 07:52:01",
    "depot": {
        "3285451": {
            "manifests": {
                "public": {
                    "gid": "3077033046112483364",
                    "size": "503910444",
                    "download": "102614976"
                }
            },
            "decryptionkey": "9274005a4e9e88596e949f5c677ed7c3932626a4d813ca3f63cfdf7bbcd6801f"
        },
        "branches": {
            "public": {
                "buildid": "17110680",
                "timeupdated": "1737666901"
            }
        }
    }
}