{
    "appid": "3678810",
    "type": "Game",
    "name": "Reflection Of Sin",
    "schinese_name": "",
    "isfreeapp": "0",
    "change_number": "29004676",
    "update_time": "2025-05-15 22:36:17",
    "depot": {
        "228989": {
            "config": {
                "oslist": "windows"
            },
            "depotfromapp": "228980",
            "sharedinstall": "1"
        },
        "228990": {
            "config": {
                "oslist": "windows"
            },
            "depotfromapp": "228980",
            "sharedinstall": "1"
        },
        "baselanguages": "english",
        "3678811": {
            "config": {
                "oslist": "windows"
            },
            "manifests": {
                "public": {
                    "gid": "232297650051277359",
                    "size": "2032226095",
                    "download": "1864277424"
                }
            },
            "decryptionkey": "357019e82cc3d09dc5828a0b50884e115a5285751228b2032f55abc31466d250"
        },
        "branches": {
            "public": {
                "buildid": "18477566",
                "timeupdated": "1747319773"
            }
        }
    }
}