{
    "appid": "3058630",
    "type": "Game",
    "name": "Assetto Corsa EVO",
    "schinese_name": "《神力科莎EVO》  Assetto Corsa EVO",
    "isfreeapp": "0",
    "change_number": "29027045",
    "update_time": "2025-05-16 23:08:13",
    "depot": {
        "228989": {
            "config": {
                "oslist": "windows"
            },
            "depotfromapp": "228980",
            "sharedinstall": "1"
        },
        "228990": {
            "config": {
                "oslist": "windows"
            },
            "depotfromapp": "228980",
            "sharedinstall": "1"
        },
        "3058631": {
            "manifests": {
                "public": {
                    "gid": "8620465260000561913",
                    "size": "48871398846",
                    "download": "17077337344"
                }
            },
            "decryptionkey": "a1cad1917f05e96692b066b5817fe026027823640d231576885a1f0dfe554a6e"
        },
        "branches": {
            "public": {
                "buildid": "18472395",
                "timeupdated": "1747317507"
            }
        },
        "privatebranches": "1"
    }
}