{
    "appid": "3095720",
    "type": "Game",
    "name": "Stick It!",
    "schinese_name": "",
    "isfreeapp": "0",
    "change_number": "28515737",
    "update_time": "2025-04-17 04:03:00",
    "depot": {
        "3095721": {
            "manifests": {
                "public": {
                    "gid": "3321079325430189340",
                    "size": "3708251137",
                    "download": "276185264"
                }
            },
            "decryptionkey": "99d952331be31a9d753ea8199e1248e593ea6d1c734b0e3224df2cfbb72f526c"
        },
        "branches": {
            "public": {
                "buildid": "17801578",
                "timeupdated": "1742514620"
            }
        }
    }
}