{
    "appid": "3226190",
    "type": "Game",
    "name": "Erotic Rhythm",
    "schinese_name": "",
    "isfreeapp": "0",
    "change_number": "29045933",
    "update_time": "2025-05-18 12:15:53",
    "depot": {
        "3226191": {
            "manifests": {
                "public": {
                    "gid": "496418107438577019",
                    "size": "347711092",
                    "download": "221824272"
                }
            },
            "decryptionkey": "b4abd2588a37fa811397cab88491976314116b06eeb449c56ff4a322d16cd355"
        },
        "branches": {
            "public": {
                "buildid": "15736200",
                "timeupdated": "1726622706"
            }
        }
    }
}