{
    "appid": "3144180",
    "type": "Game",
    "name": "Scarlet's Haunted Hotel",
    "schinese_name": "",
    "isfreeapp": "0",
    "change_number": "29016345",
    "update_time": "2025-05-16 12:06:45",
    "depot": {
        "3144181": {
            "config": {
                "oslist": "windows"
            },
            "manifests": {
                "public": {
                    "gid": "7013955256789189321",
                    "size": "292691943",
                    "download": "208235056"
                }
            },
            "decryptionkey": "816d7b201ca16adabd8469b0ba9436dd44d0f62cb3f059869fde67c268c01611"
        },
        "3144182": {
            "config": {
                "oslist": "macos",
                "osarch": "64"
            },
            "manifests": {
                "public": {
                    "gid": "1675132898365854656",
                    "size": "326973786",
                    "download": "219155488"
                }
            },
            "decryptionkey": ""
        },
        "branches": {
            "public": {
                "buildid": "16236159",
                "timeupdated": "1731347455"
            }
        },
        "privatebranches": "1"
    }
}