{
    "appid": "3214690",
    "type": "Game",
    "name": "Chronicles of Delights",
    "schinese_name": "",
    "isfreeapp": "0",
    "change_number": "28759986",
    "update_time": "2025-05-01 07:28:47",
    "depot": {
        "baselanguages": "english",
        "3214691": {
            "manifests": {
                "public": {
                    "gid": "4742668521632040236",
                    "size": "849233438",
                    "download": "360767296"
                }
            },
            "decryptionkey": "c5b966679c899c3d1c8c2f134608174603966690e3ad92659f781101c0a3edd2"
        },
        "branches": {
            "public": {
                "buildid": "16749819",
                "timeupdated": "1734251501"
            }
        }
    }
}