{
    "appid": "3352740",
    "type": "Music",
    "name": "Mandragora: Whispers of the Witch Tree — Soundtrack",
    "schinese_name": "《秘影曼德拉》：原声带",
    "isfreeapp": "0",
    "change_number": "28523351",
    "update_time": "2025-04-17 15:03:37",
    "depot": {
        "3352741": {
            "manifests": {
                "public": {
                    "gid": "1977125475106318314",
                    "size": "141583279",
                    "download": "141285808"
                }
            },
            "decryptionkey": "8c65db2d076750a97e5ce3d2e1bf86f3e80a87f8417081fda1412592a30e9893"
        },
        "branches": {
            "public": {
                "buildid": "18076406",
                "timeupdated": "1744396618"
            }
        }
    }
}