{
    "appid": "3152690",
    "type": "Game",
    "name": "Daddy Comes Home",
    "schinese_name": "",
    "isfreeapp": "0",
    "change_number": "26863357",
    "update_time": "2025-01-05 04:14:16",
    "depot": {
        "3152691": {
            "manifests": {
                "public": {
                    "gid": "5960953582659067792",
                    "size": "6031290943",
                    "download": "4039112912"
                }
            },
            "decryptionkey": "e2092e1534d295194f597f2a7674e366c61645c8ac25227b48ee1f0cbd0f1cda"
        },
        "branches": {
            "public": {
                "buildid": "15552838",
                "timeupdated": "1725086555"
            }
        }
    }
}