{
    "appid": "3021050",
    "type": "Demo",
    "name": "Boyhood's End Demo",
    "schinese_name": "少年的终结 Demo",
    "isfreeapp": "0",
    "change_number": "25093744",
    "update_time": "2024-09-05 22:59:04",
    "depot": {
        "3021051": {
            "config": {
                "oslist": "windows"
            },
            "manifests": {
                "public": {
                    "gid": "3027868477830099908",
                    "size": "688990081",
                    "download": "440328832"
                }
            },
            "decryptionkey": "ce7311885cab50ab0b05b39312bbf4162f2d62d8a796078820049231b44bd62f"
        },
        "baselanguages": "english,koreana,schinese,japanese",
        "branches": {
            "public": {
                "buildid": "14891866",
                "timeupdated": "1719819951"
            }
        }
    }
}