{
    "appid": "3097560",
    "type": "Game",
    "name": "Liar's Bar",
    "schinese_name": "骗子酒吧",
    "isfreeapp": "0",
    "change_number": "29016213",
    "update_time": "2025-05-16 11:54:44",
    "depot": {
        "3097561": {
            "manifests": {
                "public": {
                    "gid": "3899228286398244574",
                    "size": "10870403617",
                    "download": "3131965632"
                }
            },
            "decryptionkey": "86eb48bd45b0ad6b6c525996f1844bb03ddd150dff04f65f5119418b10017dd3"
        },
        "branches": {
            "public": {
                "buildid": "17809968",
                "timeupdated": "1742566053"
            }
        }
    }
}