{
    "appid": "3363670",
    "type": "Demo",
    "name": "Shard Squad Demo",
    "schinese_name": "",
    "isfreeapp": "0",
    "change_number": "27374046",
    "update_time": "2025-02-08 09:51:59",
    "depot": {
        "3363671": {
            "manifests": {
                "public": {
                    "gid": "9204594169271096853",
                    "size": "628771948",
                    "download": "112689504"
                }
            },
            "decryptionkey": "f3ca74ae1dcdf31ea49caf8c8e3a0731bd49da327560640369911ef99161df63"
        },
        "3363672": {
            "config": {
                "language": "english",
                "oslist": "windows"
            }
        },
        "branches": {
            "public": {
                "buildid": "17416207",
                "timeupdated": "1739932616"
            }
        }
    }
}