{
    "appid": "3359200",
    "type": "Game",
    "name": "All Aboard! The Train Defense Express",
    "schinese_name": "All Aboard! 火车防御特快",
    "isfreeapp": "0",
    "change_number": "29016621",
    "update_time": "2025-05-16 12:36:49",
    "depot": {
        "3359201": {
            "manifests": {
                "public": {
                    "gid": "7686966680010454859",
                    "size": "126716120",
                    "download": "73559664"
                },
                "beta": {
                    "gid": "7686966680010454859",
                    "size": "126716120",
                    "download": "73559664"
                }
            },
            "decryptionkey": "24b2900992a8746f8861f4be9a7d2396ad60821dfbd2f62f906058befd5ca044"
        },
        "baselanguages": "english,german,french,italian,koreana,spanish,schinese,russian,japanese,polish,brazilian",
        "branches": {
            "public": {
                "buildid": "18415122",
                "timeupdated": "1746893256"
            },
            "beta": {
                "buildid": "18415122",
                "description": "Early beta testing new content, fixes, etc.",
                "timeupdated": "1746893268"
            }
        },
        "privatebranches": "1"
    }
}