{
    "appid": "3014230",
    "type": "Game",
    "name": "Alpha Rooms",
    "schinese_name": "",
    "isfreeapp": "0",
    "change_number": "25384475",
    "update_time": "2024-09-25 18:25:38",
    "depot": {
        "228989": {
            "config": {
                "oslist": "windows"
            },
            "depotfromapp": "228980",
            "sharedinstall": "1"
        },
        "228990": {
            "config": {
                "oslist": "windows"
            },
            "depotfromapp": "228980",
            "sharedinstall": "1"
        },
        "3014231": {
            "manifests": {
                "public": {
                    "gid": "7825828130731537649",
                    "size": "2586942901",
                    "download": "2479106272"
                }
            },
            "decryptionkey": "ed446a3881a62cd58d6f4cacb1fb933d572cb5299eb6d4d075c0e96cbe48146d"
        },
        "baselanguages": "english,schinese,turkish",
        "branches": {
            "public": {
                "buildid": "15820215",
                "timeupdated": "1727259932"
            }
        }
    }
}