{
    "appid": "3690750",
    "type": "Game",
    "name": "Once Upon A Mind - A Little Too Friendly",
    "schinese_name": "",
    "isfreeapp": "0",
    "change_number": "28997594",
    "update_time": "2025-05-15 16:15:51",
    "depot": {
        "baselanguages": "english",
        "hasdepotsindlc": "0",
        "3690751": {
            "config": {
                "oslist": "windows",
                "osarch": "64"
            },
            "manifests": {
                "public": {
                    "gid": "8029597644837500729",
                    "size": "1068058548",
                    "download": "726877632"
                }
            },
            "decryptionkey": "d817bb38eb83fe4fad4e329034711808535ca1363381069195e80b13f7f11fd1"
        },
        "branches": {
            "public": {
                "buildid": "18365326",
                "timeupdated": "1746566727"
            }
        }
    }
}