{
    "appid": "3122890",
    "type": "Game",
    "name": "Dark Dominance ~Chain Control~",
    "schinese_name": "黑暗调教 - 锁链支配",
    "isfreeapp": "0",
    "change_number": "29016278",
    "update_time": "2025-05-16 12:00:50",
    "depot": {
        "3122891": {
            "manifests": {
                "public": {
                    "gid": "83694993190381377",
                    "size": "746279147",
                    "download": "220417920"
                }
            },
            "decryptionkey": "2eaef0c5bd436a30169b775378846c1e0e1b1e2288682a4e7374ad13f3354dd8"
        },
        "branches": {
            "public": {
                "buildid": "18093877",
                "timeupdated": "1744599623"
            }
        }
    }
}