{
    "appid": "3201210",
    "type": "Game",
    "name": "Chaos Entropy",
    "schinese_name": "混沌之熵",
    "isfreeapp": "0",
    "change_number": "27973655",
    "update_time": "2025-03-16 00:00:05",
    "depot": {
        "3201211": {
            "manifests": {
                "public": {
                    "gid": "1952454493429641472",
                    "size": "11524364885",
                    "download": "3639424448"
                }
            },
            "decryptionkey": "e4a34de6cde492687b3c7040c7f7e2b7d8013efc1104785d6322373834ec1705"
        },
        "workshopdepot": "3201210",
        "branches": {
            "public": {
                "buildid": "16453881",
                "timeupdated": "1731992374"
            }
        },
        "workshopdepotdecryptionkey": "fe3eafd656840991762e1f85af6870294eaea901eed56437ba474c4c479dd35a"
    }
}