{
    "appid": "3347550",
    "type": "Beta",
    "name": "Trench Tales Playtest",
    "schinese_name": "",
    "isfreeapp": "0",
    "change_number": "26545271",
    "update_time": "2024-12-08 16:16:52",
    "depot": {
        "3347551": {
            "config": {
                "oslist": "windows"
            },
            "manifests": {
                "public": {
                    "gid": "5090957513231189932",
                    "size": "3254145590",
                    "download": "2718444640"
                }
            },
            "decryptionkey": "44e2e582fe826d910c8823091d15dc7dcecae33485be5688f733e281b198f878"
        },
        "branches": {
            "public": {
                "buildid": "16520178",
                "timeupdated": "1732510616"
            }
        }
    }
}