{
    "appid": "3637470",
    "type": "Music",
    "name": "RuneScape: Dragonwilds Early Adopter Soundtrack",
    "schinese_name": "",
    "isfreeapp": "0",
    "change_number": "29002957",
    "update_time": "2025-05-15 21:12:24",
    "depot": {
        "3637471": {
            "manifests": {
                "public": {
                    "gid": "8659772693087272583",
                    "size": "18361244",
                    "download": "18141808"
                }
            },
            "decryptionkey": "263c8802f36928dec41a97d9928d32e02d03586113185704040f3b41f14d13d6"
        },
        "3637472": {
            "config": {
                "highqualityaudio": "1"
            },
            "manifests": {
                "public": {
                    "gid": "7005123597752440638",
                    "size": "101062239",
                    "download": "99730512"
                }
            },
            "decryptionkey": "e2eb8af830733a56f38d33af3efd1a36f12b294b39f727830471099458bcfd43"
        },
        "branches": {
            "public": {
                "buildid": "17955764",
                "timeupdated": "1743602489"
            }
        }
    }
}