{
    "appid": "3208780",
    "type": "Game",
    "name": "Exo Wanderers",
    "schinese_name": "孤行异星",
    "isfreeapp": "0",
    "change_number": "26547625",
    "update_time": "2024-12-09 00:06:07",
    "depot": {
        "3208781": {
            "manifests": {
                "public": {
                    "gid": "4824103605380359484",
                    "size": "4787557659",
                    "download": "3315760944"
                }
            },
            "decryptionkey": "4e07883faf8910951a2aae2cd2e2d9e615ea03d3e5270264bbeb40d67b3ec360"
        },
        "branches": {
            "public": {
                "buildid": "16673104",
                "timeupdated": "1733673963"
            }
        },
        "privatebranches": "1"
    }
}