{
    "appid": "3443770",
    "type": "Demo",
    "name": "Refence Demo",
    "schinese_name": "肉鸽防线 Demo",
    "isfreeapp": "0",
    "change_number": "27531234",
    "update_time": "2025-02-18 17:33:57",
    "depot": {
        "3443771": {
            "config": {
                "oslist": "windows"
            },
            "manifests": {
                "public": {
                    "gid": "3065513671448224917",
                    "size": "91832732",
                    "download": "46265808"
                }
            },
            "decryptionkey": "9d48278eb29e2f0bedc6a4d4fa1ea7ff708412e5018b01177beff7440fcd6cf8"
        },
        "3443772": {
            "config": {
                "oslist": "macos"
            },
            "manifests": {
                "public": {
                    "gid": "2155565885792382029",
                    "size": "124646239",
                    "download": "53731984"
                }
            },
            "decryptionkey": ""
        },
        "3443773": {
            "config": {
                "oslist": "linux"
            },
            "manifests": {
                "public": {
                    "gid": "1038768029217765995",
                    "size": "100939528",
                    "download": "48309056"
                }
            },
            "decryptionkey": ""
        },
        "branches": {
            "public": {
                "buildid": "17404870",
                "timeupdated": "1739871228"
            }
        }
    }
}