{
    "appid": "3287680",
    "type": "Demo",
    "name": "Mecha Force- Demo",
    "schinese_name": "",
    "isfreeapp": "0",
    "change_number": "26183469",
    "update_time": "2024-11-14 07:42:30",
    "depot": {
        "3287681": {
            "manifests": {
                "public": {
                    "gid": "7395348699817967270",
                    "size": "2577414962",
                    "download": "1963728288"
                }
            },
            "decryptionkey": "8c43d464be5127ab820a52b40ac8775dc8bd73cabf4bf461e61cb8b041fb91ad"
        },
        "branches": {
            "public": {
                "buildid": "16061465",
                "timeupdated": "1729066918"
            }
        },
        "privatebranches": "1"
    }
}