{
    "appid": "3115990",
    "type": "DLC",
    "name": "RPG Maker MZ - Fantasy Character Pack 2",
    "schinese_name": "",
    "isfreeapp": "0",
    "change_number": "24805611",
    "update_time": "2024-08-16 03:08:03",
    "depot": {
        "3115990": {
            "manifests": {
                "public": {
                    "gid": "1781862222924759976",
                    "size": "192164664",
                    "download": "192105168"
                }
            },
            "dlcappid": "3115990",
            "decryptionkey": "50c6c0ee7c95c21356261a5a2cd3bbf04386b572b993276ef7af16bc93edaa07"
        },
        "branches": {
            "public": {
                "buildid": "15359124",
                "timeupdated": "1723575382"
            }
        }
    }
}