{
    "appid": "3042850",
    "type": "Game",
    "name": "Holy Light",
    "schinese_name": "",
    "isfreeapp": "0",
    "change_number": "24200842",
    "update_time": "2024-07-02 11:02:46",
    "depot": {
        "3042851": {
            "manifests": {
                "public": {
                    "gid": "7649729604461679814",
                    "size": "57945714",
                    "download": "17560016"
                }
            },
            "decryptionkey": "b56ac69c5f99c421e5731377013412370c160c138fd8b6484b46db659d40b462"
        },
        "branches": {
            "public": {
                "buildid": "14638134",
                "timeupdated": "1717757272"
            }
        }
    }
}