{
    "appid": "3063050",
    "type": "Game",
    "name": "あうんちゃんのお困りですよね!?霊夢さん!",
    "schinese_name": "",
    "isfreeapp": "0",
    "change_number": "26855035",
    "update_time": "2025-01-04 03:14:08",
    "depot": {
        "3063051": {
            "manifests": {
                "public": {
                    "gid": "2423548112978462019",
                    "size": "147920899",
                    "download": "80261856"
                }
            },
            "decryptionkey": "cd8fb7a17f9136ea607d4b0d59bbade9997509f217351980a394495844485ffc"
        },
        "branches": {
            "public": {
                "buildid": "15355053",
                "timeupdated": "1723552841"
            }
        }
    }
}