{
    "appid": "3237720",
    "type": "Game",
    "name": "Zuido",
    "schinese_name": "",
    "isfreeapp": "0",
    "change_number": "28885052",
    "update_time": "2025-05-08 23:30:48",
    "depot": {
        "228989": {
            "config": {
                "oslist": "windows"
            },
            "depotfromapp": "228980",
            "sharedinstall": "1"
        },
        "228990": {
            "config": {
                "oslist": "windows"
            },
            "depotfromapp": "228980",
            "sharedinstall": "1"
        },
        "3237721": {
            "manifests": {
                "public": {
                    "gid": "5605751511565902441",
                    "size": "4012489867",
                    "download": "3808907136"
                }
            },
            "decryptionkey": "10c679e4f3811545c40ff31e4d1082c7f9379aa2ee602f424e06a532bae6391f"
        },
        "branches": {
            "public": {
                "buildid": "18084899",
                "timeupdated": "1744479541"
            }
        }
    }
}