{
    "appid": "3584390",
    "type": "Game",
    "name": "你老婆",
    "schinese_name": "你老婆",
    "isfreeapp": "0",
    "change_number": "28978363",
    "update_time": "2025-05-14 22:44:45",
    "depot": {
        "3584392": {
            "config": {
                "oslist": "windows",
                "osarch": "64"
            },
            "manifests": {
                "public": {
                    "gid": "7945870240721493955",
                    "size": "218376034",
                    "download": "63492960"
                }
            },
            "decryptionkey": "5dedbfc2d9992b40befebea54cea54fcfefdffb757908085e2653979b20096db"
        },
        "workshopdepot": "3584390",
        "branches": {
            "public": {
                "buildid": "18077914",
                "timeupdated": "1744405878"
            }
        },
        "workshopdepotdecryptionkey": ""
    }
}