{
    "appid": "3361210",
    "type": "Game",
    "name": "BROK - Natal Tail, A New Christmas",
    "schinese_name": "BROK Natal Tail 鳄鱼侦探布罗格 – 尾诞节，新的圣诞",
    "isfreeapp": "1",
    "change_number": "28630909",
    "update_time": "2025-04-24 05:14:53",
    "depot": {
        "228990": {
            "config": {
                "oslist": "windows"
            },
            "depotfromapp": "228980",
            "sharedinstall": "1"
        },
        "3361211": {
            "config": {
                "oslist": "windows"
            },
            "manifests": {
                "public": {
                    "gid": "7725262615034265100",
                    "size": "214491767",
                    "download": "178825136"
                },
                "beta": {
                    "gid": "7725262615034265100",
                    "size": "214491767",
                    "download": "178825136"
                }
            },
            "decryptionkey": "046f7c835962865b40422da38a9ea34250e3f6c00745b9b6b27c014c07d01c42"
        },
        "3365410": {
            "dlcappid": "3365410",
            "manifests": {
                "public": {
                    "gid": "3983694138830281270",
                    "size": "39889891",
                    "download": "33688144"
                },
                "beta": {
                    "gid": "3983694138830281270",
                    "size": "39889891",
                    "download": "33688144"
                }
            },
            "decryptionkey": ""
        },
        "3361212": {
            "config": {
                "oslist": "macos"
            },
            "manifests": {
                "public": {
                    "gid": "3230674544613538909",
                    "size": "253588867",
                    "download": "193773760"
                },
                "beta": {
                    "gid": "3230674544613538909",
                    "size": "253588867",
                    "download": "193773760"
                }
            },
            "decryptionkey": "3f3d6350fa6f6e0ddb8a8b0dc5f0d63ffabcc1b54edb95cece73b397735c5778"
        },
        "branches": {
            "public": {
                "buildid": "17210901",
                "timeupdated": "1738428329"
            },
            "beta": {
                "buildid": "17210901",
                "description": "Beta test for updates",
                "timeupdated": "1738428286"
            }
        }
    }
}