{
    "appid": "3279980",
    "type": "Game",
    "name": "Dicey Tales",
    "schinese_name": "",
    "isfreeapp": "0",
    "change_number": "28955262",
    "update_time": "2025-05-13 15:40:18",
    "depot": {
        "3279981": {
            "manifests": {
                "public": {
                    "gid": "8446104240098938581",
                    "size": "872876796",
                    "download": "603955696"
                }
            },
            "decryptionkey": "01f3d636d8d7a663adfaaa0298fd74ddb29cf137c7daf4be3f9965ce77707591"
        },
        "baselanguages": "english,german,koreana,spanish,schinese,tchinese,russian,japanese,portuguese,polish,brazilian,latam",
        "branches": {
            "public": {
                "buildid": "18440782",
                "timeupdated": "1747122012"
            }
        }
    }
}