{
    "appid": "3170880",
    "type": "Game",
    "name": "MOBA Dodge Trainer",
    "schinese_name": "MOBA走位训练器",
    "isfreeapp": "0",
    "change_number": "27400960",
    "update_time": "2025-02-10 21:19:28",
    "depot": {
        "3170881": {
            "manifests": {
                "public": {
                    "gid": "4442442980647950891",
                    "size": "3775097929",
                    "download": "534459824"
                }
            },
            "decryptionkey": "d29dac3a10518f7118c6302e23712d9ea0648bddcb696bb966af0a24793b96c3"
        },
        "baselanguages": "english,koreana,schinese,japanese",
        "branches": {
            "public": {
                "buildid": "17285324",
                "timeupdated": "1738960789"
            }
        },
        "privatebranches": "1"
    }
}