{
    "appid": "3028960",
    "type": "Demo",
    "name": "Astro Looter Demo",
    "schinese_name": "星际掠夺者Demo",
    "isfreeapp": "0",
    "change_number": "24479790",
    "update_time": "2024-07-24 00:55:25",
    "depot": {
        "228989": {
            "config": {
                "oslist": "windows"
            },
            "depotfromapp": "228980",
            "sharedinstall": "1"
        },
        "228990": {
            "config": {
                "oslist": "windows"
            },
            "depotfromapp": "228980",
            "sharedinstall": "1"
        },
        "3028961": {
            "manifests": {
                "public": {
                    "gid": "3797461753883341526",
                    "size": "2025991862",
                    "download": "1742216208"
                }
            },
            "decryptionkey": "2d93033946d5053cadd1ed2cc8face5fbbf3d8a07d2fd980417859bb9013913c"
        },
        "branches": {
            "public": {
                "buildid": "15127341",
                "timeupdated": "1721753720"
            }
        }
    }
}