{
    "appid": "3177120",
    "type": "Game",
    "name": "Fatal Midnight",
    "schinese_name": "",
    "isfreeapp": "0",
    "change_number": "27958713",
    "update_time": "2025-03-14 22:51:32",
    "depot": {
        "baselanguages": "english",
        "hasdepotsindlc": "1",
        "3177121": {
            "config": {
                "oslist": "windows",
                "osarch": "64"
            },
            "manifests": {
                "public": {
                    "gid": "4540562087013708430",
                    "size": "2247993572",
                    "download": "974881680"
                }
            },
            "decryptionkey": "2430d46e641c4fbce08dca7865a96c7de9e0cfb40fdfeaa0478346be3e226e2f"
        },
        "branches": {
            "public": {
                "buildid": "16185793",
                "timeupdated": "1729889431"
            }
        }
    }
}