{
    "appid": "3424590",
    "type": "Music",
    "name": "Jotunnslayer: Hordes of Hel Soundtrack",
    "schinese_name": "",
    "isfreeapp": "0",
    "change_number": "28961972",
    "update_time": "2025-05-13 22:09:21",
    "depot": {
        "3424591": {
            "manifests": {
                "public": {
                    "gid": "8766678781889357108",
                    "size": "94956671",
                    "download": "91789584"
                }
            },
            "decryptionkey": "570ca8f84f34b64ee06d56fea52312e3304f432dde9d38b55d2c603f2476c4d7"
        },
        "3424592": {
            "manifests": {
                "public": {
                    "gid": "2212512295728499963",
                    "size": "59896771",
                    "download": "59469488"
                }
            },
            "decryptionkey": "c90e91c2327af1b4c3a709fbe2549c7282655fd16e15bff3f6441abccaa95b3a"
        },
        "3424593": {
            "manifests": {
                "public": {
                    "gid": "1558738353520846180",
                    "size": "842685850",
                    "download": "812087952"
                }
            },
            "decryptionkey": "6260a43433591b82534d6118d9e9450e5289cbb75f97e4096ee7f45ef3508ceb"
        },
        "branches": {
            "public": {
                "buildid": "18442306",
                "timeupdated": "1747145331"
            }
        }
    }
}