{
    "appid": "3017140",
    "type": "Demo",
    "name": "IRONHIVE Demo",
    "schinese_name": "",
    "isfreeapp": "0",
    "change_number": "24597085",
    "update_time": "2024-08-01 07:19:54",
    "depot": {
        "3017141": {
            "manifests": {
                "public": {
                    "gid": "4687074298404466111",
                    "size": "1647781571",
                    "download": "1339951632"
                }
            },
            "decryptionkey": "c866c766a1cb74bbec5202cacf5e36dc5f8dcd986ce0ae25fbf010b781335682"
        },
        "branches": {
            "public": {
                "buildid": "15219188",
                "timeupdated": "1722467990"
            }
        }
    }
}