{
    "appid": "3023090",
    "type": "Demo",
    "name": "Cats Around Us : Giant Cat Demo",
    "schinese_name": "",
    "isfreeapp": "0",
    "change_number": "24773461",
    "update_time": "2024-08-14 06:35:57",
    "depot": {
        "3023091": {
            "config": {
                "oslist": "windows"
            },
            "manifests": {
                "public": {
                    "gid": "1988382439860893156",
                    "size": "315663913",
                    "download": "138305936"
                }
            },
            "decryptionkey": "659ce645042478528fac89d437211ba18b50220da5e26d3f342f9bd2dddfcd2e"
        },
        "3023092": {
            "config": {
                "oslist": "linux"
            },
            "manifests": {
                "public": {
                    "gid": "840092493756202154",
                    "size": "433252694",
                    "download": "150167840"
                }
            },
            "decryptionkey": ""
        },
        "branches": {
            "public": {
                "buildid": "14637983",
                "timeupdated": "1717766275"
            }
        }
    }
}