{
    "appid": "3321660",
    "type": "Beta",
    "name": "Mistfall Hunter Playtest",
    "schinese_name": "雾影猎人 Playtest",
    "isfreeapp": "0",
    "change_number": "29000211",
    "update_time": "2025-05-15 18:43:41",
    "depot": {
        "hasdepotsindlc": "0",
        "228989": {
            "config": {
                "oslist": "windows"
            },
            "depotfromapp": "228980",
            "sharedinstall": "1"
        },
        "228990": {
            "config": {
                "oslist": "windows"
            },
            "depotfromapp": "228980",
            "sharedinstall": "1"
        },
        "3321661": {
            "config": {
                "oslist": "windows",
                "osarch": "64"
            },
            "manifests": {
                "public": {
                    "gid": "2825672244145123544",
                    "size": "16902797116",
                    "download": "16488064048"
                }
            },
            "decryptionkey": "1ce7ed40a4156b77229e823820917f43a620a90cb8e99f33bf1998fed38c9056"
        },
        "branches": {
            "public": {
                "buildid": "18399035",
                "timeupdated": "1746775411"
            }
        },
        "privatebranches": "1"
    },
    "access_token": 3397328670549379646
}