{
    "appid": "3583060",
    "type": "Game",
    "name": "5 NIGHTS AT BOBR KURWA",
    "schinese_name": "",
    "isfreeapp": "0",
    "change_number": "28790695",
    "update_time": "2025-05-03 02:30:14",
    "depot": {
        "3583061": {
            "manifests": {
                "public": {
                    "gid": "1681842753851890302",
                    "size": "1324205305",
                    "download": "475927584"
                }
            },
            "decryptionkey": "e10d5e76d2288bd2635bbc4b4f14f29ff309f1b989a20048776e5d066c123a87"
        },
        "hasdepotsindlc": "1",
        "branches": {
            "public": {
                "buildid": "17999508",
                "timeupdated": "1743908344"
            }
        }
    }
}