{
    "appid": "3368020",
    "type": "Game",
    "name": "Alleviate",
    "schinese_name": "",
    "isfreeapp": "0",
    "change_number": "26932701",
    "update_time": "2025-01-10 08:34:49",
    "depot": {
        "3368021": {
            "manifests": {
                "public": {
                    "gid": "976803143890054968",
                    "size": "61722241",
                    "download": "19385920"
                }
            },
            "decryptionkey": "42a1088c63be5b79b76163cecf457d8cd792bcf76334c1e73467d25845a4b4fb"
        },
        "branches": {
            "public": {
                "buildid": "16500497",
                "timeupdated": "1732280951"
            }
        }
    },
    "access_token": 6822136468308256364
}