{
    "appid": "3499330",
    "type": "Game",
    "name": "SUCCU-MAMA",
    "schinese_name": "我的妈妈是魅魔",
    "isfreeapp": "0",
    "change_number": "29032075",
    "update_time": "2025-05-17 04:13:33",
    "depot": {
        "3499331": {
            "config": {
                "oslist": "windows,linux"
            },
            "manifests": {
                "public": {
                    "gid": "6187710152195481209",
                    "size": "2317798640",
                    "download": "2058240320"
                }
            },
            "decryptionkey": "9cb90c9b1f8fd3afcefdbdce4afd2c66215df564468e388f4158632fdba7d17a"
        },
        "3499332": {
            "config": {
                "oslist": "macos"
            },
            "manifests": {
                "public": {
                    "gid": "977855832819180380",
                    "size": "2312783209",
                    "download": "2061868752"
                }
            }
        },
        "branches": {
            "public": {
                "buildid": "18392591",
                "timeupdated": "1746726506"
            }
        },
        "privatebranches": "1"
    }
}