{
    "appid": "3372210",
    "type": "Music",
    "name": "LIGHTNING RETURNS:FINAL FANTASY XIII Original Soundtrack PLUS",
    "schinese_name": "",
    "isfreeapp": "0",
    "change_number": "28736706",
    "update_time": "2025-04-30 06:19:36",
    "depot": {
        "3372211": {
            "manifests": {
                "public": {
                    "gid": "3263628168975093125",
                    "size": "177030737",
                    "download": "159362752"
                }
            },
            "decryptionkey": "2c7adea10b6cc96205c1ca1aa0051784bdfa016727929d68dae38bf73ff62978"
        },
        "branches": {
            "public": {
                "buildid": "16679014",
                "timeupdated": "1733740267"
            }
        }
    }
}