{
    "appid": "3148680",
    "type": "Game",
    "name": "Guard",
    "schinese_name": "",
    "isfreeapp": "0",
    "change_number": "26253459",
    "update_time": "2024-11-21 01:02:30",
    "depot": {
        "3148681": {
            "manifests": {
                "public": {
                    "gid": "6244372926058680925",
                    "size": "91179976",
                    "download": "17933392"
                }
            },
            "decryptionkey": "f6dcd8a9cde74424bf8719d81c53fed0212950374ef92f841a1abab7cdc342b5"
        },
        "branches": {
            "public": {
                "buildid": "15342477",
                "timeupdated": "1723469680"
            }
        }
    },
    "access_token": 10533258306632366495
}