{
    "appid": "3241110",
    "type": "Game",
    "name": "封神传God pass",
    "schinese_name": "",
    "isfreeapp": "0",
    "change_number": "28810633",
    "update_time": "2025-05-04 23:02:43",
    "depot": {
        "baselanguages": "english,german,french,koreana,schinese,tchinese,japanese,vietnamese",
        "hasdepotsindlc": "1",
        "3241111": {
            "manifests": {
                "public": {
                    "gid": "3748382079076944137",
                    "size": "382303795",
                    "download": "278379392"
                }
            },
            "decryptionkey": "87e5538fb4a5c525dacaa834224f334cc7c9106b1f4c15950a5909f01ca03f42"
        },
        "3241112": {
            "config": {
                "language": "tchinese",
                "oslist": "windows"
            },
            "manifests": {
                "public": {
                    "gid": "3226989139680845880",
                    "size": "382306027",
                    "download": "278381648"
                }
            },
            "decryptionkey": ""
        },
        "3241113": {
            "config": {
                "language": "english",
                "oslist": "windows"
            },
            "manifests": {
                "public": {
                    "gid": "7983888148718329969",
                    "size": "289151246",
                    "download": "219895152"
                }
            },
            "decryptionkey": ""
        },
        "3241114": {
            "config": {
                "language": "koreana",
                "oslist": "windows"
            },
            "manifests": {
                "public": {
                    "gid": "6458801595106594319",
                    "size": "289077295",
                    "download": "219821120"
                }
            },
            "decryptionkey": ""
        },
        "3241115": {
            "config": {
                "language": "japanese",
                "oslist": "windows"
            },
            "manifests": {
                "public": {
                    "gid": "8004716539639770780",
                    "size": "561140784",
                    "download": "446051824"
                }
            },
            "decryptionkey": ""
        },
        "3518770": {
            "dlcappid": "3518770",
            "config": {
                "language": "tchinese",
                "oslist": "windows",
                "optionaldlc": "3518770"
            },
            "manifests": {
                "public": {
                    "gid": "9150600530560334918",
                    "size": "423517167",
                    "download": "305908256"
                }
            },
            "decryptionkey": ""
        },
        "3241116": {
            "config": {
                "language": "german",
                "oslist": "windows"
            },
            "manifests": {
                "public": {
                    "gid": "8497709977031600605",
                    "size": "288868473",
                    "download": "219764496"
                }
            },
            "decryptionkey": ""
        },
        "3241117": {
            "config": {
                "language": "french",
                "oslist": "windows"
            },
            "manifests": {
                "public": {
                    "gid": "2399419381754431156",
                    "size": "1155844268",
                    "download": "233283392"
                }
            },
            "decryptionkey": ""
        },
        "3241118": {
            "config": {
                "language": "tchinese",
                "oslist": "windows",
                "optionaldlc": "3518770"
            },
            "dlcappid": "3518770",
            "manifests": {
                "public": {
                    "gid": "2370972493995221052",
                    "size": "423492364",
                    "download": "306861168"
                }
            },
            "decryptionkey": ""
        },
        "3518771": {
            "dlcappid": "3518770",
            "config": {
                "language": "tchinese",
                "oslist": "windows",
                "optionaldlc": "3518770"
            }
        },
        "branches": {
            "public": {
                "buildid": "18338432",
                "timeupdated": "1746370940"
            }
        },
        "appmanagesdlc": "1"
    }
}