{
    "appid": "3085720",
    "type": "Game",
    "name": "The Sheng's Written - Journey of Hoo",
    "schinese_name": " 圣闻志狐游传",
    "isfreeapp": "0",
    "change_number": "28679322",
    "update_time": "2025-04-26 12:54:21",
    "depot": {
        "3085721": {
            "manifests": {
                "public": {
                    "gid": "6827709691759952463",
                    "size": "6998812211",
                    "download": "1333916112"
                }
            },
            "decryptionkey": "25e280bc4425ea33509fb782ad88bcba9fbebcb252060f958e4d3ce61babde5d"
        },
        "branches": {
            "public": {
                "buildid": "17109494",
                "timeupdated": "1737659313"
            }
        }
    },
    "access_token": 4279786730940681626
}