{
    "appid": "3296200",
    "type": "Game",
    "name": "5 nights at Timokha 4: School",
    "schinese_name": "",
    "isfreeapp": "0",
    "change_number": "28453271",
    "update_time": "2025-04-13 21:09:44",
    "depot": {
        "3296201": {
            "manifests": {
                "public": {
                    "gid": "7790053031363424165",
                    "size": "3903583591",
                    "download": "801312672"
                }
            },
            "decryptionkey": "038cfe7952ca8c4debfd30bfa89b967365da653efd3a61ab32e4777f3a2f7171"
        },
        "branches": {
            "public": {
                "buildid": "17580532",
                "timeupdated": "1741040656"
            }
        }
    }
}