{
    "appid": "3319190",
    "type": "Demo",
    "name": "Hlína Demo",
    "schinese_name": "",
    "isfreeapp": "0",
    "change_number": "27276101",
    "update_time": "2025-02-02 18:25:52",
    "depot": {
        "228989": {
            "config": {
                "oslist": "windows"
            },
            "depotfromapp": "228980",
            "sharedinstall": "1"
        },
        "228990": {
            "config": {
                "oslist": "windows"
            },
            "depotfromapp": "228980",
            "sharedinstall": "1"
        },
        "baselanguages": "english",
        "hasdepotsindlc": "0",
        "3319192": {},
        "3319191": {
            "config": {
                "language": "english",
                "oslist": "windows"
            },
            "manifests": {
                "public": {
                    "gid": "3523815929543783714",
                    "size": "1393684739",
                    "download": "1154745008"
                }
            },
            "decryptionkey": "6e06bbd43ec6b3b86cbe6fece808b7d1a11bc3ac32b67e5002b7c65d21fce6f6"
        },
        "branches": {
            "public": {
                "buildid": "16199001",
                "timeupdated": "1730057526"
            }
        }
    }
}