{
    "appid": "3006150",
    "type": "Game",
    "name": "Wet Slits",
    "schinese_name": "",
    "isfreeapp": "0",
    "change_number": "29026697",
    "update_time": "2025-05-16 22:50:43",
    "depot": {
        "baselanguages": "english",
        "hasdepotsindlc": "0",
        "228989": {
            "config": {
                "oslist": "windows"
            },
            "depotfromapp": "228980",
            "sharedinstall": "1"
        },
        "228990": {
            "config": {
                "oslist": "windows"
            },
            "depotfromapp": "228980",
            "sharedinstall": "1"
        },
        "3006151": {
            "config": {
                "oslist": "windows",
                "osarch": "64"
            },
            "manifests": {
                "public": {
                    "gid": "2603506794526207191",
                    "size": "808502769",
                    "download": "680357584"
                }
            },
            "decryptionkey": "926be047332178d275b307ee2a95395972f1cc828c36a90fd24d1a04999229a6"
        },
        "branches": {
            "public": {
                "buildid": "18493045",
                "timeupdated": "1747407039"
            }
        },
        "privatebranches": "1"
    }
}