{
    "appid": "3260140",
    "type": "Game",
    "name": "流亡黯道2",
    "schinese_name": "",
    "isfreeapp": "0",
    "change_number": "28994684",
    "update_time": "2025-05-15 12:17:37",
    "depot": {
        "3260141": {
            "manifests": {
                "public": {
                    "gid": "603810555191474617",
                    "size": "96769090756",
                    "download": "89679916976"
                }
            },
            "decryptionkey": "9b8db92cf6eb16c5861dbf0d6ce892faa64c766863f8986de49e7061a68d8b10"
        },
        "3260142": {
            "config": {
                "oslist": "windows"
            },
            "manifests": {
                "public": {
                    "gid": "1735267859623627619",
                    "size": "235633944",
                    "download": "111314960"
                }
            },
            "decryptionkey": "0c5da4ceb6532858498ee91be025a79cd393471bf0b360286967118026338166"
        },
        "branches": {
            "public": {
                "buildid": "18470262",
                "timeupdated": "1747282655"
            }
        }
    }
}