{
    "appid": "3262340",
    "type": "Demo",
    "name": "Tobacco Shop Simulator Demo",
    "schinese_name": "",
    "isfreeapp": "0",
    "change_number": "26002380",
    "update_time": "2024-11-01 15:09:20",
    "depot": {
        "228988": {
            "config": {
                "oslist": "windows"
            },
            "depotfromapp": "228980",
            "sharedinstall": "1"
        },
        "228989": {
            "config": {
                "oslist": "windows"
            },
            "depotfromapp": "228980",
            "sharedinstall": "1"
        },
        "228990": {
            "config": {
                "oslist": "windows"
            },
            "depotfromapp": "228980",
            "sharedinstall": "1"
        },
        "3262341": {
            "manifests": {
                "public": {
                    "gid": "2981498828671907440",
                    "size": "1193697894",
                    "download": "1104542240"
                }
            },
            "decryptionkey": "3807a827576eea22aa2e83671d9f89b54c19d9da748c79f88e04288c1c2d8186"
        },
        "branches": {
            "public": {
                "buildid": "16060622",
                "timeupdated": "1729053476"
            }
        }
    }
}