{
    "appid": "3001100",
    "type": "Game",
    "name": "UnHolY JaiL TRPG",
    "schinese_name": "",
    "isfreeapp": "0",
    "change_number": "27041927",
    "update_time": "2025-01-17 20:09:15",
    "depot": {
        "baselanguages": "english,japanese",
        "3001101": {
            "config": {
                "osarch": "64"
            },
            "manifests": {
                "public": {
                    "gid": "326142013353357475",
                    "size": "858705491",
                    "download": "316984432"
                }
            },
            "decryptionkey": "8bd164b4e9ec07e958ab44fe16297309baee61a66296ee6c910cd9a753149099"
        },
        "branches": {
            "public": {
                "buildid": "15252814",
                "timeupdated": "1722728526"
            }
        }
    }
}