{
    "appid": "3586540",
    "type": "Music",
    "name": "Grit and Valor - 1949: Original Soundtrack",
    "schinese_name": "铁锈风云: 原声带",
    "isfreeapp": "0",
    "change_number": "28257225",
    "update_time": "2025-04-02 06:34:41",
    "depot": {
        "3586541": {
            "manifests": {
                "public": {
                    "gid": "4964301657492778039",
                    "size": "47674012",
                    "download": "47215088"
                }
            },
            "decryptionkey": "22f65cfc6923998132fd5bf4346fc252e2e1c940050d99153aaada334ef2804b"
        },
        "branches": {
            "public": {
                "buildid": "17783429",
                "timeupdated": "1742403919"
            }
        }
    }
}