{
    "appid": "3184460",
    "type": "Game",
    "name": "Five Nights at Restroom 2",
    "schinese_name": "",
    "isfreeapp": "0",
    "change_number": "28517425",
    "update_time": "2025-04-17 06:19:20",
    "depot": {
        "baselanguages": "english,brazilian",
        "hasdepotsindlc": "1",
        "3184461": {
            "manifests": {
                "public": {
                    "gid": "2129146800976836977",
                    "size": "165146723",
                    "download": "125646064"
                },
                "window_resize_enabled": {
                    "gid": "8856516227777866861",
                    "size": "170132956",
                    "download": "126509376"
                }
            },
            "decryptionkey": "a4afd4fb1c5b6ac882043d820d5b18dfbe767b9863899abd4ba4048bc03a1996"
        },
        "3184760": {
            "dlcappid": "3184760",
            "config": {
                "oslist": "windows"
            },
            "manifests": {
                "public": {
                    "gid": "91812553135084518",
                    "size": "44042896",
                    "download": "30345008"
                },
                "window_resize_enabled": {
                    "gid": "91812553135084518",
                    "size": "44042896",
                    "download": "30345008"
                }
            },
            "decryptionkey": ""
        },
        "branches": {
            "public": {
                "buildid": "18160553",
                "timeupdated": "1744999017"
            },
            "window_resize_enabled": {
                "buildid": "16673543",
                "description": "build with window resize",
                "timeupdated": "1733680741"
            }
        },
        "privatebranches": "1"
    }
}