{
    "appid": "3205400",
    "type": "Game",
    "name": "她的爱是一种施舍",
    "schinese_name": "",
    "isfreeapp": "0",
    "change_number": "28952588",
    "update_time": "2025-05-13 12:02:31",
    "depot": {
        "baselanguages": "english,german,french,italian,koreana,spanish,schinese,tchinese,russian,thai,japanese,portuguese,polish,danish,dutch,finnish,norwegian,swedish,hungarian,czech,romanian,turkish,arabic,brazilian,bulgarian,greek,ukrainian,latam,vietnamese,indonesian",
        "hasdepotsindlc": "0",
        "3205401": {
            "manifests": {
                "public": {
                    "gid": "7476708513902700554",
                    "size": "6201728013",
                    "download": "1749841712"
                }
            },
            "decryptionkey": "30449905fe4e3960351653aa93ddbbcf1802dcfa7e727da4de6fe4b554ece9e6"
        },
        "3205402": {},
        "branches": {
            "public": {
                "buildid": "16648122",
                "timeupdated": "1733429074"
            }
        }
    }
}