{
    "appid": "3333940",
    "type": "Game",
    "name": "Virtual Girlfriend Lia",
    "schinese_name": "",
    "isfreeapp": "0",
    "change_number": "28326982",
    "update_time": "2025-04-06 05:11:10",
    "depot": {
        "hasdepotsindlc": "1",
        "228989": {
            "config": {
                "oslist": "windows"
            },
            "depotfromapp": "228980",
            "sharedinstall": "1"
        },
        "228990": {
            "config": {
                "oslist": "windows"
            },
            "depotfromapp": "228980",
            "sharedinstall": "1"
        },
        "3333941": {
            "manifests": {
                "public": {
                    "gid": "4208222605393457860",
                    "size": "11037734200",
                    "download": "6395559536"
                }
            },
            "decryptionkey": "802fc64ee7e41627fbe805346ca29103b080f735f6a95996b345d4d48148e4b3"
        },
        "branches": {
            "public": {
                "buildid": "17460381",
                "timeupdated": "1740168843"
            }
        }
    }
}