{
    "appid": "3289090",
    "type": "Game",
    "name": "Ghost Master: Resurrection",
    "schinese_name": "",
    "isfreeapp": "0",
    "change_number": "28695369",
    "update_time": "2025-04-28 03:54:17",
    "depot": {
        "228989": {
            "config": {
                "oslist": "windows"
            },
            "depotfromapp": "228980",
            "sharedinstall": "1"
        },
        "228990": {
            "config": {
                "oslist": "windows"
            },
            "depotfromapp": "228980",
            "sharedinstall": "1"
        },
        "3289091": {
            "manifests": {
                "public": {
                    "gid": "5317355308648878782",
                    "size": "6450940416",
                    "download": "6254996208"
                }
            },
            "decryptionkey": "da1a6bcad881eef9d2c2a1224fa9d28942b4f4ecd313cb24b7d91007c2666f23"
        },
        "branches": {
            "public": {
                "buildid": "18085649",
                "timeupdated": "1744489424"
            }
        }
    }
}