{
    "appid": "3701380",
    "type": "DLC",
    "name": "The Mr. Rabbit Magic Show - Supporter Pack",
    "schinese_name": "",
    "isfreeapp": "0",
    "change_number": "28937700",
    "update_time": "2025-05-12 19:36:38",
    "depot": {
        "3701380": {
            "config": {
                "oslist": "windows"
            },
            "dlcappid": "3701380",
            "manifests": {
                "public": {
                    "gid": "2072688112271524843",
                    "size": "107192287",
                    "download": "97655680"
                }
            },
            "decryptionkey": "74679874ade7f2bd48189eb7795309012c23556a44c71f2c1ffb50ef286a758a"
        },
        "3701381": {
            "config": {
                "oslist": "macos"
            },
            "manifests": {
                "public": {
                    "gid": "587667548337481494",
                    "size": "138508748",
                    "download": "101774800"
                }
            },
            "dlcappid": "3701380"
        },
        "3701383": {
            "config": {
                "oslist": "windows"
            },
            "manifests": {
                "public": {
                    "gid": "1348378585751367232",
                    "size": "116656431",
                    "download": "107057440"
                }
            },
            "dlcappid": "3701380",
            "decryptionkey": "5ce97a657113392e60960ca85a3321023a7764dbbddac67b9b10e8fbcda5f111"
        },
        "3701384": {
            "config": {
                "oslist": "macos"
            },
            "manifests": {
                "public": {
                    "gid": "1268039778576869877",
                    "size": "147973831",
                    "download": "111177424"
                }
            },
            "dlcappid": "3701380"
        },
        "branches": {
            "public": {
                "buildid": "18428416",
                "timeupdated": "1747049791"
            }
        },
        "privatebranches": "1"
    }
}