{
    "appid": "3158270",
    "type": "Game",
    "name": "Football Life Simulator",
    "schinese_name": "",
    "isfreeapp": "0",
    "change_number": "29031833",
    "update_time": "2025-05-17 03:56:18",
    "depot": {
        "hasdepotsindlc": "0",
        "3158271": {
            "manifests": {
                "public": {
                    "gid": "669056714449422527",
                    "size": "7350809202",
                    "download": "2311633104"
                }
            },
            "decryptionkey": "ac1bf1ba8de713dc13d490e06bb72281575f7214229629432aabe5bd27fc85f2"
        },
        "workshopdepot": "3158270",
        "branches": {
            "public": {
                "buildid": "18363452",
                "timeupdated": "1746558188"
            }
        },
        "privatebranches": "1",
        "workshopdepotdecryptionkey": ""
    }
}