{
    "appid": "2963110",
    "type": "Demo",
    "name": "Diatomic Demo",
    "schinese_name": "",
    "isfreeapp": "0",
    "change_number": "24100950",
    "update_time": "2024-07-16 02:47:06",
    "depot": {
        "228989": {
            "config": {
                "oslist": "windows"
            },
            "depotfromapp": "228980",
            "sharedinstall": "1"
        },
        "228990": {
            "config": {
                "oslist": "windows"
            },
            "depotfromapp": "228980",
            "sharedinstall": "1"
        },
        "2963111": {
            "config": {
                "oslist": "windows",
                "osarch": "64"
            },
            "manifests": {
                "public": {
                    "gid": "2307658479272479801",
                    "size": "1375922298",
                    "download": "880990176"
                }
            },
            "decryptionkey": "2e310bc9c1aea38712a9db027693b50469ecbd1280b962b965da98aace9e768f"
        },
        "branches": {
            "public": {
                "buildid": "14675502",
                "timeupdated": "1718098100"
            }
        },
        "privatebranches": "1"
    }
}