{
    "appid": "2964500",
    "type": "Music",
    "name": "Read Only Memories: NEURODIVER Soundtrack",
    "schinese_name": "",
    "isfreeapp": "0",
    "change_number": "25199239",
    "update_time": "2024-09-13 04:51:26",
    "depot": {
        "2964501": {
            "manifests": {
                "public": {
                    "gid": "8755190241137903076",
                    "size": "130922713",
                    "download": "127220192"
                }
            },
            "decryptionkey": "47184b19b0404026d5b7e8a350c87d5c74509d18ee96f8e5f4f2230846b21153"
        },
        "branches": {
            "public": {
                "buildid": "14259414",
                "timeupdated": "1714764895"
            }
        }
    }
}