{
    "appid": "3074890",
    "type": "Demo",
    "name": "Theo Demo",
    "schinese_name": "",
    "isfreeapp": "0",
    "change_number": "26183469",
    "update_time": "2024-11-14 07:30:11",
    "depot": {
        "baselanguages": "english,russian",
        "3074891": {
            "config": {
                "oslist": "windows"
            },
            "manifests": {
                "public": {
                    "gid": "7127720461771080157",
                    "size": "1168498523",
                    "download": "918104000"
                }
            },
            "decryptionkey": "d31666cff9d7822870f3080a6512d52b905a0d6148a22d653750f2e29b4237f7"
        },
        "3074892": {
            "config": {
                "oslist": "macos"
            },
            "manifests": {
                "public": {
                    "gid": "7881566593334522262",
                    "size": "1190454294",
                    "download": "924780304"
                }
            },
            "decryptionkey": ""
        },
        "3074893": {
            "config": {
                "oslist": "linux"
            },
            "manifests": {
                "public": {
                    "gid": "8471537334220745442",
                    "size": "1185099042",
                    "download": "930112624"
                }
            },
            "decryptionkey": ""
        },
        "branches": {
            "public": {
                "buildid": "14872162",
                "timeupdated": "1719807932"
            }
        },
        "privatebranches": "1"
    }
}