{
    "appid": "3099020",
    "type": "Game",
    "name": "Fast Food Simulator: Prologue",
    "schinese_name": "",
    "isfreeapp": "0",
    "change_number": "29016213",
    "update_time": "2025-05-16 11:54:46",
    "depot": {
        "228989": {
            "config": {
                "oslist": "windows"
            },
            "depotfromapp": "228980",
            "sharedinstall": "1"
        },
        "228990": {
            "config": {
                "oslist": "windows"
            },
            "depotfromapp": "228980",
            "sharedinstall": "1"
        },
        "3099021": {
            "manifests": {
                "public": {
                    "gid": "164842650824364763",
                    "size": "4721925719",
                    "download": "4539812000"
                }
            },
            "decryptionkey": "18f197134f8fa1342ca56a97a94564e74f946653245c78724257a49c370a1b40"
        },
        "hasdepotsindlc": "0",
        "branches": {
            "public": {
                "buildid": "16167049",
                "timeupdated": "1729786178"
            }
        },
        "privatebranches": "1"
    }
}