{
    "appid": "3248750",
    "type": "Demo",
    "name": "Dreamless Demo",
    "schinese_name": "",
    "isfreeapp": "0",
    "change_number": "25959487",
    "update_time": "2024-10-30 06:18:48",
    "depot": {
        "3248751": {
            "config": {
                "oslist": "windows",
                "osarch": "64"
            },
            "manifests": {
                "public": {
                    "gid": "3917223348377762863",
                    "size": "3507550691",
                    "download": "1608600816"
                }
            },
            "decryptionkey": "eaced425cecb1abaffd1bde8a89865ce716d31ea17eda307002682b0c7c5cab1"
        },
        "branches": {
            "public": {
                "buildid": "15905701",
                "timeupdated": "1727889969"
            }
        }
    }
}