{
    "appid": "3014560",
    "type": "Beta",
    "name": "白噪生存指南 Playtest",
    "schinese_name": "",
    "isfreeapp": "0",
    "change_number": "23897447",
    "update_time": "2024-07-16 02:47:08",
    "depot": {
        "228989": {
            "config": {
                "oslist": "windows"
            },
            "depotfromapp": "228980",
            "sharedinstall": "1"
        },
        "228990": {
            "config": {
                "oslist": "windows"
            },
            "depotfromapp": "228980",
            "sharedinstall": "1"
        },
        "baselanguages": "schinese",
        "hasdepotsindlc": "1",
        "3014561": {
            "config": {
                "oslist": "windows",
                "osarch": "64"
            },
            "manifests": {
                "public": {
                    "gid": "170040042993688599",
                    "size": "7042822269",
                    "download": "4653962336"
                }
            },
            "decryptionkey": "36b732f950099bf1b8cf7b5d3719cc6c99e63ee013f7213c68cfd94cd904a0b1"
        },
        "branches": {
            "public": {
                "buildid": "14658071",
                "timeupdated": "1717968490"
            }
        }
    }
}