{
    "appid": "3273290",
    "type": "Game",
    "name": "Neptunia Riders VS Dogoos",
    "schinese_name": "",
    "isfreeapp": "0",
    "change_number": "29038073",
    "update_time": "2025-05-17 16:12:07",
    "depot": {
        "baselanguages": "english,french,spanish,schinese,tchinese,japanese",
        "228990": {
            "config": {
                "oslist": "windows"
            },
            "depotfromapp": "228980",
            "sharedinstall": "1"
        },
        "3273291": {
            "manifests": {
                "public": {
                    "gid": "4115172364524759676",
                    "size": "5583504553",
                    "download": "2915855888"
                }
            },
            "decryptionkey": "a43c60737f3eab0157a4dd82e7edae2224d1b0a494bb59ec311b28ea58838f66"
        },
        "3341530": {
            "dlcappid": "3341530",
            "manifests": {
                "public": {
                    "gid": "7895083726560692918",
                    "size": "345791337",
                    "download": "290583280"
                }
            },
            "decryptionkey": "4d90ae31ed1084894b2d915668a6b691cbbf236881522a46f40d09b0caf5be0c"
        },
        "3341540": {
            "dlcappid": "3341540",
            "manifests": {
                "public": {
                    "gid": "186995011696953313",
                    "size": "3393",
                    "download": "1008"
                }
            },
            "decryptionkey": "d58483f06d2098073771bdbd615e8178da01df911e37530a2c3f4766c484e7e3"
        },
        "branches": {
            "public": {
                "buildid": "17670396",
                "timeupdated": "1741656761"
            }
        },
        "privatebranches": "1"
    }
}