{
    "appid": "3580010",
    "type": "Game",
    "name": "Lust Odyssey",
    "schinese_name": "",
    "isfreeapp": "0",
    "change_number": "28731411",
    "update_time": "2025-04-30 00:14:33",
    "depot": {
        "228989": {
            "config": {
                "oslist": "windows"
            },
            "depotfromapp": "228980",
            "sharedinstall": "1"
        },
        "228990": {
            "config": {
                "oslist": "windows"
            },
            "depotfromapp": "228980",
            "sharedinstall": "1"
        },
        "3580011": {
            "manifests": {
                "public": {
                    "gid": "3503667845987241511",
                    "size": "994362772",
                    "download": "804406176"
                }
            },
            "decryptionkey": "a96d01b6d79cb1db4fc2bc45ed05932cc7c6c722a53a698c71eec6ed6e8f0d37"
        },
        "branches": {
            "public": {
                "buildid": "17640854",
                "timeupdated": "1741380215"
            }
        }
    }
}