{
    "appid": "3232500",
    "type": "Demo",
    "name": "디펜서바이버 Demo",
    "schinese_name": "",
    "isfreeapp": "0",
    "change_number": "26605078",
    "update_time": "2024-12-12 13:19:41",
    "depot": {
        "3232501": {
            "manifests": {
                "public": {
                    "gid": "8995902695885238393",
                    "size": "401960241",
                    "download": "103943344"
                }
            },
            "decryptionkey": "3266b5bc05edbad3512ae8013448262159561e81bcf241331c9cf7390d6d1924"
        },
        "baselanguages": "english",
        "branches": {
            "public": {
                "buildid": "16495999",
                "timeupdated": "1732253434"
            }
        }
    }
}