{
    "appid": "3337480",
    "type": "Game",
    "name": "Waifu Simulator: Horem Edition",
    "schinese_name": "",
    "isfreeapp": "0",
    "change_number": "26543010",
    "update_time": "2024-12-08 07:22:08",
    "depot": {
        "3337481": {
            "manifests": {
                "public": {
                    "gid": "5155393895109726822",
                    "size": "93601705",
                    "download": "79674160"
                }
            },
            "decryptionkey": "febdcae01e96bffa353f524a75303695563764ba776a9f3e61d5495b88eba9ac"
        },
        "branches": {
            "public": {
                "buildid": "16451653",
                "timeupdated": "1731973737"
            }
        }
    }
}