{
    "appid": "3083900",
    "type": "Game",
    "name": "挖矿与成就",
    "schinese_name": "",
    "isfreeapp": "0",
    "change_number": "25951982",
    "update_time": "2024-10-29 21:51:00",
    "depot": {
        "baselanguages": "english,koreana,spanish,schinese,tchinese,japanese",
        "3083901": {
            "manifests": {
                "public": {
                    "gid": "6040438945627338674",
                    "size": "302750349",
                    "download": "31940304"
                }
            },
            "decryptionkey": "15e9b8802e74f4470eaac95b11d0ae530300e74b138cc47db9b21c0443dd3428"
        },
        "branches": {
            "public": {
                "buildid": "16222050",
                "timeupdated": "1730209854"
            }
        }
    }
}