{
    "appid": "3277910",
    "type": "DLC",
    "name": "The Seven Realms: High Lathión - Bonus Content",
    "schinese_name": "七界：拉菲恩圣地 - 额外内容",
    "isfreeapp": "0",
    "change_number": "26711556",
    "update_time": "2024-12-19 18:35:15",
    "depot": {
        "3277910": {
            "manifests": {
                "public": {
                    "gid": "3733596750373321089",
                    "size": "1103005353",
                    "download": "1095463968"
                }
            },
            "dlcappid": "3277910",
            "decryptionkey": "69b421f48200c78c1089b0c5d4f5ea1e962a6792755fdf840950fe0380f1c549"
        },
        "branches": {
            "public": {
                "buildid": "16785839",
                "timeupdated": "1734603987"
            }
        },
        "privatebranches": "1"
    }
}