{
    "appid": "3020990",
    "type": "Demo",
    "name": "怦然心动的她们 试用版",
    "schinese_name": "",
    "isfreeapp": "0",
    "change_number": "26183469",
    "update_time": "2024-11-14 07:26:21",
    "depot": {
        "3020991": {
            "manifests": {
                "public": {
                    "gid": "7784008551417777841",
                    "size": "6060912968",
                    "download": "5227302208"
                }
            },
            "decryptionkey": "a47bd0ae1ce53bde2fb97ea22b51772b40e0b180dea41d7303b8a97b32a94ff5"
        },
        "baselanguages": "english,schinese,tchinese",
        "branches": {
            "public": {
                "buildid": "14634855",
                "timeupdated": "1717736403"
            }
        },
        "privatebranches": "1"
    }
}