{
    "appid": "3130520",
    "type": "Game",
    "name": "Blubber",
    "schinese_name": "",
    "isfreeapp": "0",
    "change_number": "26253459",
    "update_time": "2024-11-21 01:02:26",
    "depot": {
        "3130521": {
            "manifests": {
                "public": {
                    "gid": "3333445294498796929",
                    "size": "80320649",
                    "download": "28294496"
                }
            },
            "decryptionkey": "895f1b1688c0c5b2c1dbcee5831bdaad6ec47137a9cbbe1f6a593540151f29a4"
        },
        "branches": {
            "public": {
                "buildid": "15149845",
                "timeupdated": "1721908177"
            }
        }
    },
    "access_token": 13449017967779881492
}