{
    "appid": "3266430",
    "type": "Demo",
    "name": "Collapsed Galaxy 2 Demo",
    "schinese_name": "决战苍穹2 Demo",
    "isfreeapp": "0",
    "change_number": "25865740",
    "update_time": "2024-10-24 05:52:49",
    "depot": {
        "3266431": {
            "manifests": {
                "public": {
                    "gid": "3580974214797242118",
                    "size": "18302655327",
                    "download": "5957418256"
                }
            },
            "decryptionkey": "7c18bc21f6ac0c1683aacddb9ed1892e951b7af7534da34e373813e806df3cba"
        },
        "branches": {
            "public": {
                "buildid": "16157121",
                "timeupdated": "1729720365"
            }
        }
    }
}