{
    "appid": "3074790",
    "type": "Demo",
    "name": "Vibrant Frame Demo",
    "schinese_name": "青春之框 Demo",
    "isfreeapp": "0",
    "change_number": "26685919",
    "update_time": "2024-12-18 07:55:36",
    "depot": {
        "3074791": {
            "config": {
                "oslist": "windows"
            },
            "manifests": {
                "public": {
                    "gid": "8559666227854415546",
                    "size": "981039281",
                    "download": "783743184"
                }
            },
            "decryptionkey": "23989b60e936764da373a828577bae206e2f184b0c750a137d05eb7b1e0ae9cc"
        },
        "baselanguages": "english,koreana,schinese,tchinese,japanese",
        "branches": {
            "public": {
                "buildid": "15184809",
                "timeupdated": "1722296720"
            }
        },
        "privatebranches": "1"
    }
}