{
    "appid": "3446990",
    "type": "Game",
    "name": "FUBUKI ～zero in on Holoearth～ HOLOLIVE ALTERNATIVE",
    "schinese_name": "",
    "isfreeapp": "0",
    "change_number": "29043684",
    "update_time": "2025-05-18 05:13:11",
    "depot": {
        "3446991": {
            "config": {
                "oslist": "windows"
            },
            "manifests": {
                "public": {
                    "gid": "5753804561272612917",
                    "size": "555547165",
                    "download": "457355968"
                }
            },
            "decryptionkey": "cabf7221107201a9e744be0d683615f2d83f6b9bd598bd7fcc4e90bd3d293010"
        },
        "baselanguages": "english,japanese",
        "branches": {
            "public": {
                "buildid": "18252519",
                "timeupdated": "1745725254"
            }
        },
        "privatebranches": "1"
    }
}