{
    "appid": "3563430",
    "type": "Game",
    "name": "Secret Love Temple",
    "schinese_name": "",
    "isfreeapp": "0",
    "change_number": "28873778",
    "update_time": "2025-05-08 10:45:41",
    "depot": {
        "3563431": {
            "manifests": {
                "public": {
                    "gid": "4966427882544325073",
                    "size": "1583193906",
                    "download": "1444750400"
                }
            },
            "decryptionkey": "92a99142e1d266b99dd07149e5538d9c3f933dd393575229aa713810c63dd06f"
        },
        "branches": {
            "public": {
                "buildid": "17559087",
                "timeupdated": "1740835962"
            }
        }
    }
}