{
    "appid": "3265370",
    "type": "Game",
    "name": "MosGhost",
    "schinese_name": "",
    "isfreeapp": "0",
    "change_number": "29040185",
    "update_time": "2025-05-17 21:13:50",
    "depot": {
        "228989": {
            "config": {
                "oslist": "windows"
            },
            "depotfromapp": "228980",
            "sharedinstall": "1"
        },
        "228990": {
            "config": {
                "oslist": "windows"
            },
            "depotfromapp": "228980",
            "sharedinstall": "1"
        },
        "229007": {
            "config": {
                "oslist": "windows"
            },
            "depotfromapp": "228980",
            "sharedinstall": "1"
        },
        "3265371": {
            "manifests": {
                "public": {
                    "gid": "439221811479676789",
                    "size": "2847955589",
                    "download": "2641525904"
                }
            },
            "decryptionkey": "8b5615ef8d5cc0dc8ba2acaf76cdc93fed19d530816f541e7493412f8cb62b81"
        },
        "branches": {
            "public": {
                "buildid": "18363226",
                "timeupdated": "1746554705"
            }
        }
    }
}