{
    "appid": "3075040",
    "type": "Game",
    "name": "EggGarden",
    "schinese_name": "",
    "isfreeapp": "0",
    "change_number": "27769769",
    "update_time": "2025-03-04 16:21:18",
    "depot": {
        "baselanguages": "",
        "3075041": {
            "config": {
                "oslist": "windows"
            },
            "manifests": {
                "public": {
                    "gid": "7533943752742357116",
                    "size": "1192877120",
                    "download": "220949936"
                }
            },
            "decryptionkey": "d70545615dcb7034085e68d9d1610d4a9934eedd9eaae8f2e0511d624eafa78e"
        },
        "branches": {
            "public": {
                "buildid": "17585648",
                "timeupdated": "1741076474"
            }
        },
        "privatebranches": "1"
    }
}