{
    "appid": "3018370",
    "type": "Demo",
    "name": "Egg Surprise Demo",
    "schinese_name": "",
    "isfreeapp": "0",
    "change_number": "24347533",
    "update_time": "2024-07-16 02:47:08",
    "depot": {
        "3018371": {
            "config": {
                "oslist": "windows"
            },
            "manifests": {
                "public": {
                    "gid": "135201790192065897",
                    "size": "76247308",
                    "download": "21536960"
                }
            },
            "decryptionkey": "5be97a00335bea59fae7bc20f00bad8c226ea434e96aa4d9bde7e567e7e6f434"
        },
        "branches": {
            "public": {
                "buildid": "14554187",
                "timeupdated": "1717115843"
            }
        }
    }
}