{
    "appid": "3667680",
    "type": "Game",
    "name": "Obelisk Foundry",
    "schinese_name": "方尖碑工造",
    "isfreeapp": "0",
    "change_number": "28738743",
    "update_time": "2025-04-30 09:02:26",
    "depot": {
        "baselanguages": "english,schinese",
        "3667681": {
            "manifests": {
                "public": {
                    "gid": "8928053308563603222",
                    "size": "234036332",
                    "download": "108458512"
                }
            },
            "decryptionkey": "f20e49f8cab7469c10875b19dcd90559476cef20f45335e0b7ad7990c07f9e6f"
        },
        "branches": {
            "public": {
                "buildid": "18265725",
                "timeupdated": "1745846480"
            }
        }
    }
}