{
    "appid": "2959400",
    "type": "Demo",
    "name": "Lilim wants to Lv up♥ Demo",
    "schinese_name": "魅魔莉莉姆想要升级♥ Demo",
    "isfreeapp": "0",
    "change_number": "24874641",
    "update_time": "2024-08-21 12:18:08",
    "depot": {
        "2959401": {
            "manifests": {
                "public": {
                    "gid": "8900714124179585940",
                    "size": "845898534",
                    "download": "480639312"
                }
            },
            "decryptionkey": "2d84a3e217aac389df0354db338801755733850fddfa724af11404a4cc75e332"
        },
        "branches": {
            "public": {
                "buildid": "14715176",
                "timeupdated": "1718349382"
            }
        }
    }
}