{
    "appid": "3040690",
    "type": "Game",
    "name": "Lost boat: VR Underwater Discovery",
    "schinese_name": "VR海底沉船",
    "isfreeapp": "0",
    "change_number": "24381309",
    "update_time": "2024-07-16 18:54:17",
    "depot": {
        "228989": {
            "config": {
                "oslist": "windows"
            },
            "depotfromapp": "228980",
            "sharedinstall": "1"
        },
        "228990": {
            "config": {
                "oslist": "windows"
            },
            "depotfromapp": "228980",
            "sharedinstall": "1"
        },
        "3040691": {
            "manifests": {
                "public": {
                    "gid": "434632328423725810",
                    "size": "6231605371",
                    "download": "2318862096"
                }
            },
            "decryptionkey": "65f2550d9895e5625837ef45404f53b6150616b6410826a905664d8d9408cd2c"
        },
        "branches": {
            "public": {
                "buildid": "14749809",
                "timeupdated": "1718681359"
            }
        }
    }
}