{
    "appid": "3021340",
    "type": "Demo",
    "name": "Little Big Adventure - Twinsen's Quest Demo",
    "schinese_name": "",
    "isfreeapp": "0",
    "change_number": "26183469",
    "update_time": "2024-11-14 07:26:24",
    "depot": {
        "3021341": {
            "manifests": {
                "public": {
                    "gid": "8264900816860610162",
                    "size": "1361639404",
                    "download": "1094082640"
                }
            },
            "decryptionkey": "2c3d36b8b829b5aa86e589c0a35689604ad7c40f00b28ce08ee685e930b7a7d6"
        },
        "branches": {
            "public": {
                "buildid": "15996077",
                "timeupdated": "1728655013"
            }
        },
        "privatebranches": "1"
    }
}