{
    "appid": "3503380",
    "type": "Game",
    "name": "寻龙分金模拟器",
    "schinese_name": "寻龙分金模拟器",
    "isfreeapp": "0",
    "change_number": "28801369",
    "update_time": "2025-05-03 23:28:42",
    "depot": {
        "228988": {
            "config": {
                "oslist": "windows"
            },
            "depotfromapp": "228980",
            "sharedinstall": "1"
        },
        "228990": {
            "config": {
                "oslist": "windows"
            },
            "depotfromapp": "228980",
            "sharedinstall": "1"
        },
        "3503381": {
            "manifests": {
                "public": {
                    "gid": "1247508024868895852",
                    "size": "5988442300",
                    "download": "5593801072"
                }
            },
            "decryptionkey": "3193e06a91023d69dfb096801832ce3e58cd87ad5b10c56747a9099662a119a6"
        },
        "baselanguages": "english,schinese",
        "branches": {
            "public": {
                "buildid": "18332679",
                "timeupdated": "1746286118"
            }
        }
    }
}