{
    "appid": "3124460",
    "type": "Game",
    "name": "September Fall - Loneliness",
    "schinese_name": "",
    "isfreeapp": "0",
    "change_number": "24770269",
    "update_time": "2024-08-14 01:10:26",
    "depot": {
        "3124461": {
            "config": {
                "oslist": "windows"
            },
            "manifests": {
                "public": {
                    "gid": "2937186013709246932",
                    "size": "5647102381",
                    "download": "3128648320"
                }
            },
            "decryptionkey": "2ad58afe880b93535b6131beb26f03a79d9c1172488f449ffd47ac1b990dc532"
        },
        "branches": {
            "public": {
                "buildid": "15358004",
                "timeupdated": "1723568639"
            }
        }
    }
}