{
    "appid": "3353360",
    "type": "Demo",
    "name": "Desktop Survivors 98 Demo",
    "schinese_name": "",
    "isfreeapp": "0",
    "change_number": "27470847",
    "update_time": "2025-02-14 09:39:53",
    "depot": {
        "3353361": {
            "config": {
                "oslist": "windows"
            },
            "manifests": {
                "public": {
                    "gid": "3130819714747876527",
                    "size": "457548788",
                    "download": "101815168"
                }
            },
            "decryptionkey": "d2ffd6fecf2c56c161b37eb8eb364edd565bdfc896201e4baa4a4bafb602fe80"
        },
        "baselanguages": "english",
        "branches": {
            "public": {
                "buildid": "17360266",
                "timeupdated": "1739497190"
            }
        }
    }
}