{
    "appid": "3213220",
    "type": "Game",
    "name": "Junkcity Factory Simulator",
    "schinese_name": "",
    "isfreeapp": "0",
    "change_number": "28511965",
    "update_time": "2025-04-17 00:13:31",
    "depot": {
        "228989": {
            "config": {
                "oslist": "windows"
            },
            "depotfromapp": "228980",
            "sharedinstall": "1"
        },
        "228990": {
            "config": {
                "oslist": "windows"
            },
            "depotfromapp": "228980",
            "sharedinstall": "1"
        },
        "3213221": {
            "manifests": {
                "public": {
                    "gid": "7907444471546856808",
                    "size": "5520527525",
                    "download": "5309984112"
                }
            },
            "decryptionkey": "da6bc69365b753fa7d00ddaaec9d764e1e663bc5c49211825f2767a3972759ab"
        },
        "branches": {
            "public": {
                "buildid": "16836267",
                "timeupdated": "1734969819"
            }
        }
    }
}