{
    "appid": "2966530",
    "type": "Game",
    "name": "Strawberry Park",
    "schinese_name": "",
    "isfreeapp": "0",
    "change_number": "26129377",
    "update_time": "2024-11-10 22:34:32",
    "depot": {
        "2966531": {
            "config": {
                "oslist": "windows"
            },
            "manifests": {
                "public": {
                    "gid": "5340760921848205772",
                    "size": "876692906",
                    "download": "181463152"
                }
            },
            "decryptionkey": "a373b65702d9fd142a98e8e6d02ee74a21f83dbfeea730ef616bcd0b72b68c0e"
        },
        "branches": {
            "public": {
                "buildid": "16357824",
                "timeupdated": "1731249267"
            }
        }
    }
}