{
    "appid": "3493710",
    "type": "DLC",
    "name": "Yoshima: Hentai Simulator - Digital Artbook",
    "schinese_name": "",
    "isfreeapp": "0",
    "change_number": "27838524",
    "update_time": "2025-03-07 23:56:56",
    "depot": {
        "3493710": {
            "manifests": {
                "public": {
                    "gid": "8374912785605779224",
                    "size": "50014307",
                    "download": "46913488"
                }
            },
            "dlcappid": "3493710",
            "decryptionkey": "8e4eadb6d9dce13bfd6b5bf6ec9c5c36502465caaa8e6e61e33df43a372f7f0d"
        },
        "branches": {
            "public": {
                "buildid": "17619219",
                "timeupdated": "1741263440"
            }
        }
    }
}