{
    "appid": "3198170",
    "type": "Demo",
    "name": "Polygon In Demo",
    "schinese_name": "",
    "isfreeapp": "0",
    "change_number": "25883115",
    "update_time": "2024-10-25 03:10:24",
    "depot": {
        "hasdepotsindlc": "0",
        "228989": {
            "config": {
                "oslist": "windows"
            },
            "depotfromapp": "228980",
            "sharedinstall": "1"
        },
        "228990": {
            "config": {
                "oslist": "windows"
            },
            "depotfromapp": "228980",
            "sharedinstall": "1"
        },
        "3198171": {
            "manifests": {
                "public": {
                    "gid": "8186905262012213992",
                    "size": "631165752",
                    "download": "395384496"
                }
            },
            "decryptionkey": "01d1573fb22ae618283fa8bab7740dfc9ac299c197d1c8111e2d5568919205b7"
        },
        "branches": {
            "public": {
                "buildid": "15821298",
                "timeupdated": "1727262319"
            }
        }
    }
}