{
    "appid": "3124380",
    "type": "Game",
    "name": "GUNPYRE",
    "schinese_name": "",
    "isfreeapp": "1",
    "change_number": "27409879",
    "update_time": "2025-02-11 06:38:47",
    "depot": {
        "228989": {
            "config": {
                "oslist": "windows"
            },
            "depotfromapp": "228980",
            "sharedinstall": "1"
        },
        "228990": {
            "config": {
                "oslist": "windows"
            },
            "depotfromapp": "228980",
            "sharedinstall": "1"
        },
        "3124381": {
            "config": {
                "oslist": "windows"
            },
            "manifests": {
                "public": {
                    "gid": "5449559503953105312",
                    "size": "761751244",
                    "download": "634682592"
                }
            },
            "decryptionkey": "55b10f523b3b82bfeefd74d31661909b03044014d1046fef36d1b46244f77e71"
        },
        "branches": {
            "public": {
                "buildid": "16930785",
                "timeupdated": "1736271437"
            }
        }
    }
}