{
    "appid": "3095080",
    "type": "Game",
    "name": "Together in Between: Chapter One",
    "schinese_name": "",
    "isfreeapp": "0",
    "change_number": "29016152",
    "update_time": "2025-05-16 11:48:51",
    "depot": {
        "3095081": {
            "manifests": {
                "public": {
                    "gid": "6336743967464175783",
                    "size": "1895157642",
                    "download": "473088544"
                }
            },
            "decryptionkey": "84aaab5f0d1b3c89b518cf7c43f6db725161808e13c3178445b6eaf3fccc01d9"
        },
        "branches": {
            "public": {
                "buildid": "15554748",
                "timeupdated": "1725115758"
            }
        }
    }
}