{
    "appid": "3377680",
    "type": "Game",
    "name": "边缘",
    "schinese_name": "罪赎",
    "isfreeapp": "0",
    "change_number": "27095270",
    "update_time": "2025-01-21 22:58:13",
    "depot": {
        "228989": {
            "config": {
                "oslist": "windows"
            },
            "depotfromapp": "228980",
            "sharedinstall": "1"
        },
        "228990": {
            "config": {
                "oslist": "windows"
            },
            "depotfromapp": "228980",
            "sharedinstall": "1"
        },
        "3377681": {
            "manifests": {
                "public": {
                    "gid": "2476221891315876609",
                    "size": "15531373450",
                    "download": "15040619296"
                }
            },
            "decryptionkey": "f624665fd47fdeb6c06977ec7feda4004b311a2b342be403d476d6d2f4e13498"
        },
        "baselanguages": "english,german,french,italian,spanish,schinese,russian,thai,japanese,portuguese,polish,danish,dutch,norwegian,hungarian,turkish,arabic",
        "branches": {
            "public": {
                "buildid": "17078925",
                "timeupdated": "1737471488"
            }
        }
    }
}