{
    "appid": "3209880",
    "type": "Demo",
    "name": "Block Factory Demo",
    "schinese_name": "",
    "isfreeapp": "0",
    "change_number": "26974446",
    "update_time": "2025-01-13 23:41:57",
    "depot": {
        "3209881": {
            "manifests": {
                "public": {
                    "gid": "3059242518311016684",
                    "size": "1332783280",
                    "download": "635381168"
                }
            },
            "decryptionkey": "ebceb716640b1e382b9262be97be72c2b84824d4048750464f0d7964e096cb37"
        },
        "workshopdepot": "3209880",
        "branches": {
            "public": {
                "buildid": "16985983",
                "timeupdated": "1736782911"
            }
        },
        "privatebranches": "1",
        "workshopdepotdecryptionkey": ""
    }
}