{
    "appid": "2990150",
    "type": "DLC",
    "name": "Deathbound Artbook",
    "schinese_name": "",
    "isfreeapp": "0",
    "change_number": "24734692",
    "update_time": "2024-08-11 04:03:23",
    "depot": {
        "2990150": {
            "config": {
                "language": "english",
                "oslist": "windows",
                "osarch": "64"
            },
            "dlcappid": "2990150",
            "manifests": {
                "public": {
                    "gid": "6368120394461198118",
                    "size": "298166686",
                    "download": "297802720"
                }
            },
            "decryptionkey": "3a559dc657ad8e843911e132f4a9234541e2d68e95a15146873aeea5d72853f1"
        },
        "branches": {
            "public": {
                "buildid": "15288807",
                "timeupdated": "1723025846"
            }
        }
    }
}