{
    "appid": "3122900",
    "type": "Game",
    "name": "MASSAGE MY EX-BULLY",
    "schinese_name": "昔日女校霸来我的按摩店了",
    "isfreeapp": "0",
    "change_number": "29027190",
    "update_time": "2025-05-16 23:15:40",
    "depot": {
        "3122901": {
            "manifests": {
                "public": {
                    "gid": "2943294569378956395",
                    "size": "1255438360",
                    "download": "232981792"
                },
                "savefile": {
                    "gid": "3717638366965862313",
                    "size": "41093",
                    "download": "1856"
                }
            },
            "decryptionkey": "9dc10c99649df343d7e3a218ccfe2522e3c01c59de485cb279dff490b5f5e34b"
        },
        "branches": {
            "public": {
                "buildid": "18291546",
                "timeupdated": "1745997232"
            },
            "savefile": {
                "buildid": "15539847",
                "description": "Archived files for review",
                "timeupdated": "1724991176"
            }
        }
    }
}