{
    "appid": "3095560",
    "type": "Game",
    "name": "Hentai Tales: Strange Land Apaku",
    "schinese_name": "",
    "isfreeapp": "0",
    "change_number": "29004125",
    "update_time": "2025-05-15 22:10:31",
    "depot": {
        "3095561": {
            "config": {
                "oslist": "windows"
            },
            "manifests": {
                "public": {
                    "gid": "4452367249957629617",
                    "size": "819756802",
                    "download": "206348928"
                }
            },
            "decryptionkey": "67680ed8b64126fdac125dfe8b3e3cbbefa2c7a151636980afb7382721176bce"
        },
        "3095562": {
            "config": {
                "oslist": "macos"
            },
            "manifests": {
                "public": {
                    "gid": "5945305113913427488",
                    "size": "814150318",
                    "download": "205266400"
                }
            },
            "decryptionkey": ""
        },
        "3095563": {
            "config": {
                "oslist": "linux"
            },
            "manifests": {
                "public": {
                    "gid": "2508100969797109020",
                    "size": "860632019",
                    "download": "206338896"
                }
            },
            "decryptionkey": ""
        },
        "baselanguages": "english",
        "branches": {
            "public": {
                "buildid": "15313651",
                "timeupdated": "1723178166"
            }
        }
    }
}