{
    "appid": "3314480",
    "type": "Music",
    "name": "Blasphemous 2 - Mea Culpa - OST",
    "schinese_name": "",
    "isfreeapp": "0",
    "change_number": "28736706",
    "update_time": "2025-04-30 06:19:43",
    "depot": {
        "3314481": {
            "manifests": {
                "public": {
                    "gid": "576660813323671152",
                    "size": "82467275",
                    "download": "81441584"
                }
            },
            "decryptionkey": "81e6d9c278bc4b5570282fec0897873368855d80b92a1b5970370a51665c667a"
        },
        "3314482": {
            "config": {
                "highqualityaudio": "1"
            },
            "manifests": {
                "public": {
                    "gid": "7148413564911858075",
                    "size": "595374344",
                    "download": "568490064"
                }
            },
            "decryptionkey": "5d4dbd9289aa3f2db54773d2641ca4dc6f5547760bf6341658ffb89ef30e4c0d"
        },
        "branches": {
            "public": {
                "buildid": "16169065",
                "timeupdated": "1729791277"
            }
        }
    }
}