{
    "appid": "3157310",
    "type": "Game",
    "name": "Tales of the Forgotten",
    "schinese_name": "",
    "isfreeapp": "0",
    "change_number": "28642580",
    "update_time": "2025-04-24 19:06:28",
    "depot": {
        "3157311": {
            "manifests": {
                "public": {
                    "gid": "3618844333149562378",
                    "size": "1094584047",
                    "download": "459709136"
                }
            },
            "decryptionkey": "ee51f95840fc3d144478d505d8c9d6a346bdb9cbf9d32a54acae7b42b567d6dc"
        },
        "branches": {
            "public": {
                "buildid": "18079538",
                "timeupdated": "1744417562"
            }
        }
    }
}