{
    "appid": "3507790",
    "type": "Demo",
    "name": "Laundromat Manager Simulator Demo",
    "schinese_name": "",
    "isfreeapp": "0",
    "change_number": "28393149",
    "update_time": "2025-04-10 03:13:36",
    "depot": {
        "228989": {
            "config": {
                "oslist": "windows"
            },
            "depotfromapp": "228980",
            "sharedinstall": "1"
        },
        "228990": {
            "config": {
                "oslist": "windows"
            },
            "depotfromapp": "228980",
            "sharedinstall": "1"
        },
        "baselanguages": "english,german,french,italian,koreana,spanish,schinese,russian,japanese,portuguese,turkish",
        "3507791": {
            "config": {
                "oslist": "windows"
            },
            "manifests": {
                "public": {
                    "gid": "101079636036455492",
                    "size": "2667788170",
                    "download": "2545385120"
                }
            },
            "decryptionkey": "ccc5f37eb12b9bc62f40e3cceca2905e386b4c3e824046a91f420c60c7015535"
        },
        "branches": {
            "public": {
                "buildid": "17310019",
                "timeupdated": "1739207801"
            }
        }
    }
}