{
    "appid": "3330390",
    "type": "Game",
    "name": "Five Minutes Till Christmas",
    "schinese_name": "",
    "isfreeapp": "1",
    "change_number": "26755870",
    "update_time": "2024-12-23 04:03:56",
    "depot": {
        "228989": {
            "config": {
                "oslist": "windows"
            },
            "depotfromapp": "228980",
            "sharedinstall": "1"
        },
        "228990": {
            "config": {
                "oslist": "windows"
            },
            "depotfromapp": "228980",
            "sharedinstall": "1"
        },
        "3330391": {
            "manifests": {
                "public": {
                    "gid": "8160531151577514286",
                    "size": "699750119",
                    "download": "406528208"
                }
            },
            "decryptionkey": "c653aef57fb4cd2e5d57bdf56a6433e03c92bceafb73115b723987b432dab08e"
        },
        "branches": {
            "public": {
                "buildid": "16773728",
                "timeupdated": "1734442739"
            }
        },
        "privatebranches": "1"
    }
}