{
    "appid": "3381310",
    "type": "Game",
    "name": "畜神",
    "schinese_name": "",
    "isfreeapp": "0",
    "change_number": "28426219",
    "update_time": "2025-04-11 17:56:13",
    "depot": {
        "3381311": {
            "manifests": {
                "public": {
                    "gid": "7965630868615926130",
                    "size": "681568172",
                    "download": "474879888"
                }
            },
            "decryptionkey": "5d0d5378be1cb65268c9f13d5efaaa8f93285e3156ce95aecc999672ab34b68e"
        },
        "baselanguages": "schinese",
        "branches": {
            "public": {
                "buildid": "18055938",
                "timeupdated": "1744287545"
            }
        }
    }
}