{
    "appid": "3054370",
    "type": "Game",
    "name": "Luna and the Wasted City of Sin",
    "schinese_name": "露娜与邪恶的废都",
    "isfreeapp": "0",
    "change_number": "28634486",
    "update_time": "2025-04-24 09:53:11",
    "depot": {
        "3054371": {
            "config": {
                "language": "english"
            },
            "manifests": {
                "public": {
                    "gid": "6988116483801107174",
                    "size": "389377310",
                    "download": "263228528"
                }
            },
            "decryptionkey": ""
        },
        "3054372": {
            "config": {
                "language": "schinese"
            },
            "manifests": {
                "public": {
                    "gid": "3694615570183065863",
                    "size": "389323182",
                    "download": "263190096"
                }
            },
            "decryptionkey": "7c01108b691d5d17e9fad58cf32a2bbe02e21e1f8d00642b5fedaf60dd3e95c4"
        },
        "branches": {
            "public": {
                "buildid": "15363271",
                "timeupdated": "1723605172"
            }
        }
    }
}