{
    "appid": "3257490",
    "type": "Game",
    "name": "无人",
    "schinese_name": "",
    "isfreeapp": "0",
    "change_number": "29016528",
    "update_time": "2025-05-16 12:24:51",
    "depot": {
        "228989": {
            "config": {
                "oslist": "windows"
            },
            "depotfromapp": "228980",
            "sharedinstall": "1"
        },
        "228990": {
            "config": {
                "oslist": "windows"
            },
            "depotfromapp": "228980",
            "sharedinstall": "1"
        },
        "3257491": {
            "config": {
                "oslist": "windows",
                "osarch": "64"
            },
            "manifests": {
                "public": {
                    "gid": "2015351871436811878",
                    "size": "4220093977",
                    "download": "4125307248"
                },
                "test": {
                    "gid": "2015351871436811878",
                    "size": "4220093977",
                    "download": "4125307248"
                }
            },
            "decryptionkey": "49a49dd4bafe6a82baffee9771b8b04a1e91ceaba88b8838bed47b0b5310c9b7"
        },
        "baselanguages": "schinese",
        "branches": {
            "public": {
                "buildid": "17820941",
                "timeupdated": "1742656014"
            },
            "test": {
                "buildid": "17820941",
                "description": "1",
                "timeupdated": "1742655055"
            }
        }
    }
}