{
    "appid": "3132850",
    "type": "Demo",
    "name": "Hark the Ghoul Demo",
    "schinese_name": "",
    "isfreeapp": "0",
    "change_number": "27729510",
    "update_time": "2025-03-01 11:48:46",
    "depot": {
        "3132851": {
            "manifests": {
                "public": {
                    "gid": "4390983853888403474",
                    "size": "506756816",
                    "download": "172307264"
                }
            },
            "decryptionkey": "4846c27fc16475d9f13f8c5cc8fda7eb7c2e44a89fa872a5cf15ce764fd80ff8"
        },
        "hasdepotsindlc": "0",
        "branches": {
            "public": {
                "buildid": "16092192",
                "timeupdated": "1729236896"
            }
        },
        "privatebranches": "1"
    }
}