{
    "appid": "3512200",
    "type": "Game",
    "name": "Forest Asylum",
    "schinese_name": "",
    "isfreeapp": "0",
    "change_number": "28479938",
    "update_time": "2025-04-15 13:09:30",
    "depot": {
        "228989": {
            "config": {
                "oslist": "windows"
            },
            "depotfromapp": "228980",
            "sharedinstall": "1"
        },
        "228990": {
            "config": {
                "oslist": "windows"
            },
            "depotfromapp": "228980",
            "sharedinstall": "1"
        },
        "3512201": {
            "config": {
                "language": "english",
                "oslist": "windows",
                "osarch": "64"
            },
            "manifests": {
                "public": {
                    "gid": "7441768951674549692",
                    "size": "2937422931",
                    "download": "2422399296"
                }
            },
            "decryptionkey": "e603952808c1b0f68eb2676f975c4551f2b16567892ac5329252a7560f9a71d5"
        },
        "branches": {
            "public": {
                "buildid": "17795922",
                "timeupdated": "1742482196"
            }
        }
    }
}