{
    "appid": "3121470",
    "type": "Game",
    "name": "Chroma Zero",
    "schinese_name": "色度零 Chroma Zero",
    "isfreeapp": "0",
    "change_number": "29034410",
    "update_time": "2025-05-17 07:44:52",
    "depot": {
        "228989": {
            "config": {
                "oslist": "windows"
            },
            "depotfromapp": "228980",
            "sharedinstall": "1"
        },
        "228990": {
            "config": {
                "oslist": "windows"
            },
            "depotfromapp": "228980",
            "sharedinstall": "1"
        },
        "3121471": {
            "config": {
                "oslist": "windows",
                "osarch": "64"
            },
            "manifests": {
                "public": {
                    "gid": "4279277526236864142",
                    "size": "766091547",
                    "download": "465737648"
                }
            },
            "decryptionkey": "2da989502fa59ac86714821bca3fcde97c340cef431773f2ce3889622cee2cbe"
        },
        "branches": {
            "public": {
                "buildid": "17643289",
                "timeupdated": "1741399021"
            }
        },
        "privatebranches": "1"
    }
}