{
    "appid": "3012530",
    "type": "Demo",
    "name": "Bella Wants Blood Demo",
    "schinese_name": "",
    "isfreeapp": "0",
    "change_number": "25381262",
    "update_time": "2024-09-25 14:42:12",
    "depot": {
        "3012531": {
            "config": {
                "oslist": "windows",
                "osarch": "64"
            },
            "manifests": {
                "public": {
                    "gid": "9053255007943588960",
                    "size": "155569640",
                    "download": "102039072"
                }
            },
            "decryptionkey": "fdd386bbf8aef36dffbab9488bd66b58df4d3a0389d67fd693ceaeb790810d50"
        },
        "3012532": {
            "config": {
                "oslist": "macos",
                "osarch": "64"
            },
            "manifests": {
                "public": {
                    "gid": "8094977249950045852",
                    "size": "222383289",
                    "download": "115526304"
                }
            },
            "decryptionkey": ""
        },
        "3012533": {
            "config": {
                "oslist": "linux",
                "osarch": "64"
            },
            "manifests": {
                "public": {
                    "gid": "2705769635245682037",
                    "size": "161939184",
                    "download": "103372368"
                }
            },
            "decryptionkey": ""
        },
        "branches": {
            "public": {
                "buildid": "15160127",
                "timeupdated": "1721980667"
            }
        }
    }
}