{
    "appid": "3260480",
    "type": "Demo",
    "name": "Second Sun Demo",
    "schinese_name": "",
    "isfreeapp": "0",
    "change_number": "26612301",
    "update_time": "2024-12-12 22:15:00",
    "depot": {
        "228989": {
            "config": {
                "oslist": "windows"
            },
            "depotfromapp": "228980",
            "sharedinstall": "1"
        },
        "228990": {
            "config": {
                "oslist": "windows"
            },
            "depotfromapp": "228980",
            "sharedinstall": "1"
        },
        "3260481": {
            "manifests": {
                "public": {
                    "gid": "2650283119420443945",
                    "size": "16677092170",
                    "download": "7447270016"
                }
            },
            "decryptionkey": "18732924784427151371e1a43839493b751f57603b0c9ac9adf2d1024c51d38b"
        },
        "branches": {
            "public": {
                "buildid": "16063687",
                "timeupdated": "1729093062"
            }
        }
    }
}