{
    "appid": "3064290",
    "type": "Game",
    "name": "Trizon",
    "schinese_name": "卡牌少女不会受伤 Trizon",
    "isfreeapp": "0",
    "change_number": "29048543",
    "update_time": "2025-05-18 20:15:57",
    "depot": {
        "baselanguages": "english,schinese",
        "3064291": {
            "config": {
                "oslist": "windows",
                "osarch": "64"
            },
            "manifests": {
                "public": {
                    "gid": "7100220192110143919",
                    "size": "346364832",
                    "download": "241480064"
                }
            },
            "decryptionkey": "44726536451c08d05f6f607caaabb1f1da65fab81da68b36824792727e8f759d"
        },
        "3064292": {
            "config": {
                "oslist": "macos"
            },
            "manifests": {
                "public": {
                    "gid": "4568045427174656806",
                    "size": "426677894",
                    "download": "258650944"
                }
            }
        },
        "branches": {
            "public": {
                "buildid": "18508455",
                "timeupdated": "1747570140"
            }
        }
    }
}