{
    "appid": "3439120",
    "type": "Demo",
    "name": "Void Echo Demo",
    "schinese_name": "虚空回响 试玩版",
    "isfreeapp": "0",
    "change_number": "28914734",
    "update_time": "2025-05-10 14:32:56",
    "depot": {
        "228989": {
            "config": {
                "oslist": "windows"
            },
            "depotfromapp": "228980",
            "sharedinstall": "1"
        },
        "228990": {
            "config": {
                "oslist": "windows"
            },
            "depotfromapp": "228980",
            "sharedinstall": "1"
        },
        "baselanguages": "english,schinese",
        "3439121": {
            "config": {
                "oslist": "windows"
            },
            "manifests": {
                "public": {
                    "gid": "7570262316499072540",
                    "size": "1861192343",
                    "download": "1543105552"
                }
            },
            "decryptionkey": "6be56a838240678afc22dfae5940d544c8adcce91b0923f3f63c9d632585f8f4"
        },
        "branches": {
            "public": {
                "buildid": "17287274",
                "timeupdated": "1738974277"
            }
        }
    }
}