{
    "appid": "3257810",
    "type": "Game",
    "name": "Come on,Fantasy baby!",
    "schinese_name": "进击吧，异次元美少女！",
    "isfreeapp": "0",
    "change_number": "27749126",
    "update_time": "2025-03-03 14:13:54",
    "depot": {
        "3257811": {
            "config": {
                "oslist": "windows"
            },
            "manifests": {
                "public": {
                    "gid": "841584262138275599",
                    "size": "25713279973",
                    "download": "25768141264"
                },
                "audit": {
                    "gid": "1755910088348903494",
                    "size": "5061011541",
                    "download": "4861691744"
                }
            },
            "decryptionkey": "251db9b7e9c9e14475ad194260636703e3ab8f0b6e3772708f1cfd61df8a702e"
        },
        "branches": {
            "public": {
                "buildid": "16481283",
                "timeupdated": "1732169585"
            },
            "audit": {
                "buildid": "15991436",
                "description": "Audit Branch",
                "timeupdated": "1728548200"
            }
        }
    },
    "access_token": 17749808837840357249
}