{
    "appid": "3137210",
    "type": "DLC",
    "name": "CUSTOM ORDER MAID 3D2 It's a Night Magic Midsummer Maid's Dream ALL in ONE Pack",
    "schinese_name": "",
    "isfreeapp": "0",
    "change_number": "24793674",
    "update_time": "2024-08-15 10:59:08",
    "depot": {
        "3137211": {
            "config": {
                "oslist": "windows",
                "osarch": "64"
            },
            "manifests": {
                "public": {
                    "gid": "1723548719786261840",
                    "size": "1497099415",
                    "download": "589333968"
                }
            },
            "dlcappid": "3137210",
            "decryptionkey": "4db74276a24eac5ff62509490dd97e7478c48a531cb41b22a7728e4b06090232"
        },
        "branches": {
            "public": {
                "buildid": "15194133",
                "timeupdated": "1722308260"
            }
        }
    }
}