{
    "appid": "3361220",
    "type": "Game",
    "name": "Watermelon Simulator",
    "schinese_name": "",
    "isfreeapp": "0",
    "change_number": "27312100",
    "update_time": "2025-02-05 02:15:07",
    "depot": {
        "228989": {
            "config": {
                "oslist": "windows"
            },
            "depotfromapp": "228980",
            "sharedinstall": "1"
        },
        "228990": {
            "config": {
                "oslist": "windows"
            },
            "depotfromapp": "228980",
            "sharedinstall": "1"
        },
        "3361221": {
            "config": {
                "oslist": "windows"
            },
            "manifests": {
                "public": {
                    "gid": "5025398795896710137",
                    "size": "905224055",
                    "download": "792484752"
                }
            },
            "decryptionkey": "5e7c39fb5c76246e2e3f4afd93638af52ac757db6278d2ee0effac4a3da1cc15"
        },
        "branches": {
            "public": {
                "buildid": "16737899",
                "timeupdated": "1734106951"
            }
        }
    }
}