{
    "appid": "2962580",
    "type": "Demo",
    "name": "神树残响 Demo",
    "schinese_name": "",
    "isfreeapp": "0",
    "change_number": "26611770",
    "update_time": "2024-12-12 21:41:53",
    "depot": {
        "2962581": {
            "manifests": {
                "public": {
                    "gid": "7451276586603535112",
                    "size": "3953507841",
                    "download": "3421102512"
                }
            },
            "decryptionkey": "64db91cc2064f5f62ff7971b6fc6baf8c94214b0e1b1617379182bf125917885"
        },
        "baselanguages": "schinese",
        "branches": {
            "public": {
                "buildid": "17467745",
                "timeupdated": "1740238199"
            }
        },
        "privatebranches": "1"
    }
}