{
    "appid": "3236320",
    "type": "Demo",
    "name": "Days with Evraco: The Blind witch in Blue Forest Demo",
    "schinese_name": "",
    "isfreeapp": "0",
    "change_number": "26719627",
    "update_time": "2024-12-20 03:04:59",
    "depot": {
        "3236321": {
            "config": {
                "oslist": "windows",
                "language": "english"
            },
            "manifests": {
                "public": {
                    "gid": "8156615034301919283",
                    "size": "627503774",
                    "download": "500101168"
                }
            },
            "decryptionkey": "79eb7da209798c86e7c0b3aa0bd1c6cf8a39e00d34f7d1b9299632d603abd340"
        },
        "branches": {
            "public": {
                "buildid": "16080530",
                "timeupdated": "1729166125"
            }
        }
    }
}