{
    "appid": "3536910",
    "type": "Game",
    "name": "Maniac Path 4",
    "schinese_name": "",
    "isfreeapp": "0",
    "change_number": "29036921",
    "update_time": "2025-05-17 13:14:19",
    "depot": {
        "3536911": {
            "manifests": {
                "public": {
                    "gid": "1153335057973226568",
                    "size": "240014623",
                    "download": "159491296"
                }
            },
            "decryptionkey": "7b5b816fbfe91dbadd8dfce374db70e6b55d65035347bf3b3d4f61169d1d83b5"
        },
        "branches": {
            "public": {
                "buildid": "17378040",
                "timeupdated": "1739628753"
            }
        }
    }
}