{
    "appid": "3176690",
    "type": "Demo",
    "name": "The Exit of Nightmare Demo",
    "schinese_name": "噩梦出口试玩版",
    "isfreeapp": "0",
    "change_number": "25833807",
    "update_time": "2024-10-22 15:30:07",
    "depot": {
        "3176691": {
            "manifests": {
                "public": {
                    "gid": "1240243469039605758",
                    "size": "2430602367",
                    "download": "895055024"
                }
            },
            "decryptionkey": "d1396e021618c58db4892bc468795133a1de4ec8c17b85d005953069b64763a4"
        },
        "baselanguages": "english",
        "branches": {
            "public": {
                "buildid": "15942931",
                "timeupdated": "1728183076"
            }
        }
    }
}