{
    "appid": "3127730",
    "type": "Demo",
    "name": "Selene's Unbearable Night Demo",
    "schinese_name": "",
    "isfreeapp": "0",
    "change_number": "24592733",
    "update_time": "2024-08-01 01:13:38",
    "depot": {
        "baselanguages": "english,schinese,russian,latam",
        "3127731": {
            "config": {
                "oslist": "windows",
                "osarch": "64"
            },
            "manifests": {
                "public": {
                    "gid": "6811080223253923096",
                    "size": "9746557374",
                    "download": "2700100544"
                }
            },
            "decryptionkey": "71c05a2861fcbb254d5470233eff1bcf491a6ad6f353ed74b6f6312457c22eca"
        },
        "branches": {
            "public": {
                "buildid": "15206912",
                "timeupdated": "1722390735"
            }
        }
    }
}