{
    "appid": "3242260",
    "type": "Demo",
    "name": "Banisher Demo",
    "schinese_name": "",
    "isfreeapp": "0",
    "change_number": "25919885",
    "update_time": "2024-10-27 23:35:21",
    "depot": {
        "3242261": {
            "manifests": {
                "public": {
                    "gid": "9116480431757133778",
                    "size": "4433384394",
                    "download": "2278446032"
                }
            },
            "decryptionkey": "96de8800256b69f77d9803d1d2ac262b0ab8263a2fdb60bb0da0d00296daaf92"
        },
        "branches": {
            "public": {
                "buildid": "16197974",
                "timeupdated": "1730043318"
            }
        }
    }
}