{
    "appid": "3155810",
    "type": "Game",
    "name": "Holo Pop",
    "schinese_name": "",
    "isfreeapp": "0",
    "change_number": "27882148",
    "update_time": "2025-03-11 09:23:26",
    "depot": {
        "3155811": {
            "manifests": {
                "public": {
                    "gid": "6334469046992501729",
                    "size": "1197694914",
                    "download": "394589664"
                }
            },
            "decryptionkey": "68ae12f81673db29b6e5fb12f34b61d99b28f100b8caac46f0d5b2fd62ba627c"
        },
        "branches": {
            "public": {
                "buildid": "15739188",
                "timeupdated": "1726646920"
            }
        }
    }
}