{
    "appid": "3094220",
    "type": "Game",
    "name": "Myst of Guatemala",
    "schinese_name": "危地马拉之谜",
    "isfreeapp": "0",
    "change_number": "26778194",
    "update_time": "2024-12-25 11:59:49",
    "depot": {
        "3094221": {
            "manifests": {
                "public": {
                    "gid": "1039161632675204345",
                    "size": "604004066",
                    "download": "219206032"
                }
            },
            "decryptionkey": "67bbc78d518385d6bab23e835ff35366cebef777a342e2e78a24790dd1c4120f"
        },
        "branches": {
            "public": {
                "buildid": "15147438",
                "timeupdated": "1721895249"
            }
        }
    }
}