{
    "appid": "2995280",
    "type": "Demo",
    "name": "Clothing Store Simulator Demo",
    "schinese_name": "服装店模拟:试玩版",
    "isfreeapp": "0",
    "change_number": "27456462",
    "update_time": "2025-02-13 17:55:51",
    "depot": {
        "2995281": {
            "config": {
                "oslist": "windows",
                "osarch": "64"
            },
            "manifests": {
                "public": {
                    "gid": "6350416144021931317",
                    "size": "6760110819",
                    "download": "2766191744"
                }
            },
            "decryptionkey": "4a58f05a944e0f47fb7f3c595a8abc4c336677b2e5bbf0095a6046669588aeb2"
        },
        "branches": {
            "public": {
                "buildid": "14735515",
                "timeupdated": "1718645202"
            }
        },
        "privatebranches": "1"
    }
}