{
    "appid": "3419950",
    "type": "Game",
    "name": "A Very Merry Nightmare",
    "schinese_name": "",
    "isfreeapp": "1",
    "change_number": "28828571",
    "update_time": "2025-05-06 03:30:06",
    "depot": {
        "228989": {
            "config": {
                "oslist": "windows"
            },
            "depotfromapp": "228980",
            "sharedinstall": "1"
        },
        "228990": {
            "config": {
                "oslist": "windows"
            },
            "depotfromapp": "228980",
            "sharedinstall": "1"
        },
        "baselanguages": "english",
        "3419951": {
            "config": {
                "language": "english",
                "oslist": "windows"
            },
            "manifests": {
                "public": {
                    "gid": "3123853393334368747",
                    "size": "8955849557",
                    "download": "8753920688"
                }
            },
            "decryptionkey": "ae513748db593e54c947c06439ffb186f82522115b8a76d117b59e9f79b8450d"
        },
        "branches": {
            "public": {
                "buildid": "17411934",
                "timeupdated": "1739905361"
            }
        }
    }
}