{
    "appid": "3277440",
    "type": "Demo",
    "name": "Hope Isle Demo",
    "schinese_name": "",
    "isfreeapp": "0",
    "change_number": "26779537",
    "update_time": "2024-12-25 16:32:39",
    "depot": {
        "baselanguages": "english,schinese",
        "3277441": {
            "config": {
                "oslist": "windows",
                "osarch": "64"
            },
            "manifests": {
                "public": {
                    "gid": "758085453963048949",
                    "size": "3550909753",
                    "download": "196010512"
                }
            },
            "decryptionkey": "c2e606db33ba64ffa04651f217a4b6c3498928ebc75c6d3cb008227c70eee086"
        },
        "branches": {
            "public": {
                "buildid": "16847865",
                "timeupdated": "1735115556"
            }
        }
    }
}