{
    "appid": "3011440",
    "type": "Game",
    "name": "CLICKOLDING",
    "schinese_name": "",
    "isfreeapp": "0",
    "change_number": "29019622",
    "update_time": "2025-05-16 16:16:00",
    "depot": {
        "228989": {
            "config": {
                "oslist": "windows"
            },
            "depotfromapp": "228980",
            "sharedinstall": "1"
        },
        "228990": {
            "config": {
                "oslist": "windows"
            },
            "depotfromapp": "228980",
            "sharedinstall": "1"
        },
        "3011441": {
            "manifests": {
                "public": {
                    "gid": "7906348021214203647",
                    "size": "1156287484",
                    "download": "1000044608"
                }
            },
            "decryptionkey": "5894cdfd02ee8ca54b8128ba76da4a550083907320ded4331482d29f23a2e9ac"
        },
        "branches": {
            "public": {
                "buildid": "15246250",
                "timeupdated": "1722645426"
            }
        },
        "privatebranches": "1"
    }
}