{
    "appid": "3475280",
    "type": "Demo",
    "name": "缚戎人：唐建中十三年 Demo",
    "schinese_name": "",
    "isfreeapp": "0",
    "change_number": "27492059",
    "update_time": "2025-02-15 15:32:40",
    "depot": {
        "3475281": {
            "manifests": {
                "public": {
                    "gid": "7741000518471158962",
                    "size": "1094913591",
                    "download": "898060416"
                }
            },
            "decryptionkey": "7ca569fd6d5fd502c9643e5bbba6d5a252635d062a1a9e7ba91e932628d1bb00"
        },
        "baselanguages": "schinese",
        "branches": {
            "public": {
                "buildid": "17376155",
                "timeupdated": "1739604755"
            }
        }
    }
}