{
    "appid": "3272520",
    "type": "Demo",
    "name": "BrokenLore: LOW Demo",
    "schinese_name": "破碎怪谈：雾雨村 试玩版",
    "isfreeapp": "0",
    "change_number": "27308538",
    "update_time": "2025-02-04 22:42:12",
    "depot": {
        "228989": {
            "config": {
                "oslist": "windows"
            },
            "depotfromapp": "228980",
            "sharedinstall": "1"
        },
        "228990": {
            "config": {
                "oslist": "windows"
            },
            "depotfromapp": "228980",
            "sharedinstall": "1"
        },
        "3272521": {
            "manifests": {
                "public": {
                    "gid": "2960773551182514474",
                    "size": "13658508725",
                    "download": "12864829888"
                }
            },
            "decryptionkey": "111537a10681861b245a21533c0968f91df9dfff7cf75a6f02fec924ffe3534b"
        },
        "branches": {
            "public": {
                "buildid": "17238938",
                "timeupdated": "1738680126"
            }
        }
    }
}