{
    "appid": "3054090",
    "type": "Game",
    "name": "Idle Tower Defense",
    "schinese_name": "懒人塔防",
    "isfreeapp": "0",
    "change_number": "28378137",
    "update_time": "2025-04-09 11:11:45",
    "depot": {
        "3054091": {
            "manifests": {
                "public": {
                    "gid": "5573480917523561973",
                    "size": "997301755",
                    "download": "115379376"
                }
            },
            "decryptionkey": "fd32efd0fb975126498e8da15b9bb0982a950ae09ddb13efe97ec653076c0cbf"
        },
        "baselanguages": "english,schinese",
        "branches": {
            "public": {
                "buildid": "16927829",
                "timeupdated": "1736252266"
            }
        },
        "privatebranches": "1"
    }
}