{
    "appid": "3170190",
    "type": "DLC",
    "name": "Lyndaria: Lust Adventure - Spicy Wallpapers",
    "schinese_name": "",
    "isfreeapp": "0",
    "change_number": "26707121",
    "update_time": "2024-12-19 12:18:38",
    "depot": {
        "3170190": {
            "manifests": {
                "public": {
                    "gid": "6087689009749838606",
                    "size": "436982692",
                    "download": "429498976"
                }
            },
            "dlcappid": "3170190",
            "decryptionkey": "393ad3c1b0055dbdb6e5a1f626b188486bcc4cb42e1b9f59c5e64ee1928e5b6b"
        },
        "branches": {
            "public": {
                "buildid": "15730900",
                "timeupdated": "1726587340"
            }
        }
    }
}