{
    "appid": "3043870",
    "type": "Demo",
    "name": "Disney Epic Mickey: Rebrushed - Demo",
    "schinese_name": "",
    "isfreeapp": "0",
    "change_number": "27093457",
    "update_time": "2025-01-21 21:07:06",
    "depot": {
        "228988": {
            "config": {
                "oslist": "windows"
            },
            "depotfromapp": "228980",
            "sharedinstall": "1"
        },
        "228989": {
            "config": {
                "oslist": "windows"
            },
            "depotfromapp": "228980",
            "sharedinstall": "1"
        },
        "228990": {
            "config": {
                "oslist": "windows"
            },
            "depotfromapp": "228980",
            "sharedinstall": "1"
        },
        "3043871": {
            "manifests": {
                "public": {
                    "gid": "3904813087784560526",
                    "size": "6229704501",
                    "download": "5852595568"
                }
            },
            "decryptionkey": "7e6ee76d23301bf2fff2965c34cf5dcd3c5e367f3006052d6a6320f8da4615eb"
        },
        "branches": {
            "public": {
                "buildid": "15768111",
                "timeupdated": "1727171356"
            }
        },
        "privatebranches": "1"
    }
}