{
    "appid": "3085730",
    "type": "Game",
    "name": "Bulletrooms",
    "schinese_name": "",
    "isfreeapp": "0",
    "change_number": "24510197",
    "update_time": "2024-07-25 23:10:39",
    "depot": {
        "228989": {
            "config": {
                "oslist": "windows"
            },
            "depotfromapp": "228980",
            "sharedinstall": "1"
        },
        "228990": {
            "config": {
                "oslist": "windows"
            },
            "depotfromapp": "228980",
            "sharedinstall": "1"
        },
        "3085731": {
            "manifests": {
                "public": {
                    "gid": "4175568713534449458",
                    "size": "3395883736",
                    "download": "1454887936"
                }
            },
            "decryptionkey": "a2df9a2d4ba66762557ab66f963bf55053b2565df8c7a67e01a17b5405f2f687"
        },
        "branches": {
            "public": {
                "buildid": "14896596",
                "timeupdated": "1719850876"
            }
        }
    }
}