{
    "appid": "2978220",
    "type": "Game",
    "name": "OneKind",
    "schinese_name": "",
    "isfreeapp": "1",
    "change_number": "28788285",
    "update_time": "2025-05-02 23:48:30",
    "depot": {
        "228988": {
            "config": {
                "oslist": "windows"
            },
            "depotfromapp": "228980",
            "sharedinstall": "1"
        },
        "2978221": {
            "manifests": {
                "public": {
                    "gid": "150117640366060632",
                    "size": "982773150",
                    "download": "190939136"
                }
            },
            "decryptionkey": "6320a81024dd63f6403a12ad1925b4de1ec1fa8b85f7ec04be518f79a8033db2"
        },
        "baselanguages": "english,german,schinese,russian,turkish",
        "branches": {
            "public": {
                "buildid": "18323518",
                "timeupdated": "1746200904"
            }
        }
    }
}