{
    "appid": "2977070",
    "type": "Game",
    "name": "Architect Simulator",
    "schinese_name": "",
    "isfreeapp": "0",
    "change_number": "28206545",
    "update_time": "2025-03-29 22:13:15",
    "depot": {
        "2977071": {
            "manifests": {
                "public": {
                    "gid": "1473215382881409716",
                    "size": "4375954332",
                    "download": "3335025376"
                },
                "old_stable": {
                    "gid": "2520880824214066842",
                    "size": "4388316068",
                    "download": "3334982976"
                }
            },
            "decryptionkey": "a46d19ec372a5ce4ff4dc1fc781e0c3150ec0ab4025eb8c05d9a3f4a486b4cc9"
        },
        "branches": {
            "public": {
                "buildid": "16871757",
                "timeupdated": "1735509803"
            },
            "old_stable": {
                "buildid": "16864920",
                "description": "Stable old version",
                "timeupdated": "1735509819"
            }
        },
        "privatebranches": "1"
    }
}