{
    "appid": "2945220",
    "type": "Game",
    "name": "Wizard of Wings",
    "schinese_name": "",
    "isfreeapp": "0",
    "change_number": "29015434",
    "update_time": "2025-05-16 10:42:43",
    "depot": {
        "2945221": {
            "manifests": {
                "public": {
                    "gid": "4556635434407517365",
                    "size": "5745196445",
                    "download": "1460150224"
                }
            },
            "decryptionkey": "f391bdfb8e7c29e86a702f9e5e3d1a7a55858873210e2d3192a2b6511d53c9b9"
        },
        "baselanguages": "english,german,french,italian,koreana,spanish,schinese,tchinese,russian,japanese,portuguese,polish,turkish,ukrainian,indonesian",
        "branches": {
            "public": {
                "buildid": "16405675",
                "timeupdated": "1731585902"
            }
        }
    }
}