{
    "appid": "3109000",
    "type": "Game",
    "name": "I'm Not Crazy",
    "schinese_name": "",
    "isfreeapp": "0",
    "change_number": "26986251",
    "update_time": "2025-01-14 16:49:53",
    "depot": {
        "3109001": {
            "manifests": {
                "public": {
                    "gid": "4245179430573731365",
                    "size": "67090842",
                    "download": "34038656"
                }
            },
            "decryptionkey": "c2107271672d8a49237c8ff469b1f4f64ef691dbb32e371caaa1b141017c8198"
        },
        "baselanguages": "english",
        "branches": {
            "public": {
                "buildid": "16587595",
                "timeupdated": "1732967972"
            }
        }
    }
}