{
    "appid": "3308000",
    "type": "Demo",
    "name": "IN THE FACADE WE TRUST™ Demo",
    "schinese_name": "",
    "isfreeapp": "0",
    "change_number": "27109579",
    "update_time": "2025-01-22 18:00:20",
    "depot": {
        "228989": {
            "config": {
                "oslist": "windows"
            },
            "depotfromapp": "228980",
            "sharedinstall": "1"
        },
        "228990": {
            "config": {
                "oslist": "windows"
            },
            "depotfromapp": "228980",
            "sharedinstall": "1"
        },
        "3308001": {
            "manifests": {
                "public": {
                    "gid": "7693587352818211716",
                    "size": "1271913090",
                    "download": "1119773088"
                }
            },
            "decryptionkey": "cd1de533d044ea57f5c7e1061f95c26d7704de9e357301b9b529c113f7cd69ab"
        },
        "branches": {
            "public": {
                "buildid": "16431139",
                "timeupdated": "1731766865"
            }
        }
    }
}