{
    "appid": "3243990",
    "type": "Game",
    "name": "MagicTowerReset",
    "schinese_name": "魔塔重制版",
    "isfreeapp": "0",
    "change_number": "25727739",
    "update_time": "2024-10-15 20:17:29",
    "depot": {
        "3243991": {
            "manifests": {
                "public": {
                    "gid": "8111037601056601792",
                    "size": "264579830",
                    "download": "47080464"
                }
            },
            "decryptionkey": "68be552c9ea36c3c307a54ca25e8fd6335c04184fe46b8f12718ac620cc1648b"
        },
        "branches": {
            "public": {
                "buildid": "16051372",
                "timeupdated": "1728994646"
            }
        }
    }
}