{
    "appid": "3229170",
    "type": "Game",
    "name": "Egg Squeeze",
    "schinese_name": "",
    "isfreeapp": "0",
    "change_number": "29016468",
    "update_time": "2025-05-16 12:19:17",
    "depot": {
        "3229171": {
            "manifests": {
                "public": {
                    "gid": "6860894402733282451",
                    "size": "269130212",
                    "download": "199786912"
                }
            },
            "decryptionkey": "16f7553d802bf5685eaa14b6b49782454f2afff590bfd50fd3bdd54538dc8d63"
        },
        "branches": {
            "public": {
                "buildid": "15962246",
                "timeupdated": "1728361222"
            }
        },
        "privatebranches": "1"
    }
}