{
    "appid": "3173890",
    "type": "Game",
    "name": "开局五个亿",
    "schinese_name": "开局五个亿",
    "isfreeapp": "0",
    "change_number": "28095249",
    "update_time": "2025-03-23 19:19:50",
    "depot": {
        "baselanguages": "english,koreana,schinese,tchinese,thai,japanese",
        "hasdepotsindlc": "1",
        "3173891": {
            "manifests": {
                "public": {
                    "gid": "1311589090761877177",
                    "size": "28366559058",
                    "download": "26905448992"
                }
            },
            "decryptionkey": "b1b0dca7170ade96885117a42fb8cd65a82b965146f10583c9bf5622002843dc"
        },
        "branches": {
            "public": {
                "buildid": "16146963",
                "timeupdated": "1729667226"
            }
        },
        "privatebranches": "1"
    }
}