{
    "appid": "3216920",
    "type": "DLC",
    "name": "Operation: Polygon Storm - The Train DLC",
    "schinese_name": "《兵团突击：现代战争》 - 列车DLC",
    "isfreeapp": "0",
    "change_number": "25300244",
    "update_time": "2024-09-19 23:00:31",
    "depot": {
        "3216920": {
            "dlcappid": "3216920",
            "manifests": {
                "public": {
                    "gid": "1959311622830266551",
                    "size": "5952",
                    "download": "1424"
                }
            },
            "decryptionkey": "131bb568d2ac6ea3be6f1e2582df787b3f05f1a23b6461559434587b056d7aef"
        },
        "branches": {
            "public": {
                "buildid": "15744711",
                "timeupdated": "1726674244"
            }
        }
    }
}