{
    "appid": "3279510",
    "type": "Demo",
    "name": "Metrophobia Demo",
    "schinese_name": "",
    "isfreeapp": "0",
    "change_number": "25809306",
    "update_time": "2024-10-21 00:51:46",
    "depot": {
        "3279511": {
            "manifests": {
                "public": {
                    "gid": "3069097596739782477",
                    "size": "733254493",
                    "download": "296757168"
                }
            },
            "decryptionkey": "c2eeccef133abd255db712c337503be459a6d76db257c810d87ca08cb7f92514"
        },
        "branches": {
            "public": {
                "buildid": "16114053",
                "timeupdated": "1729443103"
            }
        }
    }
}