{
    "appid": "3136260",
    "type": "Game",
    "name": "Wowo Island",
    "schinese_name": "窝窝岛历险记",
    "isfreeapp": "0",
    "change_number": "24873319",
    "update_time": "2024-08-21 09:46:36",
    "depot": {
        "228988": {
            "config": {
                "oslist": "windows"
            },
            "depotfromapp": "228980",
            "sharedinstall": "1"
        },
        "228989": {
            "config": {
                "oslist": "windows"
            },
            "depotfromapp": "228980",
            "sharedinstall": "1"
        },
        "228990": {
            "config": {
                "oslist": "windows"
            },
            "depotfromapp": "228980",
            "sharedinstall": "1"
        },
        "3136261": {
            "manifests": {
                "public": {
                    "gid": "6731318140197175368",
                    "size": "2713973307",
                    "download": "2499182528"
                }
            },
            "decryptionkey": "bc05e70825c797452ba85706cf54aba0eaae6538500d1b336e565f4cf515c2fa"
        },
        "baselanguages": "english,schinese",
        "branches": {
            "public": {
                "buildid": "15410325",
                "timeupdated": "1723974572"
            }
        }
    }
}