{
    "appid": "3008270",
    "type": "Game",
    "name": "Tree of Sacrifice 献祭之树",
    "schinese_name": "",
    "isfreeapp": "0",
    "change_number": "28810060",
    "update_time": "2025-05-04 21:35:30",
    "depot": {
        "baselanguages": "schinese",
        "3008271": {
            "config": {
                "oslist": "windows",
                "osarch": "64"
            },
            "manifests": {
                "public": {
                    "gid": "5200556940716036246",
                    "size": "580093840",
                    "download": "438556608"
                }
            },
            "decryptionkey": "2e2602c5e78f2281130b31df7f8717fada00d83b2f62ecc8f8be0c367f3846a7"
        },
        "hasdepotsindlc": "0",
        "branches": {
            "public": {
                "buildid": "18338074",
                "timeupdated": "1746365726"
            }
        }
    }
}