{
    "appid": "2991720",
    "type": "Demo",
    "name": "Haunted Bloodlines Demo",
    "schinese_name": "",
    "isfreeapp": "0",
    "change_number": "25123442",
    "update_time": "2024-09-08 03:21:39",
    "depot": {
        "2991721": {
            "manifests": {
                "public": {
                    "gid": "6007084568183551672",
                    "size": "6861286473",
                    "download": "2771115040"
                }
            },
            "decryptionkey": "326458961626ecb4ab0d0b14ebeb80a4fb6915334ebc6f272a6e5a74ec30e881"
        },
        "baselanguages": "english",
        "branches": {
            "public": {
                "buildid": "15626912",
                "timeupdated": "1725736894"
            }
        }
    }
}