{
    "appid": "2963510",
    "type": "Game",
    "name": "In Search Of You",
    "schinese_name": "夜店高手之御女心经",
    "isfreeapp": "0",
    "change_number": "28914299",
    "update_time": "2025-05-10 13:32:47",
    "depot": {
        "2963511": {
            "config": {
                "oslist": "windows"
            },
            "manifests": {
                "public": {
                    "gid": "6234746374850881966",
                    "size": "16931880695",
                    "download": "16953665040"
                }
            },
            "decryptionkey": "1a4edf150a903a02f6a3a1167f48926447f68b1fd7d367e1583284e80f07fb68"
        },
        "baselanguages": "english,schinese,tchinese",
        "branches": {
            "public": {
                "buildid": "15084241",
                "timeupdated": "1721371004"
            }
        }
    }
}