{
    "appid": "3279180",
    "type": "Demo",
    "name": "Only Up: LIZARDS MUST FALL Demo",
    "schinese_name": "",
    "isfreeapp": "0",
    "change_number": "28599375",
    "update_time": "2025-04-22 18:59:39",
    "depot": {
        "228989": {
            "config": {
                "oslist": "windows"
            },
            "depotfromapp": "228980",
            "sharedinstall": "1"
        },
        "228990": {
            "config": {
                "oslist": "windows"
            },
            "depotfromapp": "228980",
            "sharedinstall": "1"
        },
        "3279181": {
            "manifests": {
                "public": {
                    "gid": "4246558040120604496",
                    "size": "3606380100",
                    "download": "3351835968"
                }
            },
            "decryptionkey": "92add3320ceadac763ed8b490fbb5bfaf5e02e39de2ce1de0b4fd162eb26e4dd"
        },
        "branches": {
            "public": {
                "buildid": "16600904",
                "timeupdated": "1733144468"
            }
        },
        "privatebranches": "1"
    }
}