{
    "appid": "3041090",
    "type": "Music",
    "name": "彼方的她-Aliya 音画集",
    "schinese_name": "彼方的她-Aliya 音画集",
    "isfreeapp": "0",
    "change_number": "28994635",
    "update_time": "2025-05-15 12:12:31",
    "depot": {
        "3041091": {
            "config": {
                "highqualityaudio": "1"
            },
            "manifests": {
                "public": {
                    "gid": "6083090935924446282",
                    "size": "500081825",
                    "download": "442067568"
                }
            },
            "decryptionkey": "37bc468045c4960ea4fb5d62ca79ecc5b2d47d945fe60bc48f27121beb934078"
        },
        "3041092": {
            "manifests": {
                "public": {
                    "gid": "4865095073877896739",
                    "size": "232544273",
                    "download": "232670736"
                }
            },
            "decryptionkey": "a0bf08b76d6cf0c86ddc6aa2f7e24077e20e3c575c57f375b5b4ce9cec9ad98e"
        },
        "branches": {
            "public": {
                "buildid": "17582895",
                "timeupdated": "1741056052"
            }
        }
    }
}