{
    "appid": "3016980",
    "type": "Game",
    "name": "LoveLove Quiz",
    "schinese_name": "",
    "isfreeapp": "0",
    "change_number": "26189040",
    "update_time": "2024-11-14 16:27:20",
    "depot": {
        "3016981": {
            "manifests": {
                "public": {
                    "gid": "1338555334762290785",
                    "size": "388846895",
                    "download": "140708000"
                }
            },
            "decryptionkey": "0d1fedf232c9c531a4682d3e86550ef805ccd6779c03233894001a9fb329fe9e"
        },
        "baselanguages": "english,tchinese",
        "branches": {
            "public": {
                "buildid": "15010314",
                "timeupdated": "1720876532"
            }
        }
    }
}