{
    "appid": "3133860",
    "type": "Tool",
    "name": "Slipstream Workshop Tools",
    "schinese_name": "",
    "isfreeapp": "0",
    "change_number": "27264779",
    "update_time": "2025-02-01 11:15:45",
    "depot": {
        "3133862": {
            "config": {
                "oslist": "windows",
                "osarch": "64"
            },
            "manifests": {
                "public": {
                    "gid": "1733596185947625633",
                    "size": "35545650",
                    "download": "10198800"
                }
            },
            "decryptionkey": "e9ba6354f820020e9abcf51dc4139e01301ae1dd1a3ea45fe261f9a09d8f937e"
        },
        "3133863": {
            "config": {
                "oslist": "linux"
            },
            "manifests": {
                "public": {
                    "gid": "3211956237397117363",
                    "size": "30652318",
                    "download": "8010352"
                }
            },
            "decryptionkey": "992126c8af4f9bca32464d0460da8af4dcf19b4966cd2c739b5a0e2fbb257925"
        },
        "workshopdepot": "3133860",
        "branches": {
            "public": {
                "buildid": "17207280",
                "timeupdated": "1738379741"
            }
        },
        "workshopdepotdecryptionkey": ""
    }
}