{
    "appid": "3057350",
    "type": "Game",
    "name": "PhobLack",
    "schinese_name": "",
    "isfreeapp": "0",
    "change_number": "26268254",
    "update_time": "2024-11-20 04:24:48",
    "depot": {
        "228989": {
            "config": {
                "oslist": "windows"
            },
            "depotfromapp": "228980",
            "sharedinstall": "1"
        },
        "228990": {
            "config": {
                "oslist": "windows"
            },
            "depotfromapp": "228980",
            "sharedinstall": "1"
        },
        "3057351": {
            "manifests": {
                "public": {
                    "gid": "1214784059017079435",
                    "size": "2657735204",
                    "download": "2508476048"
                }
            },
            "decryptionkey": "ba718ea0694d9adcf7253aa5c558de5431b7d8b203145dfd27de69fdd477395c"
        },
        "branches": {
            "public": {
                "buildid": "15340446",
                "timeupdated": "1723457465"
            }
        }
    }
}