{
    "appid": "3169800",
    "type": "Game",
    "name": "Lust Sisters",
    "schinese_name": "乔甜和她的闺蜜们（一般向）",
    "isfreeapp": "0",
    "change_number": "28835730",
    "update_time": "2025-05-06 14:47:35",
    "depot": {
        "3169801": {
            "manifests": {
                "public": {
                    "gid": "2687238492840622705",
                    "size": "254878466",
                    "download": "94759888"
                }
            },
            "decryptionkey": "26b9e710edecdb1e5da74962e370f95bb3aaab35b08d0619d61131e5ac71c6d7"
        },
        "branches": {
            "public": {
                "buildid": "16742878",
                "timeupdated": "1734356052"
            }
        },
        "privatebranches": "1"
    }
}