{
    "appid": "3044550",
    "type": "Game",
    "name": "Eldrea: SEX Saga 🔞",
    "schinese_name": "",
    "isfreeapp": "0",
    "change_number": "29015909",
    "update_time": "2025-05-16 11:24:44",
    "depot": {
        "3044551": {
            "config": {
                "oslist": "windows,linux"
            },
            "manifests": {
                "public": {
                    "gid": "5754558447758921740",
                    "size": "3857302055",
                    "download": "2239521760"
                }
            },
            "decryptionkey": "0e2d106c15c99f7de40b6c155b15b1efbf330fc9d39caa929949b6af82b97c6d"
        },
        "3044552": {
            "config": {
                "oslist": "macos"
            },
            "manifests": {
                "public": {
                    "gid": "372776007079121461",
                    "size": "3848276392",
                    "download": "2233950032"
                }
            }
        },
        "branches": {
            "public": {
                "buildid": "15812038",
                "timeupdated": "1727258284"
            }
        },
        "privatebranches": "1"
    }
}