{
    "appid": "3009900",
    "type": "Game",
    "name": "動作不良 - System Malfunction -",
    "schinese_name": "动作失灵 - System Malfunction -",
    "isfreeapp": "0",
    "change_number": "28339266",
    "update_time": "2025-04-07 12:16:59",
    "depot": {
        "baselanguages": "english,koreana,schinese,japanese",
        "228989": {
            "config": {
                "oslist": "windows"
            },
            "depotfromapp": "228980",
            "sharedinstall": "1"
        },
        "228990": {
            "config": {
                "oslist": "windows"
            },
            "depotfromapp": "228980",
            "sharedinstall": "1"
        },
        "3009901": {
            "manifests": {
                "public": {
                    "gid": "1987948323166399289",
                    "size": "850014428",
                    "download": "669166032"
                }
            },
            "decryptionkey": "f8cab3c1d2f9a78c1327ac453e368e689c611febde32f4a207da5cc741e6fed3"
        },
        "branches": {
            "public": {
                "buildid": "15046315",
                "timeupdated": "1721115941"
            }
        }
    }
}