{
    "appid": "3722670",
    "type": "Demo",
    "name": "One Man´s Trash Demo",
    "schinese_name": "",
    "isfreeapp": "0",
    "change_number": "28944267",
    "update_time": "2025-05-13 01:17:35",
    "depot": {
        "228989": {
            "config": {
                "oslist": "windows"
            },
            "depotfromapp": "228980",
            "sharedinstall": "1"
        },
        "228990": {
            "config": {
                "oslist": "windows"
            },
            "depotfromapp": "228980",
            "sharedinstall": "1"
        },
        "3722671": {
            "manifests": {
                "public": {
                    "gid": "2236901825186362924",
                    "size": "726632324",
                    "download": "551532752"
                }
            },
            "decryptionkey": "bde06a6cd847522d5fece3ec5f059bbaf23aa787399a2c6d3e2a5cb3bbf71aa3"
        },
        "branches": {
            "public": {
                "buildid": "18430961",
                "timeupdated": "1747062236"
            }
        }
    }
}