{
    "appid": "3108720",
    "type": "Game",
    "name": "Silent:Abandoned",
    "schinese_name": "",
    "isfreeapp": "0",
    "change_number": "29006337",
    "update_time": "2025-05-15 23:58:52",
    "depot": {
        "baselanguages": "english,german,french,spanish,russian,portuguese,turkish,arabic",
        "228989": {
            "config": {
                "oslist": "windows"
            },
            "depotfromapp": "228980",
            "sharedinstall": "1"
        },
        "228990": {
            "config": {
                "oslist": "windows"
            },
            "depotfromapp": "228980",
            "sharedinstall": "1"
        },
        "3108721": {
            "config": {
                "oslist": "windows",
                "osarch": "64"
            },
            "manifests": {
                "public": {
                    "gid": "9181745149300637015",
                    "size": "2081703267",
                    "download": "1966957104"
                }
            },
            "decryptionkey": "71e6c021f32a127e8ca56575ce725fe840dae530e4b5600fc6a574a4e408ca8c"
        },
        "branches": {
            "public": {
                "buildid": "17146727",
                "timeupdated": "1737991988"
            }
        }
    }
}