{
    "appid": "2981670",
    "type": "Demo",
    "name": "The King is Watching Demo",
    "schinese_name": "",
    "isfreeapp": "0",
    "change_number": "28872112",
    "update_time": "2025-05-08 08:14:30",
    "depot": {
        "228989": {
            "config": {
                "oslist": "windows"
            },
            "depotfromapp": "228980",
            "sharedinstall": "1"
        },
        "228990": {
            "config": {
                "oslist": "windows"
            },
            "depotfromapp": "228980",
            "sharedinstall": "1"
        },
        "2981671": {
            "manifests": {
                "public": {
                    "gid": "7983216217267092943",
                    "size": "144653761",
                    "download": "104849328"
                }
            },
            "decryptionkey": "1b58e14d917a10caa557452bb38b652fa76224989c771f61c5356eb1227ba1f5"
        },
        "branches": {
            "public": {
                "buildid": "17595051",
                "timeupdated": "1741124319"
            }
        },
        "privatebranches": "1"
    }
}