{
    "appid": "3162920",
    "type": "Game",
    "name": "Forest 6174",
    "schinese_name": "",
    "isfreeapp": "0",
    "change_number": "29006621",
    "update_time": "2025-05-16 00:12:42",
    "depot": {
        "228989": {
            "config": {
                "oslist": "windows"
            },
            "depotfromapp": "228980",
            "sharedinstall": "1"
        },
        "228990": {
            "config": {
                "oslist": "windows"
            },
            "depotfromapp": "228980",
            "sharedinstall": "1"
        },
        "229007": {
            "config": {
                "oslist": "windows"
            },
            "depotfromapp": "228980",
            "sharedinstall": "1"
        },
        "3162921": {
            "manifests": {
                "public": {
                    "gid": "5321099619521462961",
                    "size": "3502204133",
                    "download": "3395584960"
                }
            },
            "decryptionkey": "e13569dc04cf2da0fb6e7df7392779ffa57cac35213ac20e9d79cd429ff46d6f"
        },
        "branches": {
            "public": {
                "buildid": "18445141",
                "timeupdated": "1747141910"
            }
        }
    }
}