{
    "appid": "2957800",
    "type": "Game",
    "name": "PROXIMATE",
    "schinese_name": "",
    "isfreeapp": "0",
    "change_number": "29005409",
    "update_time": "2025-05-15 23:10:47",
    "depot": {
        "2957801": {
            "config": {
                "oslist": "windows"
            },
            "manifests": {
                "public": {
                    "gid": "8323986443562893838",
                    "size": "130196849",
                    "download": "39640368"
                }
            },
            "decryptionkey": "41b2a6fd3d4e2ba5542473816388869eaaec83730bf37f799c96eb81612eeace"
        },
        "2957802": {
            "config": {
                "oslist": "macos"
            },
            "manifests": {
                "public": {
                    "gid": "7989445941246323020",
                    "size": "155906701",
                    "download": "47231696"
                }
            }
        },
        "2957803": {
            "config": {
                "oslist": "linux"
            },
            "manifests": {
                "public": {
                    "gid": "4054957043215024351",
                    "size": "129998330",
                    "download": "38413152"
                }
            }
        },
        "branches": {
            "public": {
                "buildid": "16328367",
                "timeupdated": "1730987776"
            }
        }
    }
}