{
    "appid": "3358120",
    "type": "DLC",
    "name": "WARRIORS: Abyss - 5,000 Karma Embers",
    "schinese_name": "无双深渊 - 5000个实用道具“业萤火”",
    "isfreeapp": "0",
    "change_number": "27473638",
    "update_time": "2025-02-14 14:08:51",
    "depot": {
        "3358120": {
            "manifests": {
                "public": {
                    "gid": "7983060936108053808",
                    "size": "16",
                    "download": "64"
                }
            },
            "dlcappid": "3358120",
            "decryptionkey": "0abef5f189b4ff09f6ce15796aa9bbb502493c3f8cd9d38cf01319b93564b26b"
        },
        "branches": {
            "public": {
                "buildid": "16675382",
                "timeupdated": "1733707135"
            }
        }
    }
}