{
    "appid": "3447250",
    "type": "Demo",
    "name": "FOE:Remains Demo",
    "schinese_name": "",
    "isfreeapp": "0",
    "change_number": "27502529",
    "update_time": "2025-02-16 20:29:44",
    "depot": {
        "3447251": {
            "manifests": {
                "public": {
                    "gid": "7750118269130755018",
                    "size": "450473410",
                    "download": "337181104"
                }
            },
            "decryptionkey": "58538a1eca7669620022575d981357de467bdc55553168dc7541d0e48a9bb482"
        },
        "branches": {
            "public": {
                "buildid": "17079483",
                "timeupdated": "1737473821"
            }
        },
        "privatebranches": "1"
    }
}