{
    "appid": "2966070",
    "type": "Demo",
    "name": "Non Stop Drive Demo",
    "schinese_name": "",
    "isfreeapp": "0",
    "change_number": "24328596",
    "update_time": "2024-07-16 02:47:06",
    "depot": {
        "228988": {
            "config": {
                "oslist": "windows"
            },
            "depotfromapp": "228980",
            "sharedinstall": "1"
        },
        "228989": {
            "config": {
                "oslist": "windows"
            },
            "depotfromapp": "228980",
            "sharedinstall": "1"
        },
        "228990": {
            "config": {
                "oslist": "windows"
            },
            "depotfromapp": "228980",
            "sharedinstall": "1"
        },
        "229007": {
            "config": {
                "oslist": "windows"
            },
            "depotfromapp": "228980",
            "sharedinstall": "1"
        },
        "2966072": {
            "config": {
                "oslist": "windows",
                "osarch": "64"
            },
            "manifests": {
                "public": {
                    "gid": "1365912705368757391",
                    "size": "3310619558",
                    "download": "3033310640"
                }
            },
            "decryptionkey": "47c86d6972a3749afabd232031ff06318d0527b2386192c84620da2f439b5342"
        },
        "branches": {
            "public": {
                "buildid": "14554928",
                "timeupdated": "1717121524"
            }
        }
    }
}