{
    "appid": "3284400",
    "type": "Demo",
    "name": "Mythic Battlegrounds: Demonic Siege Demo",
    "schinese_name": "",
    "isfreeapp": "0",
    "change_number": "27253412",
    "update_time": "2025-01-31 21:04:34",
    "depot": {
        "3284402": {
            "config": {
                "oslist": "linux",
                "osarch": "64"
            },
            "manifests": {
                "public": {
                    "gid": "4047242756207371684",
                    "size": "213464826",
                    "download": "67810080"
                },
                "alpha": {
                    "gid": "4047242756207371684",
                    "size": "213464826",
                    "download": "67810080"
                }
            },
            "decryptionkey": ""
        },
        "3284403": {
            "config": {
                "oslist": "windows"
            },
            "manifests": {
                "public": {
                    "gid": "2620973567777685591",
                    "size": "151969612",
                    "download": "54775520"
                },
                "alpha": {
                    "gid": "2620973567777685591",
                    "size": "151969612",
                    "download": "54775520"
                }
            },
            "decryptionkey": "d2b43d94c4febba33a251a4de8258af7efc35c9e75037c1057dc8f3052398526"
        },
        "3284404": {
            "config": {
                "oslist": "macos",
                "osarch": "64"
            },
            "manifests": {
                "public": {
                    "gid": "5600690292612211335",
                    "size": "305436306",
                    "download": "84176768"
                },
                "alpha": {
                    "gid": "5600690292612211335",
                    "size": "305436306",
                    "download": "84176768"
                }
            },
            "decryptionkey": ""
        },
        "3284401": {
            "manifests": {
                "public": {
                    "gid": "1602573479682441369",
                    "size": "4000920737",
                    "download": "3815833264"
                },
                "alpha": {
                    "gid": "1602573479682441369",
                    "size": "4000920737",
                    "download": "3815833264"
                }
            },
            "decryptionkey": "72260e3a8b6da6546bc01991e8680d42e7e84dcdf7cfa842d77251a06b423199"
        },
        "branches": {
            "public": {
                "buildid": "17198804",
                "timeupdated": "1738328667"
            },
            "alpha": {
                "buildid": "17198804",
                "description": "Pre-release",
                "timeupdated": "1738327614"
            }
        }
    }
}