{
    "appid": "3402530",
    "type": "Game",
    "name": "Screen Cat",
    "schinese_name": "",
    "isfreeapp": "0",
    "change_number": "29016664",
    "update_time": "2025-05-16 12:42:44",
    "depot": {
        "3402531": {
            "manifests": {
                "public": {
                    "gid": "1371464567620138649",
                    "size": "133213312",
                    "download": "35905872"
                }
            },
            "decryptionkey": "cd8a012bb6725a1443e905eb3686ed79accef272dddea835bdf0ca5fd9564d46"
        },
        "workshopdepot": "3402530",
        "branches": {
            "public": {
                "buildid": "17559061",
                "timeupdated": "1740835422"
            }
        },
        "workshopdepotdecryptionkey": "0e311bb92bc0602371ea273f196156f0e59fb3eb5ad791827fd32fc51f566ccd"
    }
}