{
    "appid": "3048860",
    "type": "Demo",
    "name": "Paradise Nowhere Demo",
    "schinese_name": "",
    "isfreeapp": "0",
    "change_number": "25500547",
    "update_time": "2024-10-03 01:34:22",
    "depot": {
        "228989": {
            "config": {
                "oslist": "windows"
            },
            "depotfromapp": "228980",
            "sharedinstall": "1"
        },
        "228990": {
            "config": {
                "oslist": "windows"
            },
            "depotfromapp": "228980",
            "sharedinstall": "1"
        },
        "3048861": {
            "manifests": {
                "public": {
                    "gid": "3912213488359043699",
                    "size": "1016678515",
                    "download": "837644672"
                }
            },
            "decryptionkey": "efb4f26f327e37dc2831ab3a1674d1b091cf5c9eb648c12681ac78ad9163b8b7"
        },
        "branches": {
            "public": {
                "buildid": "15905799",
                "timeupdated": "1727890456"
            }
        }
    }
}