{
    "appid": "3134630",
    "type": "Game",
    "name": "MoonBeam",
    "schinese_name": "",
    "isfreeapp": "0",
    "change_number": "26253459",
    "update_time": "2024-11-21 01:02:27",
    "depot": {
        "3134631": {
            "manifests": {
                "public": {
                    "gid": "8046806880977914375",
                    "size": "62349571",
                    "download": "19434672"
                }
            },
            "decryptionkey": "c5a0dfa5adf0998c55e0074eec4cfccc942e7f7ff9915b955c1c2a82468af653"
        },
        "branches": {
            "public": {
                "buildid": "15171739",
                "timeupdated": "1722077839"
            }
        }
    },
    "access_token": 9505394274181001925
}