{
    "appid": "3035260",
    "type": "DLC",
    "name": "Gori: Cuddly Carnage - Artbook",
    "schinese_name": "哥里：可爱的大屠杀 - Artbook",
    "isfreeapp": "0",
    "change_number": "24993803",
    "update_time": "2024-08-29 20:55:02",
    "depot": {
        "3035260": {
            "manifests": {
                "public": {
                    "gid": "4027523710433681809",
                    "size": "125011041",
                    "download": "101076432"
                }
            },
            "dlcappid": "3035260",
            "decryptionkey": "e5f1f497ca718762593ec5092ac3a3dcc8ac122642c12d9a10dd7c0809f1b553"
        },
        "branches": {
            "public": {
                "buildid": "15213120",
                "timeupdated": "1722431259"
            }
        }
    }
}