{
    "appid": "3195640",
    "type": "DLC",
    "name": "RPG Maker MZ - RPG Character Pack 14",
    "schinese_name": "",
    "isfreeapp": "0",
    "change_number": "25096674",
    "update_time": "2024-09-06 02:24:19",
    "depot": {
        "3195640": {
            "manifests": {
                "public": {
                    "gid": "798689194550451325",
                    "size": "59837015",
                    "download": "58762576"
                }
            },
            "dlcappid": "3195640",
            "decryptionkey": "c253ad9d6c0b3e6b262cecef9a233917c33ce8ff6cb0ad1f23794268973bb6ce"
        },
        "branches": {
            "public": {
                "buildid": "15571579",
                "timeupdated": "1725317102"
            }
        }
    }
}