{
    "appid": "3327170",
    "type": "Game",
    "name": "Minutescape",
    "schinese_name": "",
    "isfreeapp": "0",
    "change_number": "29016621",
    "update_time": "2025-05-16 12:36:45",
    "depot": {
        "3327171": {
            "config": {
                "oslist": "windows"
            },
            "manifests": {
                "public": {
                    "gid": "8039303991729759646",
                    "size": "337164568",
                    "download": "126822640"
                },
                "ver1.0": {
                    "gid": "5667102382339900847",
                    "size": "337140090",
                    "download": "126796784"
                }
            },
            "decryptionkey": "37f2bc208430b8b412c6c06fa954bb5f891fa0ac9922cd5072d5ae091d478490"
        },
        "3327172": {
            "config": {
                "oslist": "macos"
            },
            "manifests": {
                "public": {
                    "gid": "6555332004307840237",
                    "size": "378747231",
                    "download": "127315024"
                },
                "ver1.0": {
                    "gid": "667813243187759195",
                    "size": "378722904",
                    "download": "127289152"
                }
            }
        },
        "3327173": {
            "config": {
                "oslist": "linux"
            },
            "manifests": {
                "public": {
                    "gid": "6042709394617162810",
                    "size": "424846508",
                    "download": "131067712"
                },
                "ver1.0": {
                    "gid": "8235990998479647313",
                    "size": "424822030",
                    "download": "131041776"
                }
            }
        },
        "branches": {
            "public": {
                "buildid": "18307467",
                "timeupdated": "1746089347"
            },
            "ver1.0": {
                "buildid": "18055883",
                "description": "version 1.0",
                "timeupdated": "1746089360"
            }
        },
        "privatebranches": "1"
    }
}