{
    "appid": "3011780",
    "type": "DLC",
    "name": "RPG Maker MZ - KR Seasons of Harvest Farm Tileset",
    "schinese_name": "",
    "isfreeapp": "0",
    "change_number": "24325831",
    "update_time": "2024-07-16 02:47:08",
    "depot": {
        "3011780": {
            "manifests": {
                "public": {
                    "gid": "47228319831604601",
                    "size": "17376973",
                    "download": "17173648"
                }
            },
            "dlcappid": "3011780",
            "decryptionkey": "7bc933791f67205e9a26ed5e171cce1b49e0bc55be7cb2e5e6a48426722d7280"
        },
        "branches": {
            "public": {
                "buildid": "14958270",
                "timeupdated": "1720376495"
            }
        }
    }
}