{
    "appid": "3278580",
    "type": "Demo",
    "name": "君と彼女のリリィヴァガンザ 体験版",
    "schinese_name": "你与她的百合狂想曲DEMO",
    "isfreeapp": "0",
    "change_number": "25887305",
    "update_time": "2024-10-25 08:56:14",
    "depot": {
        "baselanguages": "english,japanese",
        "3278581": {
            "config": {
                "language": "japanese",
                "oslist": "windows"
            },
            "manifests": {
                "public": {
                    "gid": "4497648025152680820",
                    "size": "339787915",
                    "download": "212071328"
                }
            },
            "decryptionkey": ""
        },
        "3278582": {
            "config": {
                "language": "english",
                "oslist": "windows"
            },
            "manifests": {
                "public": {
                    "gid": "7496084406833530472",
                    "size": "336684694",
                    "download": "209581280"
                }
            },
            "decryptionkey": "4e54c0ccf9480fbe9ded94d916f24e13b9c43a73e44928e1175fb42c8d0c69e4"
        },
        "3278583": {
            "config": {
                "language": "schinese",
                "oslist": "windows"
            },
            "manifests": {
                "public": {
                    "gid": "8387588697994304258",
                    "size": "336863270",
                    "download": "209601008"
                }
            },
            "decryptionkey": ""
        },
        "branches": {
            "public": {
                "buildid": "16158065",
                "timeupdated": "1729726706"
            }
        }
    }
}