{
    "appid": "3659780",
    "type": "Game",
    "name": "Bus Simulator Offroad",
    "schinese_name": "越野巴士模拟器",
    "isfreeapp": "0",
    "change_number": "28706348",
    "update_time": "2025-04-28 20:56:12",
    "depot": {
        "3659781": {
            "manifests": {
                "public": {
                    "gid": "5141468940921543670",
                    "size": "1932834505",
                    "download": "724745712"
                }
            },
            "decryptionkey": "766a03f5596d492f3843c714fa70d2a314f8b4c2d427a24a6e0851ff5ca911a4"
        },
        "branches": {
            "public": {
                "buildid": "18083373",
                "timeupdated": "1744460679"
            }
        }
    }
}