{
    "appid": "3576700",
    "type": "Game",
    "name": "Barcha",
    "schinese_name": "",
    "isfreeapp": "0",
    "change_number": "29010789",
    "update_time": "2025-05-16 04:12:56",
    "depot": {
        "228989": {
            "config": {
                "oslist": "windows"
            },
            "depotfromapp": "228980",
            "sharedinstall": "1"
        },
        "228990": {
            "config": {
                "oslist": "windows"
            },
            "depotfromapp": "228980",
            "sharedinstall": "1"
        },
        "3576701": {
            "manifests": {
                "public": {
                    "gid": "7189271608889389099",
                    "size": "5967010653",
                    "download": "5624468368"
                }
            },
            "decryptionkey": "8a84ed2cea66e9e2a3bd1bca37ca2f590f7e2310c463bc76eb8dd302702bc13d"
        },
        "branches": {
            "public": {
                "buildid": "18357006",
                "timeupdated": "1746522735"
            }
        }
    }
}