{
    "appid": "3625610",
    "type": "Game",
    "name": "Futanari Affairs 🍆",
    "schinese_name": "",
    "isfreeapp": "0",
    "change_number": "29029440",
    "update_time": "2025-05-17 01:15:46",
    "depot": {
        "3625611": {
            "manifests": {
                "public": {
                    "gid": "4557683930582594171",
                    "size": "408339152",
                    "download": "258916976"
                }
            },
            "decryptionkey": "b551b9b3bbec617ef0fb6015289b9dad2e0cebb23e61f451aa75662a2f3242c7"
        },
        "branches": {
            "public": {
                "buildid": "17974342",
                "timeupdated": "1743705139"
            }
        }
    }
}