{
    "appid": "3103330",
    "type": "Game",
    "name": "WebCum Secrets 🔞💦",
    "schinese_name": "",
    "isfreeapp": "0",
    "change_number": "29016213",
    "update_time": "2025-05-16 11:54:46",
    "depot": {
        "3103331": {
            "manifests": {
                "public": {
                    "gid": "3566956695667601765",
                    "size": "5347467416",
                    "download": "4861312240"
                }
            },
            "decryptionkey": "3c59ea11d6124a1a7692be1309db0d1e08be544fe64a7f937e67d908b813089a"
        },
        "branches": {
            "public": {
                "buildid": "15554212",
                "timeupdated": "1725107686"
            }
        }
    }
}