{
    "appid": "2983800",
    "type": "Music",
    "name": "Break the Loop Soundtrack",
    "schinese_name": "",
    "isfreeapp": "0",
    "change_number": "23591175",
    "update_time": "2024-07-16 02:47:06",
    "depot": {
        "2983801": {
            "manifests": {
                "public": {
                    "gid": "2767495213583305945",
                    "size": "72017505",
                    "download": "70316032"
                }
            },
            "decryptionkey": "e35bf7dd586c31037f7b84744d179de3f8a523ac4b59ab22f154c8810d40ce51"
        },
        "branches": {
            "public": {
                "buildid": "14291001",
                "timeupdated": "1715090388"
            }
        }
    }
}