{
    "appid": "2958490",
    "type": "Demo",
    "name": "Shell Runner Demo",
    "schinese_name": "",
    "isfreeapp": "0",
    "change_number": "24390118",
    "update_time": "2024-07-17 06:29:52",
    "depot": {
        "228989": {
            "config": {
                "oslist": "windows"
            },
            "depotfromapp": "228980",
            "sharedinstall": "1"
        },
        "228990": {
            "config": {
                "oslist": "windows"
            },
            "depotfromapp": "228980",
            "sharedinstall": "1"
        },
        "2958491": {
            "manifests": {
                "public": {
                    "gid": "5798135904137007694",
                    "size": "1809295230",
                    "download": "1637843440"
                }
            },
            "decryptionkey": "4e9cd7c2ad5cd8b7a60e667a8b9c3c79945ca1c204eb0cebe573a8b3cc917d56"
        },
        "branches": {
            "public": {
                "buildid": "14599594",
                "timeupdated": "1717594322"
            }
        },
        "privatebranches": "1"
    }
}