{
    "appid": "3206520",
    "type": "Demo",
    "name": "息风谷战略 Demo",
    "schinese_name": "",
    "isfreeapp": "0",
    "change_number": "27284604",
    "update_time": "2025-02-03 14:34:55",
    "depot": {
        "3206521": {
            "manifests": {
                "public": {
                    "gid": "1501152313334115858",
                    "size": "2393208031",
                    "download": "1809487744"
                }
            },
            "decryptionkey": "978c239348ba0f4e5718b2f4642ef9213a2fe0e1c9841dea5cc595872dce9eeb"
        },
        "branches": {
            "public": {
                "buildid": "17048405",
                "timeupdated": "1737261586"
            }
        },
        "privatebranches": "1"
    }
}