{
    "appid": "2947220",
    "type": "Game",
    "name": "Parfait Remake",
    "schinese_name": "纯爱咖啡厅～帕露菲重制版～",
    "isfreeapp": "0",
    "change_number": "26794434",
    "update_time": "2024-12-27 14:20:42",
    "depot": {
        "2947221": {
            "manifests": {
                "public": {
                    "gid": "1629883737765335288",
                    "size": "3771173877",
                    "download": "3474127664"
                }
            },
            "decryptionkey": "5376cc46e644da99000eeb3b8daec374deb6a7fac2a9a8d74be14f05bc4a98b9"
        },
        "baselanguages": "english,schinese,tchinese",
        "branches": {
            "public": {
                "buildid": "16855466",
                "timeupdated": "1735280437"
            }
        },
        "privatebranches": "1"
    }
}