{
    "appid": "3176590",
    "type": "Demo",
    "name": "Witch's Dungeon [Demo]",
    "schinese_name": "",
    "isfreeapp": "0",
    "change_number": "27415852",
    "update_time": "2025-02-11 16:11:11",
    "depot": {
        "3176591": {
            "config": {
                "language": "english"
            },
            "manifests": {
                "public": {
                    "gid": "1521204758636475224",
                    "size": "1549250212",
                    "download": "166533344"
                }
            },
            "decryptionkey": "75791231f3d9c11123e21c18f98558baaa914bb32a62d3fbafec9749cc42b548"
        },
        "branches": {
            "public": {
                "buildid": "17318113",
                "timeupdated": "1739261463"
            }
        }
    }
}