{
    "appid": "3487170",
    "type": "Game",
    "name": "Semantics",
    "schinese_name": "",
    "isfreeapp": "0",
    "change_number": "28514826",
    "update_time": "2025-04-17 03:04:38",
    "depot": {
        "3487171": {
            "manifests": {
                "public": {
                    "gid": "4679052775168399033",
                    "size": "64042647",
                    "download": "21791072"
                }
            },
            "decryptionkey": "5caf1d0df08dcec568b2af1e936bd6de7882b8e2c306612ba5501ff8ef804eb6"
        },
        "branches": {
            "public": {
                "buildid": "17105895",
                "timeupdated": "1737640015"
            }
        }
    }
}