{
    "appid": "2974290",
    "type": "Game",
    "name": "Memento Mori",
    "schinese_name": "",
    "isfreeapp": "1",
    "change_number": "29015559",
    "update_time": "2025-05-16 10:54:45",
    "depot": {
        "228989": {
            "config": {
                "oslist": "windows"
            },
            "depotfromapp": "228980",
            "sharedinstall": "1"
        },
        "228990": {
            "config": {
                "oslist": "windows"
            },
            "depotfromapp": "228980",
            "sharedinstall": "1"
        },
        "2974291": {
            "manifests": {
                "public": {
                    "gid": "9117780636423653534",
                    "size": "1550226946",
                    "download": "562511920"
                }
            },
            "decryptionkey": "4a547bbfdee33698a14c535a811daf0f901a1397a8f2ea123c5c98c4033f1663"
        },
        "branches": {
            "public": {
                "buildid": "15703337",
                "timeupdated": "1726357778"
            }
        },
        "privatebranches": "1"
    }
}