{
    "appid": "2951530",
    "type": "Music",
    "name": "SILENT HILL 2 - Soundtrack",
    "schinese_name": "",
    "isfreeapp": "0",
    "change_number": "25612952",
    "update_time": "2024-10-10 20:22:26",
    "depot": {
        "2955361": {
            "manifests": {
                "public": {
                    "gid": "350258920803959519",
                    "size": "78051773",
                    "download": "74075808"
                }
            },
            "decryptionkey": "6a784c1d713465bcc447ccaa0513d1400a008be39303033f3f6220907d074dc8"
        },
        "2955362": {
            "config": {
                "highqualityaudio": "1"
            },
            "manifests": {
                "public": {
                    "gid": "3354187490301336775",
                    "size": "562576110",
                    "download": "484606128"
                }
            },
            "decryptionkey": "9d3e02727684c770f2a69e5ef5796d295c8ebe69f7f4bbea04235a1389c03bcd"
        },
        "branches": {
            "public": {
                "buildid": "15317588",
                "timeupdated": "1723201826"
            }
        }
    },
    "access_token": 2060795916215584880
}