{
    "appid": "3188780",
    "type": "Demo",
    "name": "WHIP: but not too much Demo",
    "schinese_name": "",
    "isfreeapp": "0",
    "change_number": "25061711",
    "update_time": "2024-09-04 01:44:20",
    "depot": {
        "3188781": {
            "manifests": {
                "public": {
                    "gid": "6334036599494639409",
                    "size": "350190886",
                    "download": "45497712"
                }
            },
            "decryptionkey": "0561cdfa5129abd22b4bdff43bcb5e56cc35de0cfe8145b41a8a54d2ce195d11"
        },
        "branches": {
            "public": {
                "buildid": "15580931",
                "timeupdated": "1725385455"
            }
        }
    }
}