{
    "appid": "3106310",
    "type": "Game",
    "name": "SIGMA  WAR  NOTES",
    "schinese_name": "茜格玛战记",
    "isfreeapp": "0",
    "change_number": "28402650",
    "update_time": "2025-04-10 16:12:36",
    "depot": {
        "baselanguages": "english,schinese",
        "hasdepotsindlc": "0",
        "228989": {
            "config": {
                "oslist": "windows"
            },
            "depotfromapp": "228980",
            "sharedinstall": "1"
        },
        "228990": {
            "config": {
                "oslist": "windows"
            },
            "depotfromapp": "228980",
            "sharedinstall": "1"
        },
        "3106311": {
            "config": {
                "oslist": "windows",
                "osarch": "64"
            },
            "manifests": {
                "public": {
                    "gid": "1411573700835443227",
                    "size": "17886284394",
                    "download": "17109594768"
                }
            },
            "decryptionkey": "c7985904bff6329d13f590a67ef1b406496cf0e55a0debdef96102191889c049"
        },
        "branches": {
            "public": {
                "buildid": "18052978",
                "timeupdated": "1744272753"
            }
        }
    }
}