{
    "appid": "3316440",
    "type": "Demo",
    "name": "Chubby Story Demo",
    "schinese_name": "",
    "isfreeapp": "0",
    "change_number": "27234315",
    "update_time": "2025-01-30 20:06:48",
    "depot": {
        "3316441": {
            "config": {
                "oslist": "windows"
            },
            "manifests": {
                "public": {
                    "gid": "7304072063721942210",
                    "size": "1115440580",
                    "download": "950476976"
                }
            },
            "decryptionkey": "819204961128283a0e791b2a477d9d1ddaa83bb987b54ab4e6b160aa65a6e030"
        },
        "branches": {
            "public": {
                "buildid": "17183842",
                "timeupdated": "1738238801"
            }
        }
    }
}