{
    "appid": "2968180",
    "type": "Demo",
    "name": "The Executive - Movie Industry Tycoon Demo",
    "schinese_name": "",
    "isfreeapp": "0",
    "change_number": "27427750",
    "update_time": "2025-02-12 05:17:49",
    "depot": {
        "2968181": {
            "config": {
                "oslist": "windows"
            },
            "manifests": {
                "public": {
                    "gid": "6932542209709098901",
                    "size": "995411515",
                    "download": "272996304"
                }
            },
            "decryptionkey": "ba33540742d0d2e5b27657956e0dee0ce6747b50a26e2093b230c55f8afbf43d"
        },
        "2968182": {
            "config": {
                "oslist": "macos"
            },
            "manifests": {
                "public": {
                    "gid": "5664710729319757072",
                    "size": "856979646",
                    "download": "254040160"
                }
            },
            "decryptionkey": ""
        },
        "branches": {
            "public": {
                "buildid": "17249797",
                "timeupdated": "1738749465"
            }
        },
        "privatebranches": "1"
    }
}