{
    "appid": "2992240",
    "type": "Game",
    "name": "Banebush",
    "schinese_name": "",
    "isfreeapp": "0",
    "change_number": "29015648",
    "update_time": "2025-05-16 11:00:48",
    "depot": {
        "hasdepotsindlc": "0",
        "2992241": {
            "manifests": {
                "public": {
                    "gid": "6386356544190499096",
                    "size": "1197273622",
                    "download": "1019254960"
                }
            },
            "decryptionkey": "6aea3eb091c0195f08b50456ba5d9b35d83f8b9839e4e5d5aeb4f07ba643f728"
        },
        "2992242": {},
        "branches": {
            "public": {
                "buildid": "17031368",
                "timeupdated": "1737059539"
            }
        }
    }
}