{
    "appid": "3297310",
    "type": "Game",
    "name": "The Cursed Hour",
    "schinese_name": "",
    "isfreeapp": "1",
    "change_number": "29016574",
    "update_time": "2025-05-16 12:30:44",
    "depot": {
        "228989": {
            "config": {
                "oslist": "windows"
            },
            "depotfromapp": "228980",
            "sharedinstall": "1"
        },
        "228990": {
            "config": {
                "oslist": "windows"
            },
            "depotfromapp": "228980",
            "sharedinstall": "1"
        },
        "3297311": {
            "manifests": {
                "public": {
                    "gid": "6956043069661889702",
                    "size": "3418075349",
                    "download": "3198784992"
                }
            },
            "decryptionkey": "251e706b04b6d6e1a2a21ad63151c40e781d9edfb4ed2b8705166aea4767eac2"
        },
        "branches": {
            "public": {
                "buildid": "18260926",
                "timeupdated": "1745822530"
            }
        },
        "privatebranches": "1"
    }
}