{
    "appid": "3176020",
    "type": "Demo",
    "name": "Abnormality Demo",
    "schinese_name": "",
    "isfreeapp": "0",
    "change_number": "26535643",
    "update_time": "2024-12-07 10:17:51",
    "depot": {
        "228989": {
            "config": {
                "oslist": "windows"
            },
            "depotfromapp": "228980",
            "sharedinstall": "1"
        },
        "228990": {
            "config": {
                "oslist": "windows"
            },
            "depotfromapp": "228980",
            "sharedinstall": "1"
        },
        "229003": {
            "config": {
                "oslist": "windows"
            },
            "depotfromapp": "228980",
            "sharedinstall": "1"
        },
        "3176021": {
            "manifests": {
                "public": {
                    "gid": "5243431313549103933",
                    "size": "6398942529",
                    "download": "6177378992"
                }
            },
            "decryptionkey": "7da1c947d20a8d1b12b1626c59fa14a093d94e3e0383a06a7583ad3d1407d20b"
        },
        "branches": {
            "public": {
                "buildid": "15861297",
                "timeupdated": "1727533678"
            }
        }
    }
}