{
    "appid": "3005230",
    "type": "Demo",
    "name": "Device Doctor Simulator 2024 Demo",
    "schinese_name": "",
    "isfreeapp": "0",
    "change_number": "27269898",
    "update_time": "2025-02-02 00:21:53",
    "depot": {
        "3005231": {
            "manifests": {
                "public": {
                    "gid": "7411513108008723094",
                    "size": "2537569417",
                    "download": "1186095088"
                }
            },
            "decryptionkey": "7b594e9a139c88c76bfc88a8b76c94da082011ac726f8174f478f23fe942d8a3"
        },
        "branches": {
            "public": {
                "buildid": "17085799",
                "timeupdated": "1737514797"
            }
        }
    }
}