{
    "appid": "3125200",
    "type": "Music",
    "name": "Maiden Cops Soundtrack",
    "schinese_name": "",
    "isfreeapp": "0",
    "change_number": "28496382",
    "update_time": "2025-04-16 06:16:46",
    "depot": {
        "3125201": {
            "manifests": {
                "public": {
                    "gid": "1956896315728162330",
                    "size": "198471967",
                    "download": "95725536"
                }
            },
            "decryptionkey": "78ec23ff56555fca9df9aca4d2853d3d347e5819d2824117d1da2b03dac7e474"
        },
        "branches": {
            "public": {
                "buildid": "15192017",
                "timeupdated": "1722292994"
            }
        }
    }
}