{
    "appid": "2963530",
    "type": "Music",
    "name": "女鬼橋二 釋魂路 遊戲原聲帶",
    "schinese_name": "女鬼桥二 释魂路 游戏原声带",
    "isfreeapp": "0",
    "change_number": "27278595",
    "update_time": "2025-02-03 01:12:40",
    "depot": {
        "2963531": {
            "manifests": {
                "public": {
                    "gid": "2704494713403606031",
                    "size": "209919007",
                    "download": "206976960"
                }
            },
            "decryptionkey": "bb3a620c559cd6c0eb5f2c303daefe349375da03fe0a0a7cd8c23fbfe84510ec"
        },
        "2963532": {
            "config": {
                "highqualityaudio": "1"
            },
            "manifests": {
                "public": {
                    "gid": "7118044553874853479",
                    "size": "1243024448",
                    "download": "804119824"
                }
            },
            "decryptionkey": "a84c468393b1a0a68cd6dfdb78025c64d26851aeff7ad4a121f6f44791832b58"
        },
        "2963533": {
            "config": {
                "language": "tchinese"
            },
            "manifests": {
                "public": {
                    "gid": "955184647907004800",
                    "size": "209913023",
                    "download": "206974736"
                }
            },
            "decryptionkey": "d750f951cb643afd8f4500e346d81cb6c948f98d8aea4df9bce45cff44ec3d07"
        },
        "2963534": {
            "config": {
                "highqualityaudio": "1",
                "language": "tchinese"
            },
            "manifests": {
                "public": {
                    "gid": "2907609180171564579",
                    "size": "1243016434",
                    "download": "804127920"
                }
            },
            "decryptionkey": "7ad3a4b2c255a5d9eebfeedf96e4ee5e0fa314c45a55f3abacb931185c033a88"
        },
        "branches": {
            "public": {
                "buildid": "14240489",
                "timeupdated": "1714630163"
            }
        }
    }
}