{
    "appid": "3339830",
    "type": "Game",
    "name": "Succubus Roulette",
    "schinese_name": "",
    "isfreeapp": "0",
    "change_number": "29032790",
    "update_time": "2025-05-17 05:13:24",
    "depot": {
        "3339831": {
            "manifests": {
                "public": {
                    "gid": "3901966485192329036",
                    "size": "142976387",
                    "download": "94140400"
                }
            },
            "decryptionkey": "ff17dda86efd25bb8f5f5fec810fe0d03c57eda6f6a630713dec383a26fd062f"
        },
        "branches": {
            "public": {
                "buildid": "17944295",
                "timeupdated": "1743534634"
            }
        }
    }
}