{
    "appid": "3365540",
    "type": "DLC",
    "name": "Space Engineers 2 Pioneer Edition",
    "schinese_name": "",
    "isfreeapp": "0",
    "change_number": "27851602",
    "update_time": "2025-03-08 23:09:19",
    "depot": {
        "3365540": {
            "dlcappid": "3365540",
            "manifests": {
                "public": {
                    "gid": "4674441136662155538",
                    "size": "5335178828",
                    "download": "4849733904"
                }
            },
            "decryptionkey": "d097c4cad16b43fd708c515b702d20cc36699109c182e9544cabf3d83741d05c"
        },
        "branches": {
            "public": {
                "buildid": "17146774",
                "timeupdated": "1737992539"
            }
        }
    }
}