{
    "appid": "3411080",
    "type": "Game",
    "name": "Cultural Exchange",
    "schinese_name": "",
    "isfreeapp": "0",
    "change_number": "28918671",
    "update_time": "2025-05-11 00:33:04",
    "depot": {
        "3411081": {
            "manifests": {
                "public": {
                    "gid": "3462750095073020896",
                    "size": "118076551",
                    "download": "109130192"
                }
            },
            "decryptionkey": "ad875fd47e3bcd0e190a05b29e764dc94e5a59c81eaad1f350bee4e57654d98a"
        },
        "baselanguages": "english",
        "branches": {
            "public": {
                "buildid": "17406194",
                "timeupdated": "1739877455"
            }
        }
    }
}