{
    "appid": "2990110",
    "type": "Demo",
    "name": "The Alters Demo",
    "schinese_name": "",
    "isfreeapp": "0",
    "change_number": "29023103",
    "update_time": "2025-05-16 19:33:13",
    "depot": {
        "228988": {
            "config": {
                "oslist": "windows"
            },
            "depotfromapp": "228980",
            "sharedinstall": "1"
        },
        "228989": {
            "config": {
                "oslist": "windows"
            },
            "depotfromapp": "228980",
            "sharedinstall": "1"
        },
        "228990": {
            "config": {
                "oslist": "windows"
            },
            "depotfromapp": "228980",
            "sharedinstall": "1"
        },
        "2990111": {
            "manifests": {
                "public": {
                    "gid": "3802247862618888152",
                    "size": "18939462966",
                    "download": "18346962048"
                }
            },
            "decryptionkey": "56770b94ba5b754f12ccc419dd50a43b24af44869bd12ce21f4ec1cf98f1317b"
        },
        "branches": {
            "public": {
                "buildid": "14680307",
                "timeupdated": "1718180494"
            }
        },
        "privatebranches": "1"
    }
}