{
    "appid": "3558300",
    "type": "Game",
    "name": "Fear of Hot Water Ghost",
    "schinese_name": "恐怖的性感水鬼",
    "isfreeapp": "0",
    "change_number": "29046730",
    "update_time": "2025-05-18 15:12:26",
    "depot": {
        "3558301": {
            "manifests": {
                "public": {
                    "gid": "5949819996716706061",
                    "size": "7167602066",
                    "download": "2611997008"
                }
            },
            "decryptionkey": "582b092dae4f5ec6d477ccddd06fdbf2c93dc8775375d68bbb68664ef2ad8b6a"
        },
        "branches": {
            "public": {
                "buildid": "18457106",
                "timeupdated": "1747212733"
            }
        }
    }
}