{
    "appid": "3113200",
    "type": "Music",
    "name": "Edge of Sanity - Soundtrack",
    "schinese_name": "理智边缘 Edge of Sanity - 完整原声音乐",
    "isfreeapp": "0",
    "change_number": "26183469",
    "update_time": "2024-11-14 07:32:53",
    "depot": {
        "3113201": {
            "manifests": {
                "public": {
                    "gid": "8382110100167570436",
                    "size": "124769198",
                    "download": "124399968"
                }
            },
            "decryptionkey": "197950e3876a63b0ec5c6806dcd77e229eae813b2784363042172130e0751955"
        },
        "3113202": {
            "config": {
                "highqualityaudio": "1"
            },
            "manifests": {
                "public": {
                    "gid": "1870680252555634487",
                    "size": "437754621",
                    "download": "438979952"
                }
            },
            "decryptionkey": "0a424148a4e85d71a0d4ea2fad6a664cee090e1524327bc9d60fd07cb51c6676"
        },
        "branches": {
            "public": {
                "buildid": "15578690",
                "timeupdated": "1725372269"
            }
        },
        "privatebranches": "1"
    }
}