{
    "appid": "3166880",
    "type": "Demo",
    "name": "Is This Game Trying To Kill Me? Demo",
    "schinese_name": "",
    "isfreeapp": "0",
    "change_number": "26183469",
    "update_time": "2024-11-14 07:36:15",
    "depot": {
        "3166881": {
            "manifests": {
                "public": {
                    "gid": "4044688679548523271",
                    "size": "706957863",
                    "download": "185216368"
                }
            },
            "decryptionkey": "ac660846934d9becd058fa1625e121d0cd41637ca879ffcb64fbfe49ef7c0a7d"
        },
        "branches": {
            "public": {
                "buildid": "15634508",
                "timeupdated": "1725857581"
            }
        }
    }
}