{
    "appid": "3231630",
    "type": "Game",
    "name": "Princess Burst",
    "schinese_name": "激战公主",
    "isfreeapp": "0",
    "change_number": "29016528",
    "update_time": "2025-05-16 12:24:45",
    "depot": {
        "3231631": {
            "config": {
                "language": "english",
                "oslist": "windows"
            },
            "manifests": {
                "public": {
                    "gid": "6670484460066401322",
                    "size": "756496976",
                    "download": "377856768"
                }
            },
            "decryptionkey": ""
        },
        "3231632": {
            "config": {
                "language": "japanese",
                "oslist": "windows"
            },
            "manifests": {
                "public": {
                    "gid": "8530903282247788467",
                    "size": "766104809",
                    "download": "385579600"
                }
            },
            "decryptionkey": ""
        },
        "3231633": {
            "config": {
                "language": "schinese",
                "oslist": "windows"
            },
            "manifests": {
                "public": {
                    "gid": "4903681213530206786",
                    "size": "768485555",
                    "download": "384368192"
                }
            },
            "decryptionkey": "4c216d971dfd7eb2ec8799e0fde858d0d73d8b29da86a15a01d70ffce04a55e1"
        },
        "3231634": {
            "config": {
                "language": "tchinese",
                "oslist": "windows"
            },
            "manifests": {
                "public": {
                    "gid": "5990359497125028276",
                    "size": "768481349",
                    "download": "384367792"
                }
            },
            "decryptionkey": "7a71a9a6c44714f98d8c09a19c38721b85c27be56ea921ce95db5bfbfbbdd274"
        },
        "branches": {
            "public": {
                "buildid": "17138124",
                "timeupdated": "1737919839"
            }
        }
    }
}