{
    "appid": "3076160",
    "type": "Music",
    "name": "Age of Mythology: Retold Soundtrack",
    "schinese_name": "",
    "isfreeapp": "0",
    "change_number": "29030351",
    "update_time": "2025-05-17 02:15:06",
    "depot": {
        "3076161": {
            "manifests": {
                "public": {
                    "gid": "9067044646339092762",
                    "size": "37311258",
                    "download": "36522720"
                }
            },
            "decryptionkey": "332bc0bb9f61297e37a4f41bd6ae645b9572f527337f421429989228d86377fb"
        },
        "3076162": {
            "config": {
                "highqualityaudio": "1"
            },
            "manifests": {
                "public": {
                    "gid": "2624300731339673526",
                    "size": "672666534",
                    "download": "626195952"
                }
            },
            "decryptionkey": "9ec22e5e7c6db1454a651e961e7de31cc280033a7faa3d4f6c19cf87ce998e91"
        },
        "branches": {
            "public": {
                "buildid": "15454373",
                "timeupdated": "1724288671"
            }
        }
    }
}