{
    "appid": "3251150",
    "type": "Demo",
    "name": "SNOW BROS. 2 SPECIAL Demo",
    "schinese_name": "",
    "isfreeapp": "0",
    "change_number": "26087231",
    "update_time": "2024-11-07 18:15:47",
    "depot": {
        "3251151": {
            "manifests": {
                "public": {
                    "gid": "6938001633972740484",
                    "size": "1833686793",
                    "download": "619111872"
                }
            },
            "decryptionkey": "df4f08e064920274a863cc3d13f1cba3ab4fab8b15cdf59560691f3fa28604f2"
        },
        "baselanguages": "english",
        "branches": {
            "public": {
                "buildid": "16325816",
                "timeupdated": "1730974544"
            }
        }
    }
}