{
    "appid": "3336590",
    "type": "Game",
    "name": "Puyo! Push Brain",
    "schinese_name": "噗哟！动脑子",
    "isfreeapp": "0",
    "change_number": "28619422",
    "update_time": "2025-04-23 18:13:05",
    "depot": {
        "3336591": {
            "manifests": {
                "public": {
                    "gid": "1756109281916230785",
                    "size": "32661272",
                    "download": "14394848"
                }
            },
            "decryptionkey": "a19f63c49397e94241cc396956dc99b5ebc494d91643715764ab5f9cce17a928"
        },
        "branches": {
            "public": {
                "buildid": "17671287",
                "timeupdated": "1741918109"
            }
        },
        "privatebranches": "1"
    }
}