{
    "appid": "3175540",
    "type": "Demo",
    "name": "ButtKnight Demo",
    "schinese_name": "",
    "isfreeapp": "0",
    "change_number": "27328973",
    "update_time": "2025-02-06 00:06:00",
    "depot": {
        "3175541": {
            "manifests": {
                "public": {
                    "gid": "2040170039020420167",
                    "size": "1172311415",
                    "download": "273449264"
                }
            },
            "decryptionkey": "d38e1e1219a49337e519716bddd4169130a7e1566c0852bf5f37a466cf7fa2e0"
        },
        "branches": {
            "public": {
                "buildid": "16221198",
                "timeupdated": "1730208875"
            }
        },
        "privatebranches": "1"
    }
}