{
    "appid": "3574160",
    "type": "Game",
    "name": "Shimagami",
    "schinese_name": "",
    "isfreeapp": "0",
    "change_number": "28911129",
    "update_time": "2025-05-10 06:52:50",
    "depot": {
        "228989": {
            "config": {
                "oslist": "windows"
            },
            "depotfromapp": "228980",
            "sharedinstall": "1"
        },
        "228990": {
            "config": {
                "oslist": "windows"
            },
            "depotfromapp": "228980",
            "sharedinstall": "1"
        },
        "229000": {
            "config": {
                "oslist": "windows"
            },
            "depotfromapp": "228980",
            "sharedinstall": "1"
        },
        "3574161": {
            "manifests": {
                "public": {
                    "gid": "5273433414143005434",
                    "size": "3965091325",
                    "download": "3687791264"
                }
            },
            "decryptionkey": "3c680010b74129e7165873f5b5dc50a3ee95a4254cc2f5f206903aa396a582c4"
        },
        "branches": {
            "public": {
                "buildid": "18409666",
                "timeupdated": "1746831165"
            }
        }
    }
}