{
    "appid": "3216420",
    "type": "Music",
    "name": "EcoGnomix Soundtrack",
    "schinese_name": "《矮人探险公司》 - 原声音乐",
    "isfreeapp": "0",
    "change_number": "28293026",
    "update_time": "2025-04-04 00:36:22",
    "depot": {
        "3216421": {
            "manifests": {
                "public": {
                    "gid": "6884317499916425088",
                    "size": "77487511",
                    "download": "75888192"
                }
            },
            "decryptionkey": "0372b8dbaa024aa7284be8bb11808818687377aebde6f8360d68cb2ba831c047"
        },
        "3216422": {
            "config": {
                "highqualityaudio": "1"
            },
            "manifests": {
                "public": {
                    "gid": "1505322662541909055",
                    "size": "519012806",
                    "download": "485643168"
                }
            },
            "decryptionkey": "dfba124c8e7769ba936ebc2ae2c9c03240e3d17a5ef81a6724638a9b53f40628"
        },
        "branches": {
            "public": {
                "buildid": "15782338",
                "timeupdated": "1726942482"
            }
        }
    }
}