{
    "appid": "3402030",
    "type": "DLC",
    "name": "Dog Furry - DLC",
    "schinese_name": "",
    "isfreeapp": "0",
    "change_number": "26816751",
    "update_time": "2024-12-30 19:43:11",
    "depot": {
        "3402030": {
            "config": {
                "language": "english",
                "oslist": "windows"
            },
            "manifests": {
                "public": {
                    "gid": "1694984479741189198",
                    "size": "177781541",
                    "download": "176283008"
                }
            },
            "dlcappid": "3402030",
            "decryptionkey": "d9e83eaaef71cf6077d7a4c75fba20c02bfe88871e815dc48730eafd1f04c443"
        },
        "branches": {
            "public": {
                "buildid": "16716628",
                "timeupdated": "1733979134"
            }
        }
    }
}