{
    "appid": "3203290",
    "type": "Game",
    "name": "The Black Vault",
    "schinese_name": "",
    "isfreeapp": "0",
    "change_number": "28987079",
    "update_time": "2025-05-15 02:09:27",
    "depot": {
        "3203291": {
            "manifests": {
                "public": {
                    "gid": "2551677611395828211",
                    "size": "2545076785",
                    "download": "761230560"
                }
            },
            "decryptionkey": "e934f55b7f4ce6898a1b4870482ebe255bddd1cd9fc404e05806abc493a3d975"
        },
        "branches": {
            "public": {
                "buildid": "18464744",
                "timeupdated": "1747246162"
            }
        }
    }
}