{
    "appid": "3476440",
    "type": "Music",
    "name": "BRAZILIAN DRUG DEALER 3: I OPENED A PORTAL TO HELL IN THE FAVELA TRYING TO REVIVE MIT AIA I NEED TO CLOSE IT Soundtrack",
    "schinese_name": "",
    "isfreeapp": "0",
    "change_number": "28475053",
    "update_time": "2025-04-15 05:32:29",
    "depot": {
        "3476441": {
            "manifests": {
                "public": {
                    "gid": "1538600761594352182",
                    "size": "104457950",
                    "download": "101658912"
                }
            },
            "decryptionkey": "2e51e5d35a9a7282d2df9008de10de350c88b48e15c3188f7c1cf67b23a0ed9a"
        },
        "3476442": {
            "config": {
                "highqualityaudio": "1"
            }
        },
        "branches": {
            "public": {
                "buildid": "18105120",
                "timeupdated": "1744666345"
            }
        }
    }
}