{
    "appid": "3431040",
    "type": "Game",
    "name": "That's not my Neighbor",
    "schinese_name": "",
    "isfreeapp": "0",
    "change_number": "29016664",
    "update_time": "2025-05-16 12:42:48",
    "depot": {
        "hasdepotsindlc": "0",
        "3431043": {
            "config": {
                "oslist": "windows"
            },
            "manifests": {
                "public": {
                    "gid": "8870970973599912143",
                    "size": "358983520",
                    "download": "300952608"
                }
            },
            "decryptionkey": ""
        },
        "3431044": {
            "config": {
                "oslist": "linux"
            },
            "manifests": {
                "public": {
                    "gid": "8358988403769688965",
                    "size": "366823584",
                    "download": "303157776"
                }
            }
        },
        "3431045": {
            "config": {
                "oslist": "windows"
            },
            "manifests": {
                "public": {
                    "gid": "591281361236477397",
                    "size": "359962208",
                    "download": "301889264"
                }
            },
            "decryptionkey": ""
        },
        "3431046": {
            "config": {
                "oslist": "linux"
            },
            "manifests": {
                "public": {
                    "gid": "7213519799004341969",
                    "size": "367802224",
                    "download": "304094192"
                }
            }
        },
        "3431047": {
            "config": {
                "oslist": "windows"
            },
            "manifests": {
                "public": {
                    "gid": "3131244617883416287",
                    "size": "359962112",
                    "download": "301889392"
                }
            },
            "decryptionkey": ""
        },
        "3431048": {
            "config": {
                "oslist": "linux"
            },
            "manifests": {
                "public": {
                    "gid": "6998318402934958096",
                    "size": "367802176",
                    "download": "304094400"
                }
            }
        },
        "3431041": {
            "config": {
                "oslist": "windows"
            },
            "manifests": {
                "public": {
                    "gid": "5213632607014064158",
                    "size": "359964992",
                    "download": "301892368"
                }
            },
            "decryptionkey": "cc51fcec3d8dda778605464eef88ae266cdbc612a843106a170839a7060289fc"
        },
        "3431042": {
            "config": {
                "oslist": "linux"
            },
            "manifests": {
                "public": {
                    "gid": "376615255908550684",
                    "size": "367805088",
                    "download": "304097072"
                }
            },
            "decryptionkey": "5bd556fdd5836d1e3abc4e4e086fd6f9fba21afbf7280e427b1e0c2865de4d3a"
        },
        "branches": {
            "public": {
                "buildid": "17745679",
                "timeupdated": "1742167905"
            }
        }
    }
}