{
    "appid": "3210350",
    "type": "DLC",
    "name": "Vampire Survivors: Ode to Castlevania",
    "schinese_name": "",
    "isfreeapp": "0",
    "change_number": "28663926",
    "update_time": "2025-04-25 20:55:17",
    "depot": {
        "3210351": {
            "config": {
                "oslist": "windows,linux"
            },
            "manifests": {
                "public": {
                    "gid": "3921561429698048608",
                    "size": "296679919",
                    "download": "263524288"
                },
                "public-beta": {
                    "gid": "3921561429698048608",
                    "size": "296679919",
                    "download": "263524288"
                }
            },
            "dlcappid": "3210350",
            "decryptionkey": "20bd752769ea846ec3f34122e7dd6f794271ddd9b92b26d40fff8ec626b96712"
        },
        "3210352": {
            "config": {
                "oslist": "macos"
            },
            "manifests": {
                "public": {
                    "gid": "1535155333092350165",
                    "size": "296673345",
                    "download": "263527328"
                },
                "public-beta": {
                    "gid": "1535155333092350165",
                    "size": "296673345",
                    "download": "263527328"
                }
            },
            "dlcappid": "3210350",
            "decryptionkey": "06faab96cfe4d11f9039207877895bfc277af9fc1170a9aca3526a454b673f81"
        },
        "3210353": {
            "config": {
                "oslist": "linux"
            },
            "manifests": {
                "public": {
                    "gid": "4311389628727150815",
                    "size": "296758006",
                    "download": "263584400"
                },
                "public-beta": {
                    "gid": "4311389628727150815",
                    "size": "296758006",
                    "download": "263584400"
                }
            },
            "dlcappid": "3210350",
            "decryptionkey": "742b108aa899a7b540833b12635802c7af80429baec59fda51e5872ea0bb0462"
        },
        "branches": {
            "public": {
                "buildid": "18193920",
                "timeupdated": "1745576870"
            },
            "public-beta": {
                "buildid": "18193920",
                "description": "Public Beta",
                "timeupdated": "1745492943"
            }
        },
        "privatebranches": "1"
    }
}