{
    "appid": "3009770",
    "type": "Game",
    "name": "3D PUZZLE - OldHospital",
    "schinese_name": "",
    "isfreeapp": "0",
    "change_number": "28794858",
    "update_time": "2025-05-03 08:32:52",
    "depot": {
        "3009771": {
            "manifests": {
                "public": {
                    "gid": "5776274243663935175",
                    "size": "1296658623",
                    "download": "262859808"
                }
            },
            "decryptionkey": "c36e9bee086641cc95883e14010eeca6da301d09cc5d5a44a4382c2836d7e9b7"
        },
        "branches": {
            "public": {
                "buildid": "14821992",
                "timeupdated": "1719268254"
            }
        }
    }
}