{
    "appid": "3134260",
    "type": "Demo",
    "name": "OPG: Clan Wars Demo",
    "schinese_name": "",
    "isfreeapp": "0",
    "change_number": "26238229",
    "update_time": "2024-11-18 10:52:47",
    "depot": {
        "3134261": {
            "manifests": {
                "public": {
                    "gid": "8436348213356204717",
                    "size": "16694432299",
                    "download": "16117499600"
                },
                "develop": {
                    "gid": "9213163789738007399",
                    "size": "17362915659",
                    "download": "16783381472"
                }
            },
            "decryptionkey": "53201cbe1c0663f7f0d67b28d6cf6d336e224fa2c23f06307d79db1ae74b5675"
        },
        "branches": {
            "public": {
                "buildid": "16090445",
                "timeupdated": "1729228233"
            },
            "develop": {
                "buildid": "16439537",
                "description": "dev",
                "timeupdated": "1731898362"
            }
        }
    }
}