{
    "appid": "3296620",
    "type": "Game",
    "name": "双相：水管（Bipolar: The Tube)",
    "schinese_name": "",
    "isfreeapp": "0",
    "change_number": "28583217",
    "update_time": "2025-04-21 21:00:00",
    "depot": {
        "3296621": {
            "manifests": {
                "public": {
                    "gid": "3564669520510174482",
                    "size": "296801700",
                    "download": "144295728"
                }
            },
            "decryptionkey": "ff6664c7965fc03d87cee87ca46cb0016360426b9fe694e02b2a9a2b48a89f16"
        },
        "branches": {
            "public": {
                "buildid": "16046150",
                "timeupdated": "1728962255"
            }
        }
    }
}