{
    "appid": "2947950",
    "type": "Demo",
    "name": "Weyrdlets Demo",
    "schinese_name": "",
    "isfreeapp": "0",
    "change_number": "24474413",
    "update_time": "2024-07-23 18:07:17",
    "depot": {
        "2947951": {
            "manifests": {
                "public": {
                    "gid": "4063856817007337190",
                    "size": "1075527568",
                    "download": "568690496"
                }
            },
            "decryptionkey": "83e1e0aedffc02089cd28db493ddace14db2f081c0a707a7b7642f5df5924668"
        },
        "branches": {
            "public": {
                "buildid": "14941478",
                "timeupdated": "1720178017"
            }
        },
        "privatebranches": "1"
    }
}