{
    "appid": "3347770",
    "type": "Demo",
    "name": "Legion and Tavern Demo",
    "schinese_name": "军团酒馆 Demo",
    "isfreeapp": "0",
    "change_number": "26737521",
    "update_time": "2024-12-21 01:50:41",
    "depot": {
        "3347771": {
            "manifests": {
                "public": {
                    "gid": "6526854519201047361",
                    "size": "2163857618",
                    "download": "149567888"
                }
            },
            "decryptionkey": "8ae68f7c4922c47373ba310fd1e9026d6c6e30889e6410e4b24ae3c60f6be149"
        },
        "branches": {
            "public": {
                "buildid": "16817284",
                "timeupdated": "1734717037"
            }
        },
        "privatebranches": "1"
    }
}