{
    "appid": "3479710",
    "type": "Demo",
    "name": "Level Devil Demo",
    "schinese_name": "",
    "isfreeapp": "0",
    "change_number": "27486086",
    "update_time": "2025-02-15 03:44:44",
    "depot": {
        "3479711": {
            "manifests": {
                "public": {
                    "gid": "2287922542547900470",
                    "size": "55213340",
                    "download": "21097184"
                }
            },
            "decryptionkey": "7720a1ced443a67a6a65ba0832f4430ed5648e2d0a81a030fbddd2a35e3dd09d"
        },
        "branches": {
            "public": {
                "buildid": "17356796",
                "timeupdated": "1739475007"
            }
        }
    }
}