{
    "appid": "3211930",
    "type": "Game",
    "name": "Waifu Simulator",
    "schinese_name": "",
    "isfreeapp": "0",
    "change_number": "29012393",
    "update_time": "2025-05-16 06:12:35",
    "depot": {
        "3211931": {
            "manifests": {
                "public": {
                    "gid": "3527624409352819560",
                    "size": "95166482",
                    "download": "81191840"
                }
            },
            "decryptionkey": "a77bec61044aee738b7b0dfe0cf19e5782e6b06ca206d1468df7d7f16b937321"
        },
        "branches": {
            "public": {
                "buildid": "15587253",
                "timeupdated": "1725436891"
            }
        }
    }
}