{
    "appid": "3140630",
    "type": "Game",
    "name": "Divine Light",
    "schinese_name": "",
    "isfreeapp": "0",
    "change_number": "26253459",
    "update_time": "2024-11-21 01:02:28",
    "depot": {
        "3140631": {
            "manifests": {
                "public": {
                    "gid": "9186439883480187660",
                    "size": "79491424",
                    "download": "24466720"
                }
            },
            "decryptionkey": "dd5cb5ebd3b531e93e200ee140b6422db9101b3b7dcdd0f9b8db4c24a0380844"
        },
        "branches": {
            "public": {
                "buildid": "15199615",
                "timeupdated": "1722343991"
            }
        }
    },
    "access_token": 8764760580638378646
}