{
    "appid": "3606670",
    "type": "DLC",
    "name": "Workplace Fantasy - New Girl Chapter 2",
    "schinese_name": "职场幻想 - 商业街物语",
    "isfreeapp": "0",
    "change_number": "28926278",
    "update_time": "2025-05-11 22:33:06",
    "depot": {
        "3606670": {
            "config": {
                "oslist": "windows"
            },
            "dlcappid": "3606670",
            "manifests": {
                "public": {
                    "gid": "7414568202853787552",
                    "size": "1262",
                    "download": "1056"
                }
            },
            "decryptionkey": "a2182366192e13278c19aede58968a3cc78d42adb068881e240ee1996fd40274"
        },
        "branches": {
            "public": {
                "buildid": "18122057",
                "timeupdated": "1744781300"
            }
        }
    }
}