{
    "appid": "3041810",
    "type": "Game",
    "name": "Hypnosis of Corruption",
    "schinese_name": "催眠之蚀",
    "isfreeapp": "0",
    "change_number": "28768835",
    "update_time": "2025-05-01 21:08:39",
    "depot": {
        "3041811": {
            "manifests": {
                "public": {
                    "gid": "4140703608927901454",
                    "size": "717659840",
                    "download": "203395344"
                }
            },
            "decryptionkey": "09399b36e9234e0813ef69bbda8a1f6e156d26708feead007965da84519e088a"
        },
        "3041812": {
            "config": {
                "language": "schinese"
            },
            "manifests": {
                "public": {
                    "gid": "3489793426696665849",
                    "size": "717659327",
                    "download": "203105840"
                }
            },
            "decryptionkey": "d774e1f2b3b878e3142a06b8794c1360b22b7f86b205d7c52fb53bab575525d9"
        },
        "3041813": {
            "config": {
                "language": "japanese"
            },
            "manifests": {
                "public": {
                    "gid": "3589445173318981586",
                    "size": "715522699",
                    "download": "203041136"
                }
            },
            "decryptionkey": "c0ab1cabe9b6a2526309af8edab7ab6e6147d814613e049f178f66b0968e1552"
        },
        "branches": {
            "public": {
                "buildid": "16660075",
                "timeupdated": "1733507996"
            }
        }
    }
}