{
    "appid": "3044480",
    "type": "Demo",
    "name": "小先生 Demo",
    "schinese_name": "",
    "isfreeapp": "0",
    "change_number": "25917975",
    "update_time": "2024-10-27 18:29:55",
    "depot": {
        "228989": {
            "config": {
                "oslist": "windows"
            },
            "depotfromapp": "228980",
            "sharedinstall": "1"
        },
        "228990": {
            "config": {
                "oslist": "windows"
            },
            "depotfromapp": "228980",
            "sharedinstall": "1"
        },
        "baselanguages": "schinese",
        "3044481": {
            "config": {
                "oslist": "windows",
                "osarch": "64"
            },
            "manifests": {
                "public": {
                    "gid": "6319214055811223323",
                    "size": "6760715361",
                    "download": "6575228960"
                }
            },
            "decryptionkey": "78f5f6390a1d2f35245b59742895ac443704e1fd1a83606045115370b5eb974f"
        },
        "branches": {
            "public": {
                "buildid": "15225080",
                "timeupdated": "1722507039"
            }
        }
    }
}