{
    "appid": "3595930",
    "type": "DLC",
    "name": "Touhou Spell Carnival Deluxe Pack",
    "schinese_name": "",
    "isfreeapp": "0",
    "change_number": "28866427",
    "update_time": "2025-05-08 01:01:19",
    "depot": {
        "3595930": {
            "manifests": {
                "public": {
                    "gid": "7940041631255530236",
                    "size": "1464648729",
                    "download": "1283242320"
                }
            },
            "dlcappid": "3595930",
            "decryptionkey": "d7bd563f47b269e38ea17014fd2cd6456378fbbfde50a5f172d04c750511ff7f"
        },
        "branches": {
            "public": {
                "buildid": "17720804",
                "timeupdated": "1741976747"
            }
        }
    }
}