{
    "appid": "3200740",
    "type": "Demo",
    "name": "Ys X: Nordics Demo",
    "schinese_name": "",
    "isfreeapp": "0",
    "change_number": "28348442",
    "update_time": "2025-04-07 23:24:22",
    "depot": {
        "228989": {
            "config": {
                "oslist": "windows"
            },
            "depotfromapp": "228980",
            "sharedinstall": "1"
        },
        "3200741": {
            "manifests": {
                "public": {
                    "gid": "8042673105100939007",
                    "size": "3378818125",
                    "download": "3305087712"
                },
                "version_1.0.1": {
                    "gid": "5382013218470557167",
                    "size": "3378787760",
                    "download": "3305080256"
                },
                "version_1.0.2": {
                    "gid": "2080621992654681335",
                    "size": "3378801671",
                    "download": "3305085072"
                },
                "version_1.0.3": {
                    "gid": "3617310914551385715",
                    "size": "3378815620",
                    "download": "3305085968"
                },
                "version_1.0.4": {
                    "gid": "1603931901855467995",
                    "size": "3378815620",
                    "download": "3305086560"
                },
                "version_1.0.6": {
                    "gid": "522803151293502068",
                    "size": "3378816644",
                    "download": "3305087072"
                },
                "version_1.0.7": {
                    "gid": "7693691366995014685",
                    "size": "3378816644",
                    "download": "3305087648"
                },
                "version_1.0.8": {
                    "gid": "8042673105100939007",
                    "size": "3378818125",
                    "download": "3305087712"
                }
            },
            "decryptionkey": "c4baf83e5245926f9d25998e797ccb431c7a5a5f851ae81931bb93dc0c401af7"
        },
        "baselanguages": "english,french,japanese",
        "branches": {
            "public": {
                "buildid": "16313959",
                "timeupdated": "1731317393"
            },
            "version_1.0.1": {
                "buildid": "16019591",
                "description": "version_1.0.1 + coop",
                "timeupdated": "1728726065"
            },
            "version_1.0.2": {
                "buildid": "16055064",
                "description": "version_1.0.2 + coop",
                "timeupdated": "1729015261"
            },
            "version_1.0.3": {
                "buildid": "16108153",
                "description": "version_1.0.3 + coop",
                "timeupdated": "1729414609"
            },
            "version_1.0.4": {
                "buildid": "16112172",
                "description": "version_1.0.4 + coop",
                "timeupdated": "1729414553"
            },
            "version_1.0.6": {
                "buildid": "16149603",
                "description": "version_1.0.6 + coop",
                "timeupdated": "1729680081"
            },
            "version_1.0.7": {
                "buildid": "16161595",
                "description": "version_1.0.7 + coop",
                "timeupdated": "1729754522"
            },
            "version_1.0.8": {
                "buildid": "16313959",
                "description": "version_1.0.8 + coop",
                "timeupdated": "1730895716"
            }
        },
        "privatebranches": "1"
    }
}