{
    "appid": "3027410",
    "type": "Music",
    "name": "Fuga: Melodies of Steel OST Vol. 2",
    "schinese_name": "",
    "isfreeapp": "0",
    "change_number": "26183469",
    "update_time": "2024-11-14 07:26:57",
    "depot": {
        "3027411": {
            "manifests": {
                "public": {
                    "gid": "6615766725977959265",
                    "size": "123029232",
                    "download": "97577616"
                }
            },
            "decryptionkey": "a72fe258aadf91d0619b2ddbea7045530d72158b95dc6ae3b7d76181adce0d1a"
        },
        "3027412": {},
        "3027413": {
            "config": {
                "highqualityaudio": "1"
            },
            "manifests": {
                "public": {
                    "gid": "7900635399219854282",
                    "size": "542496418",
                    "download": "462417392"
                }
            },
            "decryptionkey": "68230f3bc1e4e34beba11beca2ae968d0e52feda4e2ca8de039902e60d88a4b5"
        },
        "branches": {
            "public": {
                "buildid": "15055796",
                "timeupdated": "1721175822"
            }
        },
        "privatebranches": "1"
    }
}