{
    "appid": "3186690",
    "type": "Demo",
    "name": "Konfronto Demo",
    "schinese_name": "",
    "isfreeapp": "0",
    "change_number": "29040143",
    "update_time": "2025-05-17 21:08:01",
    "depot": {
        "228989": {
            "config": {
                "oslist": "windows"
            },
            "depotfromapp": "228980",
            "sharedinstall": "1"
        },
        "228990": {
            "config": {
                "oslist": "windows"
            },
            "depotfromapp": "228980",
            "sharedinstall": "1"
        },
        "3186691": {
            "manifests": {
                "public": {
                    "gid": "4925586772162824907",
                    "size": "1452049005",
                    "download": "779046112"
                },
                "open-beta": {
                    "gid": "2318734808093935109",
                    "size": "1450954062",
                    "download": "746365072"
                }
            },
            "decryptionkey": "adeb23e983aafdc2df4c6a812c957995e3a4a9b8fedb97f7e97a07dd360e95d7"
        },
        "branches": {
            "public": {
                "buildid": "18500666",
                "timeupdated": "1747478499"
            },
            "open-beta": {
                "buildid": "18385418",
                "description": "open beta builds for the brave",
                "timeupdated": "1746694132"
            }
        },
        "privatebranches": "1"
    }
}