{
    "appid": "2998560",
    "type": "Tool",
    "name": "Caïssa Board Dedicated Server",
    "schinese_name": "",
    "isfreeapp": "0",
    "change_number": "26457161",
    "update_time": "2024-12-05 10:00:07",
    "depot": {
        "1004": {
            "config": {
                "oslist": "windows"
            },
            "manifests": {
                "public": {
                    "gid": "7747775778018907449",
                    "size": "46727128",
                    "download": "14307024"
                }
            },
            "depotfromapp": "1007",
            "decryptionkey": "f21faa4f29ecee9d192fc1784d1701376eb87e13521824ceaf0116b10c558a81"
        },
        "1005": {
            "config": {
                "oslist": "macos"
            },
            "manifests": {
                "public": {
                    "gid": "2135359612286175146",
                    "size": "0",
                    "download": "0"
                }
            },
            "depotfromapp": "1007",
            "decryptionkey": "ffa980484d510ce8d7bfcdfde8545a438acc894accb6750711fdb75c0ee92ad9"
        },
        "1006": {
            "config": {
                "oslist": "linux"
            },
            "manifests": {
                "public": {
                    "gid": "7138471031118904166",
                    "size": "78382436",
                    "download": "21254752"
                }
            },
            "depotfromapp": "1007",
            "decryptionkey": "0a6d85ecbae0b6b89cf23244f6b4a69fe14e3e64b128473e93f9a2ed3d835b1c"
        },
        "2998561": {
            "config": {
                "oslist": "windows"
            },
            "manifests": {
                "public": {
                    "gid": "3549794555916447421",
                    "size": "2605628076",
                    "download": "694455328"
                },
                "unstable": {
                    "gid": "1907129377409720188",
                    "size": "4844292022",
                    "download": "1041564432"
                }
            },
            "decryptionkey": ""
        },
        "2998562": {
            "config": {
                "oslist": "linux",
                "osarch": "64"
            },
            "manifests": {
                "public": {
                    "gid": "7501763709361640316",
                    "size": "1013138876",
                    "download": "349890544"
                }
            },
            "decryptionkey": ""
        },
        "branches": {
            "public": {
                "buildid": "14850523",
                "timeupdated": "1719437182"
            },
            "unstable": {
                "buildid": "14437661",
                "description": "Beta Test",
                "timeupdated": "1716271166"
            }
        }
    }
}