{
    "appid": "3032700",
    "type": "Demo",
    "name": "Sunset Devils Demo",
    "schinese_name": "",
    "isfreeapp": "0",
    "change_number": "24735698",
    "update_time": "2024-08-11 07:32:09",
    "depot": {
        "3032701": {
            "config": {
                "language": "english",
                "oslist": "windows"
            },
            "manifests": {
                "public": {
                    "gid": "2774496523403427977",
                    "size": "95546920",
                    "download": "67936256"
                }
            },
            "decryptionkey": "b3743ca42d84347d98c78af1b571f2119ab1172c7dee3f7e26f4ff6304c51b2a"
        },
        "hasdepotsindlc": "0",
        "branches": {
            "public": {
                "buildid": "14653162",
                "timeupdated": "1717891908"
            }
        }
    }
}