{
    "appid": "3162740",
    "type": "Game",
    "name": "Night Fright",
    "schinese_name": "",
    "isfreeapp": "0",
    "change_number": "28656205",
    "update_time": "2025-04-25 08:51:45",
    "depot": {
        "228989": {
            "config": {
                "oslist": "windows"
            },
            "depotfromapp": "228980",
            "sharedinstall": "1"
        },
        "228990": {
            "config": {
                "oslist": "windows"
            },
            "depotfromapp": "228980",
            "sharedinstall": "1"
        },
        "3162741": {
            "manifests": {
                "public": {
                    "gid": "2314239659474984559",
                    "size": "6697660178",
                    "download": "6455834416"
                }
            },
            "decryptionkey": "c421b9ffdb4129c50c6711e30e38710ace030797881d53bf13c1c83ff9b87b7a"
        },
        "branches": {
            "public": {
                "buildid": "17290180",
                "timeupdated": "1739004159"
            }
        }
    }
}