{
    "appid": "3169630",
    "type": "Game",
    "name": "Night of the Dead Simulator",
    "schinese_name": "",
    "isfreeapp": "0",
    "change_number": "28512978",
    "update_time": "2025-04-17 01:10:46",
    "depot": {
        "baselanguages": "english,german,french,italian,spanish,russian,japanese,brazilian",
        "228989": {
            "config": {
                "oslist": "windows"
            },
            "depotfromapp": "228980",
            "sharedinstall": "1"
        },
        "228990": {
            "config": {
                "oslist": "windows"
            },
            "depotfromapp": "228980",
            "sharedinstall": "1"
        },
        "3169631": {
            "manifests": {
                "public": {
                    "gid": "7650484840425543431",
                    "size": "7658779007",
                    "download": "6087223024"
                }
            },
            "decryptionkey": "519d92a6089c32a47fca3d6abcac34651fd40ec6de329980c4012ecd7727223c"
        },
        "branches": {
            "public": {
                "buildid": "15801521",
                "timeupdated": "1727135277"
            }
        }
    }
}