{
    "appid": "2957100",
    "type": "Game",
    "name": "Your Sister",
    "schinese_name": "你妹",
    "isfreeapp": "0",
    "change_number": "28821875",
    "update_time": "2025-05-05 20:29:59",
    "depot": {
        "228988": {
            "config": {
                "oslist": "windows"
            },
            "depotfromapp": "228980",
            "sharedinstall": "1"
        },
        "228990": {
            "config": {
                "oslist": "windows"
            },
            "depotfromapp": "228980",
            "sharedinstall": "1"
        },
        "2957101": {
            "config": {
                "oslist": "windows",
                "osarch": "64"
            },
            "manifests": {
                "public": {
                    "gid": "8532724941461834165",
                    "size": "1308985584",
                    "download": "892126992"
                }
            },
            "decryptionkey": "745330b93973ea515b06bd1f5b257afcb4bc1c67a70a9d75f644dd70529f1a50"
        },
        "workshopdepot": "2957100",
        "branches": {
            "public": {
                "buildid": "17865522",
                "timeupdated": "1742985671"
            }
        },
        "workshopdepotdecryptionkey": "ab7f6a2679bf94c19c6b3ba1caa50201d5ef42a8051db932d4d71a4d4d977b59"
    }
}