{
    "appid": "2971920",
    "type": "Demo",
    "name": "Lyndaria: Lust Adventure Demo",
    "schinese_name": "",
    "isfreeapp": "0",
    "change_number": "25320017",
    "update_time": "2024-09-21 00:00:57",
    "depot": {
        "2971921": {
            "manifests": {
                "public": {
                    "gid": "2710516134369899335",
                    "size": "4672597242",
                    "download": "1198994352"
                }
            },
            "decryptionkey": "ae017c7fc02bef5c2870aaec7ed0c2401336e55a3c9cb6d0eab9cbfd279629ba"
        },
        "branches": {
            "public": {
                "buildid": "14547684",
                "timeupdated": "1717075543"
            }
        }
    }
}