{
    "appid": "3316210",
    "type": "Game",
    "name": "梧州旅行家",
    "schinese_name": "",
    "isfreeapp": "1",
    "change_number": "27181251",
    "update_time": "2025-01-27 18:47:26",
    "depot": {
        "228989": {
            "config": {
                "oslist": "windows"
            },
            "depotfromapp": "228980",
            "sharedinstall": "1"
        },
        "228990": {
            "config": {
                "oslist": "windows"
            },
            "depotfromapp": "228980",
            "sharedinstall": "1"
        },
        "3316211": {
            "manifests": {
                "public": {
                    "gid": "2133985198163199906",
                    "size": "355323102",
                    "download": "240945648"
                }
            },
            "decryptionkey": "73697eda0a9fae8f3542dd4a2615d5f274848da8627e06697a3bd86c67f1ba75"
        },
        "baselanguages": "english,schinese",
        "branches": {
            "public": {
                "buildid": "17143472",
                "timeupdated": "1737974838"
            }
        }
    }
}