{
    "appid": "3079400",
    "type": "Game",
    "name": "3D PUZZLE - Abandoned Prison",
    "schinese_name": "",
    "isfreeapp": "0",
    "change_number": "28405810",
    "update_time": "2025-04-10 19:11:15",
    "depot": {
        "3079401": {
            "manifests": {
                "public": {
                    "gid": "7083816929914863274",
                    "size": "2606974100",
                    "download": "478255360"
                }
            },
            "decryptionkey": "f8aeddd31d4df20615b36b3381a55566b96315499d4b8ee4f9d473f718fb9c4c"
        },
        "branches": {
            "public": {
                "buildid": "15042168",
                "timeupdated": "1721082115"
            }
        }
    }
}