{
    "appid": "3290040",
    "type": "Game",
    "name": "魔剑镇魂曲 英雄之泪",
    "schinese_name": "",
    "isfreeapp": "0",
    "change_number": "29048543",
    "update_time": "2025-05-18 20:15:58",
    "depot": {
        "baselanguages": "english",
        "3290041": {
            "config": {
                "oslist": "windows"
            },
            "manifests": {
                "public": {
                    "gid": "708044910672596162",
                    "size": "388254738",
                    "download": "258093056"
                }
            },
            "decryptionkey": "8b2e34a9eb9a538c920d12e08f58f370a647b3a18e74c189de077f72de3ab4da"
        },
        "branches": {
            "public": {
                "buildid": "17884153",
                "timeupdated": "1743128666"
            }
        },
        "privatebranches": "1"
    }
}