{
    "appid": "3134670",
    "type": "Game",
    "name": "Border Patrol",
    "schinese_name": "边境检查员",
    "isfreeapp": "0",
    "change_number": "28120310",
    "update_time": "2025-03-25 09:20:33",
    "depot": {
        "3134671": {
            "config": {
                "oslist": "windows"
            },
            "manifests": {
                "public": {
                    "gid": "4880682714017980341",
                    "size": "432906237",
                    "download": "125364752"
                }
            },
            "decryptionkey": "903d547893af06d53757748d78dbc86a2a985551aae3ab9bbd795b56f026b78d"
        },
        "3134672": {
            "config": {
                "oslist": "linux"
            },
            "manifests": {
                "public": {
                    "gid": "6548706732270884363",
                    "size": "421842615",
                    "download": "121001744"
                }
            },
            "decryptionkey": ""
        },
        "3134673": {
            "config": {
                "oslist": "macos"
            },
            "manifests": {
                "public": {
                    "gid": "6460682761696442407",
                    "size": "494811297",
                    "download": "139724096"
                }
            },
            "decryptionkey": ""
        },
        "baselanguages": "english,german,french,koreana,spanish,schinese,russian,thai,japanese,portuguese,arabic",
        "branches": {
            "public": {
                "buildid": "15599336",
                "timeupdated": "1725517877"
            }
        }
    }
}