{
    "appid": "3055040",
    "type": "DLC",
    "name": "Cities: Skylines II - Feelgood Funk Radio",
    "schinese_name": "",
    "isfreeapp": "0",
    "change_number": "28979310",
    "update_time": "2025-05-14 22:46:36",
    "depot": {
        "3055040": {
            "config": {
                "oslist": "windows",
                "osarch": "64"
            },
            "manifests": {
                "public": {
                    "gid": "8429755671020371176",
                    "size": "200124028",
                    "download": "199873760"
                }
            },
            "dlcappid": "3055040",
            "decryptionkey": "3b44a007515e566327cfc4ed209b8c71ffe4789a4a12fe3659caae3bf23440d3"
        },
        "branches": {
            "public": {
                "buildid": "17387511",
                "timeupdated": "1742285832"
            }
        },
        "privatebranches": "1"
    }
}