{
    "appid": "3090930",
    "type": "Game",
    "name": "G-MODEアーカイブス+ 探偵・癸生川凌介事件譚 Vol.15「逢魔が刻の狂詩曲」",
    "schinese_name": "",
    "isfreeapp": "0",
    "change_number": "27283450",
    "update_time": "2025-02-03 12:19:56",
    "depot": {
        "3090931": {
            "manifests": {
                "public": {
                    "gid": "7665754546802370509",
                    "size": "104165616",
                    "download": "41066608"
                }
            },
            "decryptionkey": "1cff1a8342085558e8e76504820b5a36b21385504e2a9564717ec72572ff706a"
        },
        "baselanguages": "japanese",
        "branches": {
            "public": {
                "buildid": "15197024",
                "timeupdated": "1722330403"
            }
        }
    }
}