{
    "appid": "3001000",
    "type": "Game",
    "name": "最后的防线",
    "schinese_name": "",
    "isfreeapp": "0",
    "change_number": "28960301",
    "update_time": "2025-05-13 20:34:43",
    "depot": {
        "hasdepotsindlc": "0",
        "baselanguages": "english,schinese",
        "3001008": {
            "config": {
                "oslist": "windows"
            },
            "manifests": {
                "public": {
                    "gid": "6339466314393855052",
                    "size": "1858064627",
                    "download": "327766176"
                }
            },
            "decryptionkey": "3ea33b6d8aac6f84209c492808f2e8152744520cfd5911fbed6ab6c985311562"
        },
        "3001001": {
            "config": {
                "oslist": "macos",
                "osarch": "64"
            },
            "manifests": {
                "public": {
                    "gid": "4319768539061790969",
                    "size": "1854160870",
                    "download": "326920896"
                }
            },
            "decryptionkey": ""
        },
        "branches": {
            "public": {
                "buildid": "17966478",
                "timeupdated": "1743667304"
            }
        }
    }
}