{
    "appid": "3210610",
    "type": "Music",
    "name": "少年期の終り (Boyhood's End) Soundtrack",
    "schinese_name": "少年的终结 Digital Soundtrack",
    "isfreeapp": "0",
    "change_number": "28374651",
    "update_time": "2025-04-09 06:12:37",
    "depot": {
        "3210611": {
            "manifests": {
                "public": {
                    "gid": "8904899076922007318",
                    "size": "370458236",
                    "download": "365990544"
                }
            },
            "decryptionkey": "8ef8c4b02011531656b8968b33fffe80aba1937afe89d220abdb5f6509b612e4"
        },
        "branches": {
            "public": {
                "buildid": "18008121",
                "timeupdated": "1744013525"
            }
        },
        "privatebranches": "1"
    }
}