{
    "appid": "3266780",
    "type": "Demo",
    "name": "Chained in the Backrooms Demo",
    "schinese_name": "",
    "isfreeapp": "0",
    "change_number": "27468606",
    "update_time": "2025-02-14 06:35:15",
    "depot": {
        "3266781": {
            "manifests": {
                "public": {
                    "gid": "4230494128238283249",
                    "size": "579617187",
                    "download": "372416608"
                }
            },
            "decryptionkey": "a2bd6396ce79befb7d125b2ce8f9f8933adfc16a6181c531eb15e7c9bd294407"
        },
        "branches": {
            "public": {
                "buildid": "17040447",
                "timeupdated": "1737121052"
            }
        },
        "privatebranches": "1"
    }
}