{
    "appid": "3210580",
    "type": "Demo",
    "name": "Sparrow Demo",
    "schinese_name": "",
    "isfreeapp": "0",
    "change_number": "27293033",
    "update_time": "2025-02-04 01:16:29",
    "depot": {
        "228989": {
            "config": {
                "oslist": "windows"
            },
            "depotfromapp": "228980",
            "sharedinstall": "1"
        },
        "228990": {
            "config": {
                "oslist": "windows"
            },
            "depotfromapp": "228980",
            "sharedinstall": "1"
        },
        "3210581": {
            "manifests": {
                "public": {
                    "gid": "1683989415252166221",
                    "size": "9477546051",
                    "download": "4147565840"
                }
            },
            "decryptionkey": "066b0243fc889619b1babc96ce3fd557bff755495e16c1991669d825a9bf68e1"
        },
        "branches": {
            "public": {
                "buildid": "17226943",
                "timeupdated": "1738602931"
            }
        }
    }
}