{
    "appid": "3519290",
    "type": "Demo",
    "name": "中专预备役 Demo",
    "schinese_name": "",
    "isfreeapp": "0",
    "change_number": "27742299",
    "update_time": "2025-03-02 22:28:39",
    "depot": {
        "228988": {
            "config": {
                "oslist": "windows"
            },
            "depotfromapp": "228980",
            "sharedinstall": "1"
        },
        "228990": {
            "config": {
                "oslist": "windows"
            },
            "depotfromapp": "228980",
            "sharedinstall": "1"
        },
        "3519291": {
            "manifests": {
                "public": {
                    "gid": "8884769605078812139",
                    "size": "481576177",
                    "download": "351184064"
                }
            },
            "decryptionkey": "7774c03eda89e0362b5b893b7706a67c0acc39a59ecde1356aa278e3dd0937b1"
        },
        "baselanguages": "schinese",
        "branches": {
            "public": {
                "buildid": "17565534",
                "timeupdated": "1740925715"
            }
        }
    }
}