{
    "appid": "3094110",
    "type": "Demo",
    "name": "沙漠雇佣兵团 Demo",
    "schinese_name": "",
    "isfreeapp": "0",
    "change_number": "25846781",
    "update_time": "2024-10-23 06:26:10",
    "depot": {
        "3094111": {
            "config": {
                "oslist": "windows",
                "osarch": "64"
            },
            "manifests": {
                "public": {
                    "gid": "3517048524495734102",
                    "size": "3581081351",
                    "download": "804006480"
                }
            },
            "decryptionkey": "32f1deb2d7f3e1b351ccf3eb906a40a2aff1cbfc94f296dea15f0d522a449a60"
        },
        "branches": {
            "public": {
                "buildid": "15846719",
                "timeupdated": "1727420473"
            }
        }
    }
}