{
    "appid": "2963740",
    "type": "Game",
    "name": "Below Level 地下",
    "schinese_name": "地下",
    "isfreeapp": "0",
    "change_number": "24158974",
    "update_time": "2024-06-28 16:09:27",
    "depot": {
        "228989": {
            "config": {
                "oslist": "windows"
            },
            "depotfromapp": "228980",
            "sharedinstall": "1"
        },
        "228990": {
            "config": {
                "oslist": "windows"
            },
            "depotfromapp": "228980",
            "sharedinstall": "1"
        },
        "baselanguages": "english,spanish,schinese,japanese,latam",
        "2963741": {
            "config": {
                "oslist": "windows",
                "osarch": "64"
            },
            "manifests": {
                "public": {
                    "gid": "2988496966402098247",
                    "size": "2230534381",
                    "download": "1909430176"
                }
            },
            "decryptionkey": "187a0dc2e8fc136214a032883bcf4fe27388cc00ff3c56235dd6b125f815f96f"
        },
        "branches": {
            "public": {
                "buildid": "14867027",
                "timeupdated": "1719547074"
            }
        }
    }
}