{
    "appid": "3035190",
    "type": "Demo",
    "name": "KARMA: The Dark World Demo",
    "schinese_name": "",
    "isfreeapp": "0",
    "change_number": "28257225",
    "update_time": "2025-04-02 06:49:00",
    "depot": {
        "228989": {
            "config": {
                "oslist": "windows"
            },
            "depotfromapp": "228980",
            "sharedinstall": "1"
        },
        "228990": {
            "config": {
                "oslist": "windows"
            },
            "depotfromapp": "228980",
            "sharedinstall": "1"
        },
        "229005": {
            "config": {
                "oslist": "windows"
            },
            "depotfromapp": "228980",
            "sharedinstall": "1"
        },
        "3035191": {
            "manifests": {
                "public": {
                    "gid": "3749741410686743013",
                    "size": "26907583076",
                    "download": "25172152384"
                }
            },
            "decryptionkey": "9ef73fee98cff62f8cb99bfc3d28d4d185191c49db561cf950df29b76be610c7"
        },
        "branches": {
            "public": {
                "buildid": "17836041",
                "timeupdated": "1742900899"
            }
        },
        "privatebranches": "1"
    }
}