{
    "appid": "2985530",
    "type": "Demo",
    "name": "Supermoves Freerun",
    "schinese_name": "",
    "isfreeapp": "0",
    "change_number": "28110237",
    "update_time": "2025-03-24 22:21:40",
    "depot": {
        "baselanguages": "english",
        "228989": {
            "config": {
                "oslist": "windows"
            },
            "depotfromapp": "228980",
            "sharedinstall": "1"
        },
        "228990": {
            "config": {
                "oslist": "windows"
            },
            "depotfromapp": "228980",
            "sharedinstall": "1"
        },
        "2985531": {
            "config": {
                "oslist": "windows"
            },
            "manifests": {
                "public": {
                    "gid": "2834717025638715154",
                    "size": "16199177652",
                    "download": "5213852992"
                }
            },
            "decryptionkey": "c8497aa35afd14b00efb091c792b6b53c0dd3c43bd14094436423da4d6e6a2c6"
        },
        "branches": {
            "public": {
                "buildid": "17836981",
                "timeupdated": "1742826022"
            }
        },
        "privatebranches": "1"
    }
}