{
    "appid": "3181560",
    "type": "DLC",
    "name": "Beat Saber - Britney Spears - Overprotected",
    "schinese_name": "",
    "isfreeapp": "0",
    "change_number": "25588331",
    "update_time": "2024-10-08 22:48:27",
    "depot": {
        "3181560": {
            "manifests": {
                "public": {
                    "gid": "9149909086638645350",
                    "size": "11570118",
                    "download": "11728432"
                }
            },
            "dlcappid": "3181560",
            "decryptionkey": "8bae1b7e9e8b21a20c8559a29acd29dc6dda9afb6154587d5862ea0584eb3d7f"
        },
        "branches": {
            "public": {
                "buildid": "15688875",
                "timeupdated": "1726484239"
            }
        }
    }
}