{
    "appid": "2967540",
    "type": "Demo",
    "name": "Core Awaken Rurumu's will Demo",
    "schinese_name": "机核觉醒～露露姆的决意～",
    "isfreeapp": "0",
    "change_number": "23862058",
    "update_time": "2024-07-16 02:47:06",
    "depot": {
        "baselanguages": "english,schinese,tchinese,japanese",
        "2967541": {
            "config": {
                "language": "japanese",
                "oslist": "windows"
            },
            "manifests": {
                "public": {
                    "gid": "1524669997140719824",
                    "size": "216278179",
                    "download": "105793872"
                }
            },
            "decryptionkey": ""
        },
        "2967542": {
            "config": {
                "language": "tchinese",
                "oslist": "windows"
            },
            "manifests": {
                "public": {
                    "gid": "5503198986919267011",
                    "size": "216278179",
                    "download": "105846848"
                }
            },
            "decryptionkey": ""
        },
        "2967543": {
            "config": {
                "language": "schinese",
                "oslist": "windows"
            },
            "manifests": {
                "public": {
                    "gid": "5332372213598644135",
                    "size": "216277851",
                    "download": "105844544"
                }
            },
            "decryptionkey": "447ad9a5a7c2efb99e028adadf18ac83c8b0d1f0bbb2a4be268b4b1bfeb01386"
        },
        "2967544": {
            "config": {
                "language": "english",
                "oslist": "windows"
            },
            "manifests": {
                "public": {
                    "gid": "1262582654651578274",
                    "size": "216281615",
                    "download": "105845568"
                }
            },
            "decryptionkey": ""
        },
        "branches": {
            "public": {
                "buildid": "14606606",
                "timeupdated": "1717564467"
            }
        }
    }
}