{
    "appid": "3597690",
    "type": "Game",
    "name": "光影人生 Lights and Shadow",
    "schinese_name": "光影人生",
    "isfreeapp": "0",
    "change_number": "28761409",
    "update_time": "2025-05-01 09:32:08",
    "depot": {
        "3597691": {
            "manifests": {
                "public": {
                    "gid": "1986382131262977623",
                    "size": "44431823782",
                    "download": "43854271568"
                }
            },
            "decryptionkey": "e598184cf69273d40dd08e82a1eac4f175a878064492c7964cceba63529d13eb"
        },
        "hasdepotsindlc": "0",
        "baselanguages": "english,schinese",
        "branches": {
            "public": {
                "buildid": "18081486",
                "timeupdated": "1744438295"
            }
        }
    }
}