{
    "appid": "3086700",
    "type": "Game",
    "name": "RampageRunner",
    "schinese_name": "",
    "isfreeapp": "1",
    "change_number": "25318974",
    "update_time": "2024-09-20 22:52:31",
    "depot": {
        "228989": {
            "config": {
                "oslist": "windows"
            },
            "depotfromapp": "228980",
            "sharedinstall": "1"
        },
        "228990": {
            "config": {
                "oslist": "windows"
            },
            "depotfromapp": "228980",
            "sharedinstall": "1"
        },
        "3086701": {
            "manifests": {
                "public": {
                    "gid": "7677545888040888474",
                    "size": "569626646",
                    "download": "429034672"
                }
            },
            "decryptionkey": "e58806a350f2d6f30ce5ba070989b0e24b5dc05821f085aec2a02c386c8d0d18"
        },
        "branches": {
            "public": {
                "buildid": "15506148",
                "timeupdated": "1724766516"
            }
        }
    }
}