{
    "appid": "3214110",
    "type": "Demo",
    "name": "Combat Rover: Operation Storm Demo",
    "schinese_name": "",
    "isfreeapp": "0",
    "change_number": "25850890",
    "update_time": "2024-10-23 12:50:40",
    "depot": {
        "3214111": {
            "manifests": {
                "public": {
                    "gid": "6985493595419701586",
                    "size": "3803837374",
                    "download": "1434978016"
                }
            },
            "decryptionkey": "dbc24d130abfa3b7bdd2fc3b69487c5596f1b080db9c27f9b649f902d8ef4693"
        },
        "branches": {
            "public": {
                "buildid": "15979804",
                "timeupdated": "1728474313"
            }
        }
    }
}