{
    "appid": "2969140",
    "type": "Game",
    "name": "Checkout: Cashier Simulator",
    "schinese_name": "",
    "isfreeapp": "0",
    "change_number": "29015559",
    "update_time": "2025-05-16 10:54:44",
    "depot": {
        "2969141": {
            "config": {
                "language": "english",
                "oslist": "windows",
                "osarch": "64"
            },
            "manifests": {
                "public": {
                    "gid": "3134712981065556311",
                    "size": "221487048",
                    "download": "159060320"
                }
            },
            "decryptionkey": "8c82e0c98a812dd8283a451bb086b5f155e44637c10996e7ecdd40c67d0861a2"
        },
        "branches": {
            "public": {
                "buildid": "17297296",
                "timeupdated": "1739099683"
            }
        },
        "privatebranches": "1"
    }
}