{
    "appid": "3213660",
    "type": "Demo",
    "name": "The Pane Puzzle Demo",
    "schinese_name": "解谜大师：百变徽章 试玩版",
    "isfreeapp": "0",
    "change_number": "25846781",
    "update_time": "2024-10-23 06:23:53",
    "depot": {
        "3213661": {
            "config": {
                "oslist": "windows"
            },
            "manifests": {
                "public": {
                    "gid": "2917750990928031792",
                    "size": "306562672",
                    "download": "78486432"
                }
            },
            "decryptionkey": "523d6f0ef882b977946c510c1d30d4a98d8de6349b6bc9fb71908985fdcbf972"
        },
        "3213662": {
            "config": {
                "oslist": "macos"
            },
            "manifests": {
                "public": {
                    "gid": "4936756443427599633",
                    "size": "334129233",
                    "download": "85931280"
                }
            },
            "decryptionkey": ""
        },
        "3213663": {
            "config": {
                "oslist": "linux"
            },
            "manifests": {
                "public": {
                    "gid": "2026712032896666510",
                    "size": "304817118",
                    "download": "76486464"
                }
            },
            "decryptionkey": ""
        },
        "branches": {
            "public": {
                "buildid": "15799899",
                "timeupdated": "1727124717"
            }
        }
    }
}