{
    "appid": "3061580",
    "type": "Game",
    "name": "Отделение 38",
    "schinese_name": "",
    "isfreeapp": "0",
    "change_number": "28966787",
    "update_time": "2025-05-14 02:54:52",
    "depot": {
        "baselanguages": "english",
        "3061581": {
            "manifests": {
                "public": {
                    "gid": "5898627915980049893",
                    "size": "520017914",
                    "download": "462180048"
                }
            },
            "decryptionkey": "e6e3f9356c163360bf9d08b351816ab0aa0564e6f2cc2bc411466235e783abea"
        },
        "branches": {
            "public": {
                "buildid": "18150116",
                "timeupdated": "1744926585"
            }
        }
    }
}