{
    "appid": "3260200",
    "type": "Demo",
    "name": "Across the Wonderlands - Appetizer Demo",
    "schinese_name": "",
    "isfreeapp": "0",
    "change_number": "28341619",
    "update_time": "2025-04-07 16:17:28",
    "depot": {
        "228989": {
            "config": {
                "oslist": "windows"
            },
            "depotfromapp": "228980",
            "sharedinstall": "1"
        },
        "228990": {
            "config": {
                "oslist": "windows"
            },
            "depotfromapp": "228980",
            "sharedinstall": "1"
        },
        "3260201": {
            "manifests": {
                "public": {
                    "gid": "5314891828693535041",
                    "size": "2155341274",
                    "download": "1916359600"
                }
            },
            "decryptionkey": "ff4250f91a75fdaa80e146c932aff2818d1301a4ddda454034b300ec9924cddb"
        },
        "branches": {
            "public": {
                "buildid": "17001437",
                "timeupdated": "1736868331"
            }
        }
    }
}