{
    "appid": "3285600",
    "type": "Beta",
    "name": "Exo Helljumper ：Descent X Playtest",
    "schinese_name": "义体伞兵：第一次下降 Playtest",
    "isfreeapp": "0",
    "change_number": "27441879",
    "update_time": "2025-02-12 23:34:59",
    "depot": {
        "hasdepotsindlc": "0",
        "3285601": {
            "config": {
                "oslist": "windows"
            },
            "manifests": {
                "public": {
                    "gid": "23230885300915468",
                    "size": "375166367",
                    "download": "145367888"
                }
            },
            "decryptionkey": "a75224ea13cb0b819318259c010dac726328bcaed7d3069694a831487d6cc1d7"
        },
        "3285602": {
            "config": {
                "oslist": "macos"
            },
            "manifests": {
                "public": {
                    "gid": "3866889011683167164",
                    "size": "426968557",
                    "download": "157497760"
                }
            },
            "decryptionkey": ""
        },
        "branches": {
            "public": {
                "buildid": "17115254",
                "timeupdated": "1739374494"
            }
        },
        "privatebranches": "1"
    }
}