{
    "appid": "3470480",
    "type": "Game",
    "name": "Streaming ON! VTuber Training",
    "schinese_name": "",
    "isfreeapp": "0",
    "change_number": "29048545",
    "update_time": "2025-05-18 20:16:17",
    "depot": {
        "3470481": {
            "manifests": {
                "public": {
                    "gid": "8004144792767184724",
                    "size": "752723935",
                    "download": "455058112"
                }
            },
            "decryptionkey": "4db4d036f2b4128883b039838cf27142f2d6b9e7a8d26828dd0bd969c9b30189"
        },
        "branches": {
            "public": {
                "buildid": "18109039",
                "timeupdated": "1744698854"
            }
        },
        "privatebranches": "1"
    }
}