{
    "appid": "3220950",
    "type": "Demo",
    "name": "挣点薯条 Demo",
    "schinese_name": "",
    "isfreeapp": "0",
    "change_number": "26417920",
    "update_time": "2024-12-05 07:36:34",
    "depot": {
        "3220951": {
            "manifests": {
                "public": {
                    "gid": "3276524186716157696",
                    "size": "374889199",
                    "download": "225999136"
                }
            },
            "decryptionkey": "c0d41c5977ebc2f2d728b5450617d5483d629c6e4164bff7212101f54dc609f8"
        },
        "branches": {
            "public": {
                "buildid": "15693263",
                "timeupdated": "1726243738"
            }
        }
    }
}