{
    "appid": "3034130",
    "type": "Game",
    "name": "Love is in small things",
    "schinese_name": "",
    "isfreeapp": "0",
    "change_number": "29015847",
    "update_time": "2025-05-16 11:19:19",
    "depot": {
        "3034131": {
            "config": {
                "oslist": "windows"
            },
            "manifests": {
                "public": {
                    "gid": "1208266517660189450",
                    "size": "5029983809",
                    "download": "4487862880"
                }
            },
            "decryptionkey": "eda1a412a1613c6fb1c8e76e809df24381c13f9244b5f6086d8a268e4b1f6d2d"
        },
        "baselanguages": "english,koreana,japanese",
        "branches": {
            "public": {
                "buildid": "15181981",
                "timeupdated": "1722227365"
            }
        }
    }
}