{
    "appid": "2973900",
    "type": "Demo",
    "name": "Eden Crafters Demo",
    "schinese_name": "",
    "isfreeapp": "0",
    "change_number": "27163488",
    "update_time": "2025-01-25 21:00:21",
    "depot": {
        "228983": {
            "config": {
                "oslist": "windows"
            },
            "depotfromapp": "228980",
            "sharedinstall": "1"
        },
        "2973901": {
            "manifests": {
                "public": {
                    "gid": "2417473530028153272",
                    "size": "1381127808",
                    "download": "490308720"
                }
            },
            "decryptionkey": "e8827a4e97b347bb459b2395dbd012f6b1125ed279f1b52a08e71bc065a2a1c1"
        },
        "branches": {
            "public": {
                "buildid": "17067971",
                "timeupdated": "1737395446"
            }
        }
    }
}