{
    "appid": "3075380",
    "type": "Demo",
    "name": "Crazy Islands Demo",
    "schinese_name": "",
    "isfreeapp": "0",
    "change_number": "27102243",
    "update_time": "2025-01-22 08:01:44",
    "depot": {
        "3075383": {
            "config": {
                "oslist": "windows",
                "osarch": "64"
            },
            "manifests": {
                "public": {
                    "gid": "4567499959227124884",
                    "size": "12973664474",
                    "download": "5586276928"
                }
            },
            "decryptionkey": "b3963bf0008b99a5941bce9d2a2e923e455abd6b98c3707f5f55d18024800dec"
        },
        "branches": {
            "public": {
                "buildid": "16352957",
                "timeupdated": "1731167382"
            }
        }
    }
}