{
    "appid": "3077810",
    "type": "Demo",
    "name": "Dear Flower Demo",
    "schinese_name": "",
    "isfreeapp": "0",
    "change_number": "26165717",
    "update_time": "2024-11-13 07:35:51",
    "depot": {
        "3077811": {
            "manifests": {
                "public": {
                    "gid": "4348607116241267327",
                    "size": "185238647",
                    "download": "90919280"
                }
            },
            "decryptionkey": "16d6a1463f138d75cdecfbf21f5a42eb58cee9654e63146826d18a7513bb0888"
        },
        "baselanguages": "english",
        "branches": {
            "public": {
                "buildid": "15229246",
                "timeupdated": "1722529588"
            }
        }
    }
}