{
    "appid": "3652510",
    "type": "DLC",
    "name": "CUSTOM ORDER MAID 3D2 Friendly and Slightly Naughty Woman GP-01Fb",
    "schinese_name": "",
    "isfreeapp": "0",
    "change_number": "28739903",
    "update_time": "2025-04-30 10:47:00",
    "depot": {
        "3652511": {
            "config": {
                "oslist": "windows",
                "osarch": "64"
            },
            "manifests": {
                "public": {
                    "gid": "1340369655419770109",
                    "size": "575828355",
                    "download": "215078448"
                }
            },
            "dlcappid": "3652510",
            "decryptionkey": "54ae1e36c49072b88c38bc46b0716f295017b1842039f4b03c43dbcc48ef7fc0"
        },
        "branches": {
            "public": {
                "buildid": "18176867",
                "timeupdated": "1745206319"
            }
        }
    }
}