{
    "appid": "3221750",
    "type": "Demo",
    "name": "The RPG Demo",
    "schinese_name": "",
    "isfreeapp": "0",
    "change_number": "27500063",
    "update_time": "2025-02-16 11:54:34",
    "depot": {
        "3221751": {
            "config": {
                "oslist": "windows",
                "osarch": "64"
            },
            "manifests": {
                "public": {
                    "gid": "987482331154090080",
                    "size": "4280101146",
                    "download": "1046768320"
                }
            },
            "decryptionkey": "0b6910f420a6cd6287a244295fd0f0229f1c69fc5befaeb02564438af67b4abb"
        },
        "baselanguages": "english,russian,ukrainian",
        "branches": {
            "public": {
                "buildid": "17381751",
                "timeupdated": "1739678069"
            }
        }
    }
}