{
    "appid": "3161980",
    "type": "Demo",
    "name": "Blackjack Of Lust Demo",
    "schinese_name": "",
    "isfreeapp": "0",
    "change_number": "24857592",
    "update_time": "2024-08-20 11:18:44",
    "depot": {
        "228989": {
            "config": {
                "oslist": "windows"
            },
            "depotfromapp": "228980",
            "sharedinstall": "1"
        },
        "228990": {
            "config": {
                "oslist": "windows"
            },
            "depotfromapp": "228980",
            "sharedinstall": "1"
        },
        "hasdepotsindlc": "1",
        "3161981": {
            "manifests": {
                "public": {
                    "gid": "6071881530194716793",
                    "size": "1270779674",
                    "download": "1089643840"
                }
            },
            "decryptionkey": "dda932a5a13374ec68f153ee14c1ba78963c1a164d3318caea2473b51051de06"
        },
        "branches": {
            "public": {
                "buildid": "15327871",
                "timeupdated": "1723284271"
            }
        }
    }
}