{
    "appid": "3172420",
    "type": "Game",
    "name": "人类终结之日——2074",
    "schinese_name": "",
    "isfreeapp": "0",
    "change_number": "28658215",
    "update_time": "2025-04-25 11:44:00",
    "depot": {
        "3172421": {
            "manifests": {
                "public": {
                    "gid": "6092963055053755417",
                    "size": "4686503134",
                    "download": "867126464"
                }
            },
            "decryptionkey": "1d38acc70d51fa8ce7082d5aa9d7d04bd9aab394dce640602c51e5f99faa08bf"
        },
        "branches": {
            "public": {
                "buildid": "18232972",
                "timeupdated": "1745552634"
            }
        }
    }
}