{
    "appid": "3170540",
    "type": "Game",
    "name": "Backyard Baseball '97",
    "schinese_name": "",
    "isfreeapp": "0",
    "change_number": "29016345",
    "update_time": "2025-05-16 12:06:48",
    "depot": {
        "228989": {
            "config": {
                "oslist": "windows"
            },
            "depotfromapp": "228980",
            "sharedinstall": "1"
        },
        "3170541": {
            "manifests": {
                "public": {
                    "gid": "7430765421977179123",
                    "size": "217402014",
                    "download": "98121536"
                },
                "demobranch": {
                    "gid": "1814278824388986155",
                    "size": "72967196",
                    "download": "26890480"
                }
            },
            "decryptionkey": "897fe0a30dee8551d3246d89d80cb49f992e3c799faa70b1f13f4a185c5fa5d6"
        },
        "branches": {
            "public": {
                "buildid": "16317702",
                "timeupdated": "1731000661"
            },
            "demobranch": {
                "buildid": "17311357",
                "description": "For Steam Next Fest",
                "timeupdated": "1739215195"
            }
        },
        "privatebranches": "1"
    }
}