{
    "appid": "3015390",
    "type": "Demo",
    "name": "Intravenous 2 Demo",
    "schinese_name": "",
    "isfreeapp": "0",
    "change_number": "24871390",
    "update_time": "2024-08-21 06:41:04",
    "depot": {
        "228988": {
            "config": {
                "oslist": "windows"
            },
            "depotfromapp": "228980",
            "sharedinstall": "1"
        },
        "228990": {
            "config": {
                "oslist": "windows"
            },
            "depotfromapp": "228980",
            "sharedinstall": "1"
        },
        "3015391": {
            "manifests": {
                "public": {
                    "gid": "7403842160891825962",
                    "size": "278606466",
                    "download": "276651152"
                },
                "test": {
                    "gid": "7403842160891825962",
                    "size": "278606466",
                    "download": "276651152"
                }
            },
            "decryptionkey": "1815e890310136ef687850ad23802eca1e385b13a5716e5cfdae60628346432e"
        },
        "branches": {
            "public": {
                "buildid": "14734715",
                "timeupdated": "1718548572"
            },
            "test": {
                "buildid": "14734715",
                "description": "upcoming update preview",
                "timeupdated": "1718548362"
            }
        }
    }
}