{
    "appid": "3049580",
    "type": "Game",
    "name": "真空少女H",
    "schinese_name": "真空少女H",
    "isfreeapp": "0",
    "change_number": "28918212",
    "update_time": "2025-05-10 23:33:38",
    "depot": {
        "hasdepotsindlc": "1",
        "3049581": {
            "manifests": {
                "public": {
                    "gid": "6942307740691953557",
                    "size": "2988827776",
                    "download": "806846400"
                }
            },
            "decryptionkey": "450d180a5b93d02ff328587d9578f964a1218c6175b5b971b484ce84b0164f59"
        },
        "3215400": {
            "dlcappid": "3215400",
            "manifests": {
                "public": {
                    "gid": "2896415911724841396",
                    "size": "1822",
                    "download": "1440"
                }
            },
            "decryptionkey": ""
        },
        "3215450": {
            "dlcappid": "3215450",
            "manifests": {
                "public": {
                    "gid": "7402796862894714595",
                    "size": "1824",
                    "download": "1440"
                }
            },
            "decryptionkey": ""
        },
        "3215410": {
            "dlcappid": "3215410",
            "manifests": {
                "public": {
                    "gid": "4799055315189784711",
                    "size": "1820",
                    "download": "1440"
                }
            },
            "decryptionkey": ""
        },
        "3215420": {
            "dlcappid": "3215420",
            "manifests": {
                "public": {
                    "gid": "5812158007701700369",
                    "size": "1822",
                    "download": "1440"
                }
            },
            "decryptionkey": ""
        },
        "3215430": {
            "dlcappid": "3215430",
            "manifests": {
                "public": {
                    "gid": "6853489342647673091",
                    "size": "1822",
                    "download": "1440"
                }
            },
            "decryptionkey": ""
        },
        "3215440": {
            "dlcappid": "3215440",
            "manifests": {
                "public": {
                    "gid": "6652257541286011464",
                    "size": "1831",
                    "download": "1440"
                }
            },
            "decryptionkey": ""
        },
        "3213280": {
            "dlcappid": "3213280",
            "manifests": {
                "public": {
                    "gid": "3498442129032954151",
                    "size": "1816",
                    "download": "1440"
                }
            },
            "decryptionkey": ""
        },
        "workshopdepot": "3049580",
        "branches": {
            "public": {
                "buildid": "16241880",
                "timeupdated": "1730315390"
            }
        },
        "workshopdepotdecryptionkey": ""
    }
}