{
    "appid": "3456350",
    "type": "Game",
    "name": "Where the Walls Breathe",
    "schinese_name": "",
    "isfreeapp": "0",
    "change_number": "28450657",
    "update_time": "2025-04-13 13:09:08",
    "depot": {
        "228989": {
            "config": {
                "oslist": "windows"
            },
            "depotfromapp": "228980",
            "sharedinstall": "1"
        },
        "228990": {
            "config": {
                "oslist": "windows"
            },
            "depotfromapp": "228980",
            "sharedinstall": "1"
        },
        "3456351": {
            "manifests": {
                "public": {
                    "gid": "4546483421187437430",
                    "size": "1121407907",
                    "download": "927718544"
                }
            },
            "decryptionkey": "6548e402b9bd5218d74f4ddfd8f6149f043567b5045a64ea44b1a8b23c108e64"
        },
        "branches": {
            "public": {
                "buildid": "17506624",
                "timeupdated": "1740523695"
            }
        }
    }
}