{
    "appid": "3019880",
    "type": "Game",
    "name": "Backrooms [REDACTED] - Chapter 1",
    "schinese_name": "",
    "isfreeapp": "0",
    "change_number": "27056183",
    "update_time": "2025-01-18 21:57:25",
    "depot": {
        "baselanguages": "english",
        "228989": {
            "config": {
                "oslist": "windows"
            },
            "depotfromapp": "228980",
            "sharedinstall": "1"
        },
        "229007": {
            "config": {
                "oslist": "windows"
            },
            "depotfromapp": "228980",
            "sharedinstall": "1"
        },
        "3019881": {
            "config": {
                "language": "english",
                "oslist": "windows"
            },
            "manifests": {
                "public": {
                    "gid": "5435608279597770392",
                    "size": "6277843317",
                    "download": "6063610720"
                }
            },
            "decryptionkey": "2799b7b49c996bdbc1251ad843f9349005e2a03b93fb725583f332479f806a67"
        },
        "branches": {
            "public": {
                "buildid": "16898706",
                "timeupdated": "1735901848"
            }
        }
    }
}