{
    "appid": "3313410",
    "type": "Game",
    "name": "刻印战记1：法利兹传",
    "schinese_name": "",
    "isfreeapp": "0",
    "change_number": "28495752",
    "update_time": "2025-04-16 05:25:07",
    "depot": {
        "3313411": {
            "manifests": {
                "public": {
                    "gid": "1960006821042753951",
                    "size": "1069432846",
                    "download": "1009812608"
                }
            },
            "decryptionkey": "28029911b40fefbac8174cd11e934fc3da3c6616c88685170ce5fea9c97c5868"
        },
        "branches": {
            "public": {
                "buildid": "17751168",
                "timeupdated": "1742213067"
            }
        }
    }
}