{
    "appid": "3034600",
    "type": "Game",
    "name": "Sandy Planet - Season 1",
    "schinese_name": "",
    "isfreeapp": "0",
    "change_number": "29028273",
    "update_time": "2025-05-17 00:15:22",
    "depot": {
        "3034601": {
            "config": {
                "oslist": "windows,linux"
            },
            "manifests": {
                "public": {
                    "gid": "4903835198487329589",
                    "size": "558268650",
                    "download": "461228272"
                }
            },
            "decryptionkey": "a0993fe8b6b12e8fd361c3e39f411e537dac659d182f134672fc152ea8963b8a"
        },
        "3034602": {
            "config": {
                "oslist": "macos"
            },
            "manifests": {
                "public": {
                    "gid": "6006705909237828493",
                    "size": "545770172",
                    "download": "454472448"
                }
            }
        },
        "branches": {
            "public": {
                "buildid": "18007772",
                "timeupdated": "1744009910"
            }
        }
    }
}