{
    "appid": "3586280",
    "type": "Game",
    "name": "夢現しろっぷ - Dreamy Syrup -",
    "schinese_name": "",
    "isfreeapp": "0",
    "change_number": "28624417",
    "update_time": "2025-04-23 23:00:52",
    "depot": {
        "3586281": {
            "manifests": {
                "public": {
                    "gid": "277702044428582961",
                    "size": "442344163",
                    "download": "429388144"
                }
            },
            "decryptionkey": "2f30c97a6783ac00d24c769d398aced9c2e6c8e0aa5c94bda09c55ff476452c5"
        },
        "branches": {
            "public": {
                "buildid": "18205558",
                "timeupdated": "1745400920"
            }
        }
    }
}