{
    "appid": "3255580",
    "type": "Demo",
    "name": "Tarisland Demo",
    "schinese_name": "",
    "isfreeapp": "0",
    "change_number": "26772594",
    "update_time": "2024-12-24 19:24:53",
    "depot": {
        "3255581": {
            "manifests": {
                "public": {
                    "gid": "8016709716229986368",
                    "size": "30430892643",
                    "download": "29349239776"
                }
            },
            "decryptionkey": "91a424609fb5d30688b21ed55284a91aab4bc4fcabf0a01d869bca07aac56b66"
        },
        "3255582": {},
        "branches": {
            "public": {
                "buildid": "16006528",
                "timeupdated": "1728636058"
            }
        }
    }
}