{
    "appid": "3586360",
    "type": "DLC",
    "name": "Hachikō Line（Takasaki to Komagawa）KIHA110-200 series",
    "schinese_name": "",
    "isfreeapp": "0",
    "change_number": "28243680",
    "update_time": "2025-04-01 16:00:27",
    "depot": {
        "3586361": {
            "manifests": {
                "public": {
                    "gid": "4626309609241380922",
                    "size": "142992",
                    "download": "137648"
                }
            },
            "dlcappid": "3586360",
            "decryptionkey": "ef9ff268f581d79f48eebc370c565323828f31193ffd8a85564a3bfdb57a0ce5"
        },
        "3586362": {
            "manifests": {
                "public": {
                    "gid": "1235717350038329075",
                    "size": "16405412176",
                    "download": "16629884272"
                }
            },
            "dlcappid": "3586360",
            "decryptionkey": "5836a36825eddeb938ffb3bc7e8725bcc1f3cd7e10f5ef0afbc9d8f873eeb2b6"
        },
        "branches": {
            "public": {
                "buildid": "17935419",
                "timeupdated": "1743494424"
            }
        },
        "privatebranches": "1"
    }
}