{
    "appid": "3244700",
    "type": "Game",
    "name": "Archaeology - Egypt",
    "schinese_name": "",
    "isfreeapp": "0",
    "change_number": "28687559",
    "update_time": "2025-04-27 07:51:31",
    "depot": {
        "3244701": {
            "manifests": {
                "public": {
                    "gid": "5323081098208267616",
                    "size": "1113799496",
                    "download": "219956368"
                }
            },
            "decryptionkey": "109bc6ad08eab7c64765bbc89f266e29fbceb1305f540536db1ce2b369c61126"
        },
        "branches": {
            "public": {
                "buildid": "17587626",
                "timeupdated": "1741086592"
            }
        }
    }
}