{
    "appid": "3053450",
    "type": "Demo",
    "name": "BUSTAFELLOWS Demo",
    "schinese_name": "",
    "isfreeapp": "0",
    "change_number": "24238352",
    "update_time": "2024-07-16 02:47:10",
    "depot": {
        "baselanguages": "english",
        "3053451": {
            "manifests": {
                "public": {
                    "gid": "7302819734725069845",
                    "size": "3059640719",
                    "download": "2793170688"
                }
            },
            "decryptionkey": "f24c0ad53f7d052bf4540aebdc6f89c6d9f6ad5804987acf4bd78b328eae6b12"
        },
        "branches": {
            "public": {
                "buildid": "14829879",
                "timeupdated": "1719311257"
            }
        }
    }
}