{
    "appid": "3037490",
    "type": "Demo",
    "name": "BUS: Bro u Survived Demo",
    "schinese_name": "",
    "isfreeapp": "0",
    "change_number": "24193704",
    "update_time": "2024-07-16 02:47:09",
    "depot": {
        "3037491": {
            "manifests": {
                "public": {
                    "gid": "3009277624451564517",
                    "size": "1576702838",
                    "download": "1134108304"
                }
            },
            "decryptionkey": "b2d96ab3601895c76b62d72405acb1b5e8112006aff8cfc14c736bec7f3051b1"
        },
        "baselanguages": "english,russian",
        "branches": {
            "public": {
                "buildid": "14758089",
                "timeupdated": "1718731983"
            }
        }
    }
}