{
    "appid": "3299390",
    "type": "Demo",
    "name": "Journey to the Dao demo",
    "schinese_name": "寻仙问道 demo",
    "isfreeapp": "0",
    "change_number": "27320799",
    "update_time": "2025-02-05 14:57:22",
    "depot": {
        "baselanguages": "schinese",
        "228989": {
            "config": {
                "oslist": "windows"
            },
            "depotfromapp": "228980",
            "sharedinstall": "1"
        },
        "3299391": {
            "config": {
                "oslist": "windows"
            },
            "manifests": {
                "public": {
                    "gid": "8362585562101880577",
                    "size": "603572511",
                    "download": "447924832"
                }
            },
            "decryptionkey": "efe83d4e6b1278eb4fdf7a04a8f477215b70077616813c1623bff498b9cc85d8"
        },
        "branches": {
            "public": {
                "buildid": "16539206",
                "timeupdated": "1732631668"
            }
        }
    }
}