{
    "appid": "3164730",
    "type": "Game",
    "name": "TheFoolish",
    "schinese_name": "愚公灭火",
    "isfreeapp": "0",
    "change_number": "27835571",
    "update_time": "2025-03-07 21:02:31",
    "depot": {
        "3164731": {
            "config": {
                "oslist": "windows"
            },
            "manifests": {
                "public": {
                    "gid": "3965968987232210060",
                    "size": "72218096",
                    "download": "30490416"
                }
            },
            "decryptionkey": "246d458c9ad65007c862847882da2b188a553b59ea3ce8eac3ba4ed1369ac556"
        },
        "branches": {
            "public": {
                "buildid": "16900050",
                "timeupdated": "1735914173"
            }
        }
    }
}