{
    "appid": "3065990",
    "type": "DLC",
    "name": "FANTASIAN Neo Dimension Vibran Secret Stone",
    "schinese_name": "",
    "isfreeapp": "0",
    "change_number": "26512189",
    "update_time": "2024-12-06 01:19:23",
    "depot": {
        "3065990": {
            "manifests": {
                "public": {
                    "gid": "5711003412710362799",
                    "size": "0",
                    "download": "0"
                }
            },
            "dlcappid": "3065990",
            "decryptionkey": "278317e535fe90bfeb9f314c76749d635ffa7e09ae9e62132eeecd325467dc30"
        },
        "branches": {
            "public": {
                "buildid": "16573529",
                "timeupdated": "1732848806"
            }
        }
    }
}