{
    "appid": "3028170",
    "type": "Game",
    "name": "NightGhast",
    "schinese_name": "",
    "isfreeapp": "0",
    "change_number": "27842753",
    "update_time": "2025-03-08 04:09:28",
    "depot": {
        "228989": {
            "config": {
                "oslist": "windows"
            },
            "depotfromapp": "228980",
            "sharedinstall": "1"
        },
        "228990": {
            "config": {
                "oslist": "windows"
            },
            "depotfromapp": "228980",
            "sharedinstall": "1"
        },
        "3028171": {
            "manifests": {
                "public": {
                    "gid": "5412804474175123348",
                    "size": "3839044740",
                    "download": "3663374912"
                }
            },
            "decryptionkey": "6d4557d3a6c57d0b887d30f04a81e3480ab761c10fce835bc0709072876da4f4"
        },
        "branches": {
            "public": {
                "buildid": "14701015",
                "timeupdated": "1718256407"
            }
        }
    }
}