{
    "appid": "3278810",
    "type": "Beta",
    "name": "Backrooms: Last Room Playtest",
    "schinese_name": "",
    "isfreeapp": "0",
    "change_number": "26226020",
    "update_time": "2024-11-16 20:42:45",
    "depot": {
        "228989": {
            "config": {
                "oslist": "windows"
            },
            "depotfromapp": "228980",
            "sharedinstall": "1"
        },
        "228990": {
            "config": {
                "oslist": "windows"
            },
            "depotfromapp": "228980",
            "sharedinstall": "1"
        },
        "3278811": {
            "manifests": {
                "public": {
                    "gid": "1886092604844534547",
                    "size": "3889069745",
                    "download": "3692679216"
                }
            },
            "decryptionkey": "d123d15ac79c0749861ba7ed50d59e4ca6a4e426aec59dffbbf8a55334a52ead"
        },
        "branches": {
            "public": {
                "buildid": "16430483",
                "timeupdated": "1731760962"
            }
        }
    }
}