{
    "appid": "3081120",
    "type": "Game",
    "name": "HOUND: AUTOMATON",
    "schinese_name": "",
    "isfreeapp": "0",
    "change_number": "28636868",
    "update_time": "2025-04-24 13:09:40",
    "depot": {
        "228989": {
            "config": {
                "oslist": "windows"
            },
            "depotfromapp": "228980",
            "sharedinstall": "1"
        },
        "228990": {
            "config": {
                "oslist": "windows"
            },
            "depotfromapp": "228980",
            "sharedinstall": "1"
        },
        "3081121": {
            "manifests": {
                "public": {
                    "gid": "7522019710914845113",
                    "size": "17130358494",
                    "download": "16475738368"
                }
            },
            "decryptionkey": "173327df456862ab43bccde389847e903a67fec3edf2879346baac7ada7d1a49"
        },
        "branches": {
            "public": {
                "buildid": "16405094",
                "timeupdated": "1731584618"
            }
        },
        "privatebranches": "1"
    }
}