{
    "appid": "3231490",
    "type": "Demo",
    "name": "Rogue Gladius Survivors Demo",
    "schinese_name": "",
    "isfreeapp": "0",
    "change_number": "26063137",
    "update_time": "2024-11-06 07:21:35",
    "depot": {
        "3231491": {
            "manifests": {
                "public": {
                    "gid": "9169126196210008818",
                    "size": "508691027",
                    "download": "159186272"
                }
            },
            "decryptionkey": "31925e878261354808814a6aadcd88db90df5dd19d56e315e27666aef98bec1d"
        },
        "branches": {
            "public": {
                "buildid": "16075998",
                "timeupdated": "1729142566"
            }
        }
    }
}