{
    "appid": "3069470",
    "type": "Game",
    "name": "Dollar",
    "schinese_name": "",
    "isfreeapp": "0",
    "change_number": "29016036",
    "update_time": "2025-05-16 11:36:51",
    "depot": {
        "3069471": {
            "config": {
                "oslist": "windows"
            },
            "manifests": {
                "public": {
                    "gid": "8057484941145571317",
                    "size": "321115595",
                    "download": "35189744"
                }
            },
            "decryptionkey": "e23b873a4dbb3bd4618c5984f6f51ec2cdda00e10d60c8971ba0429a97527f16"
        },
        "workshopdepot": "3069470",
        "branches": {
            "public": {
                "buildid": "18310307",
                "timeupdated": "1746110431"
            }
        },
        "workshopdepotdecryptionkey": "56631f14cf830403ff7eeccdcefb21d80a7aba29180f3fcc9ecc017e9bd5b2e2"
    }
}