{
    "appid": "3261980",
    "type": "Demo",
    "name": "Grasp of Dread Demo",
    "schinese_name": "",
    "isfreeapp": "0",
    "change_number": "25863248",
    "update_time": "2024-10-24 02:29:18",
    "depot": {
        "228989": {
            "config": {
                "oslist": "windows"
            },
            "depotfromapp": "228980",
            "sharedinstall": "1"
        },
        "228990": {
            "config": {
                "oslist": "windows"
            },
            "depotfromapp": "228980",
            "sharedinstall": "1"
        },
        "3261981": {
            "manifests": {
                "public": {
                    "gid": "8960806182906730751",
                    "size": "11298228068",
                    "download": "10904879696"
                }
            },
            "decryptionkey": "95a6da8d65fa857bcbc9ec2b960388751c1f95ba75ffea095b0eb19d2cff1902"
        },
        "hasdepotsindlc": "0",
        "branches": {
            "public": {
                "buildid": "16100038",
                "timeupdated": "1729275735"
            }
        }
    }
}