{
    "appid": "3120600",
    "type": "Game",
    "name": "VR Harem Life ~ Your Room Became a Hang-Out for Girls!? ~",
    "schinese_name": "VR 后宫日常生活 ~ 使用 MR 功能，女孩们聚集在您的房间里！ ~",
    "isfreeapp": "0",
    "change_number": "28580136",
    "update_time": "2025-04-21 16:04:04",
    "depot": {
        "3120601": {
            "manifests": {
                "public": {
                    "gid": "3909370692458566050",
                    "size": "1096060964",
                    "download": "667483280"
                }
            },
            "decryptionkey": "5a1b68da4b6dfeab16d272c11ed581ac1e939f68e75580b709ab9ef342ebd16c"
        },
        "branches": {
            "public": {
                "buildid": "17937501",
                "timeupdated": "1743501773"
            }
        }
    }
}