{
    "appid": "2991260",
    "type": "Demo",
    "name": "Puffin Planes Demo",
    "schinese_name": "",
    "isfreeapp": "0",
    "change_number": "25164552",
    "update_time": "2024-09-11 06:23:14",
    "depot": {
        "2991261": {
            "manifests": {
                "public": {
                    "gid": "5832196746622087279",
                    "size": "346170438",
                    "download": "101810048"
                }
            },
            "decryptionkey": "2dde0e782515da833a1d7fbfd640dfb97670c5e1453a2d1977df7d34a8559eb1"
        },
        "branches": {
            "public": {
                "buildid": "14580886",
                "timeupdated": "1717390641"
            }
        }
    }
}