{
    "appid": "3053020",
    "type": "DLC",
    "name": "My Sudoku - Classic 6x6 Medium 1",
    "schinese_name": "我的数独 - 经典 6x6 中等 1",
    "isfreeapp": "0",
    "change_number": "24094142",
    "update_time": "2024-07-16 02:47:10",
    "depot": {
        "3053020": {
            "config": {
                "oslist": "windows"
            },
            "manifests": {
                "public": {
                    "gid": "6000866442052511726",
                    "size": "4356",
                    "download": "704"
                }
            },
            "dlcappid": "3053020",
            "decryptionkey": "9aeed228fb5286d90e1cd6938e900e531fd61b12d8e6541f167f41a71dc5976b"
        },
        "branches": {
            "public": {
                "buildid": "14767885",
                "timeupdated": "1718799620"
            }
        }
    }
}