{
    "appid": "3263340",
    "type": "Game",
    "name": "Fishing On My Desktop",
    "schinese_name": "桌面钓鱼",
    "isfreeapp": "0",
    "change_number": "29037291",
    "update_time": "2025-05-17 14:15:17",
    "depot": {
        "3263341": {
            "manifests": {
                "public": {
                    "gid": "4171409834808663327",
                    "size": "278135732",
                    "download": "59758976"
                }
            },
            "decryptionkey": "ef2c16ec94d0064925d9aaee07d5ac56162db479e8b0113ac3dcfada97f8df8c"
        },
        "branches": {
            "public": {
                "buildid": "18500678",
                "timeupdated": "1747462501"
            }
        },
        "privatebranches": "1"
    }
}