{
    "appid": "3226080",
    "type": "Music",
    "name": "Tiny Glade Soundtrack",
    "schinese_name": "",
    "isfreeapp": "0",
    "change_number": "29028273",
    "update_time": "2025-05-17 00:15:23",
    "depot": {
        "3226081": {
            "manifests": {
                "public": {
                    "gid": "3742668533922808718",
                    "size": "55615488",
                    "download": "54712544"
                }
            },
            "decryptionkey": "2375ec4e71066e6fe59299ff72cbe7c9ef9e20c400869a12471a32bbe1745925"
        },
        "3226082": {
            "config": {
                "highqualityaudio": "1"
            },
            "manifests": {
                "public": {
                    "gid": "5004857357516561148",
                    "size": "1000752708",
                    "download": "837191152"
                }
            },
            "decryptionkey": "5d1352f1b768186c33afa9a6904d74dd96bdd6e28f3564061dd59a3c3be9734a"
        },
        "branches": {
            "public": {
                "buildid": "15794016",
                "timeupdated": "1727091117"
            }
        }
    }
}