{
    "appid": "3173520",
    "type": "Demo",
    "name": "OMA Demo",
    "schinese_name": "",
    "isfreeapp": "0",
    "change_number": "25125342",
    "update_time": "2024-09-08 10:02:07",
    "depot": {
        "228989": {
            "config": {
                "oslist": "windows"
            },
            "depotfromapp": "228980",
            "sharedinstall": "1"
        },
        "228990": {
            "config": {
                "oslist": "windows"
            },
            "depotfromapp": "228980",
            "sharedinstall": "1"
        },
        "3173521": {
            "manifests": {
                "public": {
                    "gid": "2708707644665680235",
                    "size": "2588260108",
                    "download": "2437463328"
                }
            },
            "decryptionkey": "29f3525494df7b15464cc843fc58f017390b35ca6f186f0b225464a19d0dde74"
        },
        "branches": {
            "public": {
                "buildid": "15392616",
                "timeupdated": "1723799577"
            }
        }
    }
}