{
    "appid": "3507160",
    "type": "Demo",
    "name": "Infinite Rails Demo",
    "schinese_name": "",
    "isfreeapp": "0",
    "change_number": "27462181",
    "update_time": "2025-02-13 23:34:58",
    "depot": {
        "3507162": {
            "config": {
                "oslist": "macos",
                "osarch": "64"
            },
            "manifests": {
                "public": {
                    "gid": "224902577993723477",
                    "size": "2077317998",
                    "download": "758172080"
                }
            },
            "decryptionkey": ""
        },
        "3507163": {
            "config": {
                "oslist": "windows",
                "osarch": "64"
            },
            "manifests": {
                "public": {
                    "gid": "4399378592853711969",
                    "size": "2048733467",
                    "download": "748515152"
                }
            },
            "decryptionkey": "8995076ba7cc3c1fe0ecb7f575201213fb8c3c038a4dab99f922c075d62b3c07"
        },
        "branches": {
            "public": {
                "buildid": "17310760",
                "timeupdated": "1739211921"
            }
        }
    }
}