{
    "appid": "3403380",
    "type": "Game",
    "name": "Sisyphus The Game",
    "schinese_name": "",
    "isfreeapp": "0",
    "change_number": "27042724",
    "update_time": "2025-01-17 21:06:16",
    "depot": {
        "3403381": {
            "config": {
                "language": "english",
                "oslist": "windows",
                "osarch": "64"
            },
            "manifests": {
                "public": {
                    "gid": "6565133343065521329",
                    "size": "227089523",
                    "download": "57801392"
                }
            },
            "decryptionkey": "81493299ac51cccaad63ed18008be99c269aabc266d4ba8291e59b7816554d66"
        },
        "branches": {
            "public": {
                "buildid": "17040253",
                "timeupdated": "1737119171"
            }
        }
    }
}