{
    "appid": "3359000",
    "type": "Music",
    "name": "Arisen Force: Life Devotee Soundtrack",
    "schinese_name": "崛起力量: 添命人 音乐原声",
    "isfreeapp": "0",
    "change_number": "28138716",
    "update_time": "2025-03-26 06:33:36",
    "depot": {
        "3359001": {
            "manifests": {
                "public": {
                    "gid": "8287016132776098517",
                    "size": "54869651",
                    "download": "53669488"
                },
                "osthd": {
                    "gid": "8287016132776098517",
                    "size": "54869651",
                    "download": "53669488"
                }
            },
            "decryptionkey": "182a817e15612f0f274f55202f21f18b878ff664e814eff53bd548fddfc9efed"
        },
        "3359003": {
            "config": {
                "highqualityaudio": "1"
            },
            "manifests": {
                "public": {
                    "gid": "5708429248114394105",
                    "size": "241846548",
                    "download": "214783824"
                },
                "osthd": {
                    "gid": "5708429248114394105",
                    "size": "241846548",
                    "download": "214783824"
                }
            },
            "decryptionkey": "e046eb75c90646891119bd5504b3746271169889d30157c94367bf9f6238ca2c"
        },
        "branches": {
            "public": {
                "buildid": "16652619",
                "timeupdated": "1733467044"
            },
            "osthd": {
                "buildid": "16652619",
                "description": "Optional High-Quality",
                "timeupdated": "1733465355"
            }
        }
    }
}