{
    "appid": "2992770",
    "type": "Demo",
    "name": "骷髅梅西，哟西！ Demo",
    "schinese_name": "",
    "isfreeapp": "0",
    "change_number": "23997114",
    "update_time": "2024-07-16 02:47:07",
    "depot": {
        "baselanguages": "english,schinese",
        "2992771": {
            "config": {
                "oslist": "windows"
            },
            "manifests": {
                "public": {
                    "gid": "2788790402250799771",
                    "size": "559272747",
                    "download": "247397552"
                }
            },
            "decryptionkey": "18c470f46c1e3b2bde1bfb5bed5d0ea1fda6ebe523445a9e8c312b6db95cbfbd"
        },
        "branches": {
            "public": {
                "buildid": "14739196",
                "timeupdated": "1718609073"
            }
        }
    }
}