{
    "appid": "3391750",
    "type": "Game",
    "name": "THE EXPERIMENT: 49",
    "schinese_name": "",
    "isfreeapp": "0",
    "change_number": "27525870",
    "update_time": "2025-02-18 09:16:28",
    "depot": {
        "baselanguages": "english,turkish",
        "228989": {
            "config": {
                "oslist": "windows"
            },
            "depotfromapp": "228980",
            "sharedinstall": "1"
        },
        "228990": {
            "config": {
                "oslist": "windows"
            },
            "depotfromapp": "228980",
            "sharedinstall": "1"
        },
        "3391751": {
            "manifests": {
                "public": {
                    "gid": "6570508853848976463",
                    "size": "5962592079",
                    "download": "5754496928"
                }
            },
            "decryptionkey": "8b4c6e62bec7d55bd334cbbf5cbb2df1369ecf54c4282618ca6ce93c4fc1290e"
        },
        "branches": {
            "public": {
                "buildid": "17067249",
                "timeupdated": "1737394933"
            }
        }
    }
}