{
    "appid": "3034270",
    "type": "Demo",
    "name": "Tetrachroma Demo",
    "schinese_name": "",
    "isfreeapp": "0",
    "change_number": "28181676",
    "update_time": "2025-03-28 09:07:48",
    "depot": {
        "228989": {
            "config": {
                "oslist": "windows"
            },
            "depotfromapp": "228980",
            "sharedinstall": "1"
        },
        "3034271": {
            "manifests": {
                "public": {
                    "gid": "6733721324741368733",
                    "size": "186028339",
                    "download": "113850368"
                }
            },
            "decryptionkey": "8373411373ca417e77fbbd357d3a652b7c0ddca670f7ad86aa886f248b07d537"
        },
        "branches": {
            "public": {
                "buildid": "17891178",
                "timeupdated": "1743124064"
            }
        }
    }
}