{
    "appid": "3152640",
    "type": "Demo",
    "name": "共鸣 Demo",
    "schinese_name": "共鸣 Demo",
    "isfreeapp": "0",
    "change_number": "25084720",
    "update_time": "2024-09-05 11:24:46",
    "depot": {
        "3152641": {
            "manifests": {
                "public": {
                    "gid": "5693894201623556726",
                    "size": "1375500786",
                    "download": "532651152"
                }
            },
            "decryptionkey": "fdbd4ba32cf17c305093992f8f81c62241d70389eab0d89822d10d2a746973d2"
        },
        "branches": {
            "public": {
                "buildid": "15598118",
                "timeupdated": "1725506679"
            }
        }
    }
}