{
    "appid": "3009850",
    "type": "Game",
    "name": "Hard Time III",
    "schinese_name": "",
    "isfreeapp": "0",
    "change_number": "28856107",
    "update_time": "2025-05-07 15:08:56",
    "depot": {
        "3009851": {
            "manifests": {
                "public": {
                    "gid": "5189037354915252016",
                    "size": "519666067",
                    "download": "222193744"
                }
            },
            "decryptionkey": "e92020d15750f186520ea5132e8c28e25b77f4d583725fc957e734ab28503e12"
        },
        "workshopdepot": "3009850",
        "branches": {
            "public": {
                "buildid": "17901540",
                "timeupdated": "1743424018"
            }
        },
        "workshopdepotdecryptionkey": "9fdd8cb4b86c7cc5c3e572479c6d1a0275b0e5ae7901fcba8d3026389f9be9cc"
    }
}