{
    "appid": "3430240",
    "type": "DLC",
    "name": "Hentai Stories - Digital Artbook",
    "schinese_name": "",
    "isfreeapp": "0",
    "change_number": "27482464",
    "update_time": "2025-02-14 23:51:38",
    "depot": {
        "3430240": {
            "manifests": {
                "public": {
                    "gid": "8845503966818778906",
                    "size": "44069748",
                    "download": "41890352"
                }
            },
            "dlcappid": "3430240",
            "decryptionkey": "c6d69b049966318dc7b68caa479ca8ff02f232686659642670fc72e148bfed95"
        },
        "branches": {
            "public": {
                "buildid": "17357406",
                "timeupdated": "1739478789"
            }
        }
    }
}