{
    "appid": "3125550",
    "type": "Game",
    "name": "学校の怪談　～あなたの後ろに誰かいる～",
    "schinese_name": "",
    "isfreeapp": "0",
    "change_number": "24914553",
    "update_time": "2024-08-23 22:39:03",
    "depot": {
        "228989": {
            "config": {
                "oslist": "windows"
            },
            "depotfromapp": "228980",
            "sharedinstall": "1"
        },
        "228990": {
            "config": {
                "oslist": "windows"
            },
            "depotfromapp": "228980",
            "sharedinstall": "1"
        },
        "3125551": {
            "manifests": {
                "public": {
                    "gid": "8772189862223277927",
                    "size": "1220263373",
                    "download": "1068116144"
                }
            },
            "decryptionkey": "22b9678552d96ddeb201bb4c5deb4ee131292b35a86fc419322149a6df114c50"
        },
        "branches": {
            "public": {
                "buildid": "15470340",
                "timeupdated": "1724405799"
            }
        }
    }
}