{
    "appid": "3232090",
    "type": "Demo",
    "name": "Forge of the Fae Demo",
    "schinese_name": "",
    "isfreeapp": "0",
    "change_number": "25956287",
    "update_time": "2024-10-30 02:00:43",
    "depot": {
        "3232091": {
            "manifests": {
                "public": {
                    "gid": "6309447728226478743",
                    "size": "2852868375",
                    "download": "296836432"
                },
                "beta": {
                    "gid": "6309447728226478743",
                    "size": "2852868375",
                    "download": "296836432"
                }
            },
            "decryptionkey": "8e7683c128a74adcae74d14d282f9acd9da9794dd1f51d592609462d91e286d4"
        },
        "branches": {
            "public": {
                "buildid": "16210888",
                "timeupdated": "1730224824"
            },
            "beta": {
                "buildid": "16210888",
                "description": "Upcoming release",
                "timeupdated": "1730145435"
            }
        }
    }
}