{
    "appid": "2959060",
    "type": "Demo",
    "name": "PERFECT CELLS PROJECT Demo",
    "schinese_name": "完美细胞计画 Demo",
    "isfreeapp": "0",
    "change_number": "24675684",
    "update_time": "2024-08-07 06:38:29",
    "depot": {
        "2959061": {
            "manifests": {
                "public": {
                    "gid": "1547934778650666997",
                    "size": "1721234940",
                    "download": "1552265488"
                }
            },
            "decryptionkey": "c85628a43a65283294f3db7de61bd0e846eafb9a2b95a7c518d85391f907c112"
        },
        "branches": {
            "public": {
                "buildid": "14449894",
                "timeupdated": "1716350055"
            }
        }
    }
}