{
    "appid": "3491040",
    "type": "DLC",
    "name": "Yoshima: Hentai Simulator - Wallpaper Pack",
    "schinese_name": "",
    "isfreeapp": "0",
    "change_number": "27838534",
    "update_time": "2025-03-07 23:57:16",
    "depot": {
        "3491040": {
            "manifests": {
                "public": {
                    "gid": "7024514320710261914",
                    "size": "170273019",
                    "download": "171910960"
                }
            },
            "dlcappid": "3491040",
            "decryptionkey": "4012a373903ec3073fecd37b606389a87f62e38b56f68a1c2bd56591d5299d2c"
        },
        "branches": {
            "public": {
                "buildid": "17619210",
                "timeupdated": "1741263375"
            }
        }
    }
}