{
    "appid": "3006390",
    "type": "Demo",
    "name": "Micron Defense Force Demo",
    "schinese_name": "",
    "isfreeapp": "0",
    "change_number": "26685919",
    "update_time": "2024-12-18 07:58:01",
    "depot": {
        "3006391": {
            "config": {
                "oslist": "windows"
            },
            "manifests": {
                "public": {
                    "gid": "8147167987416248704",
                    "size": "245103208",
                    "download": "155697504"
                }
            },
            "decryptionkey": "18f54a4d98e58f18ad926d66cae8aaeec2c8dda75a9c5be8947424aaf293754a"
        },
        "baselanguages": "english,koreana,schinese,japanese",
        "branches": {
            "public": {
                "buildid": "16352280",
                "timeupdated": "1731156029"
            }
        }
    }
}