{
    "appid": "3264410",
    "type": "Demo",
    "name": "Heroes of Hammerwatch II Demo",
    "schinese_name": "",
    "isfreeapp": "0",
    "change_number": "26183469",
    "update_time": "2024-11-14 07:41:20",
    "depot": {
        "228989": {
            "config": {
                "oslist": "windows"
            },
            "depotfromapp": "228980",
            "sharedinstall": "1"
        },
        "3264411": {
            "manifests": {
                "public": {
                    "gid": "1646581257254586788",
                    "size": "228450913",
                    "download": "195894768"
                }
            },
            "decryptionkey": "c335aa3b914c512651dce99fa5223923725a303ea913e65a95d6d744f3e5feeb"
        },
        "3264412": {
            "config": {
                "oslist": "windows",
                "osarch": "64"
            },
            "manifests": {
                "public": {
                    "gid": "7116535943304524105",
                    "size": "13338344",
                    "download": "4515552"
                }
            },
            "decryptionkey": "a2a740ecd764504065e0547f1e1e57b5fc942525247f1344b0f3917565027bf8"
        },
        "branches": {
            "public": {
                "buildid": "16154418",
                "timeupdated": "1729717345"
            }
        },
        "privatebranches": "1"
    }
}