{
    "appid": "3216960",
    "type": "Demo",
    "name": "Fraudster Demo",
    "schinese_name": "织谎者Demo",
    "isfreeapp": "0",
    "change_number": "25490169",
    "update_time": "2024-10-02 14:07:32",
    "depot": {
        "228989": {
            "config": {
                "oslist": "windows"
            },
            "depotfromapp": "228980",
            "sharedinstall": "1"
        },
        "229006": {
            "config": {
                "oslist": "windows"
            },
            "depotfromapp": "228980",
            "sharedinstall": "1"
        },
        "3216961": {
            "manifests": {
                "public": {
                    "gid": "1504387574750159953",
                    "size": "327774007",
                    "download": "139375840"
                }
            },
            "decryptionkey": "0ca72e5937c4a6e17f9a4af0cc82b5ed9c4d85204f4fed96ab1da263c587e647"
        },
        "branches": {
            "public": {
                "buildid": "15898013",
                "timeupdated": "1727849238"
            }
        }
    }
}