{
    "appid": "3044170",
    "type": "Demo",
    "name": "Lushfoil Photography Sim Demo",
    "schinese_name": "",
    "isfreeapp": "0",
    "change_number": "28487286",
    "update_time": "2025-04-15 21:01:57",
    "depot": {
        "228989": {
            "config": {
                "oslist": "windows"
            },
            "depotfromapp": "228980",
            "sharedinstall": "1"
        },
        "228990": {
            "config": {
                "oslist": "windows"
            },
            "depotfromapp": "228980",
            "sharedinstall": "1"
        },
        "3044171": {
            "manifests": {
                "public": {
                    "gid": "7145118498948932281",
                    "size": "7412993841",
                    "download": "3766483984"
                }
            },
            "decryptionkey": "7f03b8f138a77a21fce55bd8d3fba29795ef32265b591d184dd37aee6e2a769d"
        },
        "branches": {
            "public": {
                "buildid": "14671592",
                "timeupdated": "1718071748"
            }
        }
    }
}