{
    "appid": "3125210",
    "type": "DLC",
    "name": "Maiden Cops Art Book",
    "schinese_name": "",
    "isfreeapp": "0",
    "change_number": "25345032",
    "update_time": "2024-09-23 14:05:07",
    "depot": {
        "3125210": {
            "manifests": {
                "public": {
                    "gid": "5520776028399737969",
                    "size": "124688896",
                    "download": "111947696"
                }
            },
            "dlcappid": "3125210",
            "decryptionkey": "415e532d7fc1cc3e263e4d80017075418e64e7d2589fe95310445153ec2e029d"
        },
        "branches": {
            "public": {
                "buildid": "15128390",
                "timeupdated": "1721760428"
            }
        }
    }
}