{
    "appid": "3147220",
    "type": "Game",
    "name": "Sister Lumina and the Hypnosis Cult",
    "schinese_name": "修女露米娜与催眠教团",
    "isfreeapp": "0",
    "change_number": "29016345",
    "update_time": "2025-05-16 12:06:45",
    "depot": {
        "3147221": {
            "manifests": {
                "public": {
                    "gid": "9201352957431337076",
                    "size": "552596672",
                    "download": "344212080"
                }
            },
            "decryptionkey": "e72fa4a999bfb12bda91b8545d421398aabe007869d6e98294fbf09c9216b181"
        },
        "3147222": {
            "config": {
                "language": "schinese"
            },
            "manifests": {
                "public": {
                    "gid": "1790840518210507467",
                    "size": "559985597",
                    "download": "343826048"
                }
            },
            "decryptionkey": "3b734c1b6661ab121508c32dde7b1b2699ce32d59f6b9adc86bbd63fd94a10fe"
        },
        "3147223": {
            "config": {
                "language": "japanese"
            },
            "manifests": {
                "public": {
                    "gid": "7867567782692821767",
                    "size": "560053296",
                    "download": "343804224"
                }
            },
            "decryptionkey": "888ee3a39ad5013abc00de6d55ee975cef2d64d57b0be96eeedfa8a9056deab8"
        },
        "branches": {
            "public": {
                "buildid": "15881692",
                "timeupdated": "1727737279"
            }
        }
    }
}