{
    "appid": "3313300",
    "type": "Demo",
    "name": "Jet Attack Demo",
    "schinese_name": "",
    "isfreeapp": "0",
    "change_number": "27528170",
    "update_time": "2025-02-18 13:15:09",
    "depot": {
        "3313301": {
            "config": {
                "oslist": "windows"
            },
            "manifests": {
                "public": {
                    "gid": "7538360859709380477",
                    "size": "2615074118",
                    "download": "823492528"
                },
                "beta": {
                    "gid": "7538360859709380477",
                    "size": "2615074118",
                    "download": "823492528"
                }
            },
            "decryptionkey": "4840b9c3b41bfd46a3216692af5790d03ab88806ca4948c584f7f1b46b2f6f61"
        },
        "3313302": {
            "config": {
                "oslist": "macos"
            },
            "manifests": {
                "public": {
                    "gid": "6647745089855482439",
                    "size": "2642903472",
                    "download": "832358016"
                },
                "beta": {
                    "gid": "6647745089855482439",
                    "size": "2642903472",
                    "download": "832358016"
                }
            },
            "decryptionkey": ""
        },
        "branches": {
            "public": {
                "buildid": "17461730",
                "timeupdated": "1740176854"
            },
            "beta": {
                "buildid": "17461730",
                "description": "early releases of Jet Attack for testing",
                "timeupdated": "1740176816"
            }
        }
    }
}