{
    "appid": "3267630",
    "type": "Demo",
    "name": "Demon Crush Demo",
    "schinese_name": "",
    "isfreeapp": "0",
    "change_number": "26072297",
    "update_time": "2024-11-06 21:45:42",
    "depot": {
        "baselanguages": "english,german,french,italian,koreana,spanish,schinese,tchinese,russian,japanese,portuguese,arabic,brazilian,latam",
        "3267631": {
            "config": {
                "oslist": "windows"
            },
            "manifests": {
                "public": {
                    "gid": "4682874658408101925",
                    "size": "869469968",
                    "download": "737056304"
                }
            },
            "decryptionkey": "1a5126d03a7cc4e6fdb2b5debccc782478c4ff5b0bd9c4062fede2a43c0d2f16"
        },
        "3267632": {
            "config": {
                "oslist": "linux"
            },
            "manifests": {
                "public": {
                    "gid": "4264813639031662803",
                    "size": "614539748",
                    "download": "429825168"
                }
            },
            "decryptionkey": ""
        },
        "branches": {
            "public": {
                "buildid": "16314906",
                "timeupdated": "1730900738"
            }
        }
    }
}