{
    "appid": "3530660",
    "type": "Game",
    "name": "Reboot My Heart",
    "schinese_name": "",
    "isfreeapp": "0",
    "change_number": "28455881",
    "update_time": "2025-04-14 03:08:37",
    "depot": {
        "3530661": {
            "manifests": {
                "public": {
                    "gid": "3108712149213247120",
                    "size": "201539113",
                    "download": "191402272"
                },
                "beta": {
                    "gid": "330030897385049934",
                    "size": "202060722",
                    "download": "191501504"
                }
            },
            "decryptionkey": "dddb50a503c9ce5b202a1f6739a6fed1c0054d8fec693f7d86976d1b8e945b23"
        },
        "3530662": {},
        "branches": {
            "public": {
                "buildid": "17974848",
                "timeupdated": "1743711302"
            },
            "beta": {
                "buildid": "17971999",
                "description": "qzdqzd",
                "timeupdated": "1743774875"
            }
        }
    }
}