{
    "appid": "3571560",
    "type": "Game",
    "name": "LUST Eternal 🔞",
    "schinese_name": "",
    "isfreeapp": "0",
    "change_number": "29048543",
    "update_time": "2025-05-18 20:15:57",
    "depot": {
        "228989": {
            "config": {
                "oslist": "windows"
            },
            "depotfromapp": "228980",
            "sharedinstall": "1"
        },
        "228990": {
            "config": {
                "oslist": "windows"
            },
            "depotfromapp": "228980",
            "sharedinstall": "1"
        },
        "3571561": {
            "manifests": {
                "public": {
                    "gid": "5393871453991361195",
                    "size": "8532208088",
                    "download": "8189820944"
                }
            },
            "decryptionkey": "53e1e960171a813b21c2e3fd6af04b59d15deccc6350fcf6e3e1cc96801a4f7e"
        },
        "branches": {
            "public": {
                "buildid": "18413042",
                "timeupdated": "1746865478"
            }
        }
    }
}