{
    "appid": "3298570",
    "type": "Game",
    "name": "The Legend of Cyber Cowboy",
    "schinese_name": "",
    "isfreeapp": "0",
    "change_number": "26832414",
    "update_time": "2025-01-01 21:33:10",
    "depot": {
        "3298571": {
            "config": {
                "oslist": "windows",
                "osarch": "64"
            },
            "manifests": {
                "public": {
                    "gid": "5176029266255923303",
                    "size": "147286486",
                    "download": "72886768"
                }
            },
            "decryptionkey": "aa24d87367dde72b58fb9635cd1a50b43f54a17aa1be1d041577eb698797f10d"
        },
        "branches": {
            "public": {
                "buildid": "16395120",
                "timeupdated": "1731516787"
            }
        }
    }
}