{
    "appid": "3251750",
    "type": "Game",
    "name": "Dual Discovery: Unite Challenge 寻踪觅影：合二为一",
    "schinese_name": "",
    "isfreeapp": "0",
    "change_number": "28814332",
    "update_time": "2025-05-05 06:33:18",
    "depot": {
        "3251751": {
            "manifests": {
                "public": {
                    "gid": "949430088511443398",
                    "size": "203174504",
                    "download": "139091840"
                }
            },
            "decryptionkey": "0ae8c86572a67b2671a2fe5d361d2eeeec07d3079de727fb3158a33db460f770"
        },
        "branches": {
            "public": {
                "buildid": "17788984",
                "timeupdated": "1742439735"
            }
        }
    }
}