{
    "appid": "3202590",
    "type": "Music",
    "name": "The Forever Winter Soundtrack",
    "schinese_name": "",
    "isfreeapp": "0",
    "change_number": "28869486",
    "update_time": "2025-05-08 04:31:27",
    "depot": {
        "3202591": {
            "manifests": {
                "public": {
                    "gid": "7738619002966645662",
                    "size": "229868800",
                    "download": "173955200"
                }
            },
            "decryptionkey": "8da4f5d9fd3c7f98a82862356c36d8f81a50569e04685670ba0985cd42d2838a"
        },
        "3202592": {
            "config": {
                "highqualityaudio": "1"
            },
            "manifests": {
                "public": {
                    "gid": "5990392993156600198",
                    "size": "1654152718",
                    "download": "1548904368"
                }
            },
            "decryptionkey": "b6cc63f60343cbe6299bf0cbf94ccf124cf93641f3806dc46685e77db19b2fee"
        },
        "branches": {
            "public": {
                "buildid": "15789868",
                "timeupdated": "1727057191"
            }
        }
    }
}