{
    "appid": "3257430",
    "type": "Demo",
    "name": "Academy Love Saga: Tennis Angels EX Demo",
    "schinese_name": "网球天使EX试玩版",
    "isfreeapp": "0",
    "change_number": "27540262",
    "update_time": "2025-02-19 02:42:40",
    "depot": {
        "3257431": {
            "manifests": {
                "public": {
                    "gid": "3876893533103055480",
                    "size": "1610906134",
                    "download": "1059492336"
                }
            },
            "decryptionkey": "85c4b60e587e3f692793d7933a428eae7aa0729fe7ea4ba70a9454299c4a1577"
        },
        "branches": {
            "public": {
                "buildid": "17421378",
                "timeupdated": "1739965536"
            }
        },
        "privatebranches": "1"
    }
}