{
    "appid": "2998360",
    "type": "DLC",
    "name": "My Lovely Daughter: ReBorn",
    "schinese_name": "我的可爱女儿: 重生",
    "isfreeapp": "0",
    "change_number": "24403339",
    "update_time": "2024-07-18 02:21:36",
    "depot": {
        "2998361": {
            "config": {
                "oslist": "windows"
            },
            "manifests": {
                "public": {
                    "gid": "7423707892625016155",
                    "size": "468788033",
                    "download": "311330704"
                }
            },
            "dlcappid": "2998360",
            "decryptionkey": "1fb5afa09a8b1b64ab7d7cb7b86051b30c1f9afa89d1eea8796234d8b1aa4521"
        },
        "2998362": {
            "config": {
                "oslist": "macos"
            },
            "manifests": {
                "public": {
                    "gid": "4431220609513228322",
                    "size": "473890442",
                    "download": "313363040"
                }
            },
            "dlcappid": "2998360",
            "decryptionkey": "671aea3d9607320d6f44c711afa7e39c85dc2f25dbdf4eb5bd17673d1e597f51"
        },
        "2998363": {
            "config": {
                "oslist": "linux"
            },
            "manifests": {
                "public": {
                    "gid": "1554533645810659645",
                    "size": "481837247",
                    "download": "313336768"
                }
            },
            "dlcappid": "2998360",
            "decryptionkey": "a6ca9d751a0cc7ae96fac94737e01b10f2d33330fdd9586e5170460b4fb09bba"
        },
        "branches": {
            "public": {
                "buildid": "14581096",
                "timeupdated": "1717393628"
            }
        }
    }
}