{
    "appid": "3582590",
    "type": "Game",
    "name": "Deedlee Doo! Carkour!",
    "schinese_name": "",
    "isfreeapp": "0",
    "change_number": "29027107",
    "update_time": "2025-05-16 23:11:20",
    "depot": {
        "228989": {
            "config": {
                "oslist": "windows"
            },
            "depotfromapp": "228980",
            "sharedinstall": "1"
        },
        "228990": {
            "config": {
                "oslist": "windows"
            },
            "depotfromapp": "228980",
            "sharedinstall": "1"
        },
        "3582591": {
            "manifests": {
                "public": {
                    "gid": "7755208986806448468",
                    "size": "1180858648",
                    "download": "913713776"
                }
            },
            "decryptionkey": "d6e4acebf05f684219efbc25a28b15d0df6bc0ac1499c22a9bb2452810bd1a26"
        },
        "branches": {
            "public": {
                "buildid": "18493238",
                "timeupdated": "1747408276"
            }
        },
        "privatebranches": "1"
    }
}