{
    "appid": "3027650",
    "type": "Demo",
    "name": "Idle Waters Demo",
    "schinese_name": "",
    "isfreeapp": "0",
    "change_number": "27265080",
    "update_time": "2025-02-01 12:06:26",
    "depot": {
        "3027651": {
            "config": {
                "oslist": "windows"
            },
            "manifests": {
                "public": {
                    "gid": "2536763192114304263",
                    "size": "294160900",
                    "download": "80490368"
                }
            },
            "decryptionkey": "51441fdd758b74522065fe0e4ae1a82c0d10ecca37ccee2c9598e7e2b2ce7ea7"
        },
        "3027652": {
            "config": {
                "oslist": "macos"
            },
            "manifests": {
                "public": {
                    "gid": "6881989129719058768",
                    "size": "274586694",
                    "download": "83493664"
                }
            },
            "decryptionkey": ""
        },
        "branches": {
            "public": {
                "buildid": "17207559",
                "timeupdated": "1738382782"
            }
        },
        "privatebranches": "1"
    }
}