{
    "appid": "3091630",
    "type": "Demo",
    "name": "Necromancer's Revenge Demo",
    "schinese_name": "死灵法师的复仇 试玩版",
    "isfreeapp": "0",
    "change_number": "26165717",
    "update_time": "2024-11-13 07:35:39",
    "depot": {
        "3091631": {
            "config": {
                "oslist": "windows"
            },
            "manifests": {
                "public": {
                    "gid": "3519141203207919172",
                    "size": "240269109",
                    "download": "54370416"
                }
            },
            "decryptionkey": "107f8f74e5ed3aced2938fa3d54e634315df282fb0b11b6b6f9a366fc5c2266c"
        },
        "baselanguages": "english",
        "branches": {
            "public": {
                "buildid": "15037609",
                "timeupdated": "1721056277"
            }
        }
    }
}