{
    "appid": "2978760",
    "type": "Demo",
    "name": "Zero Orders Tactics Demo",
    "schinese_name": "",
    "isfreeapp": "0",
    "change_number": "27444251",
    "update_time": "2025-02-13 01:57:37",
    "depot": {
        "2978761": {
            "manifests": {
                "public": {
                    "gid": "2750320111120144422",
                    "size": "89497913",
                    "download": "50309056"
                }
            },
            "decryptionkey": "ce5f5893c819e6cea269058b9e4d0fbfcc5b297480ff5a0add65675127cc78f8"
        },
        "baselanguages": "english,german,french,italian,koreana,spanish,schinese,tchinese,russian,japanese,portuguese,polish,turkish,brazilian,latam",
        "branches": {
            "public": {
                "buildid": "17340348",
                "timeupdated": "1739383050"
            }
        }
    }
}