{
    "appid": "3096820",
    "type": "Game",
    "name": "终焉计划 Annihilation Plan",
    "schinese_name": "终焉计划：末世",
    "isfreeapp": "0",
    "change_number": "28215184",
    "update_time": "2025-03-30 21:56:01",
    "depot": {
        "228989": {
            "config": {
                "oslist": "windows"
            },
            "depotfromapp": "228980",
            "sharedinstall": "1"
        },
        "228990": {
            "config": {
                "oslist": "windows"
            },
            "depotfromapp": "228980",
            "sharedinstall": "1"
        },
        "3096821": {
            "manifests": {
                "public": {
                    "gid": "6998363091053932832",
                    "size": "2351335383",
                    "download": "2003161872"
                }
            },
            "decryptionkey": "ef4e71b8e457afa599110afd13028ea870bdb3bca31c612c669217b243f64476"
        },
        "branches": {
            "public": {
                "buildid": "16998094",
                "timeupdated": "1736850085"
            }
        }
    }
}