{
    "appid": "3150440",
    "type": "Game",
    "name": "Laundry Store Simulator",
    "schinese_name": "",
    "isfreeapp": "0",
    "change_number": "29048757",
    "update_time": "2025-05-18 20:44:19",
    "depot": {
        "228989": {
            "config": {
                "oslist": "windows"
            },
            "depotfromapp": "228980",
            "sharedinstall": "1"
        },
        "228990": {
            "config": {
                "oslist": "windows"
            },
            "depotfromapp": "228980",
            "sharedinstall": "1"
        },
        "3150441": {
            "manifests": {
                "public": {
                    "gid": "4281705525566769711",
                    "size": "2322720703",
                    "download": "653404240"
                }
            },
            "decryptionkey": "d6e3e5cb657c1847009f837d80ebfbf6a8bba4a76a8b2b5f3f4937762606aa61"
        },
        "branches": {
            "public": {
                "buildid": "18235496",
                "timeupdated": "1745570080"
            }
        },
        "privatebranches": "1"
    }
}