{
    "appid": "3141020",
    "type": "Game",
    "name": "NeveRossa Remaster",
    "schinese_name": "绯雪千夜 Remaster",
    "isfreeapp": "0",
    "change_number": "29006668",
    "update_time": "2025-05-16 00:15:57",
    "depot": {
        "228990": {
            "config": {
                "oslist": "windows"
            },
            "depotfromapp": "228980",
            "sharedinstall": "1"
        },
        "baselanguages": "tchinese",
        "3141021": {
            "config": {
                "language": "tchinese",
                "oslist": "windows"
            },
            "manifests": {
                "public": {
                    "gid": "5503186168294199918",
                    "size": "3320187136",
                    "download": "2689450928"
                }
            },
            "decryptionkey": "cfc680b2dd53a4e87242a6e224f9677fff1bd3129fb966a9356a50e6dcd97fdc"
        },
        "3181620": {
            "dlcappid": "3181620",
            "manifests": {
                "public": {
                    "gid": "2044572449503219288",
                    "size": "153078200",
                    "download": "133821680"
                }
            },
            "decryptionkey": "44fcc2eae9fa44ebb734555b8738223d66f6630d0f315af519ca44b000d7d409"
        },
        "branches": {
            "public": {
                "buildid": "17272935",
                "timeupdated": "1738880144"
            }
        },
        "privatebranches": "1"
    }
}