{
    "appid": "3298020",
    "type": "Game",
    "name": "A Night With: Succubus",
    "schinese_name": "",
    "isfreeapp": "0",
    "change_number": "28803946",
    "update_time": "2025-05-04 05:08:56",
    "depot": {
        "3298021": {
            "manifests": {
                "public": {
                    "gid": "7512953178603898320",
                    "size": "273526974",
                    "download": "134587504"
                }
            },
            "decryptionkey": "e422714b62fe7bf35ba5d64be7ded115da8c5b30b94f48b9b2886c370ad0b5b5"
        },
        "branches": {
            "public": {
                "buildid": "16347147",
                "timeupdated": "1731100735"
            }
        }
    }
}