{
    "appid": "3040500",
    "type": "Music",
    "name": "BAKERU Soundtrack",
    "schinese_name": "《羽袈流》游戏原声带",
    "isfreeapp": "0",
    "change_number": "27102243",
    "update_time": "2025-01-22 08:02:49",
    "depot": {
        "3040501": {
            "manifests": {
                "public": {
                    "gid": "8075825727162341735",
                    "size": "64808680",
                    "download": "62599680"
                }
            },
            "decryptionkey": "cc1b77e7546f902870ef6b4ca0d649ba7136f969d3c88d0e7f6a27a9edfdb86b"
        },
        "3040502": {
            "config": {
                "language": "japanese"
            },
            "manifests": {
                "public": {
                    "gid": "7228880168489978889",
                    "size": "64808680",
                    "download": "62458960"
                }
            },
            "decryptionkey": "b3c86b25dd923408f076d0d0bea961aae3729ab6dca93e7f36faa9452889245f"
        },
        "3040503": {
            "config": {
                "language": "tchinese"
            },
            "manifests": {
                "public": {
                    "gid": "3799118450107869091",
                    "size": "64808680",
                    "download": "62616080"
                }
            },
            "decryptionkey": "7d696a4811319db39ebc6ee1c44cc869c8a07218935f9761d64dcd71a6be2211"
        },
        "3040504": {
            "config": {
                "language": "schinese"
            },
            "manifests": {
                "public": {
                    "gid": "1561674812739006804",
                    "size": "64808680",
                    "download": "62616032"
                }
            },
            "decryptionkey": "83749128c147e07deccd9170c98c65ff9c3b45ed29b090cbdfda81a0898a8df6"
        },
        "3040505": {
            "config": {
                "highqualityaudio": "1"
            },
            "manifests": {
                "public": {
                    "gid": "4570755831976319134",
                    "size": "434660524",
                    "download": "403196336"
                }
            },
            "decryptionkey": "6613ad093a5182c8da2cb3a6abee1f3f1ccd61be4f373a077e0fa03a0e5355b1"
        },
        "3040506": {
            "config": {
                "language": "japanese",
                "highqualityaudio": "1"
            },
            "manifests": {
                "public": {
                    "gid": "804013574778073043",
                    "size": "434522144",
                    "download": "403399904"
                }
            },
            "decryptionkey": "c1fe79fc8c4702142c551b97299fc6005b89a74658268dec1011dc2297036345"
        },
        "3040507": {
            "config": {
                "highqualityaudio": "1",
                "language": "tchinese"
            },
            "manifests": {
                "public": {
                    "gid": "1179110623425896406",
                    "size": "434681584",
                    "download": "403204848"
                }
            },
            "decryptionkey": "7c3ec09338c789b47b0fab1cdcf216cd61c047a3efcce2b8913d8e266ad75e1b"
        },
        "3040508": {
            "config": {
                "highqualityaudio": "1",
                "language": "schinese"
            },
            "manifests": {
                "public": {
                    "gid": "7314960333241608164",
                    "size": "434681564",
                    "download": "403096368"
                }
            },
            "decryptionkey": "6ee406ab47363a56294e85b4414cf97074552b31f77034754f84d4f5de26d7f2"
        },
        "branches": {
            "public": {
                "buildid": "15529557",
                "timeupdated": "1724923773"
            }
        }
    }
}