{
    "appid": "3487660",
    "type": "Game",
    "name": "The Bunker",
    "schinese_name": "",
    "isfreeapp": "0",
    "change_number": "29044782",
    "update_time": "2025-05-18 08:16:07",
    "depot": {
        "3487661": {
            "config": {
                "oslist": "windows"
            },
            "manifests": {
                "public": {
                    "gid": "1088596990508202486",
                    "size": "394080853",
                    "download": "131032544"
                }
            },
            "decryptionkey": "87b69472cff1d543dc34c87f551cf34b73c3aad356cd710f54999b842e6db186"
        },
        "branches": {
            "public": {
                "buildid": "18082515",
                "timeupdated": "1744449672"
            }
        },
        "privatebranches": "1"
    }
}