{
    "appid": "3359560",
    "type": "Game",
    "name": "Fateful Destiny",
    "schinese_name": "",
    "isfreeapp": "1",
    "change_number": "28980205",
    "update_time": "2025-05-14 22:48:20",
    "depot": {
        "228988": {
            "config": {
                "oslist": "windows"
            },
            "depotfromapp": "228980",
            "sharedinstall": "1"
        },
        "228989": {
            "config": {
                "oslist": "windows"
            },
            "depotfromapp": "228980",
            "sharedinstall": "1"
        },
        "228990": {
            "config": {
                "oslist": "windows"
            },
            "depotfromapp": "228980",
            "sharedinstall": "1"
        },
        "3359561": {
            "manifests": {
                "public": {
                    "gid": "1818670255121282518",
                    "size": "2957283256",
                    "download": "471859232"
                }
            },
            "decryptionkey": "97bdebd28150dbdbae16d0856dc46717de14763893699788c18bb9922f82e1c9"
        },
        "branches": {
            "public": {
                "buildid": "16935814",
                "timeupdated": "1736311213"
            }
        }
    }
}