{
    "appid": "3668080",
    "type": "Game",
    "name": "Reflection",
    "schinese_name": "",
    "isfreeapp": "0",
    "change_number": "29041117",
    "update_time": "2025-05-17 23:14:02",
    "depot": {
        "228989": {
            "config": {
                "oslist": "windows"
            },
            "depotfromapp": "228980",
            "sharedinstall": "1"
        },
        "228990": {
            "config": {
                "oslist": "windows"
            },
            "depotfromapp": "228980",
            "sharedinstall": "1"
        },
        "3668081": {
            "manifests": {
                "public": {
                    "gid": "7803090040386606714",
                    "size": "6605106823",
                    "download": "6370335792"
                }
            },
            "decryptionkey": "57e8358dc923a421319fe11031a8cbada4031105c13786c9ef4c08b4cd67d05c"
        },
        "baselanguages": "english",
        "branches": {
            "public": {
                "buildid": "18337893",
                "timeupdated": "1746363820"
            }
        }
    }
}