{
    "appid": "2942970",
    "type": "Beta",
    "name": "Exiler Playtest",
    "schinese_name": "放逐大师",
    "isfreeapp": "0",
    "change_number": "25925132",
    "update_time": "2024-10-28 12:48:02",
    "depot": {
        "2942971": {
            "config": {
                "oslist": "windows"
            },
            "manifests": {
                "public": {
                    "gid": "9138551469219533245",
                    "size": "1272512006",
                    "download": "372469264"
                }
            },
            "decryptionkey": "41e0407117a2686e42c580b89cf00167a7d8b49f9a075f39c6d6c82098397133"
        },
        "branches": {
            "public": {
                "buildid": "14779900",
                "timeupdated": "1718948581"
            }
        },
        "privatebranches": "1"
    }
}