{
    "appid": "3625000",
    "type": "DLC",
    "name": "Vambrace: Dungeon Monarch - Dungeon Skin 1: Glory of Hellforn",
    "schinese_name": "",
    "isfreeapp": "0",
    "change_number": "28884510",
    "update_time": "2025-05-08 23:02:57",
    "depot": {
        "3625000": {
            "manifests": {
                "public": {
                    "gid": "9157965007693585085",
                    "size": "71179334",
                    "download": "27905808"
                }
            },
            "dlcappid": "3625000",
            "decryptionkey": "8ab670d7c2b5afa80a9ccd8b248c6c7853677aa43dc6932d9fbeee4d7aad6b47"
        },
        "branches": {
            "public": {
                "buildid": "18276150",
                "timeupdated": "1745912027"
            }
        }
    }
}