{
    "appid": "3241500",
    "type": "Demo",
    "name": "Augurium Mortis Demo",
    "schinese_name": "",
    "isfreeapp": "0",
    "change_number": "26001454",
    "update_time": "2024-11-01 13:12:47",
    "depot": {
        "3241501": {
            "config": {
                "oslist": "linux"
            },
            "manifests": {
                "public": {
                    "gid": "4060607270276158934",
                    "size": "1057919383",
                    "download": "412869152"
                }
            },
            "decryptionkey": ""
        },
        "3241502": {
            "config": {
                "oslist": "windows"
            },
            "manifests": {
                "public": {
                    "gid": "2563837831212132531",
                    "size": "1020066748",
                    "download": "402722368"
                }
            },
            "decryptionkey": "f4624e8acf38de834332a4b625a276c42273fa744252c78c71aea6171a752fe7"
        },
        "branches": {
            "public": {
                "buildid": "16063715",
                "timeupdated": "1729072220"
            }
        }
    }
}