{
    "appid": "3575960",
    "type": "Game",
    "name": "하츠카 (Hatsuka)",
    "schinese_name": "",
    "isfreeapp": "0",
    "change_number": "28662669",
    "update_time": "2025-04-25 20:54:06",
    "depot": {
        "baselanguages": "english,koreana,schinese,tchinese,japanese",
        "3575961": {
            "manifests": {
                "public": {
                    "gid": "711354642013397442",
                    "size": "527118781",
                    "download": "394985968"
                }
            },
            "decryptionkey": "368f3c82f814e576ab371109575bbc19ec32374c10eee83ab05ef87bbc9bd571"
        },
        "branches": {
            "public": {
                "buildid": "18223935",
                "timeupdated": "1745559362"
            }
        }
    }
}