{
    "appid": "3111310",
    "type": "Game",
    "name": "FOOTAGE BODYCAM",
    "schinese_name": "",
    "isfreeapp": "0",
    "change_number": "28919081",
    "update_time": "2025-05-11 01:32:50",
    "depot": {
        "228989": {
            "config": {
                "oslist": "windows"
            },
            "depotfromapp": "228980",
            "sharedinstall": "1"
        },
        "228990": {
            "config": {
                "oslist": "windows"
            },
            "depotfromapp": "228980",
            "sharedinstall": "1"
        },
        "3111311": {
            "manifests": {
                "public": {
                    "gid": "8065169708167598831",
                    "size": "13653140407",
                    "download": "13031196864"
                }
            },
            "decryptionkey": "04431dabbb93b0406448d68b8236c6dc5ee27e9f44c387b0dcba4f2cda35888d"
        },
        "branches": {
            "public": {
                "buildid": "15258763",
                "timeupdated": "1723200754"
            }
        }
    }
}