{
    "appid": "2954920",
    "type": "Game",
    "name": "Zero-Sum Heart",
    "schinese_name": "零和之心",
    "isfreeapp": "0",
    "change_number": "28920330",
    "update_time": "2025-05-11 04:42:51",
    "depot": {
        "hasdepotsindlc": "1",
        "2954921": {
            "config": {
                "oslist": "windows"
            },
            "manifests": {
                "public": {
                    "gid": "19869685332511264",
                    "size": "1252410158",
                    "download": "738261216"
                }
            },
            "decryptionkey": "f928680559b6e588b7ea01b53108b11dbfc81baa4c1bcf0b4ef83c1ed09a2e2c"
        },
        "2954922": {
            "config": {
                "oslist": "macos"
            },
            "manifests": {
                "public": {
                    "gid": "8659096417351984760",
                    "size": "1276633407",
                    "download": "746763248"
                }
            },
            "decryptionkey": ""
        },
        "branches": {
            "public": {
                "buildid": "17966856",
                "timeupdated": "1743670804"
            }
        },
        "privatebranches": "1"
    }
}