{
    "appid": "3041870",
    "type": "Demo",
    "name": "Close to Flight Demo",
    "schinese_name": "",
    "isfreeapp": "0",
    "change_number": "24946521",
    "update_time": "2024-08-27 02:23:09",
    "depot": {
        "228989": {
            "config": {
                "oslist": "windows"
            },
            "depotfromapp": "228980",
            "sharedinstall": "1"
        },
        "229005": {
            "config": {
                "oslist": "windows"
            },
            "depotfromapp": "228980",
            "sharedinstall": "1"
        },
        "229006": {
            "config": {
                "oslist": "windows"
            },
            "depotfromapp": "228980",
            "sharedinstall": "1"
        },
        "229007": {
            "config": {
                "oslist": "windows"
            },
            "depotfromapp": "228980",
            "sharedinstall": "1"
        },
        "3041871": {
            "config": {
                "oslist": "windows"
            },
            "manifests": {
                "public": {
                    "gid": "5484988144763911263",
                    "size": "432564205",
                    "download": "295206752"
                }
            },
            "decryptionkey": "37063f96835922757f86e4ada5181f93bbb1142d968fa7fc2d0c741dc66985a0"
        },
        "branches": {
            "public": {
                "buildid": "15420436",
                "timeupdated": "1724075191"
            }
        }
    }
}