{
    "appid": "2968360",
    "type": "DLC",
    "name": "Morbid: The Lords of Ire Official Art book",
    "schinese_name": "",
    "isfreeapp": "0",
    "change_number": "23740491",
    "update_time": "2024-07-16 02:47:06",
    "depot": {
        "2968360": {
            "manifests": {
                "public": {
                    "gid": "1267020162341101287",
                    "size": "44427643",
                    "download": "41211488"
                }
            },
            "dlcappid": "2968360",
            "decryptionkey": "397355ff73981aea4297593530ff93f52e4d6b37853dc80051ca9b0445d24c87"
        },
        "branches": {
            "public": {
                "buildid": "14258221",
                "timeupdated": "1714756928"
            }
        }
    }
}