{
    "appid": "3242130",
    "type": "Demo",
    "name": "Sand Demo",
    "schinese_name": "",
    "isfreeapp": "0",
    "change_number": "27529804",
    "update_time": "2025-02-18 15:56:37",
    "depot": {
        "3242131": {
            "manifests": {
                "public": {
                    "gid": "842453947893006664",
                    "size": "10354199620",
                    "download": "7302613360"
                }
            },
            "decryptionkey": "68c37734e2471161831b57a5c96da8da68a4ca3ac1ef1480951b13e4dea6ddab"
        },
        "branches": {
            "public": {
                "buildid": "16065291",
                "timeupdated": "1729082435"
            }
        },
        "privatebranches": "1"
    }
}