{
    "appid": "3227420",
    "type": "Game",
    "name": "COPPER ODYSSEY 2",
    "schinese_name": "",
    "isfreeapp": "0",
    "change_number": "27766984",
    "update_time": "2025-03-04 12:15:19",
    "depot": {
        "hasdepotsindlc": "0",
        "3227421": {
            "manifests": {
                "public": {
                    "gid": "559422863304529362",
                    "size": "929036466",
                    "download": "653325456"
                }
            },
            "decryptionkey": "316dddfe96cebb05e4da3d4cf86f0594cd1c801ae2d7a294619c12a7fe1d5717"
        },
        "3487710": {
            "dlcappid": "3487710",
            "manifests": {
                "public": {
                    "gid": "8680664546126354910",
                    "size": "30772326",
                    "download": "28202208"
                }
            },
            "decryptionkey": ""
        },
        "branches": {
            "public": {
                "buildid": "17583596",
                "timeupdated": "1741061709"
            }
        }
    }
}