{
    "appid": "3046280",
    "type": "Game",
    "name": "Hentai Tales: The Brave and Demon",
    "schinese_name": "",
    "isfreeapp": "0",
    "change_number": "26873131",
    "update_time": "2025-01-06 12:14:21",
    "depot": {
        "3046281": {
            "config": {
                "oslist": "windows"
            },
            "manifests": {
                "public": {
                    "gid": "685317661118407502",
                    "size": "803322371",
                    "download": "206033696"
                }
            },
            "decryptionkey": "bfa68c724e9712f0a240d2811cbddc3a46dd83cba99a8b0d8ccbb5f8bae886fa"
        },
        "3046282": {
            "config": {
                "oslist": "macos"
            },
            "manifests": {
                "public": {
                    "gid": "4852878973430574359",
                    "size": "797771888",
                    "download": "204969744"
                }
            },
            "decryptionkey": ""
        },
        "3046283": {
            "config": {
                "oslist": "linux"
            },
            "manifests": {
                "public": {
                    "gid": "8347761020574786953",
                    "size": "844197986",
                    "download": "205988192"
                }
            },
            "decryptionkey": ""
        },
        "baselanguages": "english",
        "branches": {
            "public": {
                "buildid": "15183269",
                "timeupdated": "1722238667"
            }
        }
    }
}