{
    "appid": "2992160",
    "type": "Demo",
    "name": "Counterpick Labs Demo",
    "schinese_name": "",
    "isfreeapp": "0",
    "change_number": "24344151",
    "update_time": "2024-07-16 02:47:07",
    "depot": {
        "2992161": {
            "config": {
                "oslist": "windows",
                "osarch": "64"
            },
            "manifests": {
                "public": {
                    "gid": "5624739991458318764",
                    "size": "291243319",
                    "download": "98036656"
                }
            },
            "decryptionkey": "4e9bbb79e8d4507410f3bef009b101e8524f1c1c1e8f2283eafcc201334ec850"
        },
        "2992162": {
            "config": {
                "oslist": "macos",
                "osarch": "64"
            },
            "manifests": {
                "public": {
                    "gid": "4851955834785181440",
                    "size": "456434957",
                    "download": "145446976"
                }
            },
            "decryptionkey": ""
        },
        "2992163": {
            "config": {
                "oslist": "linux",
                "osarch": "64"
            },
            "manifests": {
                "public": {
                    "gid": "6043859746706603597",
                    "size": "293528731",
                    "download": "93635920"
                }
            },
            "decryptionkey": ""
        },
        "branches": {
            "public": {
                "buildid": "14925463",
                "timeupdated": "1720055227"
            }
        },
        "privatebranches": "1"
    }
}