{
    "appid": "2992030",
    "type": "Demo",
    "name": "Extermination Shock Demo",
    "schinese_name": "",
    "isfreeapp": "0",
    "change_number": "24197942",
    "update_time": "2024-07-16 02:47:07",
    "depot": {
        "228989": {
            "config": {
                "oslist": "windows"
            },
            "depotfromapp": "228980",
            "sharedinstall": "1"
        },
        "228990": {
            "config": {
                "oslist": "windows"
            },
            "depotfromapp": "228980",
            "sharedinstall": "1"
        },
        "2992031": {
            "manifests": {
                "public": {
                    "gid": "6871688240990505411",
                    "size": "426299715",
                    "download": "378774080"
                }
            },
            "decryptionkey": "aebad2e21a3b301131ea8b327a41dced260ffc721b2dcbd83f776c916316f2e5"
        },
        "hasdepotsindlc": "0",
        "branches": {
            "public": {
                "buildid": "14899172",
                "timeupdated": "1719868048"
            }
        }
    }
}