{
    "appid": "3097260",
    "type": "Demo",
    "name": "东方:月兔狂想曲 Demo",
    "schinese_name": "",
    "isfreeapp": "0",
    "change_number": "26169812",
    "update_time": "2024-11-13 14:22:44",
    "depot": {
        "baselanguages": "english,schinese,tchinese,japanese",
        "hasdepotsindlc": "1",
        "3097261": {
            "config": {
                "oslist": "windows"
            },
            "manifests": {
                "public": {
                    "gid": "4477959411753601820",
                    "size": "4255220583",
                    "download": "1337463104"
                },
                "macdepot": {
                    "gid": "4477959411753601820",
                    "size": "4255220583",
                    "download": "1337463104"
                }
            },
            "decryptionkey": "cb1ca0f3da5ec7a8899e60482341001d64f75490c1af4733ea5315e88fbd05c8"
        },
        "3097262": {
            "config": {
                "oslist": "macos"
            },
            "manifests": {
                "public": {
                    "gid": "8192144131763709621",
                    "size": "4280721287",
                    "download": "1342438944"
                },
                "macdepot": {
                    "gid": "6363297268603768854",
                    "size": "8540186544",
                    "download": "1353727968"
                }
            },
            "decryptionkey": ""
        },
        "branches": {
            "public": {
                "buildid": "16027709",
                "timeupdated": "1728839396"
            },
            "macdepot": {
                "buildid": "16025065",
                "description": "MAC",
                "timeupdated": "1728805487"
            }
        }
    }
}