{
    "appid": "3690470",
    "type": "Game",
    "name": "Super TSA",
    "schinese_name": "",
    "isfreeapp": "0",
    "change_number": "29021546",
    "update_time": "2025-05-16 18:03:48",
    "depot": {
        "3690471": {
            "manifests": {
                "public": {
                    "gid": "2140041719927980227",
                    "size": "823747954",
                    "download": "112370464"
                }
            },
            "decryptionkey": "9eb7d1a3218bc9a9de989b1e42e971f8950e3af6c7aa40b61719fbe6569e222b"
        },
        "baselanguages": "english,german,french,italian,spanish,portuguese,dutch",
        "branches": {
            "public": {
                "buildid": "18489251",
                "timeupdated": "1747389824"
            }
        }
    }
}