{
    "appid": "3289460",
    "type": "Demo",
    "name": "開拓民クリッカー Demo",
    "schinese_name": "",
    "isfreeapp": "0",
    "change_number": "26183469",
    "update_time": "2024-11-14 07:42:35",
    "depot": {
        "3289461": {
            "manifests": {
                "public": {
                    "gid": "4525235131731930095",
                    "size": "218142684",
                    "download": "52591360"
                }
            },
            "decryptionkey": "c626b1489cd125f9024b2e801e5bfd478c101fa6874e3dd14c824bdb91afc877"
        },
        "baselanguages": "english,japanese",
        "branches": {
            "public": {
                "buildid": "16279903",
                "timeupdated": "1730653094"
            }
        },
        "privatebranches": "1"
    }
}