{
    "appid": "3272130",
    "type": "Demo",
    "name": "Guild Master Demo",
    "schinese_name": "",
    "isfreeapp": "0",
    "change_number": "27512890",
    "update_time": "2025-02-17 17:46:51",
    "depot": {
        "3272131": {
            "config": {
                "oslist": "windows"
            },
            "manifests": {
                "public": {
                    "gid": "2268136656856592758",
                    "size": "65748104",
                    "download": "32166544"
                },
                "testing": {
                    "gid": "2268136656856592758",
                    "size": "65748104",
                    "download": "32166544"
                }
            },
            "decryptionkey": "24db6466557d48f9b8edc25a61c2c96bf1da1f3e78fcc2e9796f0b521ca00001"
        },
        "3272132": {
            "config": {
                "oslist": "linux"
            },
            "manifests": {
                "public": {
                    "gid": "5988305413230775244",
                    "size": "65989768",
                    "download": "32149552"
                },
                "testing": {
                    "gid": "5988305413230775244",
                    "size": "65989768",
                    "download": "32149552"
                }
            },
            "decryptionkey": ""
        },
        "3272133": {
            "config": {
                "language": "english",
                "oslist": "windows"
            },
            "manifests": {
                "public": {
                    "gid": "6205479520374317843",
                    "size": "65446176",
                    "download": "32045632"
                },
                "testing": {
                    "gid": "6205479520374317843",
                    "size": "65446176",
                    "download": "32045632"
                }
            },
            "decryptionkey": ""
        },
        "3272134": {
            "config": {
                "oslist": "windows"
            },
            "manifests": {
                "public": {
                    "gid": "5108799955115701796",
                    "size": "68182520",
                    "download": "33771648"
                },
                "testing": {
                    "gid": "5678987184386997724",
                    "size": "68182520",
                    "download": "33771632"
                }
            },
            "decryptionkey": ""
        },
        "branches": {
            "public": {
                "buildid": "17390172",
                "timeupdated": "1739781285"
            },
            "testing": {
                "buildid": "17390978",
                "description": "External testing",
                "timeupdated": "1739785601"
            }
        }
    }
}