{
    "appid": "2969380",
    "type": "Game",
    "name": "BAKERU",
    "schinese_name": "羽袈流",
    "isfreeapp": "0",
    "change_number": "29015559",
    "update_time": "2025-05-16 10:54:50",
    "depot": {
        "2969381": {
            "manifests": {
                "public": {
                    "gid": "8676425789810099366",
                    "size": "4535286669",
                    "download": "3913074128"
                }
            },
            "decryptionkey": "c0f097f8c53a4949eb0d5243a797381b1358f5310f8a9c66f1751b9d7af1c5be"
        },
        "baselanguages": "english",
        "branches": {
            "public": {
                "buildid": "16063432",
                "timeupdated": "1729144842"
            }
        },
        "privatebranches": "1"
    }
}