{
    "appid": "3596370",
    "type": "Game",
    "name": "Bearly Escape",
    "schinese_name": "",
    "isfreeapp": "0",
    "change_number": "28844397",
    "update_time": "2025-05-06 23:30:04",
    "depot": {
        "hasdepotsindlc": "0",
        "baselanguages": "english",
        "3596371": {
            "config": {
                "oslist": "windows",
                "osarch": "64"
            },
            "manifests": {
                "public": {
                    "gid": "2744933798990425336",
                    "size": "4348800056",
                    "download": "3361204592"
                }
            },
            "decryptionkey": "aef848ca683bd872dd3f7cdf81b45fa14cd4591fcf62c9104c82480af93e389d"
        },
        "branches": {
            "public": {
                "buildid": "18255664",
                "timeupdated": "1745762128"
            }
        }
    }
}