{
    "appid": "3036930",
    "type": "Demo",
    "name": "Luminaria: Dark Echoes Demo",
    "schinese_name": "",
    "isfreeapp": "0",
    "change_number": "25517675",
    "update_time": "2024-10-03 23:47:38",
    "depot": {
        "3036931": {
            "manifests": {
                "public": {
                    "gid": "2296448315393720937",
                    "size": "2493176177",
                    "download": "740466080"
                }
            },
            "decryptionkey": "350f7f39ba805bce2d2a131a965c24df9212898e5f99e0db0f743904d9959126"
        },
        "branches": {
            "public": {
                "buildid": "15012743",
                "timeupdated": "1720782615"
            }
        }
    }
}