{
    "appid": "3341160",
    "type": "Demo",
    "name": "A Forest Tale: Porasy Demo",
    "schinese_name": "",
    "isfreeapp": "0",
    "change_number": "26664067",
    "update_time": "2024-12-17 00:38:01",
    "depot": {
        "hasdepotsindlc": "0",
        "baselanguages": "english,spanish,brazilian",
        "3341161": {
            "config": {
                "oslist": "windows",
                "osarch": "64"
            },
            "manifests": {
                "public": {
                    "gid": "8197278237152241349",
                    "size": "131255616",
                    "download": "74390080"
                }
            },
            "decryptionkey": "0e82a3df5551d1319d29fc1f35a317376b40368b3d39d3a4b008291a353e6776"
        },
        "branches": {
            "public": {
                "buildid": "16344343",
                "timeupdated": "1731083244"
            }
        }
    }
}