{
    "appid": "3417500",
    "type": "Game",
    "name": "KILLDOZER",
    "schinese_name": "",
    "isfreeapp": "0",
    "change_number": "28844242",
    "update_time": "2025-05-06 23:20:08",
    "depot": {
        "228988": {
            "config": {
                "oslist": "windows"
            },
            "depotfromapp": "228980",
            "sharedinstall": "1"
        },
        "228989": {
            "config": {
                "oslist": "windows"
            },
            "depotfromapp": "228980",
            "sharedinstall": "1"
        },
        "228990": {
            "config": {
                "oslist": "windows"
            },
            "depotfromapp": "228980",
            "sharedinstall": "1"
        },
        "3417501": {
            "config": {
                "oslist": "windows",
                "osarch": "64"
            },
            "manifests": {
                "public": {
                    "gid": "6343069270545818518",
                    "size": "1705174422",
                    "download": "847186704"
                }
            },
            "decryptionkey": "71192f9ca8bc9e88243297dbe57792c57421f5b867659d7500f03f2c976b0d11"
        },
        "branches": {
            "public": {
                "buildid": "18194300",
                "timeupdated": "1745383688"
            }
        },
        "privatebranches": "1"
    }
}