{
    "appid": "2981620",
    "type": "Demo",
    "name": "Mind Diver Demo",
    "schinese_name": "",
    "isfreeapp": "0",
    "change_number": "26935702",
    "update_time": "2025-01-10 13:31:34",
    "depot": {
        "2981621": {
            "manifests": {
                "public": {
                    "gid": "4771414602623701228",
                    "size": "4063030718",
                    "download": "2033999584"
                }
            },
            "decryptionkey": "969c10ca299415622d7f32eed56b847b2040e59126dd0e7ffbbd141876f6c8c2"
        },
        "branches": {
            "public": {
                "buildid": "14347745",
                "timeupdated": "1715595147"
            }
        }
    }
}