{
    "appid": "3464920",
    "type": "Game",
    "name": "Flesh and Fury",
    "schinese_name": "",
    "isfreeapp": "0",
    "change_number": "28973040",
    "update_time": "2025-05-14 12:02:07",
    "depot": {
        "3464921": {
            "config": {
                "oslist": "windows,linux"
            },
            "manifests": {
                "public": {
                    "gid": "9015195441799923605",
                    "size": "372289650",
                    "download": "283647888"
                }
            },
            "decryptionkey": "eddc06a60019af16c61c8c7a8ab2980d012770a68a9a7b6bb9a70f2b096922f2"
        },
        "3464922": {
            "config": {
                "oslist": "macos"
            },
            "manifests": {
                "public": {
                    "gid": "8649917140397584084",
                    "size": "359934007",
                    "download": "279426560"
                }
            }
        },
        "branches": {
            "public": {
                "buildid": "18446458",
                "timeupdated": "1747147827"
            }
        }
    }
}