{
    "appid": "3345820",
    "type": "Game",
    "name": "Lonely Christmas",
    "schinese_name": "",
    "isfreeapp": "0",
    "change_number": "28788060",
    "update_time": "2025-05-02 23:33:16",
    "depot": {
        "228989": {
            "config": {
                "oslist": "windows"
            },
            "depotfromapp": "228980",
            "sharedinstall": "1"
        },
        "228990": {
            "config": {
                "oslist": "windows"
            },
            "depotfromapp": "228980",
            "sharedinstall": "1"
        },
        "3345821": {
            "manifests": {
                "public": {
                    "gid": "5388827964041700774",
                    "size": "4191622621",
                    "download": "3968701248"
                }
            },
            "decryptionkey": "96ac843a408b638988412018529acae36f9a404e63364eba0bf21c7aa3c5c8cd"
        },
        "branches": {
            "public": {
                "buildid": "16832684",
                "timeupdated": "1734932099"
            }
        }
    }
}