{
    "appid": "3018910",
    "type": "Game",
    "name": "Homeless",
    "schinese_name": "",
    "isfreeapp": "0",
    "change_number": "29015780",
    "update_time": "2025-05-16 11:12:48",
    "depot": {
        "228989": {
            "config": {
                "oslist": "windows"
            },
            "depotfromapp": "228980",
            "sharedinstall": "1"
        },
        "228990": {
            "config": {
                "oslist": "windows"
            },
            "depotfromapp": "228980",
            "sharedinstall": "1"
        },
        "3018911": {
            "config": {
                "oslist": "windows"
            },
            "manifests": {
                "public": {
                    "gid": "1188256851806324524",
                    "size": "7416044594",
                    "download": "6974883632"
                }
            },
            "decryptionkey": "e73e226ca0ccba791c398672e55e15b5c8e433913c399c68a2fb78a936593848"
        },
        "branches": {
            "public": {
                "buildid": "15533478",
                "timeupdated": "1724953478"
            }
        }
    }
}