{
    "appid": "3491050",
    "type": "DLC",
    "name": "Yoshima: Hentai Simulator - Animation Pack",
    "schinese_name": "",
    "isfreeapp": "0",
    "change_number": "27838544",
    "update_time": "2025-03-07 23:57:40",
    "depot": {
        "3491050": {
            "manifests": {
                "public": {
                    "gid": "4771779616375545607",
                    "size": "2473021695",
                    "download": "2505478144"
                }
            },
            "dlcappid": "3491050",
            "decryptionkey": "f6b27a2df5bb33dc24ed21765493addb640aa702c74cacf977040d25d0e010a7"
        },
        "branches": {
            "public": {
                "buildid": "17624627",
                "timeupdated": "1741288907"
            }
        }
    }
}