{
    "appid": "3026950",
    "type": "Demo",
    "name": "Outbreak Overlord Demo",
    "schinese_name": "",
    "isfreeapp": "0",
    "change_number": "25932808",
    "update_time": "2024-10-28 22:41:56",
    "depot": {
        "3026951": {
            "manifests": {
                "public": {
                    "gid": "641372435047249707",
                    "size": "233936044",
                    "download": "62689424"
                }
            },
            "decryptionkey": "7abfe564ca391f13201d86377ba903adb487456e71a7b2aa194c86fabd5af153"
        },
        "branches": {
            "public": {
                "buildid": "14677832",
                "timeupdated": "1718110257"
            }
        }
    }
}