{
    "appid": "3156260",
    "type": "DLC",
    "name": "Beat Saber - Britney Spears - …Baby One More Time",
    "schinese_name": "",
    "isfreeapp": "0",
    "change_number": "25588373",
    "update_time": "2024-10-08 22:49:14",
    "depot": {
        "3156260": {
            "manifests": {
                "public": {
                    "gid": "8763201521609926741",
                    "size": "12041607",
                    "download": "12206560"
                }
            },
            "dlcappid": "3156260",
            "decryptionkey": "02a17b607bfa00ef28725fd57189d964486d9a16385749216b59701a949b854e"
        },
        "branches": {
            "public": {
                "buildid": "15688864",
                "timeupdated": "1726484389"
            }
        }
    }
}