{
    "appid": "3051180",
    "type": "Game",
    "name": "The Man in the Fields",
    "schinese_name": "",
    "isfreeapp": "0",
    "change_number": "28917957",
    "update_time": "2025-05-10 23:02:30",
    "depot": {
        "3051181": {
            "manifests": {
                "public": {
                    "gid": "2789575654572417060",
                    "size": "1307221666",
                    "download": "501715216"
                }
            },
            "decryptionkey": "e41ebd32042682c5323ed7cd47b53c9dd06a95bb0b744b8309b7ed3616710718"
        },
        "baselanguages": "english",
        "branches": {
            "public": {
                "buildid": "16199018",
                "timeupdated": "1730058120"
            }
        }
    }
}