{
    "appid": "3396260",
    "type": "Demo",
    "name": "Minutescape Demo",
    "schinese_name": "",
    "isfreeapp": "0",
    "change_number": "27476378",
    "update_time": "2025-02-14 17:41:14",
    "depot": {
        "3396261": {
            "config": {
                "oslist": "windows"
            },
            "manifests": {
                "public": {
                    "gid": "6776187693856967201",
                    "size": "334242426",
                    "download": "123874480"
                },
                "givememysaveback": {
                    "gid": "7608456089891678635",
                    "size": "11836137",
                    "download": "9194016"
                }
            },
            "decryptionkey": "a9dfdb0792bcc7f74b592e4ec5316784e2c209fe714365fa187c3e9c2ce7042a"
        },
        "3396262": {
            "config": {
                "oslist": "linux"
            },
            "manifests": {
                "public": {
                    "gid": "8547125984581975732",
                    "size": "421910349",
                    "download": "128106880"
                },
                "givememysaveback": {
                    "gid": "5767025070911979169",
                    "size": "269783334",
                    "download": "98565008"
                }
            },
            "decryptionkey": ""
        },
        "3396263": {
            "config": {
                "oslist": "macos"
            },
            "manifests": {
                "public": {
                    "gid": "2322883714901010445",
                    "size": "375714140",
                    "download": "124264832"
                }
            },
            "decryptionkey": ""
        },
        "branches": {
            "public": {
                "buildid": "17419915",
                "timeupdated": "1739957313"
            },
            "givememysaveback": {
                "buildid": "17002660",
                "description": "If your save is gone this may help",
                "timeupdated": "1737572304"
            }
        },
        "privatebranches": "1"
    }
}