{
    "appid": "2994020",
    "type": "Game",
    "name": "Puck",
    "schinese_name": "",
    "isfreeapp": "1",
    "change_number": "27540973",
    "update_time": "2025-02-19 03:27:23",
    "depot": {
        "baselanguages": "english",
        "2994021": {
            "config": {
                "oslist": "windows"
            },
            "manifests": {
                "public": {
                    "gid": "3956931977906601958",
                    "size": "413110699",
                    "download": "108447376"
                }
            },
            "decryptionkey": "2b0bdd193262e293b6422b417a9fc6330277778cd29582d6773462a276675ce3"
        },
        "branches": {
            "public": {
                "buildid": "17460484",
                "timeupdated": "1740171454"
            }
        },
        "privatebranches": "1"
    }
}