{
    "appid": "3092380",
    "type": "Demo",
    "name": "宗门志 Demo",
    "schinese_name": "",
    "isfreeapp": "0",
    "change_number": "27149271",
    "update_time": "2025-01-24 20:50:24",
    "depot": {
        "3092381": {
            "manifests": {
                "public": {
                    "gid": "1446735606555545919",
                    "size": "4974961896",
                    "download": "3269464400"
                }
            },
            "decryptionkey": "a386fca073cc8dc19cba73977e44d36e6fc50ae1cca5ee8606f4f7db2bbfc3b7"
        },
        "branches": {
            "public": {
                "buildid": "17119438",
                "timeupdated": "1737723017"
            }
        },
        "privatebranches": "1"
    }
}