{
    "appid": "3407640",
    "type": "Demo",
    "name": "Dark Moon Demo",
    "schinese_name": "",
    "isfreeapp": "0",
    "change_number": "27539168",
    "update_time": "2025-02-19 01:35:05",
    "depot": {
        "3407641": {
            "manifests": {
                "public": {
                    "gid": "5175740583776174681",
                    "size": "27382620362",
                    "download": "19177077296"
                }
            },
            "decryptionkey": "b771080795e6ab276c8c57ad8b75f83f3e5c3b19020dbcdc56c2883f6c378439"
        },
        "branches": {
            "public": {
                "buildid": "17091122",
                "timeupdated": "1737746918"
            }
        },
        "privatebranches": "1"
    }
}