{
    "appid": "3174160",
    "type": "Game",
    "name": "Paws and Whiskers",
    "schinese_name": "猫鼠乱斗",
    "isfreeapp": "0",
    "change_number": "28995817",
    "update_time": "2025-05-15 14:09:46",
    "depot": {
        "3174161": {
            "manifests": {
                "public": {
                    "gid": "7590439888833349953",
                    "size": "1855079186",
                    "download": "315864528"
                }
            },
            "decryptionkey": "fb97c1a6e7432638f9efa539bdcb582ae38c0c0e8e0e0771e571a4f34a48e666"
        },
        "branches": {
            "public": {
                "buildid": "18471165",
                "timeupdated": "1747289383"
            }
        }
    }
}