{
    "appid": "3165010",
    "type": "Demo",
    "name": "Faaast Penguin / ファーストペンギン Demo",
    "schinese_name": "一鹅当先 试玩版",
    "isfreeapp": "0",
    "change_number": "26183469",
    "update_time": "2024-11-14 07:36:05",
    "depot": {
        "228989": {
            "config": {
                "oslist": "windows"
            },
            "depotfromapp": "228980",
            "sharedinstall": "1"
        },
        "228990": {
            "config": {
                "oslist": "windows"
            },
            "depotfromapp": "228980",
            "sharedinstall": "1"
        },
        "3165011": {
            "manifests": {
                "public": {
                    "gid": "4711145691469271104",
                    "size": "2070630419",
                    "download": "1681912192"
                }
            },
            "decryptionkey": "a6f9b32ce7f7b3970a30621bfacf7bcf8beb4db2cfe5356e596762f5ad0eb3ae"
        },
        "baselanguages": "english,german,french,italian,koreana,spanish,schinese,tchinese,russian,japanese,brazilian,latam",
        "branches": {
            "public": {
                "buildid": "15607578",
                "timeupdated": "1725589933"
            }
        },
        "privatebranches": "1"
    }
}