{
    "appid": "3269620",
    "type": "Game",
    "name": "Archaeology - Frozen Knights",
    "schinese_name": "",
    "isfreeapp": "0",
    "change_number": "28414754",
    "update_time": "2025-04-11 03:11:20",
    "depot": {
        "3269621": {
            "manifests": {
                "public": {
                    "gid": "5891901115847756625",
                    "size": "1017639337",
                    "download": "195943696"
                }
            },
            "decryptionkey": "23bb86f89845d8ac9c5e629706f6abce7b4c677d50be0942bba0577abe3b257a"
        },
        "branches": {
            "public": {
                "buildid": "17587529",
                "timeupdated": "1741085077"
            }
        }
    }
}