{
    "appid": "3423320",
    "type": "Demo",
    "name": "Sexbot Lab Demo",
    "schinese_name": "",
    "isfreeapp": "0",
    "change_number": "27325223",
    "update_time": "2025-02-05 20:14:50",
    "depot": {
        "3423321": {
            "config": {
                "language": "english",
                "oslist": "windows"
            },
            "manifests": {
                "public": {
                    "gid": "5237308266040361151",
                    "size": "775156532",
                    "download": "136445856"
                }
            },
            "decryptionkey": "102284219e8714934890c08392bfc0c83f68021dd7cfb73100060cbed57dd2a5"
        },
        "branches": {
            "public": {
                "buildid": "17035805",
                "timeupdated": "1737090772"
            }
        }
    }
}