{
    "appid": "3225620",
    "type": "Demo",
    "name": "Windblown Single-Player Demo",
    "schinese_name": "",
    "isfreeapp": "0",
    "change_number": "25959487",
    "update_time": "2024-10-30 06:19:53",
    "depot": {
        "3225621": {
            "config": {
                "oslist": "windows"
            },
            "manifests": {
                "public": {
                    "gid": "1119551347738993943",
                    "size": "2411497985",
                    "download": "1825421824"
                }
            },
            "decryptionkey": "3e75ab2a1f3c3ec571d22f6c1acc5663a663a7348b0e869174c04d2c25ac38d8"
        },
        "branches": {
            "public": {
                "buildid": "16127772",
                "timeupdated": "1729544958"
            }
        }
    }
}