{
    "appid": "3428530",
    "type": "Game",
    "name": "American MILF",
    "schinese_name": "",
    "isfreeapp": "0",
    "change_number": "28063793",
    "update_time": "2025-03-21 11:14:51",
    "depot": {
        "3428531": {
            "manifests": {
                "public": {
                    "gid": "2044932522181316753",
                    "size": "8809118809",
                    "download": "3200177536"
                }
            },
            "decryptionkey": "d2e0f8ced377f6d01241f8b8b0f1b0553ad3f16390be7c6e0e7f252efbf67804"
        },
        "branches": {
            "public": {
                "buildid": "17799038",
                "timeupdated": "1742497264"
            }
        }
    }
}