{
    "appid": "3148320",
    "type": "Demo",
    "name": "Let's Café Demo",
    "schinese_name": "",
    "isfreeapp": "0",
    "change_number": "24793872",
    "update_time": "2024-08-15 11:22:59",
    "depot": {
        "3148321": {
            "manifests": {
                "public": {
                    "gid": "7885783286166625556",
                    "size": "325420381",
                    "download": "117230320"
                }
            },
            "decryptionkey": "c6fa9f329c872ea98c3eb71f49fc0c09069f9c7bbe8fe24841f653030c4df2b2"
        },
        "branches": {
            "public": {
                "buildid": "15285916",
                "timeupdated": "1723007995"
            }
        }
    }
}