{
    "appid": "3184110",
    "type": "Game",
    "name": "Widget Inc.",
    "schinese_name": "",
    "isfreeapp": "0",
    "change_number": "29016408",
    "update_time": "2025-05-16 12:12:48",
    "depot": {
        "3184111": {
            "manifests": {
                "public": {
                    "gid": "2596430721633287445",
                    "size": "195857482",
                    "download": "95435904"
                },
                "language-beta": {
                    "gid": "1628788111952409346",
                    "size": "195370202",
                    "download": "95362240"
                }
            },
            "decryptionkey": "74b60bd060a9d7c1b80bbf277c4d1e46a2ffa05e2331ee133c4ceed2b70a5f2a"
        },
        "branches": {
            "public": {
                "buildid": "17595256",
                "timeupdated": "1741125391"
            },
            "language-beta": {
                "buildid": "16785600",
                "description": "Translation test build",
                "timeupdated": "1734519220"
            }
        }
    }
}