{
    "appid": "3142620",
    "type": "Demo",
    "name": "Shop Simulator Demo",
    "schinese_name": "",
    "isfreeapp": "0",
    "change_number": "26653212",
    "update_time": "2024-12-16 06:45:29",
    "depot": {
        "3142621": {
            "manifests": {
                "public": {
                    "gid": "8275720597225836641",
                    "size": "2125814638",
                    "download": "1590624336"
                }
            },
            "decryptionkey": "b9828000b55f4402308c296d43f73588e66e6b261e9f1a4eb32467ecfd1d890b"
        },
        "branches": {
            "public": {
                "buildid": "16106729",
                "timeupdated": "1729336642"
            }
        },
        "privatebranches": "1"
    }
}