{
    "appid": "3074650",
    "type": "DLC",
    "name": "CUSTOM ORDER MAID 3D2 It's a Night Magic Just Around the Summer ALL in ONE Pack",
    "schinese_name": "",
    "isfreeapp": "0",
    "change_number": "24331283",
    "update_time": "2024-07-16 02:47:10",
    "depot": {
        "3074651": {
            "config": {
                "oslist": "windows",
                "osarch": "64"
            },
            "manifests": {
                "public": {
                    "gid": "8882042173161762418",
                    "size": "2905178380",
                    "download": "558533952"
                }
            },
            "dlcappid": "3074650",
            "decryptionkey": ""
        },
        "3074652": {
            "config": {
                "oslist": "windows",
                "osarch": "64"
            },
            "manifests": {
                "public": {
                    "gid": "3096881929393620227",
                    "size": "2905178380",
                    "download": "558533952"
                }
            },
            "dlcappid": "3074650",
            "decryptionkey": "0627b9fe9b4746eac4ff879d212fe92f79c1a9932d31b82f41741093dc8fd8aa"
        },
        "branches": {
            "public": {
                "buildid": "14938368",
                "timeupdated": "1720151156"
            }
        }
    }
}