{
    "appid": "3148910",
    "type": "Demo",
    "name": "The Redundant Demo",
    "schinese_name": "",
    "isfreeapp": "0",
    "change_number": "26911609",
    "update_time": "2025-01-09 01:47:48",
    "depot": {
        "228989": {
            "config": {
                "oslist": "windows"
            },
            "depotfromapp": "228980",
            "sharedinstall": "1"
        },
        "228990": {
            "config": {
                "oslist": "windows"
            },
            "depotfromapp": "228980",
            "sharedinstall": "1"
        },
        "3148911": {
            "config": {
                "language": "english",
                "oslist": "windows"
            },
            "manifests": {
                "public": {
                    "gid": "1966168188772240923",
                    "size": "1070911702",
                    "download": "769018576"
                }
            },
            "decryptionkey": "63cf0669f6ccab373de74cd99cc69dae59aa64f7531d3e496afae30cf5edddb5"
        },
        "branches": {
            "public": {
                "buildid": "16942361",
                "timeupdated": "1736358465"
            }
        }
    }
}