{
    "appid": "3336280",
    "type": "Game",
    "name": "Oh My Wrench",
    "schinese_name": "",
    "isfreeapp": "1",
    "change_number": "28133285",
    "update_time": "2025-03-26 00:11:02",
    "depot": {
        "228989": {
            "config": {
                "oslist": "windows"
            },
            "depotfromapp": "228980",
            "sharedinstall": "1"
        },
        "228990": {
            "config": {
                "oslist": "windows"
            },
            "depotfromapp": "228980",
            "sharedinstall": "1"
        },
        "3336281": {
            "config": {
                "oslist": "windows"
            },
            "manifests": {
                "public": {
                    "gid": "1597867661854462020",
                    "size": "1663204252",
                    "download": "1536933264"
                }
            },
            "decryptionkey": "e00278505ec5fe0aaba2acf39f39f2fef16681193647f81eb33f5b45396ecd95"
        },
        "3336282": {
            "config": {
                "oslist": "linux"
            },
            "manifests": {
                "public": {
                    "gid": "1213169653607113865",
                    "size": "4117968424",
                    "download": "1521434720"
                }
            },
            "decryptionkey": "48df49af2dcacaa26baa66fb2ca54a31ea641e108ca390a07ef1e7112de75d9f"
        },
        "branches": {
            "public": {
                "buildid": "16944347",
                "timeupdated": "1736372927"
            }
        }
    }
}