{
    "appid": "3214030",
    "type": "Demo",
    "name": "Crash Puzzle Hammer-San Demo",
    "schinese_name": "",
    "isfreeapp": "0",
    "change_number": "25959487",
    "update_time": "2024-10-30 06:20:16",
    "depot": {
        "3214031": {
            "manifests": {
                "public": {
                    "gid": "1010233045651419646",
                    "size": "322618739",
                    "download": "148814176"
                }
            },
            "decryptionkey": "6d4c580123af09cc809e0ce6bffe4c1b3958c920cd0b86b6db142d8a9b8090db"
        },
        "branches": {
            "public": {
                "buildid": "15723261",
                "timeupdated": "1726538396"
            }
        }
    }
}