{
    "appid": "3397830",
    "type": "Game",
    "name": "Minimalist Sudoku",
    "schinese_name": "极简数独",
    "isfreeapp": "0",
    "change_number": "28783526",
    "update_time": "2025-05-02 18:14:47",
    "depot": {
        "baselanguages": "english,german,french,italian,koreana,spanish,schinese,tchinese,russian,japanese",
        "3397831": {
            "config": {
                "oslist": "windows",
                "osarch": "64"
            },
            "manifests": {
                "public": {
                    "gid": "1277281364459302171",
                    "size": "284422234",
                    "download": "42039744"
                }
            },
            "decryptionkey": "4f927e0683d81d529517283369466747450e3231816bf1eca712e15f4b51fbfe"
        },
        "3397832": {
            "config": {
                "oslist": "linux",
                "osarch": "64"
            },
            "manifests": {
                "public": {
                    "gid": "2848706582102791869",
                    "size": "282513155",
                    "download": "40005680"
                }
            },
            "decryptionkey": ""
        },
        "3397833": {
            "config": {
                "oslist": "macos",
                "osarch": "64"
            },
            "manifests": {
                "public": {
                    "gid": "7252402914564530010",
                    "size": "308728053",
                    "download": "49509488"
                }
            },
            "decryptionkey": ""
        },
        "branches": {
            "public": {
                "buildid": "18320026",
                "timeupdated": "1746180881"
            }
        },
        "privatebranches": "1"
    }
}