{
    "appid": "3251850",
    "type": "Game",
    "name": "Bound by Desire 🍆👩",
    "schinese_name": "",
    "isfreeapp": "0",
    "change_number": "28526544",
    "update_time": "2025-04-17 18:11:55",
    "depot": {
        "3251851": {
            "config": {
                "oslist": "windows,linux"
            },
            "manifests": {
                "public": {
                    "gid": "1127697303922612357",
                    "size": "249593636",
                    "download": "160028032"
                }
            },
            "decryptionkey": "94f3b7e9593b31d9a1d930a171e0fdb8e4c9a4e2f452393d7a668e4c7ffd6d49"
        },
        "3251852": {
            "config": {
                "oslist": "macos"
            },
            "manifests": {
                "public": {
                    "gid": "6000734566734286021",
                    "size": "237092816",
                    "download": "155800960"
                }
            }
        },
        "branches": {
            "public": {
                "buildid": "15950071",
                "timeupdated": "1728283842"
            }
        }
    }
}