{
    "appid": "3147870",
    "type": "Game",
    "name": "In My Head",
    "schinese_name": "",
    "isfreeapp": "0",
    "change_number": "28882654",
    "update_time": "2025-05-08 21:31:10",
    "depot": {
        "hasdepotsindlc": "0",
        "baselanguages": "english",
        "228989": {
            "config": {
                "oslist": "windows"
            },
            "depotfromapp": "228980",
            "sharedinstall": "1"
        },
        "228990": {
            "config": {
                "oslist": "windows"
            },
            "depotfromapp": "228980",
            "sharedinstall": "1"
        },
        "3147872": {
            "manifests": {
                "public": {
                    "gid": "7123722263696638624",
                    "size": "7029717784",
                    "download": "6870818784"
                }
            },
            "decryptionkey": "4ae9e9c98fc76a41e97e43e330a4ac489614f22e61877838c09fecd6b7384b99"
        },
        "branches": {
            "public": {
                "buildid": "15664840",
                "timeupdated": "1726062468"
            }
        }
    }
}