{
    "appid": "3126940",
    "type": "DLC",
    "name": "Level Zero: Extraction - Digital Artbook",
    "schinese_name": "",
    "isfreeapp": "0",
    "change_number": "24871390",
    "update_time": "2024-08-21 06:36:50",
    "depot": {
        "3126940": {
            "dlcappid": "3126940",
            "manifests": {
                "public": {
                    "gid": "4029665784593111221",
                    "size": "190733719",
                    "download": "188168864"
                }
            },
            "decryptionkey": "af0c7bfcbba9e7a7fb6f90a5a5a5aefaad100d711323fc563276747415d88b39"
        },
        "branches": {
            "public": {
                "buildid": "15330716",
                "timeupdated": "1723324367"
            }
        }
    }
}