{
    "appid": "3212360",
    "type": "Demo",
    "name": "永生之庭 Demo",
    "schinese_name": "",
    "isfreeapp": "0",
    "change_number": "27267115",
    "update_time": "2025-02-01 17:32:39",
    "depot": {
        "3212361": {
            "manifests": {
                "public": {
                    "gid": "6353194920410481000",
                    "size": "3384867568",
                    "download": "432612960"
                }
            },
            "decryptionkey": "bd9d74e96ce5d4d9472ec304285ab9c717ecc7e0e2d55f76b1009e717c1a4fa8"
        },
        "branches": {
            "public": {
                "buildid": "17136946",
                "timeupdated": "1738054325"
            }
        },
        "privatebranches": "1"
    }
}