{
    "appid": "3054840",
    "type": "DLC",
    "name": "Cities: Skylines II - Jade Road Radio",
    "schinese_name": "",
    "isfreeapp": "0",
    "change_number": "28979310",
    "update_time": "2025-05-14 22:46:35",
    "depot": {
        "3054840": {
            "config": {
                "oslist": "windows",
                "osarch": "64"
            },
            "manifests": {
                "public": {
                    "gid": "1557684729373405245",
                    "size": "209972714",
                    "download": "209354128"
                }
            },
            "dlcappid": "3054840",
            "decryptionkey": "02aead37a548fa148998bd2698389d9b497ba84680d8a1ca3116bb3c79208415"
        },
        "branches": {
            "public": {
                "buildid": "17387421",
                "timeupdated": "1742285731"
            }
        },
        "privatebranches": "1"
    }
}