{
    "appid": "2949450",
    "type": "Game",
    "name": "从画面中出来的我推Vtuber的同居生活 ～梦魔可爱ASMR主播是地雷系？～",
    "schinese_name": "",
    "isfreeapp": "0",
    "change_number": "28145909",
    "update_time": "2025-03-26 16:59:22",
    "depot": {
        "2949451": {
            "manifests": {
                "public": {
                    "gid": "7399977196735733748",
                    "size": "633583861",
                    "download": "583929472"
                }
            },
            "decryptionkey": "9d5b0fda5ee7de10e5a90550ba7eb154140294b85198e38e3add78ba32477ec3"
        },
        "branches": {
            "public": {
                "buildid": "14790555",
                "timeupdated": "1718950888"
            }
        }
    }
}