{
    "appid": "2989880",
    "type": "DLC",
    "name": "Gearbits: Raider expedition",
    "schinese_name": "",
    "isfreeapp": "0",
    "change_number": "28409603",
    "update_time": "2025-04-10 22:35:17",
    "depot": {
        "2989880": {
            "config": {
                "language": "english",
                "oslist": "windows"
            },
            "dlcappid": "2989880"
        },
        "2989881": {
            "config": {
                "language": "english",
                "oslist": "windows"
            },
            "manifests": {
                "public": {
                    "gid": "3088659831864937215",
                    "size": "1043226219",
                    "download": "397198016"
                }
            },
            "dlcappid": "2989880",
            "decryptionkey": "9c51f44bcb1031e78d04a8e4b95f0bf0bb4644df69cfb6150227ea84bd30cba6"
        },
        "2989882": {
            "config": {
                "language": "english",
                "oslist": "linux"
            },
            "manifests": {
                "public": {
                    "gid": "5137236595835115354",
                    "size": "1092253838",
                    "download": "401364784"
                }
            },
            "dlcappid": "2989880",
            "decryptionkey": "ce505763a9f22e8e422c473800ad7b9711661fcd3b3f73704ede3d2d48d7380e"
        },
        "2989883": {
            "config": {
                "language": "english",
                "oslist": "macos"
            },
            "manifests": {
                "public": {
                    "gid": "5515543213888018498",
                    "size": "1066484203",
                    "download": "404827344"
                }
            },
            "dlcappid": "2989880",
            "decryptionkey": "7d2895eb1feb64c7fd77106911c01459c8ba5adacd44f21cffe38b9fe163c812"
        },
        "branches": {
            "public": {
                "buildid": "18057382",
                "timeupdated": "1744295713"
            }
        },
        "privatebranches": "1"
    }
}