{
    "appid": "3118790",
    "type": "Demo",
    "name": "FLOORS Demo",
    "schinese_name": "",
    "isfreeapp": "0",
    "change_number": "24791594",
    "update_time": "2024-08-15 07:26:06",
    "depot": {
        "3118791": {
            "manifests": {
                "public": {
                    "gid": "7124209025012011897",
                    "size": "3204396835",
                    "download": "2755186208"
                }
            },
            "decryptionkey": "44d5a453036bf2f73adf8e0a3ff6bd1f62061bef829c3584f635e2d452ec9044"
        },
        "branches": {
            "public": {
                "buildid": "15211169",
                "timeupdated": "1722420982"
            }
        }
    }
}