{
    "appid": "3129940",
    "type": "Demo",
    "name": "妖魔缠身 Demo",
    "schinese_name": "妖魔缠身试用版",
    "isfreeapp": "0",
    "change_number": "25689254",
    "update_time": "2024-10-13 08:52:01",
    "depot": {
        "3129941": {
            "manifests": {
                "public": {
                    "gid": "6929475982653948451",
                    "size": "322148805",
                    "download": "63017760"
                }
            },
            "decryptionkey": "ec60ee606e54ea6e02764ecbda93de9188cb42125375f0faa7fafd51e34b30a7"
        },
        "branches": {
            "public": {
                "buildid": "15259279",
                "timeupdated": "1722824024"
            }
        }
    }
}