{
    "appid": "3208850",
    "type": "Demo",
    "name": "Backrooms Security Room Demo",
    "schinese_name": "",
    "isfreeapp": "0",
    "change_number": "26165717",
    "update_time": "2024-11-13 07:33:58",
    "depot": {
        "3208851": {
            "manifests": {
                "public": {
                    "gid": "8246968061633852019",
                    "size": "708528200",
                    "download": "171350544"
                }
            },
            "decryptionkey": "b2780e3acd15cb70077b19f67ec484b55b12413e25353d9de0c4b763fdb764e8"
        },
        "branches": {
            "public": {
                "buildid": "16082577",
                "timeupdated": "1729175543"
            }
        }
    }
}