{
    "appid": "3213720",
    "type": "Game",
    "name": "101 Cats Hidden in Los Angeles",
    "schinese_name": "",
    "isfreeapp": "0",
    "change_number": "28061174",
    "update_time": "2025-03-21 07:23:08",
    "depot": {
        "3213721": {
            "manifests": {
                "public": {
                    "gid": "210634374754701949",
                    "size": "567118103",
                    "download": "95410992"
                }
            },
            "decryptionkey": "fddd2512dd56d3961c2d8f4d9670083f916ef8ca73e9a8c05c0e6f133f6ad4da"
        },
        "branches": {
            "public": {
                "buildid": "15736785",
                "timeupdated": "1726626909"
            }
        }
    }
}