{
    "appid": "2955590",
    "type": "Game",
    "name": "Creepy Shift: Roadside Diner",
    "schinese_name": "",
    "isfreeapp": "0",
    "change_number": "29015497",
    "update_time": "2025-05-16 10:48:44",
    "depot": {
        "2955591": {
            "manifests": {
                "public": {
                    "gid": "3972493295231611225",
                    "size": "3679059565",
                    "download": "1489965472"
                }
            },
            "decryptionkey": "408d08c9788da9c2abeff9f3668ecc9a6e50bcccac6f2c1dd5f12fe2e0cd5c6d"
        },
        "branches": {
            "public": {
                "buildid": "17499313",
                "timeupdated": "1740495447"
            }
        },
        "privatebranches": "1"
    }
}