{
    "appid": "3262330",
    "type": "Demo",
    "name": "仙音燭 Demo",
    "schinese_name": "",
    "isfreeapp": "0",
    "change_number": "25511112",
    "update_time": "2024-10-03 16:55:31",
    "depot": {
        "228989": {
            "config": {
                "oslist": "windows"
            },
            "depotfromapp": "228980",
            "sharedinstall": "1"
        },
        "228990": {
            "config": {
                "oslist": "windows"
            },
            "depotfromapp": "228980",
            "sharedinstall": "1"
        },
        "3262331": {
            "manifests": {
                "public": {
                    "gid": "5040865064790845747",
                    "size": "532893848",
                    "download": "432609808"
                }
            },
            "decryptionkey": "50a7507b963cf55fd50b4c3b096e6177de8586a3e8088b6c1d2a4b763834c82a"
        },
        "branches": {
            "public": {
                "buildid": "15859571",
                "timeupdated": "1727510273"
            }
        }
    }
}