{
    "appid": "3224430",
    "type": "Demo",
    "name": "PROJECT TACHYON Demo",
    "schinese_name": "PROJECT TACHYON Demo",
    "isfreeapp": "0",
    "change_number": "27470349",
    "update_time": "2025-02-14 09:01:23",
    "depot": {
        "3224431": {
            "manifests": {
                "public": {
                    "gid": "3296994465182692529",
                    "size": "1566201630",
                    "download": "408413840"
                }
            },
            "decryptionkey": "2c73bd864ed75a50734971990f961e2cab102da008c6817cf65e245ded2c5880"
        },
        "branches": {
            "public": {
                "buildid": "16298814",
                "timeupdated": "1731376758"
            }
        },
        "privatebranches": "1"
    }
}