{
    "appid": "3220780",
    "type": "Demo",
    "name": "Wool at the Gates Demo",
    "schinese_name": "",
    "isfreeapp": "0",
    "change_number": "26057377",
    "update_time": "2024-11-05 23:50:09",
    "depot": {
        "3220781": {
            "config": {
                "oslist": "windows"
            },
            "manifests": {
                "public": {
                    "gid": "4565909320853329560",
                    "size": "722171548",
                    "download": "56699552"
                }
            },
            "decryptionkey": "d9b0537cae6dab09d5b5afc9d3e38c4723cb4c8864fc7802675b0e158d6d2bdb"
        },
        "branches": {
            "public": {
                "buildid": "16041966",
                "timeupdated": "1728938279"
            }
        }
    }
}