{
    "appid": "3100510",
    "type": "Music",
    "name": "Minds Beneath Us Soundtrack",
    "schinese_name": "",
    "isfreeapp": "0",
    "change_number": "27316086",
    "update_time": "2025-02-05 07:54:34",
    "depot": {
        "3100511": {
            "manifests": {
                "public": {
                    "gid": "8552170957971763153",
                    "size": "247479398",
                    "download": "246418608"
                }
            },
            "decryptionkey": "9658ba1a7d83402c16a1f0b863cbd2bfe0066b0e9352667e887ecf950437c855"
        },
        "3100513": {
            "config": {
                "highqualityaudio": "1"
            },
            "manifests": {
                "public": {
                    "gid": "4978835253987975867",
                    "size": "515059312",
                    "download": "518450848"
                }
            },
            "decryptionkey": "e178d6b637a1cf0443c426c0c380cece24345696d74b66dc4c7ab9f056d23f6c"
        },
        "branches": {
            "public": {
                "buildid": "15229560",
                "timeupdated": "1722531690"
            }
        }
    }
}