{
    "appid": "3224660",
    "type": "Demo",
    "name": "Strange Seed Demo",
    "schinese_name": "",
    "isfreeapp": "0",
    "change_number": "27284784",
    "update_time": "2025-02-03 14:59:08",
    "depot": {
        "3224661": {
            "manifests": {
                "public": {
                    "gid": "7918375394608100983",
                    "size": "1046829833",
                    "download": "342200064"
                }
            },
            "decryptionkey": "a8da0624a071648dde9a55c18335eef9f201663697e4158c1366a068cfc93bd7"
        },
        "baselanguages": "english,schinese,japanese",
        "branches": {
            "public": {
                "buildid": "17220901",
                "timeupdated": "1738565942"
            }
        }
    }
}