{
    "appid": "3138250",
    "type": "Music",
    "name": "The Spirit and the Mouse (Original Game Soundtrack)",
    "schinese_name": "",
    "isfreeapp": "0",
    "change_number": "26899676",
    "update_time": "2025-01-08 07:29:40",
    "depot": {
        "3138251": {
            "manifests": {
                "public": {
                    "gid": "7541424721207067071",
                    "size": "138279618",
                    "download": "136762416"
                }
            },
            "decryptionkey": "d20feef51d9c6ab9aa3ef667df14bddf906eaa78026a23565bfff41f1565cd08"
        },
        "3138252": {
            "config": {
                "highqualityaudio": "1"
            },
            "manifests": {
                "public": {
                    "gid": "5291824279998766767",
                    "size": "967341514",
                    "download": "899354544"
                }
            },
            "decryptionkey": "eddb0fb66de5028c419ed8d27259065d9133955ccb96a38f6f726355ff9a5f38"
        },
        "branches": {
            "public": {
                "buildid": "15243734",
                "timeupdated": "1722622452"
            }
        }
    }
}