{
    "appid": "3181490",
    "type": "DLC",
    "name": "Beat Saber - Britney Spears - Circus",
    "schinese_name": "",
    "isfreeapp": "0",
    "change_number": "25588286",
    "update_time": "2024-10-08 22:47:55",
    "depot": {
        "3181490": {
            "manifests": {
                "public": {
                    "gid": "270522534581841362",
                    "size": "11830540",
                    "download": "11992624"
                }
            },
            "dlcappid": "3181490",
            "decryptionkey": "b77a28e145c1bd0d78736e05fe799964f307d0203998ba939aab7a33abf2000a"
        },
        "branches": {
            "public": {
                "buildid": "15688865",
                "timeupdated": "1726484064"
            }
        }
    }
}