{
    "appid": "3358510",
    "type": "Game",
    "name": "再刷一把2：金色传说",
    "schinese_name": "",
    "isfreeapp": "0",
    "change_number": "28834551",
    "update_time": "2025-05-06 12:30:24",
    "depot": {
        "3358511": {
            "manifests": {
                "public": {
                    "gid": "5535548020716634911",
                    "size": "699089930",
                    "download": "479977376"
                }
            },
            "decryptionkey": "5fdfeef6973a4e678cbdecbf4e0e1fd9f41e2fc6b37c7926bd7b61b3df165e27"
        },
        "baselanguages": "schinese",
        "branches": {
            "public": {
                "buildid": "18353925",
                "timeupdated": "1746505819"
            }
        },
        "privatebranches": "1"
    }
}