{
    "appid": "3274540",
    "type": "Demo",
    "name": "MOTHERED - DEMO + [HOME]",
    "schinese_name": "",
    "isfreeapp": "0",
    "change_number": "25996091",
    "update_time": "2024-11-01 03:59:58",
    "depot": {
        "3274541": {
            "manifests": {
                "public": {
                    "gid": "2989710109831811119",
                    "size": "551090733",
                    "download": "269656080"
                }
            },
            "decryptionkey": "986bc4ec27957c4c7b3054114ab68aad6ab9be38e057b70791efa03692fc9161"
        },
        "branches": {
            "public": {
                "buildid": "16069530",
                "timeupdated": "1729099687"
            }
        }
    }
}