{
    "appid": "3274160",
    "type": "DLC",
    "name": "Beat Saber - Teminite & Skybreak - Accelerate",
    "schinese_name": "",
    "isfreeapp": "0",
    "change_number": "26160016",
    "update_time": "2024-11-12 23:48:57",
    "depot": {
        "3274160": {
            "manifests": {
                "public": {
                    "gid": "7741759127464398608",
                    "size": "16182271",
                    "download": "16403904"
                }
            },
            "dlcappid": "3274160",
            "decryptionkey": "78f1f46c75e2bb1aeaf6dbd4aa77b2a1bda6199212fbaa9b51c7935371ba1826"
        },
        "branches": {
            "public": {
                "buildid": "15951278",
                "timeupdated": "1728294134"
            }
        }
    }
}