{
    "appid": "3107960",
    "type": "Game",
    "name": "Difficult times",
    "schinese_name": "",
    "isfreeapp": "0",
    "change_number": "28917779",
    "update_time": "2025-05-10 22:33:36",
    "depot": {
        "3107961": {
            "manifests": {
                "public": {
                    "gid": "3687037642509213687",
                    "size": "77053692",
                    "download": "28917904"
                }
            },
            "decryptionkey": "42ff8afd2c64adb2c3a5c1f81bc6685c55bbbb0bc6c0530a5392097ece5b4754"
        },
        "branches": {
            "public": {
                "buildid": "15865383",
                "timeupdated": "1727595214"
            }
        }
    }
}