{
    "appid": "3106130",
    "type": "DLC",
    "name": "RPG Developer Bakin Modern Item Icons",
    "schinese_name": "",
    "isfreeapp": "0",
    "change_number": "24985565",
    "update_time": "2024-08-29 09:50:50",
    "depot": {
        "3106130": {
            "manifests": {
                "public": {
                    "gid": "7331008218069654487",
                    "size": "4539471",
                    "download": "2297472"
                }
            },
            "dlcappid": "3106130",
            "decryptionkey": "9cd415591db7db64da7559abc913a06ca7ffd73d89228557e285c7b8a6b443ca"
        },
        "branches": {
            "public": {
                "buildid": "15513665",
                "timeupdated": "1724816396"
            }
        }
    }
}