{
    "appid": "3358820",
    "type": "Game",
    "name": "SnaPaul",
    "schinese_name": "",
    "isfreeapp": "0",
    "change_number": "28606864",
    "update_time": "2025-04-23 01:58:37",
    "depot": {
        "3358821": {
            "config": {
                "language": "english",
                "oslist": "windows"
            },
            "manifests": {
                "public": {
                    "gid": "2436054825301177121",
                    "size": "2247735943",
                    "download": "852180176"
                }
            },
            "decryptionkey": "ee39dd3b1dda63177bc5b53f1ebadb99bcb7fac35cf0e4c515871fa0dab4ac63"
        },
        "baselanguages": "english",
        "branches": {
            "public": {
                "buildid": "17498092",
                "timeupdated": "1740480071"
            }
        }
    }
}