{
    "appid": "2966860",
    "type": "Music",
    "name": "Shotgun Cop Man Soundtrack",
    "schinese_name": "",
    "isfreeapp": "0",
    "change_number": "28894513",
    "update_time": "2025-05-09 11:41:19",
    "depot": {
        "2966861": {
            "manifests": {
                "public": {
                    "gid": "3844005620413418479",
                    "size": "164536845",
                    "download": "160387392"
                }
            },
            "decryptionkey": "32ca75cf20771093f293eae70bba0e660c3c16bdfff60f1e53283c0fb121c8df"
        },
        "2966862": {
            "config": {
                "highqualityaudio": "1"
            },
            "manifests": {
                "public": {
                    "gid": "6806234068615674934",
                    "size": "758194285",
                    "download": "672558688"
                }
            },
            "decryptionkey": "2545f1dbbe942a462d37388600eacd7cf6207425d6b8042d04651ac9cc02faf3"
        },
        "branches": {
            "public": {
                "buildid": "16332445",
                "timeupdated": "1731008972"
            }
        }
    }
}