{
    "appid": "3071360",
    "type": "Game",
    "name": "Lord",
    "schinese_name": "",
    "isfreeapp": "0",
    "change_number": "26375805",
    "update_time": "2025-02-08 16:43:55",
    "depot": {
        "3071361": {
            "manifests": {
                "public": {
                    "gid": "6273906400525478884",
                    "size": "70975529",
                    "download": "21116608"
                }
            },
            "decryptionkey": "7e5c985249e2318f2038b14dc3da0e2bd240cb436f482d6e82401be6a0be3a6a"
        },
        "branches": {
            "public": {
                "buildid": "14807822",
                "timeupdated": "1719114055"
            }
        }
    },
    "access_token": 13402398065016136281
}