{
    "appid": "3508210",
    "type": "Demo",
    "name": "Food Park Manager Demo",
    "schinese_name": "",
    "isfreeapp": "0",
    "change_number": "28496382",
    "update_time": "2025-04-16 06:15:09",
    "depot": {
        "228989": {
            "config": {
                "oslist": "windows"
            },
            "depotfromapp": "228980",
            "sharedinstall": "1"
        },
        "228990": {
            "config": {
                "oslist": "windows"
            },
            "depotfromapp": "228980",
            "sharedinstall": "1"
        },
        "3508211": {
            "manifests": {
                "public": {
                    "gid": "9114870334103441901",
                    "size": "763999467",
                    "download": "478470672"
                }
            },
            "decryptionkey": "0544d7879dc4dc5cbacdbe5548f989211127df9d8f45e206b021bf26923f2ef9"
        },
        "branches": {
            "public": {
                "buildid": "18002779",
                "timeupdated": "1743957727"
            }
        }
    }
}