{
    "appid": "3164950",
    "type": "Game",
    "name": "Hentai Tales: The Secret Of Sato",
    "schinese_name": "",
    "isfreeapp": "0",
    "change_number": "28946410",
    "update_time": "2025-05-13 03:35:38",
    "depot": {
        "3164951": {
            "config": {
                "oslist": "windows"
            },
            "manifests": {
                "public": {
                    "gid": "5360197877932221445",
                    "size": "821411098",
                    "download": "188711856"
                }
            },
            "decryptionkey": "af0713d8df65dc89e2e516be52f4b329f0066ad388d89e7e824b38c8496c53a4"
        },
        "3164952": {
            "config": {
                "oslist": "macos"
            },
            "manifests": {
                "public": {
                    "gid": "2617515666332765298",
                    "size": "815869711",
                    "download": "187688576"
                }
            }
        },
        "3164953": {
            "config": {
                "oslist": "linux"
            },
            "manifests": {
                "public": {
                    "gid": "186895173427538091",
                    "size": "862287088",
                    "download": "188693584"
                }
            }
        },
        "baselanguages": "english",
        "branches": {
            "public": {
                "buildid": "15859078",
                "timeupdated": "1727505085"
            }
        }
    }
}