{
    "appid": "3069410",
    "type": "Game",
    "name": "Re:Fragment ~Absolute Ambition~",
    "schinese_name": "",
    "isfreeapp": "0",
    "change_number": "28854663",
    "update_time": "2025-05-07 13:10:26",
    "depot": {
        "3069411": {
            "manifests": {
                "public": {
                    "gid": "4867666214754562485",
                    "size": "2059365810",
                    "download": "1740988400"
                }
            },
            "decryptionkey": "f0bf423fe38e77b2ff7321a259f5e24d5d6f1b9fb26ea480868bef1bc2207a47"
        },
        "branches": {
            "public": {
                "buildid": "17926034",
                "timeupdated": "1743431057"
            }
        }
    }
}