{
    "appid": "3124550",
    "type": "Game",
    "name": "Liquor Store Simulator",
    "schinese_name": "",
    "isfreeapp": "0",
    "change_number": "29047158",
    "update_time": "2025-05-18 16:25:24",
    "depot": {
        "228989": {
            "config": {
                "oslist": "windows"
            },
            "depotfromapp": "228980",
            "sharedinstall": "1"
        },
        "228990": {
            "config": {
                "oslist": "windows"
            },
            "depotfromapp": "228980",
            "sharedinstall": "1"
        },
        "3124551": {
            "manifests": {
                "public": {
                    "gid": "2961070597509372419",
                    "size": "3481282500",
                    "download": "1312749840"
                }
            },
            "decryptionkey": "bf645b5292497a17f5384bceec7196595e86a537fe89e23229bf6c759c32c75b"
        },
        "baselanguages": "english,russian",
        "branches": {
            "public": {
                "buildid": "18507567",
                "timeupdated": "1747556721"
            }
        },
        "privatebranches": "1"
    }
}