{
    "appid": "3124490",
    "type": "DLC",
    "name": "Operation: Polygon Storm - Deliberate Force Pack DLC",
    "schinese_name": "《兵团突击：现代战争》- 精心策划皮肤包DLC",
    "isfreeapp": "0",
    "change_number": "26183469",
    "update_time": "2024-11-14 07:33:37",
    "depot": {
        "3124490": {
            "dlcappid": "3124490",
            "manifests": {
                "public": {
                    "gid": "8821432133965714275",
                    "size": "6016",
                    "download": "1424"
                }
            },
            "decryptionkey": "fadf8d40948c5e83ed757ed693f98ae4904f501495cbd7ca6caa558837cc2b4e"
        },
        "3124491": {
            "manifests": {
                "public": {
                    "gid": "1806141354917207556",
                    "size": "6016",
                    "download": "1424"
                }
            },
            "dlcappid": "3124490",
            "decryptionkey": ""
        },
        "branches": {
            "public": {
                "buildid": "15632750",
                "timeupdated": "1726742633"
            }
        },
        "privatebranches": "1"
    }
}