{
    "appid": "3232110",
    "type": "Beta",
    "name": "Nightmare Shift Playtest",
    "schinese_name": "",
    "isfreeapp": "0",
    "change_number": "28226101",
    "update_time": "2025-03-31 18:25:20",
    "depot": {
        "3232111": {
            "config": {
                "oslist": "windows",
                "osarch": "64"
            },
            "manifests": {
                "public": {
                    "gid": "4269358918209503359",
                    "size": "7711470199",
                    "download": "3019171920"
                }
            },
            "decryptionkey": "d7857f6e460fd185966d49331dca4cc7a2d484cd09d73e4ff42e34ef04a27844"
        },
        "branches": {
            "public": {
                "buildid": "17736388",
                "timeupdated": "1742035433"
            }
        },
        "privatebranches": "1"
    }
}