{
    "appid": "2983600",
    "type": "DLC",
    "name": "SONIC X SHADOW GENERATIONS: Sonic the Hedgehog 3 Movie Pack",
    "schinese_name": "索尼克×夏特 世代重启：Sonic the Hedgehog 3 电影扩展包",
    "isfreeapp": "0",
    "change_number": "28315453",
    "update_time": "2025-04-05 03:16:39",
    "depot": {
        "2983600": {
            "manifests": {
                "public": {
                    "gid": "8754653703603695391",
                    "size": "323119568",
                    "download": "249657664"
                }
            },
            "dlcappid": "2983600",
            "decryptionkey": "bc2088d641e09b580bd27cc38e66095166613065bbe61e6bd0af493143ed106c"
        },
        "branches": {
            "public": {
                "buildid": "15951983",
                "timeupdated": "1733886565"
            }
        },
        "privatebranches": "1"
    }
}