{
    "appid": "2947250",
    "type": "Game",
    "name": "Select Oblige",
    "schinese_name": "天选庶民的真命之选",
    "isfreeapp": "0",
    "change_number": "28926882",
    "update_time": "2025-05-12 00:02:27",
    "depot": {
        "2947251": {
            "manifests": {
                "public": {
                    "gid": "5998876494782383807",
                    "size": "4634430175",
                    "download": "4417189616"
                }
            },
            "decryptionkey": "6d0861870a053c1290abd283206876e140e9f70d51c85136178370ad6754b01f"
        },
        "branches": {
            "public": {
                "buildid": "16316754",
                "timeupdated": "1730984042"
            }
        },
        "privatebranches": "1"
    }
}