{
    "appid": "3167200",
    "type": "Demo",
    "name": "Corruption Town Demo",
    "schinese_name": "",
    "isfreeapp": "0",
    "change_number": "26063137",
    "update_time": "2024-11-06 07:22:31",
    "depot": {
        "3167201": {
            "config": {
                "oslist": "windows",
                "osarch": "64"
            },
            "manifests": {
                "public": {
                    "gid": "8178023859931252858",
                    "size": "1377413691",
                    "download": "1176377120"
                }
            },
            "decryptionkey": "733c171f8bee5332b352ebe96b2bab5477c45fc6a83235b2af20bf9340ce5774"
        },
        "branches": {
            "public": {
                "buildid": "16072564",
                "timeupdated": "1729117032"
            }
        }
    }
}