{
    "appid": "3014700",
    "type": "Demo",
    "name": "Metal: Hellsinger VR Demo",
    "schinese_name": "",
    "isfreeapp": "0",
    "change_number": "26183469",
    "update_time": "2024-11-14 07:25:57",
    "depot": {
        "3014701": {
            "manifests": {
                "public": {
                    "gid": "2482800548582061046",
                    "size": "8535643518",
                    "download": "7509052336"
                }
            },
            "decryptionkey": "dc5b6d8b94f9778f7f2d4107c9dcdb2a6d180bf249b8b6c8e9b4e70ed441a98c"
        },
        "baselanguages": "english,german,french,italian,koreana,spanish,schinese,russian,japanese,portuguese,polish,ukrainian",
        "branches": {
            "public": {
                "buildid": "14722342",
                "timeupdated": "1718639804"
            }
        },
        "privatebranches": "1"
    }
}