{
    "appid": "3412770",
    "type": "DLC",
    "name": "NEEDY STREAMER OVERLOAD ARTWORKS",
    "schinese_name": "NEEDY GIRL OVERDOSE ARTWORKS",
    "isfreeapp": "0",
    "change_number": "27117968",
    "update_time": "2025-01-23 03:28:38",
    "depot": {
        "3412770": {
            "manifests": {
                "public": {
                    "gid": "2035659021155409267",
                    "size": "184640677",
                    "download": "172962128"
                }
            },
            "dlcappid": "3412770",
            "decryptionkey": "3f2bb258ae6567c80724e6052a142e8dd942836280711c4c44aa1bdfb6212150"
        },
        "branches": {
            "public": {
                "buildid": "17065747",
                "timeupdated": "1737383240"
            }
        }
    }
}