{
    "appid": "3241780",
    "type": "Game",
    "name": "南山忆",
    "schinese_name": "南山忆",
    "isfreeapp": "0",
    "change_number": "25758303",
    "update_time": "2024-10-17 09:28:08",
    "depot": {
        "228989": {
            "config": {
                "oslist": "windows"
            },
            "depotfromapp": "228980",
            "sharedinstall": "1"
        },
        "228990": {
            "config": {
                "oslist": "windows"
            },
            "depotfromapp": "228980",
            "sharedinstall": "1"
        },
        "3241781": {
            "manifests": {
                "public": {
                    "gid": "3329516014174572000",
                    "size": "9338456054",
                    "download": "8985437584"
                }
            },
            "decryptionkey": "559a97990c8d3dc2e7300e8cac746802d54da11157af0c17a4645c672cfa63a9"
        },
        "baselanguages": "english,schinese",
        "branches": {
            "public": {
                "buildid": "15756902",
                "timeupdated": "1726752272"
            }
        }
    }
}