{
    "appid": "3579290",
    "type": "Game",
    "name": "Lord of the Wilds",
    "schinese_name": "荒野领主",
    "isfreeapp": "0",
    "change_number": "28779378",
    "update_time": "2025-05-02 11:32:18",
    "depot": {
        "228989": {
            "config": {
                "oslist": "windows"
            },
            "depotfromapp": "228980",
            "sharedinstall": "1"
        },
        "228990": {
            "config": {
                "oslist": "windows"
            },
            "depotfromapp": "228980",
            "sharedinstall": "1"
        },
        "baselanguages": "english,german,french,koreana,spanish,schinese,tchinese,russian,japanese,portuguese",
        "3579291": {
            "config": {
                "oslist": "windows"
            },
            "manifests": {
                "public": {
                    "gid": "6581192795187365757",
                    "size": "649962903",
                    "download": "507013504"
                }
            },
            "decryptionkey": "c2d64e8da8db5bc924647e8a325eb5ee870fe08f5b8920e6e2173dde448f7c3c"
        },
        "hasdepotsindlc": "0",
        "branches": {
            "public": {
                "buildid": "17971898",
                "timeupdated": "1743692276"
            }
        }
    }
}