{
    "appid": "3576250",
    "type": "Game",
    "name": "Cargo Shop Simulator",
    "schinese_name": "",
    "isfreeapp": "0",
    "change_number": "28995857",
    "update_time": "2025-05-15 14:12:59",
    "depot": {
        "baselanguages": "english",
        "3576251": {
            "manifests": {
                "public": {
                    "gid": "2099498241545486653",
                    "size": "1777769896",
                    "download": "372162832"
                }
            },
            "decryptionkey": "b1e5de8e0e7d8cbf73457d7fff630cc22f3d3e8d7646816f3b606a9b8a01ffa4"
        },
        "branches": {
            "public": {
                "buildid": "18360421",
                "timeupdated": "1746540310"
            }
        }
    }
}