{
    "appid": "3171330",
    "type": "Demo",
    "name": "东方奇缘记 Demo",
    "schinese_name": "东方奇缘记",
    "isfreeapp": "0",
    "change_number": "25332297",
    "update_time": "2024-09-22 00:50:00",
    "depot": {
        "3171331": {
            "manifests": {
                "public": {
                    "gid": "7410203213378851654",
                    "size": "473109554",
                    "download": "141420400"
                }
            },
            "decryptionkey": "5377345febc690f8088b9e21d6b6fae64a9bc49a9132c37d035623e796e3973c"
        },
        "branches": {
            "public": {
                "buildid": "15592865",
                "timeupdated": "1725467942"
            }
        }
    }
}