{
    "appid": "2981790",
    "type": "Game",
    "name": "Kuri Kuri Click! 2 ~My Renaissance!~",
    "schinese_name": "Kuri Kuri Click! ~我的异世界重生!~",
    "isfreeapp": "0",
    "change_number": "28179686",
    "update_time": "2025-03-28 06:16:51",
    "depot": {
        "2981791": {
            "manifests": {
                "public": {
                    "gid": "1975902977831491294",
                    "size": "929190108",
                    "download": "555252144"
                }
            },
            "decryptionkey": "81d6d5df90fdb38454aa99c07ec24fc706a29d35b394c37192eeeab8704ff0c9"
        },
        "3052130": {
            "dlcappid": "3052130",
            "config": {
                "oslist": "windows"
            },
            "manifests": {
                "public": {
                    "gid": "6132904440616662471",
                    "size": "362635607",
                    "download": "360724080"
                }
            },
            "decryptionkey": ""
        },
        "branches": {
            "public": {
                "buildid": "14748810",
                "timeupdated": "1718672405"
            }
        }
    }
}