{
    "appid": "3004030",
    "type": "Game",
    "name": "JOI Lab VR",
    "schinese_name": "手淫指示 VR - 辅助手淫",
    "isfreeapp": "0",
    "change_number": "29015726",
    "update_time": "2025-05-16 11:06:48",
    "depot": {
        "baselanguages": "english",
        "228989": {
            "config": {
                "oslist": "windows"
            },
            "depotfromapp": "228980",
            "sharedinstall": "1"
        },
        "228990": {
            "config": {
                "oslist": "windows"
            },
            "depotfromapp": "228980",
            "sharedinstall": "1"
        },
        "3004032": {
            "manifests": {
                "public": {
                    "gid": "7649697795185065550",
                    "size": "2716489152",
                    "download": "2389689728"
                }
            },
            "decryptionkey": "294726d5256520a7539030ea4d26e6140515aed05cb28791b1c4d1162a87333c"
        },
        "3004031": {},
        "branches": {
            "public": {
                "buildid": "16787227",
                "timeupdated": "1734528034"
            }
        },
        "privatebranches": "1"
    }
}