{
    "appid": "3426450",
    "type": "Game",
    "name": "LUST Company 👾",
    "schinese_name": "",
    "isfreeapp": "0",
    "change_number": "29017040",
    "update_time": "2025-05-16 13:20:46",
    "depot": {
        "3426451": {
            "config": {
                "oslist": "windows"
            },
            "manifests": {
                "public": {
                    "gid": "862357091313347232",
                    "size": "4214565620",
                    "download": "2996711856"
                }
            },
            "decryptionkey": "0801479ea02220e869cde39868f0c5798d77cfd8557523de93705142e3d1db57"
        },
        "3426452": {
            "config": {
                "oslist": "macos"
            },
            "manifests": {
                "public": {
                    "gid": "5527672091189359611",
                    "size": "4239533249",
                    "download": "3004477744"
                }
            }
        },
        "branches": {
            "public": {
                "buildid": "18158258",
                "timeupdated": "1744984666"
            }
        }
    }
}