{
    "appid": "2986740",
    "type": "Beta",
    "name": "桃源村日志 Playtest",
    "schinese_name": "",
    "isfreeapp": "0",
    "change_number": "27439905",
    "update_time": "2025-02-12 21:32:50",
    "depot": {
        "2986741": {
            "config": {
                "oslist": "windows"
            },
            "manifests": {
                "public": {
                    "gid": "740693462746264870",
                    "size": "1015176441",
                    "download": "129305104"
                }
            },
            "decryptionkey": "2ba22e5cf94634fe75f5d285f69f876efd2b5227f229e026f45373e718a2fbec"
        },
        "baselanguages": "schinese",
        "branches": {
            "public": {
                "buildid": "17336979",
                "timeupdated": "1739367164"
            }
        }
    }
}