{
    "appid": "3190980",
    "type": "Demo",
    "name": "超级兔子女人 Demo",
    "schinese_name": "",
    "isfreeapp": "0",
    "change_number": "25285228",
    "update_time": "2024-09-19 03:18:44",
    "depot": {
        "3190981": {
            "manifests": {
                "public": {
                    "gid": "1547574773215997048",
                    "size": "927062644",
                    "download": "96931904"
                }
            },
            "decryptionkey": "79fd247371c1344289aad350206a0eb03908b04c3db9def610af297babe74d4f"
        },
        "branches": {
            "public": {
                "buildid": "15522622",
                "timeupdated": "1724872894"
            }
        }
    }
}