{
    "appid": "3432140",
    "type": "Game",
    "name": "CRAZLIPSE",
    "schinese_name": "",
    "isfreeapp": "1",
    "change_number": "27760322",
    "update_time": "2025-03-04 03:22:38",
    "depot": {
        "228989": {
            "config": {
                "oslist": "windows"
            },
            "depotfromapp": "228980",
            "sharedinstall": "1"
        },
        "228990": {
            "config": {
                "oslist": "windows"
            },
            "depotfromapp": "228980",
            "sharedinstall": "1"
        },
        "3432141": {
            "manifests": {
                "public": {
                    "gid": "3386181033826232764",
                    "size": "891526700",
                    "download": "692419328"
                }
            },
            "decryptionkey": "a6861b8e4a8bc6471b08a5e8a41d48710725f3e7dca3c75edb0feacc4c76e516"
        },
        "branches": {
            "public": {
                "buildid": "16879479",
                "timeupdated": "1735620425"
            }
        }
    }
}