{
    "appid": "3151250",
    "type": "Game",
    "name": "The Losers Team",
    "schinese_name": "中专预备役",
    "isfreeapp": "0",
    "change_number": "29016345",
    "update_time": "2025-05-16 12:06:47",
    "depot": {
        "baselanguages": "english,schinese,russian,japanese",
        "228988": {
            "config": {
                "oslist": "windows"
            },
            "depotfromapp": "228980",
            "sharedinstall": "1"
        },
        "228990": {
            "config": {
                "oslist": "windows"
            },
            "depotfromapp": "228980",
            "sharedinstall": "1"
        },
        "3151251": {
            "config": {
                "oslist": "windows"
            },
            "manifests": {
                "public": {
                    "gid": "4005126922781501339",
                    "size": "481578225",
                    "download": "351004560"
                }
            },
            "decryptionkey": "b32433b286f00b516ae6f4962052db8cd6e5b2708e1adc88e9aeabd6351c3763"
        },
        "branches": {
            "public": {
                "buildid": "17543435",
                "timeupdated": "1740730706"
            }
        }
    }
}