{
    "appid": "3003300",
    "type": "Game",
    "name": "ZM Desktop Elf",
    "schinese_name": "战盟桌面精灵",
    "isfreeapp": "0",
    "change_number": "29028289",
    "update_time": "2025-05-17 00:16:10",
    "depot": {
        "baselanguages": "english,schinese,tchinese",
        "workshopdepot": "3003300",
        "228985": {
            "config": {
                "oslist": "windows"
            },
            "depotfromapp": "228980",
            "sharedinstall": "1"
        },
        "228988": {
            "config": {
                "oslist": "windows"
            },
            "depotfromapp": "228980",
            "sharedinstall": "1"
        },
        "228989": {
            "config": {
                "oslist": "windows"
            },
            "depotfromapp": "228980",
            "sharedinstall": "1"
        },
        "228990": {
            "config": {
                "oslist": "windows"
            },
            "depotfromapp": "228980",
            "sharedinstall": "1"
        },
        "3003301": {
            "config": {
                "oslist": "windows",
                "osarch": "64"
            },
            "manifests": {
                "public": {
                    "gid": "1514321893432748690",
                    "size": "1199289958",
                    "download": "1066992144"
                }
            },
            "decryptionkey": "325e733ae4a99b056ba9313f067dd0c882e5dbed87974e0367e6446c2f876f24"
        },
        "3452360": {
            "dlcappid": "3452360"
        },
        "branches": {
            "public": {
                "buildid": "18262953",
                "timeupdated": "1745832307"
            }
        },
        "privatebranches": "1",
        "workshopdepotdecryptionkey": "da49b9b1508c9326fd04bd3da51716ed170e113aaf7ce18a32272dbc65b454d2"
    }
}