{
    "appid": "2962620",
    "type": "Game",
    "name": "Sift Heads Legendary Pack",
    "schinese_name": "",
    "isfreeapp": "0",
    "change_number": "28947262",
    "update_time": "2025-05-13 04:31:23",
    "depot": {
        "2962621": {
            "manifests": {
                "public": {
                    "gid": "3715779156703844936",
                    "size": "64830472",
                    "download": "55602336"
                }
            },
            "decryptionkey": "39449b1d13b254ca6817995fe37acab9071109fb740ef5a95da41cd8dee1099d"
        },
        "branches": {
            "public": {
                "buildid": "14176788",
                "timeupdated": "1714071765"
            }
        }
    }
}