{
    "appid": "3092450",
    "type": "Demo",
    "name": "inZOI: Creative Studio",
    "schinese_name": "",
    "isfreeapp": "0",
    "change_number": "28181100",
    "update_time": "2025-03-28 08:16:05",
    "depot": {
        "228989": {
            "config": {
                "oslist": "windows"
            },
            "depotfromapp": "228980",
            "sharedinstall": "1"
        },
        "228990": {
            "config": {
                "oslist": "windows"
            },
            "depotfromapp": "228980",
            "sharedinstall": "1"
        },
        "3092451": {
            "manifests": {
                "public": {
                    "gid": "5944823880248170936",
                    "size": "18069500406",
                    "download": "17376437456"
                }
            },
            "decryptionkey": "40cc0f7748b0623c087162a85440efcc41e602b66f3542801c0911d21bca8e3b"
        },
        "baselanguages": "english,german,french,italian,koreana,spanish,schinese,tchinese,russian,japanese,portuguese,polish,brazilian",
        "branches": {
            "public": {
                "buildid": "17821013",
                "timeupdated": "1742658750"
            }
        },
        "privatebranches": "1"
    }
}