{
    "appid": "3215890",
    "type": "Music",
    "name": "Dark Sky Soundtrack",
    "schinese_name": "",
    "isfreeapp": "0",
    "change_number": "25376591",
    "update_time": "2024-09-25 06:47:40",
    "depot": {
        "3215891": {
            "manifests": {
                "public": {
                    "gid": "7851829184051889794",
                    "size": "129630711",
                    "download": "129107008"
                }
            },
            "decryptionkey": "51b39c6c427c20a14fa2bc9ad428f6dd63320e9ac114cb1c00d43b61231633dd"
        },
        "branches": {
            "public": {
                "buildid": "15735880",
                "timeupdated": "1726620136"
            }
        }
    }
}