{
    "appid": "3029560",
    "type": "Demo",
    "name": "The Photographer (Nymphs) Demo",
    "schinese_name": "",
    "isfreeapp": "0",
    "change_number": "26858041",
    "update_time": "2025-01-04 10:03:43",
    "depot": {
        "3029561": {
            "manifests": {
                "public": {
                    "gid": "8826279233760037336",
                    "size": "281851664",
                    "download": "161401840"
                }
            },
            "decryptionkey": "e56ffdcab9a610842658d86f037c127523e8d0c1bfcb7f412c7a879a22e8b596"
        },
        "branches": {
            "public": {
                "buildid": "14865777",
                "timeupdated": "1719536879"
            }
        }
    }
}