{
    "appid": "3060170",
    "type": "Game",
    "name": "Chained in the Backrooms",
    "schinese_name": "",
    "isfreeapp": "0",
    "change_number": "28922795",
    "update_time": "2025-05-11 12:33:45",
    "depot": {
        "3060172": {
            "config": {
                "oslist": "windows"
            },
            "manifests": {
                "public": {
                    "gid": "7028243295414732900",
                    "size": "657838476",
                    "download": "453685280"
                }
            },
            "decryptionkey": "f451eb645020944aa802d8e58cf2d6829ea1e3e5e0ed4b5940f2871693984da9"
        },
        "branches": {
            "public": {
                "buildid": "17520895",
                "timeupdated": "1740605813"
            }
        },
        "privatebranches": "1"
    }
}