{
    "appid": "3090610",
    "type": "Game",
    "name": "PROGRESS ORDERS",
    "schinese_name": "PROGRESS ORDERS",
    "isfreeapp": "0",
    "change_number": "29016152",
    "update_time": "2025-05-16 11:48:47",
    "depot": {
        "228989": {
            "config": {
                "oslist": "windows"
            },
            "depotfromapp": "228980",
            "sharedinstall": "1"
        },
        "228990": {
            "config": {
                "oslist": "windows"
            },
            "depotfromapp": "228980",
            "sharedinstall": "1"
        },
        "3090611": {
            "manifests": {
                "public": {
                    "gid": "1496420316552567960",
                    "size": "2060488261",
                    "download": "1734420384"
                }
            },
            "decryptionkey": "50474cbe0ec37d0d3262792c82e59af312afbfc1441005594e487af57f2aa418"
        },
        "baselanguages": "english,schinese,tchinese,japanese",
        "branches": {
            "public": {
                "buildid": "18313457",
                "timeupdated": "1746593472"
            }
        },
        "privatebranches": "1"
    }
}