{
    "appid": "3050820",
    "type": "Demo",
    "name": "Solider AutoChess Demo",
    "schinese_name": "小兵习武 Demo",
    "isfreeapp": "0",
    "change_number": "26685919",
    "update_time": "2024-12-18 07:56:28",
    "depot": {
        "3050821": {
            "manifests": {
                "public": {
                    "gid": "6048179455770394728",
                    "size": "222353287",
                    "download": "95003552"
                }
            },
            "decryptionkey": "d3adf3ffa858f87daacb8f0c3acfc663092c8ab514f5660b365241c5a870abeb"
        },
        "branches": {
            "public": {
                "buildid": "16117565",
                "timeupdated": "1729482970"
            }
        }
    }
}