{
    "appid": "2991290",
    "type": "Game",
    "name": "规则怪谈之镇尸",
    "schinese_name": "规则怪谈之镇尸",
    "isfreeapp": "0",
    "change_number": "28533467",
    "update_time": "2025-04-18 00:25:42",
    "depot": {
        "baselanguages": "english,schinese",
        "228989": {
            "config": {
                "oslist": "windows"
            },
            "depotfromapp": "228980",
            "sharedinstall": "1"
        },
        "228990": {
            "config": {
                "oslist": "windows"
            },
            "depotfromapp": "228980",
            "sharedinstall": "1"
        },
        "2991291": {
            "config": {
                "oslist": "windows",
                "osarch": "64"
            },
            "manifests": {
                "public": {
                    "gid": "1083686238613080935",
                    "size": "978571857",
                    "download": "818402320"
                }
            },
            "decryptionkey": "95959f1bd12312bdbdfee41e2596af2e69dd88cdbc966c81c1144e642ed04baa"
        },
        "branches": {
            "public": {
                "buildid": "15029808",
                "timeupdated": "1720980497"
            }
        }
    }
}