{
    "appid": "3042130",
    "type": "Demo",
    "name": "Elite Exorcist Miko Demo",
    "schinese_name": "",
    "isfreeapp": "0",
    "change_number": "27414125",
    "update_time": "2025-02-11 13:38:37",
    "depot": {
        "3042131": {
            "manifests": {
                "public": {
                    "gid": "819912056188386715",
                    "size": "203301740",
                    "download": "85125984"
                }
            },
            "decryptionkey": "f673188308b01674dd4dd2d465433eacd8c24dc102447cbb82fcb258f43427e5"
        },
        "branches": {
            "public": {
                "buildid": "17200852",
                "timeupdated": "1738338246"
            }
        },
        "privatebranches": "1"
    }
}