{
    "appid": "3014520",
    "type": "Game",
    "name": "BrokenLore: LOW",
    "schinese_name": "破碎怪谈：雾雨村",
    "isfreeapp": "0",
    "change_number": "29015780",
    "update_time": "2025-05-16 11:12:45",
    "depot": {
        "228989": {
            "config": {
                "oslist": "windows"
            },
            "depotfromapp": "228980",
            "sharedinstall": "1"
        },
        "228990": {
            "config": {
                "oslist": "windows"
            },
            "depotfromapp": "228980",
            "sharedinstall": "1"
        },
        "3014521": {
            "manifests": {
                "public": {
                    "gid": "3449954644181937582",
                    "size": "10942301420",
                    "download": "10322048544"
                }
            },
            "decryptionkey": "9ebdfdd344e8831199145bd672e2c82a848e9f03b3e1bb68b32b81ff733ccaa7"
        },
        "branches": {
            "public": {
                "buildid": "17778853",
                "timeupdated": "1742380635"
            }
        }
    }
}