{
    "appid": "3199550",
    "type": "Demo",
    "name": "Let's Beer Together! Demo",
    "schinese_name": "",
    "isfreeapp": "0",
    "change_number": "26183469",
    "update_time": "2024-11-14 07:38:01",
    "depot": {
        "228989": {
            "config": {
                "oslist": "windows"
            },
            "depotfromapp": "228980",
            "sharedinstall": "1"
        },
        "228990": {
            "config": {
                "oslist": "windows"
            },
            "depotfromapp": "228980",
            "sharedinstall": "1"
        },
        "3199551": {
            "manifests": {
                "public": {
                    "gid": "5357813650708071622",
                    "size": "2156583414",
                    "download": "1975854272"
                }
            },
            "decryptionkey": "d58e004509c625a686f9166572d60551f02b36ecdb2f34995349389c4face253"
        },
        "branches": {
            "public": {
                "buildid": "16113536",
                "timeupdated": "1729435967"
            }
        },
        "privatebranches": "1"
    }
}