{
    "appid": "3273240",
    "type": "Demo",
    "name": "DYNASTY WARRIORS: ORIGINS Demo",
    "schinese_name": "真・三国无双 起源 体验版",
    "isfreeapp": "0",
    "change_number": "27106901",
    "update_time": "2025-01-22 14:28:32",
    "depot": {
        "228988": {
            "config": {
                "oslist": "windows"
            },
            "depotfromapp": "228980",
            "sharedinstall": "1"
        },
        "3273241": {
            "manifests": {
                "public": {
                    "gid": "8953445732359464554",
                    "size": "26549683858",
                    "download": "23576423648"
                }
            },
            "decryptionkey": "fe9f86ccf4158ce692f1d0a3e0bc277d689640e5edc7eb3ee53a62541d6ab8c9"
        },
        "branches": {
            "public": {
                "buildid": "16707327",
                "timeupdated": "1734051652"
            }
        },
        "privatebranches": "1"
    }
}