{
    "appid": "3457840",
    "type": "DLC",
    "name": "Tower! Simulator 3 - KTUS Airport",
    "schinese_name": "",
    "isfreeapp": "0",
    "change_number": "27020824",
    "update_time": "2025-01-16 16:08:37",
    "depot": {
        "3457840": {
            "config": {
                "oslist": "windows",
                "osarch": "64"
            },
            "manifests": {
                "public": {
                    "gid": "4890337075916535211",
                    "size": "1455065238",
                    "download": "621492512"
                }
            },
            "dlcappid": "3457840",
            "decryptionkey": "4348b0d910e4acdf3c55b9b1e7088c4ba9455e4c73ab3cfc4ba8fa7d2592ea4f"
        },
        "branches": {
            "public": {
                "buildid": "17017209",
                "timeupdated": "1736971493"
            }
        }
    }
}