{
    "appid": "3062380",
    "type": "Game",
    "name": "Mash Box",
    "schinese_name": "",
    "isfreeapp": "1",
    "change_number": "28864324",
    "update_time": "2025-05-07 23:12:22",
    "depot": {
        "228989": {
            "config": {
                "oslist": "windows"
            },
            "depotfromapp": "228980",
            "sharedinstall": "1"
        },
        "228990": {
            "config": {
                "oslist": "windows"
            },
            "depotfromapp": "228980",
            "sharedinstall": "1"
        },
        "229007": {
            "config": {
                "oslist": "windows"
            },
            "depotfromapp": "228980",
            "sharedinstall": "1"
        },
        "229033": {
            "config": {
                "oslist": "windows"
            },
            "depotfromapp": "228980",
            "sharedinstall": "1"
        },
        "3062381": {
            "manifests": {
                "public": {
                    "gid": "3882268298732445976",
                    "size": "1956187264",
                    "download": "727986464"
                },
                "developer": {
                    "gid": "3882268298732445976",
                    "size": "1956187264",
                    "download": "727986464"
                },
                "dont": {
                    "gid": "3882268298732445976",
                    "size": "1956187264",
                    "download": "727986464"
                }
            },
            "decryptionkey": "93d781f60088263fb335848ca03b104dcadf78b356dc2f2096a1462449047e8a"
        },
        "branches": {
            "public": {
                "buildid": "17356879",
                "timeupdated": "1739475471"
            },
            "developer": {
                "buildid": "17356879",
                "description": "dev stuff",
                "timeupdated": "1739475455"
            },
            "dont": {
                "buildid": "17356879",
                "description": "dont",
                "timeupdated": "1739475450"
            }
        }
    }
}