{
    "appid": "2995400",
    "type": "Demo",
    "name": "Airborne Empire Demo",
    "schinese_name": "",
    "isfreeapp": "0",
    "change_number": "26974697",
    "update_time": "2025-01-13 23:59:29",
    "depot": {
        "2995401": {
            "manifests": {
                "public": {
                    "gid": "1208137963731000715",
                    "size": "2352991536",
                    "download": "571078608"
                }
            },
            "decryptionkey": "f91994590456d15619e7c1f453621b4ec6d4b64e88ee1ac3dcf76f14d08011ab"
        },
        "branches": {
            "public": {
                "buildid": "16883139",
                "timeupdated": "1735676759"
            }
        },
        "privatebranches": "1"
    }
}