{
    "appid": "3053510",
    "type": "Game",
    "name": "Nordic Racing",
    "schinese_name": "",
    "isfreeapp": "0",
    "change_number": "28348335",
    "update_time": "2025-04-07 23:18:57",
    "depot": {
        "3053511": {
            "manifests": {
                "public": {
                    "gid": "5930725235667381345",
                    "size": "525244070",
                    "download": "180970992"
                }
            },
            "decryptionkey": "7a067b8d3ed39763fbca0732e69650bb666fa6c53b6aa02dacc87707d3043bab"
        },
        "branches": {
            "public": {
                "buildid": "14709565",
                "timeupdated": "1718305609"
            }
        }
    }
}