{
    "appid": "3056420",
    "type": "Game",
    "name": "You know my name?",
    "schinese_name": "",
    "isfreeapp": "0",
    "change_number": "28995245",
    "update_time": "2025-05-15 13:13:16",
    "depot": {
        "3056421": {
            "manifests": {
                "public": {
                    "gid": "4965233762837329881",
                    "size": "154221857",
                    "download": "58185072"
                }
            },
            "decryptionkey": "75e753a31d5adcc651dfe04dd0e9689cfa74430d7a9bd9ce39589d037b02a6ec"
        },
        "branches": {
            "public": {
                "buildid": "16081413",
                "timeupdated": "1729170146"
            }
        }
    }
}