{
    "appid": "3008610",
    "type": "Demo",
    "name": "Stealth Kill VR Missions Demo",
    "schinese_name": "",
    "isfreeapp": "0",
    "change_number": "26183469",
    "update_time": "2024-11-14 07:25:23",
    "depot": {
        "3008611": {
            "config": {
                "oslist": "windows"
            },
            "manifests": {
                "public": {
                    "gid": "2856695157384722974",
                    "size": "1687729556",
                    "download": "1330510720"
                }
            },
            "decryptionkey": "19126f50338482492514be0b41f8b8c37413a1173a234c719bf746f63f14e699"
        },
        "branches": {
            "public": {
                "buildid": "14888078",
                "timeupdated": "1719774420"
            }
        },
        "privatebranches": "1"
    }
}