{
    "appid": "3253160",
    "type": "Demo",
    "name": "AI2U - With You 'Til The End Demo",
    "schinese_name": "",
    "isfreeapp": "0",
    "change_number": "27138690",
    "update_time": "2025-01-24 06:05:29",
    "depot": {
        "3253161": {
            "config": {
                "oslist": "windows",
                "osarch": "64"
            },
            "manifests": {
                "public": {
                    "gid": "4200208603910032567",
                    "size": "3622279800",
                    "download": "1223971024"
                }
            },
            "decryptionkey": "738cb5e5e6bafaea1367e3c65a8887ba14d58db1ac56462f6abe81ed8c8d789b"
        },
        "3253163": {
            "config": {
                "oslist": "macos"
            },
            "manifests": {
                "public": {
                    "gid": "5518705271222329622",
                    "size": "3697628545",
                    "download": "1245588688"
                }
            },
            "decryptionkey": ""
        },
        "branches": {
            "public": {
                "buildid": "16034613",
                "timeupdated": "1728900503"
            }
        }
    }
}