{
    "appid": "3144770",
    "type": "Game",
    "name": "Ooze Keeper",
    "schinese_name": "",
    "isfreeapp": "0",
    "change_number": "29016345",
    "update_time": "2025-05-16 12:06:44",
    "depot": {
        "3144771": {
            "manifests": {
                "public": {
                    "gid": "5283978303500288943",
                    "size": "245730991",
                    "download": "93288448"
                }
            },
            "decryptionkey": "d316d6bafaf3fb2cf926d8d2cb395582f6d0808a81fd730156f61db4387ca869"
        },
        "branches": {
            "public": {
                "buildid": "18165935",
                "timeupdated": "1745051953"
            }
        },
        "privatebranches": "1"
    }
}