{
    "appid": "3333390",
    "type": "Demo",
    "name": "Roman Triumph: Survival City Builder Demo",
    "schinese_name": "",
    "isfreeapp": "0",
    "change_number": "27729078",
    "update_time": "2025-03-01 10:47:57",
    "depot": {
        "3333391": {
            "manifests": {
                "public": {
                    "gid": "6687223313261284230",
                    "size": "5067362366",
                    "download": "2401177632"
                }
            },
            "decryptionkey": "7ffb8556fd36e19bd83452668abb6df4a149a3fb15d85d3abf9d5440131ad521"
        },
        "branches": {
            "public": {
                "buildid": "17494712",
                "timeupdated": "1740459919"
            }
        },
        "privatebranches": "1"
    }
}