{
    "appid": "3410130",
    "type": "Demo",
    "name": "Void Collector Demo",
    "schinese_name": "",
    "isfreeapp": "0",
    "change_number": "28736706",
    "update_time": "2025-04-30 06:19:19",
    "depot": {
        "228989": {
            "config": {
                "oslist": "windows"
            },
            "depotfromapp": "228980",
            "sharedinstall": "1"
        },
        "228990": {
            "config": {
                "oslist": "windows"
            },
            "depotfromapp": "228980",
            "sharedinstall": "1"
        },
        "229000": {
            "config": {
                "oslist": "windows"
            },
            "depotfromapp": "228980",
            "sharedinstall": "1"
        },
        "3410131": {
            "manifests": {
                "public": {
                    "gid": "2247356959312722327",
                    "size": "479376555",
                    "download": "353201376"
                }
            },
            "decryptionkey": "f581e2ef5241179970ab8d2fc3f0ffc873363cc5783d44bb7b7cbc0c60cc9875"
        },
        "branches": {
            "public": {
                "buildid": "16867037",
                "timeupdated": "1735410650"
            }
        }
    }
}