{
    "appid": "3181290",
    "type": "Game",
    "name": "Hell Shooter",
    "schinese_name": "",
    "isfreeapp": "0",
    "change_number": "27025062",
    "update_time": "2025-01-16 20:57:28",
    "depot": {
        "3181291": {
            "manifests": {
                "public": {
                    "gid": "85678620143901307",
                    "size": "1551859840",
                    "download": "499296000"
                }
            },
            "decryptionkey": "e1ecb3678bb20a72e8b8f32e64f1c03f7f7a5243cbee694f01428ba1985142c9"
        },
        "branches": {
            "public": {
                "buildid": "17024578",
                "timeupdated": "1737032240"
            }
        }
    }
}