{
    "appid": "3227480",
    "type": "DLC",
    "name": "TheLostVillage-万物有灵扩展包",
    "schinese_name": "",
    "isfreeapp": "0",
    "change_number": "28627307",
    "update_time": "2025-04-24 01:32:14",
    "depot": {
        "3227480": {
            "dlcappid": "3227480",
            "manifests": {
                "public": {
                    "gid": "1824027577468866708",
                    "size": "17908424",
                    "download": "2036720"
                }
            },
            "decryptionkey": "ba1dbc2707196bda0ba7d451b6a81412ed21c6d4f581d5c411674292da812ef3"
        },
        "branches": {
            "public": {
                "buildid": "16148964",
                "timeupdated": "1729676743"
            }
        }
    }
}