{
    "appid": "3279310",
    "type": "Demo",
    "name": "5 Minute Raid Demo",
    "schinese_name": "",
    "isfreeapp": "0",
    "change_number": "25833253",
    "update_time": "2024-10-22 14:47:12",
    "depot": {
        "baselanguages": "english,koreana",
        "3279311": {
            "config": {
                "oslist": "windows"
            },
            "manifests": {
                "public": {
                    "gid": "8568603760642333584",
                    "size": "886005860",
                    "download": "162902464"
                }
            },
            "decryptionkey": "395b82fc8c12bd2a37a0af374974bb6d3c906dc1b925cebaa96ea07b17c16596"
        },
        "3279312": {
            "config": {
                "oslist": "macos"
            },
            "manifests": {
                "public": {
                    "gid": "8598088773158895138",
                    "size": "911539516",
                    "download": "170730416"
                }
            },
            "decryptionkey": ""
        },
        "branches": {
            "public": {
                "buildid": "16004016",
                "timeupdated": "1728620598"
            }
        }
    }
}