{
    "appid": "2987760",
    "type": "Music",
    "name": "世上英雄 Soundtrack",
    "schinese_name": "世上英雄 Soundtrack",
    "isfreeapp": "0",
    "change_number": "24116791",
    "update_time": "2024-07-16 02:47:07",
    "depot": {
        "2987761": {
            "manifests": {
                "public": {
                    "gid": "6929760325677536259",
                    "size": "125416170",
                    "download": "115773984"
                }
            },
            "decryptionkey": "5e7ff099634ed4d0f415d56c333c38d4321011faae56cfb78884ef746abdea65"
        },
        "2987762": {
            "config": {
                "highqualityaudio": "1"
            },
            "manifests": {
                "public": {
                    "gid": "5601832844867565491",
                    "size": "870616890",
                    "download": "776705472"
                }
            },
            "decryptionkey": "95087ff1bd908b4299ad2712ff37b6f04bfcd3c576258a9fcac91529299fbb78"
        },
        "branches": {
            "public": {
                "buildid": "14397576",
                "timeupdated": "1715914069"
            }
        }
    }
}