{
    "appid": "2960040",
    "type": "Demo",
    "name": "HORROR TALES: The Beggar Demo",
    "schinese_name": "",
    "isfreeapp": "0",
    "change_number": "24462317",
    "update_time": "2024-07-22 22:58:48",
    "depot": {
        "2960041": {
            "manifests": {
                "public": {
                    "gid": "8936796379005808529",
                    "size": "7979381000",
                    "download": "4509455632"
                }
            },
            "decryptionkey": "bdb98dbd1a34b69d8da2c36a9c5dd2554f25e60b158fda14f2a8bb8b14b755a8"
        },
        "branches": {
            "public": {
                "buildid": "14549320",
                "timeupdated": "1717157171"
            }
        }
    }
}