{
    "appid": "3304670",
    "type": "Demo",
    "name": "Acts of Blood Demo",
    "schinese_name": "",
    "isfreeapp": "0",
    "change_number": "29041543",
    "update_time": "2025-05-18 00:09:49",
    "depot": {
        "228989": {
            "config": {
                "oslist": "windows"
            },
            "depotfromapp": "228980",
            "sharedinstall": "1"
        },
        "228990": {
            "config": {
                "oslist": "windows"
            },
            "depotfromapp": "228980",
            "sharedinstall": "1"
        },
        "3304671": {
            "config": {
                "language": "english",
                "oslist": "windows"
            },
            "manifests": {
                "public": {
                    "gid": "183024635936808766",
                    "size": "2217109397",
                    "download": "1880310656"
                }
            },
            "decryptionkey": "cb8a83fb811482e2f22587127a28ad0ae92032aff274e645513d87ae8336debe"
        },
        "baselanguages": "english",
        "branches": {
            "public": {
                "buildid": "18503628",
                "timeupdated": "1747498177"
            }
        },
        "privatebranches": "1"
    }
}