{
    "appid": "3306910",
    "type": "Game",
    "name": "Hentai Elizabeth",
    "schinese_name": "",
    "isfreeapp": "0",
    "change_number": "28946842",
    "update_time": "2025-05-13 04:03:31",
    "depot": {
        "3306911": {
            "manifests": {
                "public": {
                    "gid": "8332993920550717209",
                    "size": "172143353",
                    "download": "99542144"
                }
            },
            "decryptionkey": "d189724b5ce9e1b7304158d9c619f0703774321fcd185988e2992a94982ada42"
        },
        "branches": {
            "public": {
                "buildid": "17293825",
                "timeupdated": "1739119717"
            }
        }
    }
}