{
    "appid": "2956290",
    "type": "Demo",
    "name": "Thalassa: Edge of the Abyss Demo",
    "schinese_name": "",
    "isfreeapp": "0",
    "change_number": "24675684",
    "update_time": "2024-08-07 06:38:32",
    "depot": {
        "228988": {
            "config": {
                "oslist": "windows"
            },
            "depotfromapp": "228980",
            "sharedinstall": "1"
        },
        "228990": {
            "config": {
                "oslist": "windows"
            },
            "depotfromapp": "228980",
            "sharedinstall": "1"
        },
        "2956291": {
            "manifests": {
                "public": {
                    "gid": "251668551174246107",
                    "size": "19475924431",
                    "download": "7409311312"
                }
            },
            "decryptionkey": "102be6f34ff893384a733ed3716abb5a38cd774cbff8efefbd3a668a98811698"
        },
        "baselanguages": "english,german,french,italian,koreana,spanish,schinese,tchinese,russian,japanese,norwegian",
        "branches": {
            "public": {
                "buildid": "14480655",
                "timeupdated": "1716559874"
            }
        },
        "privatebranches": "1"
    }
}