{
    "appid": "3570430",
    "type": "Game",
    "name": "Snakecremental",
    "schinese_name": "",
    "isfreeapp": "0",
    "change_number": "29045107",
    "update_time": "2025-05-18 09:14:12",
    "depot": {
        "3570432": {
            "config": {
                "oslist": "linux"
            },
            "manifests": {
                "public": {
                    "gid": "4566380160511263026",
                    "size": "129848803",
                    "download": "43638192"
                }
            }
        },
        "3570433": {
            "config": {
                "oslist": "windows"
            },
            "manifests": {
                "public": {
                    "gid": "2074143514635162478",
                    "size": "134298364",
                    "download": "45566000"
                }
            },
            "decryptionkey": "82df73b2df34172bf4aa906504721c572871ef91a30b94f386b4d5ade0c8e3ef"
        },
        "branches": {
            "public": {
                "buildid": "18476850",
                "timeupdated": "1747316833"
            }
        },
        "privatebranches": "1"
    }
}