{
    "appid": "3068260",
    "type": "DLC",
    "name": "My Lovely Empress Digital Artbook",
    "schinese_name": "我的可爱皇后 官方美术集",
    "isfreeapp": "0",
    "change_number": "25003843",
    "update_time": "2024-08-30 10:40:48",
    "depot": {
        "3068261": {
            "manifests": {
                "public": {
                    "gid": "690539944471902586",
                    "size": "156733649",
                    "download": "137988992"
                }
            },
            "dlcappid": "3068260",
            "decryptionkey": "d9dff5430bedd5fad46c46c7da45a222f0649175f86af44956896fc54c327ac5"
        },
        "branches": {
            "public": {
                "buildid": "15196179",
                "timeupdated": "1722325436"
            }
        }
    }
}