{
    "appid": "3130540",
    "type": "Game",
    "name": "Bitter",
    "schinese_name": "",
    "isfreeapp": "0",
    "change_number": "26253459",
    "update_time": "2024-11-21 01:02:27",
    "depot": {
        "3130541": {
            "manifests": {
                "public": {
                    "gid": "7004538414468873690",
                    "size": "76734456",
                    "download": "27148688"
                }
            },
            "decryptionkey": "cf78eaf87f0a69d18b0c14d5f56f6d0186e38fe0b7d192d9a14b41e943219343"
        },
        "branches": {
            "public": {
                "buildid": "15149805",
                "timeupdated": "1721907964"
            }
        }
    },
    "access_token": 12801534031171651988
}