{
    "appid": "3175680",
    "type": "Demo",
    "name": "Lofi Haven Demo",
    "schinese_name": "Lofi Haven Demo / Lofi 心居 Demo",
    "isfreeapp": "0",
    "change_number": "26183469",
    "update_time": "2024-11-14 07:36:46",
    "depot": {
        "3175681": {
            "manifests": {
                "public": {
                    "gid": "5895498399650900013",
                    "size": "10554356110",
                    "download": "2690834000"
                }
            },
            "decryptionkey": "ec15b6e0dce2c9848e2a9414956963496802f0c180a467ac2891b1c3cdf69d24"
        },
        "branches": {
            "public": {
                "buildid": "16198612",
                "timeupdated": "1730052156"
            }
        },
        "privatebranches": "1"
    }
}