{
    "appid": "3183850",
    "type": "Game",
    "name": "Overlord",
    "schinese_name": "",
    "isfreeapp": "0",
    "change_number": "25139457",
    "update_time": "2024-09-09 20:11:34",
    "depot": {
        "3183851": {
            "manifests": {
                "public": {
                    "gid": "8662851994809467992",
                    "size": "107836120",
                    "download": "14542512"
                }
            },
            "decryptionkey": "0777dc30f2ed575d1f35a4ddc5150ff5654091c2e73afb08c1a1db33580af543"
        },
        "branches": {
            "public": {
                "buildid": "15447930",
                "timeupdated": "1724245815"
            }
        }
    }
}