{
    "appid": "3236080",
    "type": "Game",
    "name": "老虎机少女 Slot Girls",
    "schinese_name": "",
    "isfreeapp": "0",
    "change_number": "29016528",
    "update_time": "2025-05-16 12:24:45",
    "depot": {
        "hasdepotsindlc": "0",
        "baselanguages": "english,schinese",
        "3236081": {
            "manifests": {
                "public": {
                    "gid": "5286734072387689551",
                    "size": "1149954018",
                    "download": "338187648"
                },
                "test": {
                    "gid": "5286734072387689551",
                    "size": "1149954018",
                    "download": "338187648"
                }
            },
            "decryptionkey": "7d02c80e82448a6a159409f64fcd615a21b68498a0e2998dce38045544569d5f"
        },
        "3381350": {
            "dlcappid": "3381350",
            "config": {
                "oslist": "windows",
                "osarch": "64"
            },
            "manifests": {
                "public": {
                    "gid": "1681770103962360298",
                    "size": "76135292",
                    "download": "57881168"
                },
                "test": {
                    "gid": "1681770103962360298",
                    "size": "76135292",
                    "download": "57881168"
                }
            },
            "decryptionkey": "6b98487927655ee67871736759897a0822c0d5564792d74757d2aac01d530415"
        },
        "branches": {
            "public": {
                "buildid": "17170630",
                "timeupdated": "1738153624"
            },
            "test": {
                "buildid": "17170630",
                "description": "For Internal Test Use",
                "timeupdated": "1738153641"
            }
        }
    }
}