{
    "appid": "3103820",
    "type": "Game",
    "name": "踩缝纫机模拟器",
    "schinese_name": "",
    "isfreeapp": "0",
    "change_number": "29016213",
    "update_time": "2025-05-16 11:54:48",
    "depot": {
        "3103821": {
            "manifests": {
                "public": {
                    "gid": "13011730484542480",
                    "size": "77041848",
                    "download": "31596272"
                }
            },
            "decryptionkey": "e0695ba65f8145688eb0ccbc1f89738c6e22451f1c5c12db6b3c42bcd96fbdcd"
        },
        "branches": {
            "public": {
                "buildid": "16201254",
                "timeupdated": "1730084448"
            }
        }
    }
}