{
    "appid": "3168310",
    "type": "Game",
    "name": "True Fear: Forsaken Souls Part 3",
    "schinese_name": "",
    "isfreeapp": "0",
    "change_number": "29031252",
    "update_time": "2025-05-17 03:14:01",
    "depot": {
        "baselanguages": "english,german,french,italian,spanish,russian,ukrainian",
        "3168311": {
            "config": {
                "oslist": "windows",
                "osarch": "64"
            },
            "manifests": {
                "public": {
                    "gid": "8000745663932353125",
                    "size": "2529131964",
                    "download": "1258216032"
                }
            },
            "decryptionkey": "24e26784c021d8a9d38a4208acc47e5ed7c413279c362de32643c5a7d8129c64"
        },
        "3168312": {
            "manifests": {
                "public": {
                    "gid": "3694806990098191704",
                    "size": "2710393709",
                    "download": "1279717792"
                }
            },
            "decryptionkey": "0b46386d35b68514cd6ff6ecb748cd75423ba568725f7f0b1e809cad7875cd6d"
        },
        "branches": {
            "public": {
                "buildid": "18376722",
                "timeupdated": "1746638278"
            }
        },
        "privatebranches": "1"
    }
}