{
    "appid": "3002340",
    "type": "Game",
    "name": "Sunset Solitaire",
    "schinese_name": "",
    "isfreeapp": "0",
    "change_number": "24819235",
    "update_time": "2024-08-16 23:28:48",
    "depot": {
        "3002342": {
            "config": {
                "oslist": "windows"
            },
            "manifests": {
                "public": {
                    "gid": "4395153172311665684",
                    "size": "2497303",
                    "download": "847168"
                }
            },
            "decryptionkey": "b43e26116e1f85b43168be469f618420b2d1c1a09ebdce9987473d57a3041591"
        },
        "3002343": {
            "config": {
                "oslist": "macos"
            },
            "manifests": {
                "public": {
                    "gid": "3783233876664524930",
                    "size": "11033035",
                    "download": "1290960"
                }
            },
            "decryptionkey": ""
        },
        "branches": {
            "public": {
                "buildid": "14688241",
                "timeupdated": "1718177025"
            }
        }
    }
}