{
    "appid": "3198360",
    "type": "Game",
    "name": "Escape Toon Kingdom",
    "schinese_name": "",
    "isfreeapp": "0",
    "change_number": "29041287",
    "update_time": "2025-05-17 23:36:40",
    "depot": {
        "baselanguages": "english",
        "228988": {
            "config": {
                "oslist": "windows"
            },
            "depotfromapp": "228980",
            "sharedinstall": "1"
        },
        "228990": {
            "config": {
                "oslist": "windows"
            },
            "depotfromapp": "228980",
            "sharedinstall": "1"
        },
        "3198361": {
            "config": {
                "language": "english",
                "oslist": "windows"
            },
            "manifests": {
                "public": {
                    "gid": "5906301208612879154",
                    "size": "5818875618",
                    "download": "5358663968"
                }
            },
            "decryptionkey": "a67e283210b3288e744e1efcdd7978703c13e751fc2cea3e99cef188f9092b80"
        },
        "branches": {
            "public": {
                "buildid": "18121339",
                "timeupdated": "1744771550"
            }
        },
        "privatebranches": "1"
    }
}