{
    "appid": "3135560",
    "type": "Game",
    "name": "Chasm",
    "schinese_name": "",
    "isfreeapp": "0",
    "change_number": "24921061",
    "update_time": "2024-08-24 09:33:05",
    "depot": {
        "3135561": {
            "manifests": {
                "public": {
                    "gid": "4256119159913431273",
                    "size": "132430866",
                    "download": "40234416"
                }
            },
            "decryptionkey": "63e13174184bc9fcdc7b70c5b206b792a180c0426569096716d866fa2f9d3476"
        },
        "branches": {
            "public": {
                "buildid": "15175007",
                "timeupdated": "1722124934"
            }
        }
    }
}