{
    "appid": "3197520",
    "type": "Music",
    "name": "Frostpunk 2: Original Soundtrack",
    "schinese_name": "",
    "isfreeapp": "0",
    "change_number": "29043292",
    "update_time": "2025-05-18 04:15:22",
    "depot": {
        "3197521": {
            "manifests": {
                "public": {
                    "gid": "1715674255709004417",
                    "size": "221269211",
                    "download": "176202400"
                }
            },
            "decryptionkey": "66056a852f67cada4c33cab907e25d35ce77d8bba7ea53ba58d77f61d4f70386"
        },
        "3197522": {
            "config": {
                "highqualityaudio": "1"
            },
            "manifests": {
                "public": {
                    "gid": "7333279036358424805",
                    "size": "4772769846",
                    "download": "4381241312"
                }
            },
            "decryptionkey": "da29c80aa2aba4348ddab91f90fc9c93c5b931b1b84f2ed317aa61b8c62bc0f7"
        },
        "branches": {
            "public": {
                "buildid": "15742769",
                "timeupdated": "1726664706"
            }
        },
        "privatebranches": "1"
    },
    "access_token": 7349154432839621830
}