{
    "appid": "3307980",
    "type": "Game",
    "name": "UNPUNISHED",
    "schinese_name": "",
    "isfreeapp": "0",
    "change_number": "28908634",
    "update_time": "2025-05-10 03:33:43",
    "depot": {
        "228989": {
            "config": {
                "oslist": "windows"
            },
            "depotfromapp": "228980",
            "sharedinstall": "1"
        },
        "228990": {
            "config": {
                "oslist": "windows"
            },
            "depotfromapp": "228980",
            "sharedinstall": "1"
        },
        "3307981": {
            "config": {
                "language": "english",
                "oslist": "windows",
                "osarch": "64"
            },
            "manifests": {
                "public": {
                    "gid": "4599810801554423265",
                    "size": "8896517445",
                    "download": "8634393136"
                }
            },
            "decryptionkey": "7c311701e21f52001baeffb0f39121fa7711547eedad69c9b3a78231547f90d2"
        },
        "baselanguages": "english",
        "branches": {
            "public": {
                "buildid": "16820731",
                "timeupdated": "1734742886"
            }
        }
    }
}