{
    "appid": "3133750",
    "type": "Demo",
    "name": "Super Tax City Demo",
    "schinese_name": "超级增税城市 Demo",
    "isfreeapp": "0",
    "change_number": "27281849",
    "update_time": "2025-02-03 08:57:35",
    "depot": {
        "baselanguages": "english,schinese,japanese",
        "3133751": {
            "config": {
                "oslist": "windows"
            },
            "manifests": {
                "public": {
                    "gid": "8069471466606188196",
                    "size": "276269010",
                    "download": "83608288"
                }
            },
            "decryptionkey": "905fa8f5d8cd963f8eabaec9efccc4feaa6417e49621b1bf3563028935edf670"
        },
        "branches": {
            "public": {
                "buildid": "17180642",
                "timeupdated": "1738230353"
            }
        },
        "privatebranches": "1"
    }
}