{
    "appid": "3376760",
    "type": "Game",
    "name": "PANELKA",
    "schinese_name": "",
    "isfreeapp": "0",
    "change_number": "29016664",
    "update_time": "2025-05-16 12:42:46",
    "depot": {
        "228989": {
            "config": {
                "oslist": "windows"
            },
            "depotfromapp": "228980",
            "sharedinstall": "1"
        },
        "228990": {
            "config": {
                "oslist": "windows"
            },
            "depotfromapp": "228980",
            "sharedinstall": "1"
        },
        "3376761": {
            "manifests": {
                "public": {
                    "gid": "1022818628205860896",
                    "size": "2690191464",
                    "download": "2475211984"
                }
            },
            "decryptionkey": "6312e77faa59685d239a3811eff6c2732f6996bf83dd4bc26f9aa057884d3cff"
        },
        "branches": {
            "public": {
                "buildid": "17673029",
                "timeupdated": "1741676365"
            }
        }
    }
}