{
    "appid": "3364410",
    "type": "DLC",
    "name": "RPG Maker MZ - Fantasy Wonderland RPG Music",
    "schinese_name": "",
    "isfreeapp": "0",
    "change_number": "26819959",
    "update_time": "2024-12-31 03:32:20",
    "depot": {
        "3364410": {
            "manifests": {
                "public": {
                    "gid": "6681481535558921855",
                    "size": "177023774",
                    "download": "178272688"
                }
            },
            "dlcappid": "3364410",
            "decryptionkey": "d90d04dbc2410daa5e68424fe1b1d14b48c6aeda28322bd25752f6a86109042a"
        },
        "branches": {
            "public": {
                "buildid": "16844775",
                "timeupdated": "1735066643"
            }
        }
    }
}