{
    "appid": "3010760",
    "type": "Game",
    "name": "Cadoom",
    "schinese_name": "",
    "isfreeapp": "0",
    "change_number": "29042795",
    "update_time": "2025-05-18 02:59:38",
    "depot": {
        "228989": {
            "config": {
                "oslist": "windows"
            },
            "depotfromapp": "228980",
            "sharedinstall": "1"
        },
        "228990": {
            "config": {
                "oslist": "windows"
            },
            "depotfromapp": "228980",
            "sharedinstall": "1"
        },
        "229000": {
            "config": {
                "oslist": "windows"
            },
            "depotfromapp": "228980",
            "sharedinstall": "1"
        },
        "3010761": {
            "manifests": {
                "public": {
                    "gid": "3382859801826805439",
                    "size": "2525778759",
                    "download": "2377533696"
                }
            },
            "decryptionkey": "9ea4def8f55d6c3aa7aa75b8e78b88dcb71dc126c87d5d8bfb761f961dbe6116"
        },
        "branches": {
            "public": {
                "buildid": "14451106",
                "timeupdated": "1716366055"
            }
        }
    }
}