{
    "appid": "3151780",
    "type": "Demo",
    "name": "O.W.L Projekt Demo",
    "schinese_name": "",
    "isfreeapp": "0",
    "change_number": "26375805",
    "update_time": "2024-12-05 02:03:40",
    "depot": {
        "3151781": {
            "manifests": {
                "public": {
                    "gid": "6436307825964371500",
                    "size": "149193186",
                    "download": "35865008"
                }
            },
            "decryptionkey": "f472a96f40a617fe0d6c837c448cd6c5430c91c967b6a2afeef1da7be1ac970c"
        },
        "branches": {
            "public": {
                "buildid": "15267258",
                "timeupdated": "1722882960"
            }
        }
    }
}