{
    "appid": "3167210",
    "type": "Game",
    "name": "心所向往的北极星",
    "schinese_name": "",
    "isfreeapp": "0",
    "change_number": "28486686",
    "update_time": "2025-04-15 20:30:40",
    "depot": {
        "3167211": {
            "manifests": {
                "public": {
                    "gid": "6898390036528252975",
                    "size": "1740443385",
                    "download": "492718448"
                }
            },
            "decryptionkey": "59dd266fd5f69f1b6bdcc04b108c2938c482364eb44e4ceb3cdde7b62d085cda"
        },
        "branches": {
            "public": {
                "buildid": "17629424",
                "timeupdated": "1741317751"
            }
        },
        "privatebranches": "1"
    }
}