{
    "appid": "3016710",
    "type": "Demo",
    "name": "Heavy Cargo - The Truck Simulator Demo",
    "schinese_name": "",
    "isfreeapp": "0",
    "change_number": "26183469",
    "update_time": "2024-11-14 07:26:05",
    "depot": {
        "228985": {
            "config": {
                "oslist": "windows"
            },
            "depotfromapp": "228980",
            "sharedinstall": "1"
        },
        "228988": {
            "config": {
                "oslist": "windows"
            },
            "depotfromapp": "228980",
            "sharedinstall": "1"
        },
        "228989": {
            "config": {
                "oslist": "windows"
            },
            "depotfromapp": "228980",
            "sharedinstall": "1"
        },
        "3016711": {
            "manifests": {
                "public": {
                    "gid": "5032948315747683696",
                    "size": "22449802532",
                    "download": "8258396048"
                }
            },
            "decryptionkey": "b73b0eee34023d44f62f7766b42ecd27490327e41467960afac4a8e11add147b"
        },
        "branches": {
            "public": {
                "buildid": "16011052",
                "timeupdated": "1728659751"
            }
        },
        "privatebranches": "1"
    }
}