{
    "appid": "3331230",
    "type": "Game",
    "name": "觀塘 | Kwun Tong",
    "schinese_name": "",
    "isfreeapp": "0",
    "change_number": "29048164",
    "update_time": "2025-05-18 19:10:56",
    "depot": {
        "228989": {
            "config": {
                "oslist": "windows"
            },
            "depotfromapp": "228980",
            "sharedinstall": "1"
        },
        "228990": {
            "config": {
                "oslist": "windows"
            },
            "depotfromapp": "228980",
            "sharedinstall": "1"
        },
        "3331231": {
            "manifests": {
                "public": {
                    "gid": "4860237546926598694",
                    "size": "12925704268",
                    "download": "12240760976"
                }
            },
            "decryptionkey": "6904d81f2f81f8289ff4a558b6ff0c38d4549c58e4cf06e8a73cc1bbeabee647"
        },
        "branches": {
            "public": {
                "buildid": "18508222",
                "timeupdated": "1747566652"
            }
        }
    }
}