{
    "appid": "3073700",
    "type": "Game",
    "name": "Raccoon on a boat",
    "schinese_name": "",
    "isfreeapp": "0",
    "change_number": "28429477",
    "update_time": "2025-04-11 21:10:47",
    "depot": {
        "228989": {
            "config": {
                "oslist": "windows"
            },
            "depotfromapp": "228980",
            "sharedinstall": "1"
        },
        "228990": {
            "config": {
                "oslist": "windows"
            },
            "depotfromapp": "228980",
            "sharedinstall": "1"
        },
        "3073701": {
            "manifests": {
                "public": {
                    "gid": "6596042469113888402",
                    "size": "6875127525",
                    "download": "6646975584"
                }
            },
            "decryptionkey": "4110d04a3b84929256dbb03d4d616d638c9a32cfdd0ba3e6a12d742a9189887f"
        },
        "branches": {
            "public": {
                "buildid": "16613421",
                "timeupdated": "1733502659"
            }
        }
    }
}