{
    "appid": "3094170",
    "type": "Demo",
    "name": "Pixel Dungeon VR Demo",
    "schinese_name": "像素地牢VR 试玩版",
    "isfreeapp": "0",
    "change_number": "27474350",
    "update_time": "2025-02-14 15:09:10",
    "depot": {
        "baselanguages": "english,german,french,koreana,spanish,schinese,tchinese,japanese,portuguese,brazilian,latam",
        "3094171": {
            "config": {
                "oslist": "windows",
                "osarch": "64"
            },
            "manifests": {
                "public": {
                    "gid": "3470997206211130932",
                    "size": "3637628097",
                    "download": "2821160336"
                },
                "test": {
                    "gid": "2068278424786580594",
                    "size": "1352813287",
                    "download": "1145755632"
                }
            },
            "decryptionkey": "5daddfe0e1ba7328ba44c212ce49710a090178c00d5eda3ba13ce880f1a9d6d2"
        },
        "3094172": {
            "config": {
                "oslist": "windows",
                "osarch": "64"
            },
            "manifests": {
                "test": {
                    "gid": "3048890697806975737",
                    "size": "1352813287",
                    "download": "1145755632"
                }
            },
            "decryptionkey": ""
        },
        "branches": {
            "public": {
                "buildid": "17362890",
                "timeupdated": "1739516946"
            },
            "test": {
                "buildid": "15614565",
                "description": "test",
                "timeupdated": "1725617031"
            }
        }
    }
}