{
    "appid": "3131390",
    "type": "Music",
    "name": "Arco - Original Soundtrack",
    "schinese_name": "",
    "isfreeapp": "0",
    "change_number": "25216403",
    "update_time": "2024-09-14 03:09:33",
    "depot": {
        "3131391": {
            "manifests": {
                "public": {
                    "gid": "4856669895197080336",
                    "size": "226322223",
                    "download": "222354288"
                }
            },
            "decryptionkey": "9f6a639826ba6bdef89b9a8b14a21def30ed5e7223c3d224c74770ec1142b797"
        },
        "3131392": {
            "config": {
                "highqualityaudio": "1"
            },
            "manifests": {
                "public": {
                    "gid": "4606594805424321525",
                    "size": "541320353",
                    "download": "546903360"
                }
            },
            "decryptionkey": "c3174cd81f81bf41f6916b3c11996637ea828a749d30ee5dae4146e912f2445e"
        },
        "branches": {
            "public": {
                "buildid": "15230054",
                "timeupdated": "1722534781"
            }
        }
    }
}