{
    "appid": "3085690",
    "type": "Game",
    "name": "Strike Buster",
    "schinese_name": "强袭战姬",
    "isfreeapp": "0",
    "change_number": "27393680",
    "update_time": "2025-02-10 11:27:07",
    "depot": {
        "3085691": {
            "manifests": {
                "public": {
                    "gid": "5767447292192503120",
                    "size": "1507285879",
                    "download": "226695200"
                }
            },
            "decryptionkey": "547bb181b122ad77ee9ae30d382e1f669da64a760c5fb32734826ca2aa6d3895"
        },
        "baselanguages": "english,german,french,koreana,spanish,schinese,tchinese,russian,japanese,portuguese",
        "branches": {
            "public": {
                "buildid": "15939528",
                "timeupdated": "1728131803"
            }
        }
    },
    "access_token": 2210460564311816212
}