{
    "appid": "3448790",
    "type": "Application",
    "name": "Masterwork Fantasy Map Cartographer",
    "schinese_name": "",
    "isfreeapp": "1",
    "change_number": "27372285",
    "update_time": "2025-02-08 06:53:35",
    "depot": {
        "228989": {
            "config": {
                "oslist": "windows"
            },
            "depotfromapp": "228980",
            "sharedinstall": "1"
        },
        "228990": {
            "config": {
                "oslist": "windows"
            },
            "depotfromapp": "228980",
            "sharedinstall": "1"
        },
        "3448791": {
            "manifests": {
                "public": {
                    "gid": "6822311323718536858",
                    "size": "2413146730",
                    "download": "2070355744"
                }
            },
            "decryptionkey": "07b44d31218d7d8320590ff6c25d0caf19253f1bbdbd1801456dab367520f25b"
        },
        "branches": {
            "public": {
                "buildid": "17237641",
                "timeupdated": "1738673119"
            }
        }
    }
}