{
    "appid": "3061810",
    "type": "Game",
    "name": "Like a Dragon: Pirate Yakuza in Hawaii",
    "schinese_name": "人中之龙８外传 Pirates in Hawaii",
    "isfreeapp": "0",
    "change_number": "29015969",
    "update_time": "2025-05-16 11:30:50",
    "depot": {
        "228989": {
            "config": {
                "oslist": "windows"
            },
            "depotfromapp": "228980",
            "sharedinstall": "1"
        },
        "3061811": {
            "manifests": {
                "public": {
                    "gid": "5791590246311215097",
                    "size": "59249797889",
                    "download": "45195181632"
                }
            },
            "decryptionkey": "7a902c59f558f53204bf21403faa08aa113c0eca94bc03ad642f533ed35fc10a"
        },
        "baselanguages": "english,german,french,italian,koreana,spanish,schinese,tchinese,russian,japanese,brazilian",
        "hasdepotsindlc": "0",
        "branches": {
            "public": {
                "buildid": "18023911",
                "timeupdated": "1744678785"
            }
        },
        "privatebranches": "1"
    }
}