{
    "appid": "3518110",
    "type": "Game",
    "name": "Exit The Abyss",
    "schinese_name": "",
    "isfreeapp": "0",
    "change_number": "29020681",
    "update_time": "2025-05-16 17:16:45",
    "depot": {
        "3518111": {
            "manifests": {
                "public": {
                    "gid": "98714731439426095",
                    "size": "1191660915",
                    "download": "542046496"
                }
            },
            "decryptionkey": "158e16f41d8e718922eff576e3d84214cf5d688e7fc47cab9c31e2f1625d5f91"
        },
        "branches": {
            "public": {
                "buildid": "18351937",
                "timeupdated": "1746483529"
            }
        }
    }
}