{
    "appid": "3280600",
    "type": "DLC",
    "name": "Operation: Polygon Storm - Chernobyl DLC",
    "schinese_name": "",
    "isfreeapp": "0",
    "change_number": "25826673",
    "update_time": "2024-10-22 04:01:22",
    "depot": {
        "3280600": {
            "dlcappid": "3280600",
            "manifests": {
                "public": {
                    "gid": "3490105872747958954",
                    "size": "5920",
                    "download": "1408"
                }
            },
            "decryptionkey": "393c5e207b5f65ede5c5cc4b83074e5e2ddf683b5b036e90fc3c84ad3e7250b2"
        },
        "branches": {
            "public": {
                "buildid": "16010059",
                "timeupdated": "1728653877"
            }
        }
    }
}