{
    "appid": "2971610",
    "type": "Game",
    "name": "HOLE",
    "schinese_name": "",
    "isfreeapp": "0",
    "change_number": "29015859",
    "update_time": "2025-05-16 11:19:47",
    "depot": {
        "228989": {
            "config": {
                "oslist": "windows"
            },
            "depotfromapp": "228980",
            "sharedinstall": "1"
        },
        "228990": {
            "config": {
                "oslist": "windows"
            },
            "depotfromapp": "228980",
            "sharedinstall": "1"
        },
        "2971611": {
            "config": {
                "oslist": "windows",
                "osarch": "64"
            },
            "manifests": {
                "public": {
                    "gid": "5860291666739097946",
                    "size": "595458086",
                    "download": "423455808"
                }
            },
            "decryptionkey": "bda4eb90b24a22450e4c9d653dc76a921d76d75528de7dbd5e0b6acaf1d7250a"
        },
        "branches": {
            "public": {
                "buildid": "18154856",
                "timeupdated": "1744964844"
            }
        }
    }
}