{
    "appid": "3156640",
    "type": "Game",
    "name": "Split Brain",
    "schinese_name": "",
    "isfreeapp": "0",
    "change_number": "29016345",
    "update_time": "2025-05-16 12:06:48",
    "depot": {
        "3156641": {
            "manifests": {
                "public": {
                    "gid": "8080826975113618976",
                    "size": "5810607789",
                    "download": "708222112"
                },
                "beta": {
                    "gid": "8080826975113618976",
                    "size": "5810607789",
                    "download": "708222112"
                }
            },
            "decryptionkey": "4d2a736692832b5c26486da735a09dbfa2ada6cf9d549277dcaeb9553017027c"
        },
        "branches": {
            "public": {
                "buildid": "18278219",
                "timeupdated": "1746026672"
            },
            "beta": {
                "buildid": "18278219",
                "description": "Used to test new versions",
                "timeupdated": "1745921498"
            }
        }
    }
}