{
    "appid": "3313420",
    "type": "Game",
    "name": "捱光：金瓶梅",
    "schinese_name": "",
    "isfreeapp": "0",
    "change_number": "28817277",
    "update_time": "2025-05-05 14:08:30",
    "depot": {
        "baselanguages": "english,schinese,tchinese",
        "3313421": {
            "config": {
                "oslist": "windows",
                "osarch": "64"
            },
            "manifests": {
                "public": {
                    "gid": "1309439579035161746",
                    "size": "460836445",
                    "download": "345135072"
                }
            },
            "decryptionkey": "ca8dbb70072833b2dd42e00902caf16e9afeead04fabc282795d404b2ed0527b"
        },
        "branches": {
            "public": {
                "buildid": "17472339",
                "timeupdated": "1740302981"
            }
        }
    }
}