{
    "appid": "3496450",
    "type": "Demo",
    "name": "Shadowveil: Legend of The Five Rings Demo",
    "schinese_name": "",
    "isfreeapp": "0",
    "change_number": "27832641",
    "update_time": "2025-03-07 17:53:25",
    "depot": {
        "228989": {
            "config": {
                "oslist": "windows"
            },
            "depotfromapp": "228980",
            "sharedinstall": "1"
        },
        "228990": {
            "config": {
                "oslist": "windows"
            },
            "depotfromapp": "228980",
            "sharedinstall": "1"
        },
        "229000": {
            "config": {
                "oslist": "windows"
            },
            "depotfromapp": "228980",
            "sharedinstall": "1"
        },
        "3496451": {
            "manifests": {
                "public": {
                    "gid": "2633137923112979213",
                    "size": "8757763138",
                    "download": "8240202752"
                }
            },
            "decryptionkey": "b1752e3582ba1ee1990094586aebb74fe95b941d99611130cfc9450f7313da4d"
        },
        "branches": {
            "public": {
                "buildid": "17632858",
                "timeupdated": "1741341201"
            }
        },
        "privatebranches": "1"
    }
}