{
    "appid": "3119940",
    "type": "Demo",
    "name": "Altered Alma Demo",
    "schinese_name": "",
    "isfreeapp": "0",
    "change_number": "27409879",
    "update_time": "2025-02-11 06:38:47",
    "depot": {
        "3119941": {
            "manifests": {
                "public": {
                    "gid": "659165452003529766",
                    "size": "2934529729",
                    "download": "479276288"
                }
            },
            "decryptionkey": "c0bd554600bffc8d3c8e21eb1f0210a5efacec77436e1332c3b9c9d21594288c"
        },
        "branches": {
            "public": {
                "buildid": "15678295",
                "timeupdated": "1726149953"
            }
        },
        "privatebranches": "1"
    }
}