{
    "appid": "3123520",
    "type": "Game",
    "name": "リア充爆発しろ！ Normies Should Burn!",
    "schinese_name": "",
    "isfreeapp": "0",
    "change_number": "25290864",
    "update_time": "2024-09-19 11:38:26",
    "depot": {
        "3123521": {
            "manifests": {
                "public": {
                    "gid": "4492273184917476414",
                    "size": "159079299",
                    "download": "151366272"
                }
            },
            "decryptionkey": "9c6508bc8141f7d6a4647fd0f1a6defd0fb5809ff2626342d0c6c3ab599481e3"
        },
        "branches": {
            "public": {
                "buildid": "15588472",
                "timeupdated": "1725443643"
            }
        }
    }
}