{
    "appid": "2971560",
    "type": "Music",
    "name": "Star Leaping Story Soundtrack",
    "schinese_name": "",
    "isfreeapp": "0",
    "change_number": "24328596",
    "update_time": "2024-07-16 02:47:06",
    "depot": {
        "2971561": {
            "manifests": {
                "public": {
                    "gid": "3246142756435112094",
                    "size": "34193629",
                    "download": "34132576"
                }
            },
            "decryptionkey": "297fa35848c3adccf71610a2bff3e693cabda84617cdda91d7880f32274c49e2"
        },
        "2971565": {
            "config": {
                "highqualityaudio": "1"
            },
            "manifests": {
                "public": {
                    "gid": "8603203884709277856",
                    "size": "536910100",
                    "download": "403741504"
                }
            },
            "decryptionkey": "86ce08789e1083816f82200e5000153941f02915ce784e9e29c41ba819cee948"
        },
        "branches": {
            "public": {
                "buildid": "14818453",
                "timeupdated": "1719236248"
            }
        }
    }
}