{
    "appid": "3264000",
    "type": "Demo",
    "name": "Whispering Death Demo",
    "schinese_name": "",
    "isfreeapp": "0",
    "change_number": "25791211",
    "update_time": "2024-10-19 02:33:24",
    "depot": {
        "3264001": {
            "manifests": {
                "public": {
                    "gid": "7763424022500696084",
                    "size": "3893243715",
                    "download": "824026256"
                }
            },
            "decryptionkey": "a8c432ccb816fc3de0bc92575d1db6f80653cb2551426f4f16d5efd5fca07caa"
        },
        "branches": {
            "public": {
                "buildid": "16099952",
                "timeupdated": "1729276401"
            }
        }
    }
}