{
    "appid": "3273470",
    "type": "Demo",
    "name": "Blok Ekipa: Alkoholipsa Demo",
    "schinese_name": "",
    "isfreeapp": "0",
    "change_number": "27726797",
    "update_time": "2025-03-01 06:45:50",
    "depot": {
        "3273471": {
            "manifests": {
                "public": {
                    "gid": "7032707337462624013",
                    "size": "2303219552",
                    "download": "1203046096"
                }
            },
            "decryptionkey": "aa52650c4ac7cac0a4113940795ec09842a70be54c0558b799f5050f5549e0d9"
        },
        "branches": {
            "public": {
                "buildid": "16050983",
                "timeupdated": "1728992741"
            }
        }
    }
}