{
    "appid": "3050530",
    "type": "Game",
    "name": "Shokudo Underworld",
    "schinese_name": "地窖食堂",
    "isfreeapp": "0",
    "change_number": "29015909",
    "update_time": "2025-05-16 11:24:49",
    "depot": {
        "baselanguages": "english,schinese,tchinese",
        "3050531": {
            "config": {
                "oslist": "windows"
            },
            "manifests": {
                "public": {
                    "gid": "2518400908925431721",
                    "size": "892833631",
                    "download": "108492368"
                }
            },
            "decryptionkey": "294b7df43e7d2562da87aabd6137313799278197987bcb4d426e947a7408d0be"
        },
        "3050532": {
            "config": {
                "oslist": "macos"
            },
            "manifests": {
                "public": {
                    "gid": "8760372796904089968",
                    "size": "935036790",
                    "download": "121831360"
                }
            },
            "decryptionkey": ""
        },
        "branches": {
            "public": {
                "buildid": "16340011",
                "timeupdated": "1731061689"
            }
        },
        "privatebranches": "1"
    }
}