{
    "appid": "3380330",
    "type": "DLC",
    "name": "Hookah Haze Artbook",
    "schinese_name": "水烟水雾 Artbook",
    "isfreeapp": "0",
    "change_number": "26718957",
    "update_time": "2024-12-20 01:56:10",
    "depot": {
        "3380330": {
            "manifests": {
                "public": {
                    "gid": "3416230567434356602",
                    "size": "699387666",
                    "download": "517875456"
                }
            },
            "dlcappid": "3380330",
            "decryptionkey": "dfe41463b473dd2c10fd52fb071653454dca04aba21db65bfd1288f8334c8ce7"
        },
        "branches": {
            "public": {
                "buildid": "16781604",
                "timeupdated": "1734492756"
            }
        }
    }
}