{
    "appid": "2983420",
    "type": "Demo",
    "name": "Kinetic Anatomy 3D Demo",
    "schinese_name": "",
    "isfreeapp": "0",
    "change_number": "23562393",
    "update_time": "2024-07-16 02:47:06",
    "depot": {
        "2983421": {
            "manifests": {
                "public": {
                    "gid": "7253623179399906465",
                    "size": "330378198",
                    "download": "130693056"
                }
            },
            "decryptionkey": "e1821731babbbf79634c2ec2170c595b282d3cefd13fd93258131cf38d8dab41"
        },
        "branches": {
            "public": {
                "buildid": "14316930",
                "timeupdated": "1715269409"
            }
        }
    }
}