{
    "appid": "3161070",
    "type": "Demo",
    "name": "Wilmot Works It Out Demo",
    "schinese_name": "",
    "isfreeapp": "0",
    "change_number": "27307589",
    "update_time": "2025-02-04 21:35:07",
    "depot": {
        "3161071": {
            "config": {
                "oslist": "windows"
            },
            "manifests": {
                "public": {
                    "gid": "8014645071982864194",
                    "size": "390743590",
                    "download": "67304976"
                }
            },
            "decryptionkey": "ba4f4a784c5d48302fca88ea9c107c12c0b4168e9a139a8dd0b2923d8a41ec5b"
        },
        "3161072": {
            "config": {
                "oslist": "macos"
            },
            "manifests": {
                "public": {
                    "gid": "1959148804148660713",
                    "size": "429339003",
                    "download": "89338816"
                }
            },
            "decryptionkey": ""
        },
        "branches": {
            "public": {
                "buildid": "15431471",
                "timeupdated": "1724143011"
            }
        }
    }
}