{
    "appid": "3092980",
    "type": "Game",
    "name": "MALL MANAGER SIMULATOR",
    "schinese_name": "",
    "isfreeapp": "0",
    "change_number": "29048192",
    "update_time": "2025-05-18 19:14:27",
    "depot": {
        "228989": {
            "config": {
                "oslist": "windows"
            },
            "depotfromapp": "228980",
            "sharedinstall": "1"
        },
        "228990": {
            "config": {
                "oslist": "windows"
            },
            "depotfromapp": "228980",
            "sharedinstall": "1"
        },
        "3092981": {
            "manifests": {
                "public": {
                    "gid": "7456456614620777781",
                    "size": "2064773946",
                    "download": "640197664"
                }
            },
            "decryptionkey": "96699788ef76dec5bbcf1402a2668343313df50ee3eafe85bd3d9f267f53dbef"
        },
        "branches": {
            "public": {
                "buildid": "18490980",
                "timeupdated": "1747397463"
            }
        }
    }
}