{
    "appid": "2958330",
    "type": "Demo",
    "name": "OMG Words Demo",
    "schinese_name": "",
    "isfreeapp": "0",
    "change_number": "26848723",
    "update_time": "2025-01-03 15:27:14",
    "depot": {
        "2958331": {
            "manifests": {
                "public": {
                    "gid": "5741038928794518697",
                    "size": "160693571",
                    "download": "54284064"
                }
            },
            "decryptionkey": "7961f5f56f40b946b289b97050305d351b917e87e798a140784dc5c783d0024d"
        },
        "branches": {
            "public": {
                "buildid": "15774532",
                "timeupdated": "1726857614"
            }
        }
    }
}