{
    "appid": "3521860",
    "type": "Game",
    "name": "Wolf on Rail",
    "schinese_name": "电车之狼",
    "isfreeapp": "0",
    "change_number": "28825050",
    "update_time": "2025-05-05 23:31:00",
    "depot": {
        "baselanguages": "english",
        "3521861": {
            "config": {
                "oslist": "windows"
            },
            "manifests": {
                "public": {
                    "gid": "8453476761058067006",
                    "size": "2203498028",
                    "download": "1999235008"
                }
            },
            "decryptionkey": "ad72b1afd0ffbd442ab1437a9c0874efd5d6c08e1bf9c5920c79ee839f251af2"
        },
        "branches": {
            "public": {
                "buildid": "18071261",
                "timeupdated": "1744372281"
            }
        }
    }
}