{
    "appid": "3126830",
    "type": "DLC",
    "name": "Cat Quest III: The World of Cat Quest Artbook",
    "schinese_name": "",
    "isfreeapp": "0",
    "change_number": "24698646",
    "update_time": "2024-08-08 16:15:33",
    "depot": {
        "3126830": {
            "dlcappid": "3126830",
            "config": {
                "oslist": "windows"
            },
            "manifests": {
                "public": {
                    "gid": "105293413303831502",
                    "size": "277782304",
                    "download": "270564048"
                }
            },
            "decryptionkey": "2fbc72271a2d3dd17d70b1d956e5e947e84eda431bc4b8cdf67768636b414880"
        },
        "branches": {
            "public": {
                "buildid": "15237155",
                "timeupdated": "1722589738"
            }
        }
    }
}