{
    "appid": "3613910",
    "type": "Game",
    "name": "Pipeline Crawl",
    "schinese_name": "",
    "isfreeapp": "0",
    "change_number": "28733152",
    "update_time": "2025-04-30 01:54:27",
    "depot": {
        "228989": {
            "config": {
                "oslist": "windows"
            },
            "depotfromapp": "228980",
            "sharedinstall": "1"
        },
        "228990": {
            "config": {
                "oslist": "windows"
            },
            "depotfromapp": "228980",
            "sharedinstall": "1"
        },
        "3613911": {
            "manifests": {
                "public": {
                    "gid": "4593426045442923921",
                    "size": "782541038",
                    "download": "619139792"
                }
            },
            "decryptionkey": "be8654b02a3d8ef6fb1dbba5be7c2034dea9fa9db03cbb7754875139898e529d"
        },
        "branches": {
            "public": {
                "buildid": "18263122",
                "timeupdated": "1745832762"
            }
        }
    }
}