{
    "appid": "3038100",
    "type": "Demo",
    "name": "Survivor World Demo",
    "schinese_name": "",
    "isfreeapp": "0",
    "change_number": "24429070",
    "update_time": "2024-07-19 16:52:14",
    "depot": {
        "3038101": {
            "manifests": {
                "public": {
                    "gid": "1533337045553259810",
                    "size": "703235528",
                    "download": "138732768"
                }
            },
            "decryptionkey": "72d69a92c8e859f081066e0c00a20eea00f58f693c2f07cdba27082d89f34a0b"
        },
        "branches": {
            "public": {
                "buildid": "15086550",
                "timeupdated": "1721379130"
            }
        }
    }
}