{
    "appid": "3215470",
    "type": "Demo",
    "name": "Octopus Goulash Demo",
    "schinese_name": "",
    "isfreeapp": "0",
    "change_number": "26091115",
    "update_time": "2024-11-07 22:51:55",
    "depot": {
        "baselanguages": "english,italian",
        "3215471": {
            "config": {
                "oslist": "windows"
            },
            "manifests": {
                "public": {
                    "gid": "4811123841568109685",
                    "size": "2989330907",
                    "download": "1605650272"
                }
            },
            "decryptionkey": "2b7d9a2f41b76ba0ef927242f9dabaa7365b6cee569e7da5b682607f1971886d"
        },
        "branches": {
            "public": {
                "buildid": "16028752",
                "timeupdated": "1728850364"
            }
        }
    }
}