{
    "appid": "3413760",
    "type": "Beta",
    "name": "MI.N.S.K. Playtest",
    "schinese_name": "",
    "isfreeapp": "0",
    "change_number": "27502928",
    "update_time": "2025-02-16 21:23:34",
    "depot": {
        "228989": {
            "config": {
                "oslist": "windows"
            },
            "depotfromapp": "228980",
            "sharedinstall": "1"
        },
        "228990": {
            "config": {
                "oslist": "windows"
            },
            "depotfromapp": "228980",
            "sharedinstall": "1"
        },
        "3413762": {
            "config": {
                "oslist": "windows"
            },
            "manifests": {
                "public": {
                    "gid": "7483687066509721761",
                    "size": "14058981908",
                    "download": "13093668544"
                }
            },
            "decryptionkey": "f5078e2520009008e0c8e9cac077ff47b19d42d874bf76b287db74735a8c3da8"
        },
        "branches": {
            "public": {
                "buildid": "17477364",
                "timeupdated": "1740357192"
            }
        }
    }
}