{
    "appid": "3050140",
    "type": "Game",
    "name": "Radiant Princess - Poni Ceres",
    "schinese_name": "闪光圣姬马尾天星",
    "isfreeapp": "0",
    "change_number": "29015909",
    "update_time": "2025-05-16 11:24:50",
    "depot": {
        "3050141": {
            "manifests": {
                "public": {
                    "gid": "3103635125461049595",
                    "size": "927781183",
                    "download": "748243088"
                }
            },
            "decryptionkey": "686eba539c686cd7e11cf85b49d996cbba080e9b0c57203382f30e09a9d5d5e9"
        },
        "3050142": {
            "config": {
                "language": "schinese"
            },
            "manifests": {
                "public": {
                    "gid": "8135715556116278715",
                    "size": "830773644",
                    "download": "706679312"
                }
            },
            "decryptionkey": "5383e3ad1ff7172ed456cc3d5d664aa8365fe105e5d061517137694b56e08170"
        },
        "3050143": {
            "config": {
                "language": "japanese"
            },
            "manifests": {
                "public": {
                    "gid": "6719885662547009481",
                    "size": "776344249",
                    "download": "702525792"
                }
            },
            "decryptionkey": "8f06b578e2debab18ea9ad40c9e44a8ac60a42f3d6abd60d7962d148e075e60c"
        },
        "branches": {
            "public": {
                "buildid": "16394113",
                "timeupdated": "1731511953"
            }
        }
    }
}