{
    "appid": "3549740",
    "type": "Game",
    "name": "The Last Camp",
    "schinese_name": "最后的营地",
    "isfreeapp": "0",
    "change_number": "28026636",
    "update_time": "2025-03-19 13:24:49",
    "depot": {
        "228989": {
            "config": {
                "oslist": "windows"
            },
            "depotfromapp": "228980",
            "sharedinstall": "1"
        },
        "228990": {
            "config": {
                "oslist": "windows"
            },
            "depotfromapp": "228980",
            "sharedinstall": "1"
        },
        "3549741": {
            "manifests": {
                "public": {
                    "gid": "9062062924420517347",
                    "size": "1961039852",
                    "download": "1735423248"
                }
            },
            "decryptionkey": "75eac657eeaa2b5c4008b2c3e6f0d29c86be54a6407ff597ca40f068eac5a751"
        },
        "baselanguages": "english,schinese",
        "branches": {
            "public": {
                "buildid": "17775672",
                "timeupdated": "1742361884"
            }
        }
    }
}