{
    "appid": "3040560",
    "type": "Game",
    "name": "Elite Exorcist Miko",
    "schinese_name": "",
    "isfreeapp": "0",
    "change_number": "29015909",
    "update_time": "2025-05-16 11:24:44",
    "depot": {
        "3040561": {
            "manifests": {
                "public": {
                    "gid": "6546264240232945076",
                    "size": "326680820",
                    "download": "167047536"
                }
            },
            "decryptionkey": "9c72d9ba7bb49316b56c5f8448248757c1cc213d57cc01bcc4c9c49935cdbdb5"
        },
        "branches": {
            "public": {
                "buildid": "17200781",
                "timeupdated": "1738338210"
            }
        },
        "privatebranches": "1"
    }
}