{
    "appid": "3174920",
    "type": "Game",
    "name": "Rise of a Porn Star",
    "schinese_name": "",
    "isfreeapp": "0",
    "change_number": "29016408",
    "update_time": "2025-05-16 12:12:44",
    "depot": {
        "3174921": {
            "manifests": {
                "public": {
                    "gid": "3916673450425806517",
                    "size": "19362842812",
                    "download": "6691417472"
                }
            },
            "decryptionkey": "a4faf2ddfdb789c2c80dfa0fb7fa699a0cc898054250ae31a6ebbcf44de6b364"
        },
        "branches": {
            "public": {
                "buildid": "15760906",
                "timeupdated": "1726771093"
            }
        }
    }
}