{
    "appid": "3173880",
    "type": "Demo",
    "name": "Holiday Party Demo",
    "schinese_name": "",
    "isfreeapp": "0",
    "change_number": "26586307",
    "update_time": "2024-12-11 11:14:19",
    "depot": {
        "228989": {
            "config": {
                "oslist": "windows"
            },
            "depotfromapp": "228980",
            "sharedinstall": "1"
        },
        "228990": {
            "config": {
                "oslist": "windows"
            },
            "depotfromapp": "228980",
            "sharedinstall": "1"
        },
        "3173881": {
            "config": {
                "language": "english",
                "oslist": "windows",
                "osarch": "64"
            },
            "manifests": {
                "public": {
                    "gid": "2968540442400183262",
                    "size": "4650649259",
                    "download": "4529564624"
                }
            },
            "decryptionkey": "0e5a3cfd3d9efbd54b4164291b1d460d41775ce166b64b27ee0f73e684251add"
        },
        "branches": {
            "public": {
                "buildid": "16702429",
                "timeupdated": "1733886807"
            }
        }
    }
}