{
    "appid": "3015890",
    "type": "Demo",
    "name": "Bedroom Battlegrounds Demo",
    "schinese_name": "",
    "isfreeapp": "0",
    "change_number": "26478159",
    "update_time": "2024-12-04 22:14:46",
    "depot": {
        "3015891": {
            "manifests": {
                "public": {
                    "gid": "4694158312016886490",
                    "size": "799062428",
                    "download": "313237088"
                }
            },
            "decryptionkey": "78157b10239873354751da7d46a3d7df096b4384fd83cb90d33ed53df2d4a31c"
        },
        "baselanguages": "english",
        "branches": {
            "public": {
                "buildid": "16620778",
                "timeupdated": "1733263165"
            }
        },
        "privatebranches": "1"
    }
}