{
    "appid": "3462260",
    "type": "Demo",
    "name": "Aethermancer Demo",
    "schinese_name": "",
    "isfreeapp": "0",
    "change_number": "27729078",
    "update_time": "2025-03-01 10:48:03",
    "depot": {
        "3462261": {
            "manifests": {
                "public": {
                    "gid": "1594287367751091862",
                    "size": "4198475435",
                    "download": "488691328"
                }
            },
            "decryptionkey": "41f778836a9554baea47e7307b581c0d01af86432ca79b48a49c0fb997416587"
        },
        "branches": {
            "public": {
                "buildid": "17498394",
                "timeupdated": "1740489933"
            }
        },
        "privatebranches": "1"
    }
}