{
    "appid": "3345500",
    "type": "Game",
    "name": "饥饿的英灵殿",
    "schinese_name": "",
    "isfreeapp": "0",
    "change_number": "27394098",
    "update_time": "2025-02-10 12:26:58",
    "depot": {
        "baselanguages": "schinese",
        "hasdepotsindlc": "1",
        "3345501": {
            "config": {
                "oslist": "windows"
            },
            "manifests": {
                "public": {
                    "gid": "6524593449341994360",
                    "size": "695849818",
                    "download": "447588640"
                }
            },
            "decryptionkey": "3561f0042961508399c87d3cc65ee2382cadbc7a575051241898e13938e1187c"
        },
        "branches": {
            "public": {
                "buildid": "17302364",
                "timeupdated": "1739161589"
            }
        }
    }
}