{
    "appid": "3269630",
    "type": "Game",
    "name": "Archaeology - Frozen Village",
    "schinese_name": "",
    "isfreeapp": "0",
    "change_number": "28414754",
    "update_time": "2025-04-11 03:11:19",
    "depot": {
        "3269631": {
            "manifests": {
                "public": {
                    "gid": "675095960498995973",
                    "size": "1023248061",
                    "download": "205767872"
                }
            },
            "decryptionkey": "eb2afd92be42fd3e25c52636d383537b6a845f5dd7d58d718e529ced2cb40cf2"
        },
        "branches": {
            "public": {
                "buildid": "17587187",
                "timeupdated": "1741083529"
            }
        }
    }
}