{
    "appid": "3270560",
    "type": "Game",
    "name": "Boo Boo Booster",
    "schinese_name": "",
    "isfreeapp": "0",
    "change_number": "28626069",
    "update_time": "2025-04-24 00:27:40",
    "depot": {
        "baselanguages": "english,schinese,japanese",
        "3270561": {
            "config": {
                "oslist": "windows",
                "osarch": "64"
            },
            "manifests": {
                "public": {
                    "gid": "4057103155256148454",
                    "size": "496645564",
                    "download": "343131680"
                }
            },
            "decryptionkey": "f8633e70d36ca32eba4c93f069278dc430921e0b7e9b1d2992d493ec36f0dbfe"
        },
        "branches": {
            "public": {
                "buildid": "18206761",
                "timeupdated": "1745406976"
            }
        },
        "privatebranches": "1"
    }
}