{
    "appid": "3226890",
    "type": "Game",
    "name": "The Great Yokai of the Haunted Halls",
    "schinese_name": "旧校舍的大妖怪",
    "isfreeapp": "0",
    "change_number": "29016468",
    "update_time": "2025-05-16 12:19:14",
    "depot": {
        "3226891": {
            "manifests": {
                "public": {
                    "gid": "4532379913216304289",
                    "size": "509259205",
                    "download": "388692672"
                }
            },
            "decryptionkey": "78ff1b54b9ac4bc905ec6a05a65d4f8a6d1004f44ef7dfe94f57398912b91f84"
        },
        "3226892": {
            "config": {
                "language": "schinese"
            },
            "manifests": {
                "public": {
                    "gid": "7923698233544693078",
                    "size": "350004423",
                    "download": "338986288"
                }
            },
            "decryptionkey": "63fa57eb6e5d85f1b2e66750c2dba88ed134c8cb5004cf56fa0a98d428e338d7"
        },
        "3226893": {
            "config": {
                "language": "japanese"
            },
            "manifests": {
                "public": {
                    "gid": "3537641418935795360",
                    "size": "348378107",
                    "download": "338866144"
                }
            },
            "decryptionkey": ""
        },
        "branches": {
            "public": {
                "buildid": "17047710",
                "timeupdated": "1737170167"
            }
        }
    }
}