{
    "appid": "2985940",
    "type": "Demo",
    "name": "Altarium Demo",
    "schinese_name": "",
    "isfreeapp": "0",
    "change_number": "25846781",
    "update_time": "2024-10-23 06:27:52",
    "depot": {
        "228989": {
            "config": {
                "oslist": "windows"
            },
            "depotfromapp": "228980",
            "sharedinstall": "1"
        },
        "228990": {
            "config": {
                "oslist": "windows"
            },
            "depotfromapp": "228980",
            "sharedinstall": "1"
        },
        "2985941": {
            "manifests": {
                "public": {
                    "gid": "490267920102708170",
                    "size": "22047332857",
                    "download": "19573056864"
                }
            },
            "decryptionkey": "604ce237e5cd511b4d85f969c3c318e76f229394c08278f8c950352a601caaf7"
        },
        "branches": {
            "public": {
                "buildid": "14666498",
                "timeupdated": "1718034822"
            }
        }
    }
}