{
    "appid": "3128840",
    "type": "Game",
    "name": "少年亚瑟：西域传说",
    "schinese_name": "",
    "isfreeapp": "0",
    "change_number": "26672700",
    "update_time": "2024-12-17 13:57:49",
    "depot": {
        "3128841": {
            "config": {
                "oslist": "windows"
            },
            "manifests": {
                "public": {
                    "gid": "6348984462778860551",
                    "size": "407527284",
                    "download": "381715392"
                }
            },
            "decryptionkey": "dd389f301481196022542fbc51caa8a5e227fe5494036b09ba7b48749661d3e1"
        },
        "baselanguages": "schinese",
        "branches": {
            "public": {
                "buildid": "16769128",
                "timeupdated": "1734415064"
            }
        }
    }
}