{
    "appid": "3164320",
    "type": "Game",
    "name": "TheLandOfFog",
    "schinese_name": "",
    "isfreeapp": "0",
    "change_number": "25453308",
    "update_time": "2024-09-30 14:32:17",
    "depot": {
        "228988": {
            "config": {
                "oslist": "windows"
            },
            "depotfromapp": "228980",
            "sharedinstall": "1"
        },
        "228990": {
            "config": {
                "oslist": "windows"
            },
            "depotfromapp": "228980",
            "sharedinstall": "1"
        },
        "229002": {
            "config": {
                "oslist": "windows"
            },
            "depotfromapp": "228980",
            "sharedinstall": "1"
        },
        "3164321": {
            "manifests": {
                "public": {
                    "gid": "6058287283229396523",
                    "size": "667294216",
                    "download": "415964704"
                }
            },
            "decryptionkey": "6f314308ee857df6203b7e5570e722088516cba58e8483f09f6cbbef9e4c8dd2"
        },
        "baselanguages": "english,schinese,japanese",
        "branches": {
            "public": {
                "buildid": "15858924",
                "timeupdated": "1727502322"
            }
        }
    }
}