{
    "appid": "3384640",
    "type": "Music",
    "name": "Castle of Shikigami 3 Soundtrack",
    "schinese_name": "",
    "isfreeapp": "0",
    "change_number": "28019573",
    "update_time": "2025-03-19 03:53:05",
    "depot": {
        "3384641": {
            "manifests": {
                "public": {
                    "gid": "6476856846580405415",
                    "size": "113027913",
                    "download": "110826048"
                }
            },
            "decryptionkey": "d577001fe93731e8d5c75086edd21ae91fa86b2b9bcc459b98547bd73db88d05"
        },
        "branches": {
            "public": {
                "buildid": "17101463",
                "timeupdated": "1737614955"
            }
        }
    }
}