{
    "appid": "3069100",
    "type": "Demo",
    "name": "Under The Waves Demo",
    "schinese_name": "",
    "isfreeapp": "0",
    "change_number": "25154887",
    "update_time": "2024-09-10 18:11:07",
    "depot": {
        "228989": {
            "config": {
                "oslist": "windows"
            },
            "depotfromapp": "228980",
            "sharedinstall": "1"
        },
        "228990": {
            "config": {
                "oslist": "windows"
            },
            "depotfromapp": "228980",
            "sharedinstall": "1"
        },
        "3069101": {
            "manifests": {
                "public": {
                    "gid": "3900446333873229168",
                    "size": "8607205048",
                    "download": "6451425008"
                }
            },
            "decryptionkey": "51703515d07055492fdcedecde4327a4978e2a0bc26c57e7afbaa73dca74ce7e"
        },
        "branches": {
            "public": {
                "buildid": "14875043",
                "timeupdated": "1719596303"
            }
        }
    }
}