{
    "appid": "3335290",
    "type": "Demo",
    "name": "SANTA Demo",
    "schinese_name": "",
    "isfreeapp": "0",
    "change_number": "26719627",
    "update_time": "2024-12-20 03:03:56",
    "depot": {
        "228989": {
            "config": {
                "oslist": "windows"
            },
            "depotfromapp": "228980",
            "sharedinstall": "1"
        },
        "228990": {
            "config": {
                "oslist": "windows"
            },
            "depotfromapp": "228980",
            "sharedinstall": "1"
        },
        "3335291": {
            "manifests": {
                "public": {
                    "gid": "1190349096628401250",
                    "size": "3130988026",
                    "download": "2503826336"
                }
            },
            "decryptionkey": "5ae4f0d2ee5daa776bb6c12cfcd44af04129fcfac9f4e18ab2f3a2a357c319b5"
        },
        "baselanguages": "english,german,french,italian,koreana,spanish,schinese,tchinese,russian,japanese,portuguese,polish,danish,dutch,finnish,norwegian,swedish,hungarian,czech,romanian,turkish,brazilian,bulgarian,greek,ukrainian,latam,vietnamese",
        "branches": {
            "public": {
                "buildid": "16745491",
                "timeupdated": "1734178641"
            }
        }
    }
}