{
    "appid": "3160750",
    "type": "Demo",
    "name": "Spin Hero Demo",
    "schinese_name": "",
    "isfreeapp": "0",
    "change_number": "26868199",
    "update_time": "2025-01-05 23:14:02",
    "depot": {
        "3160751": {
            "manifests": {
                "public": {
                    "gid": "8105393945456588460",
                    "size": "345518200",
                    "download": "226435232"
                }
            },
            "decryptionkey": "799712c4e602be888a8b6d54ac31e855f95c327da0c06ded4b8bb77da06cc727"
        },
        "branches": {
            "public": {
                "buildid": "15968574",
                "timeupdated": "1728399313"
            }
        }
    }
}