{
    "appid": "3196460",
    "type": "Game",
    "name": "Wukong Monkey King's Journey West",
    "schinese_name": "悟空：猴王西游记",
    "isfreeapp": "0",
    "change_number": "29046532",
    "update_time": "2025-05-18 14:26:54",
    "depot": {
        "3196461": {
            "manifests": {
                "public": {
                    "gid": "7250750487509132023",
                    "size": "8131481545",
                    "download": "3011085360"
                }
            },
            "decryptionkey": "dc1b75717c148da0e70b613f13dd55d0392afcb203b8dbb86825801f4d1a84e8"
        },
        "branches": {
            "public": {
                "buildid": "18507125",
                "timeupdated": "1747549609"
            }
        }
    }
}