{
    "appid": "2987510",
    "type": "Demo",
    "name": "大菠萝马戏团 Demo",
    "schinese_name": "大菠萝马戏团",
    "isfreeapp": "0",
    "change_number": "27382914",
    "update_time": "2025-02-09 07:27:49",
    "depot": {
        "2987511": {
            "config": {
                "oslist": "windows"
            },
            "manifests": {
                "public": {
                    "gid": "2299713713219094539",
                    "size": "331703227",
                    "download": "97308384"
                }
            },
            "decryptionkey": "39cdee50e8a3ef60a0315c2da7f9adbddbffbec7da6a9792e632fc4bce93f672"
        },
        "2987512": {
            "config": {
                "oslist": "macos"
            },
            "manifests": {
                "public": {
                    "gid": "8206925948658061388",
                    "size": "325249984",
                    "download": "96121488"
                }
            },
            "decryptionkey": ""
        },
        "branches": {
            "public": {
                "buildid": "15008717",
                "timeupdated": "1720754148"
            }
        }
    }
}