{
    "appid": "3624230",
    "type": "Music",
    "name": "The Expedition Soundtrack",
    "schinese_name": "",
    "isfreeapp": "0",
    "change_number": "28845385",
    "update_time": "2025-05-07 00:21:59",
    "depot": {
        "3624231": {
            "manifests": {
                "public": {
                    "gid": "2762542211412392740",
                    "size": "7730308",
                    "download": "7653728"
                }
            },
            "decryptionkey": "e1a3fc55bf0b0dbed542fcc686200fb52b5cc64a1c25ae9f78fecdf4a3215961"
        },
        "branches": {
            "public": {
                "buildid": "17991872",
                "timeupdated": "1743809518"
            }
        }
    }
}