{
    "appid": "3377310",
    "type": "Game",
    "name": "SEX EXIT 🔞",
    "schinese_name": "",
    "isfreeapp": "0",
    "change_number": "28865358",
    "update_time": "2025-05-08 00:04:25",
    "depot": {
        "3377311": {
            "manifests": {
                "public": {
                    "gid": "4758747881463782546",
                    "size": "3372622626",
                    "download": "1648856592"
                }
            },
            "decryptionkey": "288b4e25414195680a870d696104b3631f4474b27a9dc54da989176df7428e99"
        },
        "branches": {
            "public": {
                "buildid": "17826313",
                "timeupdated": "1742734491"
            }
        }
    }
}