{
    "appid": "2947240",
    "type": "Game",
    "name": "Kimi no Hitomi ni Hit Me",
    "schinese_name": "你的眼眸命中我心头",
    "isfreeapp": "0",
    "change_number": "28163959",
    "update_time": "2025-03-27 14:15:50",
    "depot": {
        "2947241": {
            "manifests": {
                "public": {
                    "gid": "7442657284273265363",
                    "size": "6672178879",
                    "download": "6206197056"
                }
            },
            "decryptionkey": "44386febfdbf66da789f698a5ffe214dadfcbe59dd863fe10ad556f7c53104ce"
        },
        "branches": {
            "public": {
                "buildid": "16852458",
                "timeupdated": "1735215677"
            }
        },
        "privatebranches": "1"
    }
}