{
    "appid": "2968090",
    "type": "Demo",
    "name": "Celestia: Chain of Fate Demo",
    "schinese_name": "",
    "isfreeapp": "0",
    "change_number": "25200962",
    "update_time": "2024-09-13 07:46:59",
    "depot": {
        "228989": {
            "config": {
                "oslist": "windows"
            },
            "depotfromapp": "228980",
            "sharedinstall": "1"
        },
        "228990": {
            "config": {
                "oslist": "windows"
            },
            "depotfromapp": "228980",
            "sharedinstall": "1"
        },
        "2968091": {
            "manifests": {
                "public": {
                    "gid": "2509142843683403489",
                    "size": "626897323",
                    "download": "461444576"
                }
            },
            "decryptionkey": "b2bf86a26e72070421b61068b61470db56ab10f545dbd8e33805dd9641402574"
        },
        "branches": {
            "public": {
                "buildid": "15288523",
                "timeupdated": "1723036777"
            }
        },
        "privatebranches": "1"
    }
}