{
    "appid": "3001170",
    "type": "Demo",
    "name": "灾厄幸存者 Demo",
    "schinese_name": "",
    "isfreeapp": "0",
    "change_number": "24082814",
    "update_time": "2024-07-16 02:47:07",
    "depot": {
        "hasdepotsindlc": "0",
        "baselanguages": "english,schinese",
        "3001171": {
            "config": {
                "oslist": "windows"
            },
            "manifests": {
                "public": {
                    "gid": "125399594443849457",
                    "size": "111596692",
                    "download": "49817808"
                }
            },
            "decryptionkey": "cda3521ee3e7a7f35bfef669a0fc8724b63c36b973dc5ac1926bd5116dd14504"
        },
        "3001172": {
            "config": {
                "oslist": "macos"
            },
            "manifests": {
                "public": {
                    "gid": "3781352426880575823",
                    "size": "135762972",
                    "download": "57412704"
                }
            },
            "decryptionkey": ""
        },
        "branches": {
            "public": {
                "buildid": "14808512",
                "timeupdated": "1719127111"
            }
        }
    }
}