{
    "appid": "3100490",
    "type": "Demo",
    "name": "Ink Reverie Demo",
    "schinese_name": "岁久丹青 Demo",
    "isfreeapp": "0",
    "change_number": "27024033",
    "update_time": "2025-01-16 19:46:56",
    "depot": {
        "baselanguages": "english",
        "3100491": {
            "config": {
                "oslist": "windows,linux"
            },
            "manifests": {
                "public": {
                    "gid": "6236086801896859058",
                    "size": "4681395979",
                    "download": "1185521312"
                }
            },
            "decryptionkey": "0fd200467bcd295239c67c697503cf1554c5cf3f2d08efa635ecd69e1aefff7c"
        },
        "3100492": {
            "config": {
                "oslist": "macos",
                "osarch": "64"
            },
            "manifests": {
                "public": {
                    "gid": "8985749071411786901",
                    "size": "4689528765",
                    "download": "1190983440"
                }
            },
            "decryptionkey": ""
        },
        "branches": {
            "public": {
                "buildid": "16151554",
                "timeupdated": "1729843935"
            }
        }
    }
}