{
    "appid": "3092350",
    "type": "Demo",
    "name": "Aerial Cleaner Demo",
    "schinese_name": "高空清洁工试玩版",
    "isfreeapp": "0",
    "change_number": "26501913",
    "update_time": "2024-12-05 13:57:00",
    "depot": {
        "baselanguages": "english,schinese,japanese",
        "3092351": {
            "config": {
                "oslist": "windows"
            },
            "manifests": {
                "public": {
                    "gid": "1937046275523128628",
                    "size": "184791185",
                    "download": "53185712"
                }
            },
            "decryptionkey": "1b81ce35e18971502930d38a950c955ff2853e69ec758c52f09983e46485739e"
        },
        "3092352": {
            "config": {
                "oslist": "macos"
            },
            "manifests": {
                "public": {
                    "gid": "7814808450681934978",
                    "size": "252640236",
                    "download": "68031824"
                }
            },
            "decryptionkey": ""
        },
        "3092353": {
            "config": {
                "oslist": "linux"
            },
            "manifests": {
                "public": {
                    "gid": "9207656343472004405",
                    "size": "206081827",
                    "download": "54004368"
                }
            },
            "decryptionkey": ""
        },
        "branches": {
            "public": {
                "buildid": "16045793",
                "timeupdated": "1728959793"
            }
        }
    }
}