{
    "appid": "3413330",
    "type": "Game",
    "name": "Ultimate Soccer",
    "schinese_name": "",
    "isfreeapp": "0",
    "change_number": "29029838",
    "update_time": "2025-05-17 01:41:35",
    "depot": {
        "228989": {
            "config": {
                "oslist": "windows"
            },
            "depotfromapp": "228980",
            "sharedinstall": "1"
        },
        "228990": {
            "config": {
                "oslist": "windows"
            },
            "depotfromapp": "228980",
            "sharedinstall": "1"
        },
        "3413331": {
            "manifests": {
                "public": {
                    "gid": "4948697849248778829",
                    "size": "716402719",
                    "download": "594120704"
                }
            },
            "decryptionkey": "6c91026a2af2b0ff52c0c25b7b17ebf0cebe87d0a28a9ae700dd4791c93a0434"
        },
        "branches": {
            "public": {
                "buildid": "18495065",
                "timeupdated": "1747417291"
            }
        }
    }
}