{
    "appid": "3003440",
    "type": "Demo",
    "name": "Astrodle Demo",
    "schinese_name": "",
    "isfreeapp": "0",
    "change_number": "26183469",
    "update_time": "2024-11-14 07:25:05",
    "depot": {
        "3003441": {
            "manifests": {
                "public": {
                    "gid": "792167987135146042",
                    "size": "185192017",
                    "download": "59493904"
                }
            },
            "decryptionkey": "b11e8fc6b9aa8bc44fa92746f80e29d5bfc975bdac441d04b594c5de9f8c48ce"
        },
        "baselanguages": "english,french",
        "branches": {
            "public": {
                "buildid": "14893357",
                "timeupdated": "1719829150"
            }
        },
        "privatebranches": "1"
    }
}