{
    "appid": "2941730",
    "type": "Demo",
    "name": "Bloodthief Demo",
    "schinese_name": "",
    "isfreeapp": "0",
    "change_number": "27522779",
    "update_time": "2025-02-18 04:35:03",
    "depot": {
        "2941732": {
            "config": {
                "language": "english",
                "oslist": "windows",
                "osarch": "64"
            },
            "manifests": {
                "public": {
                    "gid": "5650274468970992859",
                    "size": "1163529096",
                    "download": "1118052304"
                }
            },
            "decryptionkey": "d9d3402c0bb2ccc2fbb069eccb545dd60e70f16a86b7c9e2e6e7066d1832368f"
        },
        "2941733": {
            "config": {
                "language": "english",
                "oslist": "linux",
                "osarch": "64"
            },
            "manifests": {
                "public": {
                    "gid": "9023039584205824810",
                    "size": "1193956684",
                    "download": "1123846016"
                }
            },
            "decryptionkey": ""
        },
        "branches": {
            "public": {
                "buildid": "17372220",
                "timeupdated": "1739824497"
            }
        },
        "privatebranches": "1"
    }
}