{
    "appid": "3265880",
    "type": "Game",
    "name": "黏糊笔记",
    "schinese_name": "",
    "isfreeapp": "0",
    "change_number": "28204850",
    "update_time": "2025-03-29 17:17:21",
    "depot": {
        "3265881": {
            "manifests": {
                "public": {
                    "gid": "2339367673925486791",
                    "size": "660220432",
                    "download": "418993456"
                }
            },
            "decryptionkey": "5442d183f1b414a3db233b65eb81db39f211b0c98d6afe14f4af1e5c95acdde2"
        },
        "workshopdepot": "3265880",
        "branches": {
            "public": {
                "buildid": "16910000",
                "timeupdated": "1736068873"
            }
        },
        "workshopdepotdecryptionkey": "2bdcfac3b0eeb5f225dc6b27f626c3515e1f1a0c152ba11275aa778014587a75"
    }
}