{
    "appid": "3008940",
    "type": "Music",
    "name": "Starstruck Vagabond Soundtrack",
    "schinese_name": "",
    "isfreeapp": "0",
    "change_number": "23930090",
    "update_time": "2024-07-15 21:27:37",
    "depot": {
        "3008941": {
            "manifests": {
                "public": {
                    "gid": "5525760204987579584",
                    "size": "229042112",
                    "download": "197610400"
                }
            },
            "decryptionkey": "4145bfb46442d025b81e534e9c1c4314b28d3f838f53bfcd5aaa29188f985992"
        },
        "3008942": {
            "config": {
                "highqualityaudio": "1"
            },
            "manifests": {
                "public": {
                    "gid": "5349656192925059887",
                    "size": "477099640",
                    "download": "451773840"
                }
            },
            "decryptionkey": "a933e098b5b00ebad2e65f5ac083b545423e9d22a213d120b38fe1eb70827075"
        },
        "branches": {
            "public": {
                "buildid": "14433545",
                "timeupdated": "1716243963"
            }
        }
    }
}