{
    "appid": "2963170",
    "type": "Demo",
    "name": "On Your Tail Demo",
    "schinese_name": "",
    "isfreeapp": "0",
    "change_number": "27128470",
    "update_time": "2025-01-23 18:33:52",
    "depot": {
        "2963171": {
            "manifests": {
                "public": {
                    "gid": "6081499182259497506",
                    "size": "4522051794",
                    "download": "3210990928"
                }
            },
            "decryptionkey": "b31c829e38c61aedf06a9f6f544f5eb9185aeab7a05aeab7911a7b6a06a31302"
        },
        "baselanguages": "english,german,italian",
        "branches": {
            "public": {
                "buildid": "14535021",
                "timeupdated": "1716995156"
            }
        }
    }
}