{
    "appid": "3095170",
    "type": "Game",
    "name": "Sunshine Love Chapter 1",
    "schinese_name": "",
    "isfreeapp": "0",
    "change_number": "28994055",
    "update_time": "2025-05-15 11:12:39",
    "depot": {
        "hasdepotsindlc": "0",
        "3095171": {
            "manifests": {
                "public": {
                    "gid": "1176553683817749275",
                    "size": "6612711946",
                    "download": "6185801616"
                }
            },
            "decryptionkey": "ad49ebbdee9016ed9b16f1971950db2fd27b840a51c1a53bbd5c582823550df8"
        },
        "3162770": {
            "dlcappid": "3162770",
            "manifests": {
                "public": {
                    "gid": "7792373477320512752",
                    "size": "136041731",
                    "download": "134157888"
                }
            },
            "decryptionkey": "854194af00eb6747d5bce91c0109f96a3c50bbff6c57981699907eee7bad784b"
        },
        "3338040": {
            "dlcappid": "3338040",
            "manifests": {
                "public": {
                    "gid": "6661577063668448508",
                    "size": "5847412380",
                    "download": "5739244128"
                }
            },
            "decryptionkey": "2c6813962f231c8a2afdffe288c620e8c03b5bd8ecb0d41fe274fd41dfa11ce7"
        },
        "3341810": {
            "dlcappid": "3341810",
            "manifests": {
                "public": {
                    "gid": "9082907948582581563",
                    "size": "90135193",
                    "download": "89308320"
                }
            },
            "decryptionkey": "0b0f2576d3733b866c3818b13ae49c68fe9b31a95261b355df5005a819277861"
        },
        "3342550": {
            "dlcappid": "3342550",
            "manifests": {
                "public": {
                    "gid": "4131886567773141329",
                    "size": "4133311459",
                    "download": "4030170832"
                }
            },
            "decryptionkey": "26ef0f16fd0c242b28f88b26a2abe3b8358a05640ecc1bb624b1569fc92ffaa3"
        },
        "3343050": {
            "dlcappid": "3343050",
            "manifests": {
                "public": {
                    "gid": "6171314101327550587",
                    "size": "41148894",
                    "download": "40732224"
                }
            },
            "decryptionkey": "6344f88b9e4840824f4baec85dee0c2f3650252d00e93061840e3bab1b705805"
        },
        "branches": {
            "public": {
                "buildid": "17371074",
                "timeupdated": "1739560386"
            }
        }
    }
}