{
    "appid": "3526830",
    "type": "Game",
    "name": "Demon Goblin and Mr. Knight ",
    "schinese_name": "",
    "isfreeapp": "0",
    "change_number": "28921204",
    "update_time": "2025-05-11 07:02:42",
    "depot": {
        "baselanguages": "tchinese",
        "3526831": {
            "config": {
                "language": "tchinese",
                "oslist": "windows"
            },
            "manifests": {
                "public": {
                    "gid": "4533938900933929741",
                    "size": "561143083",
                    "download": "356629360"
                }
            },
            "decryptionkey": "da83e205998bdd3eaa8fedf5747a7f8c5dfe2730427d5c6e8be1eb4cde9af906"
        },
        "branches": {
            "public": {
                "buildid": "18355193",
                "timeupdated": "1746510127"
            }
        },
        "privatebranches": "1"
    }
}