{
    "appid": "2948040",
    "type": "Game",
    "name": "Cuckold Sex - Episode 1",
    "schinese_name": "",
    "isfreeapp": "0",
    "change_number": "23415041",
    "update_time": "2024-05-27 07:15:35",
    "depot": {
        "2948041": {
            "manifests": {
                "public": {
                    "gid": "1579031678635504824",
                    "size": "596316205",
                    "download": "186790864"
                }
            },
            "decryptionkey": "072902b43a425cde8f1ec8aa224e47dfca9676213c16290dee1e4d3f925a0d2c"
        },
        "2948042": {
            "config": {
                "oslist": "macos"
            },
            "manifests": {
                "public": {
                    "gid": "6325423875551292317",
                    "size": "579950106",
                    "download": "183674656"
                }
            },
            "decryptionkey": ""
        },
        "2948043": {
            "config": {
                "oslist": "linux"
            },
            "manifests": {
                "public": {
                    "gid": "9206186512374923693",
                    "size": "588687124",
                    "download": "183617824"
                }
            },
            "decryptionkey": ""
        },
        "branches": {
            "public": {
                "buildid": "14218340",
                "timeupdated": "1714464475"
            }
        }
    }
}