{
    "appid": "3141500",
    "type": "Game",
    "name": "塔防神马都是浮云",
    "schinese_name": "",
    "isfreeapp": "0",
    "change_number": "27867730",
    "update_time": "2025-03-10 16:52:06",
    "depot": {
        "baselanguages": "english,schinese",
        "3141501": {
            "manifests": {
                "public": {
                    "gid": "809740104440976605",
                    "size": "293211517",
                    "download": "84384240"
                }
            },
            "decryptionkey": "1622f8645362b046e5a7cea319b312ddf33be3b7d412b57aaab67216ec3b2218"
        },
        "branches": {
            "public": {
                "buildid": "17658942",
                "timeupdated": "1741596719"
            }
        }
    }
}