{
    "appid": "3449720",
    "type": "Music",
    "name": "Urban Myth Dissolution Center Original Soundtrack",
    "schinese_name": "都市传说解体中心 Original Soundtrack",
    "isfreeapp": "0",
    "change_number": "28741446",
    "update_time": "2025-04-30 13:14:54",
    "depot": {
        "3449721": {
            "manifests": {
                "public": {
                    "gid": "2238599834996485123",
                    "size": "174483923",
                    "download": "143369856"
                }
            },
            "decryptionkey": "e402462dc10f717185c3f68f33309505fc0f62597b4ae01833a1effeefa97a41"
        },
        "3449722": {
            "config": {
                "highqualityaudio": "1"
            },
            "manifests": {
                "public": {
                    "gid": "1179817839769501004",
                    "size": "1176575262",
                    "download": "1065087328"
                }
            },
            "decryptionkey": "11c213a488453d08ef95de28509c406ed01cb0134a14153c626774ba82029acd"
        },
        "branches": {
            "public": {
                "buildid": "17221298",
                "timeupdated": "1738569415"
            }
        }
    }
}