{
    "appid": "3200590",
    "type": "Game",
    "name": "Axxx: Taught and fucked",
    "schinese_name": "Axxx: 教导和性交",
    "isfreeapp": "0",
    "change_number": "29016468",
    "update_time": "2025-05-16 12:19:18",
    "depot": {
        "3200591": {
            "manifests": {
                "public": {
                    "gid": "5737822176278015567",
                    "size": "858962791",
                    "download": "324392336"
                }
            },
            "decryptionkey": "b7267ce572e83e799b25f3e8276a38896f4b1500f2cb6ef838a3c33d17f515f8"
        },
        "branches": {
            "public": {
                "buildid": "16079685",
                "timeupdated": "1729161669"
            }
        }
    }
}