{
    "appid": "2959440",
    "type": "Demo",
    "name": "Honeycomb Demo",
    "schinese_name": "",
    "isfreeapp": "0",
    "change_number": "24557788",
    "update_time": "2024-07-29 23:21:34",
    "depot": {
        "228989": {
            "config": {
                "oslist": "windows"
            },
            "depotfromapp": "228980",
            "sharedinstall": "1"
        },
        "228990": {
            "config": {
                "oslist": "windows"
            },
            "depotfromapp": "228980",
            "sharedinstall": "1"
        },
        "2959441": {
            "manifests": {
                "public": {
                    "gid": "3607686780446609109",
                    "size": "2560149257",
                    "download": "2174521184"
                }
            },
            "decryptionkey": "85dff4ccc546ca6d4e39ab5209e807ce8a3d269e0c9bc3bb380fff6ecc6aa0e4"
        },
        "branches": {
            "public": {
                "buildid": "14694365",
                "timeupdated": "1718209138"
            }
        },
        "privatebranches": "1"
    }
}