{
    "appid": "2942700",
    "type": "Game",
    "name": "Seed of Heroes",
    "schinese_name": "",
    "isfreeapp": "0",
    "change_number": "27863835",
    "update_time": "2025-03-10 09:50:37",
    "depot": {
        "228989": {
            "config": {
                "oslist": "windows"
            },
            "depotfromapp": "228980",
            "sharedinstall": "1"
        },
        "228990": {
            "config": {
                "oslist": "windows"
            },
            "depotfromapp": "228980",
            "sharedinstall": "1"
        },
        "2942701": {
            "manifests": {
                "public": {
                    "gid": "7375666360770520517",
                    "size": "422559250",
                    "download": "271163824"
                }
            },
            "decryptionkey": "a108160a36bd72fec72ebe8db02040cbeb44a01898ab923fc8d6e58d3e1ea1d2"
        },
        "branches": {
            "public": {
                "buildid": "16080273",
                "timeupdated": "1729164523"
            }
        }
    }
}