{
    "appid": "3396230",
    "type": "Demo",
    "name": "Silent Anomalies Demo",
    "schinese_name": "",
    "isfreeapp": "0",
    "change_number": "27258022",
    "update_time": "2025-02-01 01:17:24",
    "depot": {
        "3396231": {},
        "3396232": {
            "config": {
                "oslist": "windows",
                "osarch": "64"
            },
            "manifests": {
                "public": {
                    "gid": "1192340829377306089",
                    "size": "2550705311",
                    "download": "1248999200"
                }
            },
            "decryptionkey": "030490bf761a31c86db9ff08cccaab0de95afe968db167e970c4ab49a833409a"
        },
        "branches": {
            "public": {
                "buildid": "17475398",
                "timeupdated": "1740337632"
            }
        }
    }
}