{
    "appid": "3132500",
    "type": "DLC",
    "name": "Bythzkel-Sombréa - Astec-Experimental ",
    "schinese_name": "",
    "isfreeapp": "0",
    "change_number": "27518776",
    "update_time": "2025-02-18 00:03:31",
    "depot": {
        "3132500": {
            "config": {
                "language": "english",
                "oslist": "windows",
                "osarch": "64",
                "optionaldlc": "3132500"
            },
            "manifests": {
                "public": {
                    "gid": "919354034198150895",
                    "size": "6395945486",
                    "download": "2656626768"
                }
            },
            "dlcappid": "3132500",
            "decryptionkey": "6cd4e7939eba04f999b6f5c2f1ceee4af2b854bbc1d1d4ccbcd2f2ce8ec84c3f"
        },
        "branches": {
            "public": {
                "buildid": "15470106",
                "timeupdated": "1724404399"
            }
        },
        "privatebranches": "1",
        "appmanagesdlc": "1"
    }
}