{
    "appid": "3009580",
    "type": "DLC",
    "name": "弹幕禁止·红 BarrageForbidden-Scarlet！",
    "schinese_name": "",
    "isfreeapp": "1",
    "change_number": "23847987",
    "update_time": "2024-07-16 02:47:08",
    "depot": {
        "3009580": {
            "config": {
                "language": "schinese",
                "oslist": "windows",
                "osarch": "64"
            },
            "manifests": {
                "public": {
                    "gid": "8971679460285324900",
                    "size": "9901089",
                    "download": "497936"
                }
            },
            "dlcappid": "3009580",
            "decryptionkey": "008cae9c2b7dd6d26dce3efd50da40db7c63d9a76befda7491aa6a6abbb58ddb"
        },
        "branches": {
            "public": {
                "buildid": "14620036",
                "timeupdated": "1717637094"
            }
        }
    }
}