{
    "appid": "2954390",
    "type": "Demo",
    "name": "Node Farm Demo",
    "schinese_name": "",
    "isfreeapp": "0",
    "change_number": "27292979",
    "update_time": "2025-02-04 01:15:13",
    "depot": {
        "2954391": {
            "manifests": {
                "public": {
                    "gid": "1945337965168793955",
                    "size": "367531901",
                    "download": "215625216"
                }
            },
            "decryptionkey": "a587781697f469d9a7096cc4028b3221608e343cd59b0a4cdf07541a0445cbb4"
        },
        "branches": {
            "public": {
                "buildid": "17226369",
                "timeupdated": "1738602743"
            }
        }
    }
}