{
    "appid": "2968830",
    "type": "Demo",
    "name": "Escape Floor Zero Demo",
    "schinese_name": "",
    "isfreeapp": "0",
    "change_number": "26373315",
    "update_time": "2024-12-05 04:48:21",
    "depot": {
        "228989": {
            "config": {
                "oslist": "windows"
            },
            "depotfromapp": "228980",
            "sharedinstall": "1"
        },
        "228990": {
            "config": {
                "oslist": "windows"
            },
            "depotfromapp": "228980",
            "sharedinstall": "1"
        },
        "2968831": {
            "manifests": {
                "public": {
                    "gid": "1858620887679052299",
                    "size": "3278398661",
                    "download": "2920676992"
                }
            },
            "decryptionkey": "596b0032be18ade7c823b841ae21eaf88e2663de0470064e49533516c46a6aa9"
        },
        "branches": {
            "public": {
                "buildid": "15480457",
                "timeupdated": "1724490705"
            }
        }
    }
}