{
    "appid": "3354510",
    "type": "DLC",
    "name": "Beat Saber - Metallica - For Whom the Bell Tolls",
    "schinese_name": "",
    "isfreeapp": "0",
    "change_number": "26577828",
    "update_time": "2024-12-10 23:44:49",
    "depot": {
        "3354510": {
            "manifests": {
                "public": {
                    "gid": "3729710237121644349",
                    "size": "16354348",
                    "download": "16577952"
                }
            },
            "dlcappid": "3354510",
            "decryptionkey": "cdf9a89ede09ac5329e3ebf4a382e202362e63bcdaac2e6242724116ad9f2674"
        },
        "branches": {
            "public": {
                "buildid": "16539565",
                "timeupdated": "1732636504"
            }
        }
    }
}