{
    "appid": "3207810",
    "type": "Game",
    "name": "In The Middle",
    "schinese_name": "",
    "isfreeapp": "0",
    "change_number": "27747857",
    "update_time": "2025-03-03 11:13:55",
    "depot": {
        "3207811": {
            "manifests": {
                "public": {
                    "gid": "8678667279601934738",
                    "size": "153441767",
                    "download": "54688528"
                }
            },
            "decryptionkey": "00544defb2792cfaa73272bbfb374baea18143e6e846d42bb7d62a0009d1dc5c"
        },
        "branches": {
            "public": {
                "buildid": "16376528",
                "timeupdated": "1731404912"
            }
        }
    }
}