{
    "appid": "2949770",
    "type": "Demo",
    "name": "琉隐九绝 Demo",
    "schinese_name": "",
    "isfreeapp": "0",
    "change_number": "26140071",
    "update_time": "2024-11-11 21:04:42",
    "depot": {
        "baselanguages": "english,koreana,schinese,tchinese,japanese",
        "hasdepotsindlc": "1",
        "228988": {
            "config": {
                "oslist": "windows"
            },
            "depotfromapp": "228980",
            "sharedinstall": "1"
        },
        "228989": {
            "config": {
                "oslist": "windows"
            },
            "depotfromapp": "228980",
            "sharedinstall": "1"
        },
        "228990": {
            "config": {
                "oslist": "windows"
            },
            "depotfromapp": "228980",
            "sharedinstall": "1"
        },
        "2949771": {
            "config": {
                "oslist": "windows",
                "osarch": "64"
            },
            "manifests": {
                "public": {
                    "gid": "8692418468661159930",
                    "size": "3985166600",
                    "download": "3868648560"
                }
            },
            "decryptionkey": "fa59813b4eb1f8c0c87dc670968abe8993b3efcb9b70b4323c6fe0b47c46212d"
        },
        "branches": {
            "public": {
                "buildid": "15414626",
                "timeupdated": "1724034904"
            }
        }
    }
}