{
    "appid": "2973120",
    "type": "Game",
    "name": "Dusk City",
    "schinese_name": "",
    "isfreeapp": "0",
    "change_number": "29032116",
    "update_time": "2025-05-17 04:16:03",
    "depot": {
        "baselanguages": "english,schinese,russian,japanese",
        "2973121": {
            "manifests": {
                "public": {
                    "gid": "785007509200111541",
                    "size": "339214997",
                    "download": "174406064"
                }
            },
            "decryptionkey": "22c01bbafdfb219a5fd9ba90848c076d2fc0a62366836087c2a8aed2d9c44339"
        },
        "2973122": {
            "config": {
                "language": "japanese"
            },
            "manifests": {
                "public": {
                    "gid": "8064324470197357705",
                    "size": "339032389",
                    "download": "174207808"
                }
            },
            "decryptionkey": "d7d1f397f1b5038d3a5cf8597157319b7ca6eeb5933015b27e4ed9b9f722ca6f"
        },
        "2973123": {
            "config": {
                "language": "schinese"
            },
            "manifests": {
                "public": {
                    "gid": "6365062416932578671",
                    "size": "369524978",
                    "download": "195149792"
                }
            },
            "decryptionkey": "dce7b2f5d76759d38587d0330b673efad0c28c0c47ac29e9ab7f6b450d42ab81"
        },
        "2973124": {
            "config": {
                "language": "russian"
            },
            "manifests": {
                "public": {
                    "gid": "1897516404073343174",
                    "size": "347172258",
                    "download": "176755552"
                }
            },
            "decryptionkey": "8336ffde5b25ce0a901425e42a3b8114d9d11cf87d411c29f5579b390199957e"
        },
        "branches": {
            "public": {
                "buildid": "15610049",
                "timeupdated": "1725584140"
            }
        }
    }
}