{
    "appid": "3171000",
    "type": "Game",
    "name": "Tokyo College Girls",
    "schinese_name": "",
    "isfreeapp": "0",
    "change_number": "27931810",
    "update_time": "2025-03-13 19:22:44",
    "depot": {
        "3171001": {
            "manifests": {
                "public": {
                    "gid": "5985043969894123566",
                    "size": "2054760716",
                    "download": "187586336"
                }
            },
            "decryptionkey": "5b0f4dfd477c8f0e812932181ad19b1b9c7bd5b74186361dfcf8aa2ea9dbf783"
        },
        "branches": {
            "public": {
                "buildid": "15458811",
                "timeupdated": "1724325557"
            }
        }
    }
}