{
    "appid": "2999110",
    "type": "Demo",
    "name": "SWORN Demo",
    "schinese_name": "",
    "isfreeapp": "0",
    "change_number": "27429209",
    "update_time": "2025-02-12 08:00:42",
    "depot": {
        "2999111": {
            "manifests": {
                "public": {
                    "gid": "8464431980644958369",
                    "size": "4650888713",
                    "download": "2171087920"
                }
            },
            "decryptionkey": "c06659298179d462835d41702a57714a76beb599def4efbfdc17a3cc56703164"
        },
        "baselanguages": "english,german,french,koreana,spanish,schinese,tchinese,japanese,brazilian",
        "branches": {
            "public": {
                "buildid": "17060596",
                "timeupdated": "1737380372"
            }
        },
        "privatebranches": "1"
    }
}