{
    "appid": "3113530",
    "type": "Game",
    "name": "Haunted Elevator - 闹鬼电梯",
    "schinese_name": "",
    "isfreeapp": "0",
    "change_number": "29041583",
    "update_time": "2025-05-18 00:13:16",
    "depot": {
        "228989": {
            "config": {
                "oslist": "windows"
            },
            "depotfromapp": "228980",
            "sharedinstall": "1"
        },
        "228990": {
            "config": {
                "oslist": "windows"
            },
            "depotfromapp": "228980",
            "sharedinstall": "1"
        },
        "3113531": {
            "manifests": {
                "public": {
                    "gid": "5747088151707197905",
                    "size": "1230925177",
                    "download": "1023936368"
                }
            },
            "decryptionkey": "1403eb51ea7be9e17e9745d6ec5e163f1c5f9cbbe7a457c6497567dbccc0de2a"
        },
        "branches": {
            "public": {
                "buildid": "15216017",
                "timeupdated": "1722448711"
            }
        }
    }
}