{
    "appid": "3181580",
    "type": "DLC",
    "name": "Beat Saber - Britney Spears - Till the World Ends - Till the World Ends",
    "schinese_name": "",
    "isfreeapp": "0",
    "change_number": "25588342",
    "update_time": "2024-10-08 22:48:38",
    "depot": {
        "3181580": {
            "manifests": {
                "public": {
                    "gid": "2638372631894606544",
                    "size": "14558296",
                    "download": "14757568"
                }
            },
            "dlcappid": "3181580",
            "decryptionkey": "ed2148cdee8ff3d9bebb95c357adff9c6445874519334eabecc76cafaea03523"
        },
        "branches": {
            "public": {
                "buildid": "15688881",
                "timeupdated": "1726484304"
            }
        }
    }
}