{
    "appid": "3245920",
    "type": "Game",
    "name": "妖怪不懂談戀愛 Falling for Yaoguais",
    "schinese_name": "妖怪不懂谈恋爱 Falling for Yaoguais",
    "isfreeapp": "0",
    "change_number": "28242810",
    "update_time": "2025-04-01 15:00:09",
    "depot": {
        "228990": {
            "config": {
                "oslist": "windows"
            },
            "depotfromapp": "228980",
            "sharedinstall": "1"
        },
        "3245921": {
            "manifests": {
                "public": {
                    "gid": "9027054000876194675",
                    "size": "1146009922",
                    "download": "903224864"
                }
            },
            "decryptionkey": "d46e5fc662a3d875571cbe7449e96b20b0bffe0b40201962dc9c505eda071aef"
        },
        "baselanguages": "english,schinese,tchinese",
        "branches": {
            "public": {
                "buildid": "17935405",
                "timeupdated": "1743490805"
            }
        }
    }
}