{
    "appid": "3008170",
    "type": "Demo",
    "name": "New Arc Line Demo",
    "schinese_name": "",
    "isfreeapp": "0",
    "change_number": "26375805",
    "update_time": "2024-12-05 04:48:40",
    "depot": {
        "228989": {
            "config": {
                "oslist": "windows"
            },
            "depotfromapp": "228980",
            "sharedinstall": "1"
        },
        "228990": {
            "config": {
                "oslist": "windows"
            },
            "depotfromapp": "228980",
            "sharedinstall": "1"
        },
        "3008171": {
            "manifests": {
                "public": {
                    "gid": "5837768053409358881",
                    "size": "14842594220",
                    "download": "14003828256"
                }
            },
            "decryptionkey": "edb6fe24b4dfe01d5ef2fa73973e521b9768b2c117ebf135347caec2505d5013"
        },
        "branches": {
            "public": {
                "buildid": "16069952",
                "timeupdated": "1729162838"
            }
        },
        "privatebranches": "1"
    }
}