{
    "appid": "2951550",
    "type": "Demo",
    "name": "子归 Demo",
    "schinese_name": "",
    "isfreeapp": "0",
    "change_number": "24156190",
    "update_time": "2024-07-16 02:47:05",
    "depot": {
        "2951551": {
            "manifests": {
                "public": {
                    "gid": "2781960281167434250",
                    "size": "1204561006",
                    "download": "960384784"
                }
            },
            "decryptionkey": "e9ba357813edd0e8e0fc465162ea4edcc9d9de575c1c109a7173618edfd5c3b4"
        },
        "branches": {
            "public": {
                "buildid": "14609675",
                "timeupdated": "1717577784"
            }
        }
    }
}