{
    "appid": "3347590",
    "type": "Demo",
    "name": "Neon Hearts City Demo",
    "schinese_name": "",
    "isfreeapp": "0",
    "change_number": "26666655",
    "update_time": "2024-12-17 03:42:35",
    "depot": {
        "3347591": {
            "manifests": {
                "public": {
                    "gid": "1964777866544254449",
                    "size": "89945312",
                    "download": "27477696"
                }
            },
            "decryptionkey": "7a1fdbff545293f4229abdfdda790e4969c1aff764cd081f19c4485607f4c9f7"
        },
        "branches": {
            "public": {
                "buildid": "16467632",
                "timeupdated": "1732077562"
            }
        }
    }
}