{
    "appid": "3271470",
    "type": "Game",
    "name": "Zoey: Nightclub Secrets",
    "schinese_name": "",
    "isfreeapp": "0",
    "change_number": "29016574",
    "update_time": "2025-05-16 12:30:43",
    "depot": {
        "3271471": {
            "manifests": {
                "public": {
                    "gid": "7545919755606659688",
                    "size": "1160062809",
                    "download": "544660272"
                }
            },
            "decryptionkey": "8deb976c625731d0c7ba30d0eb127c2e88bebc4907e798a3f22974436c15668e"
        },
        "branches": {
            "public": {
                "buildid": "16975115",
                "timeupdated": "1736609974"
            }
        }
    }
}