{
    "appid": "3096420",
    "type": "Game",
    "name": "RANDOMAX",
    "schinese_name": "",
    "isfreeapp": "0",
    "change_number": "28811210",
    "update_time": "2025-05-05 00:29:35",
    "depot": {
        "baselanguages": "english,german,schinese,tchinese,japanese",
        "228981": {
            "config": {
                "oslist": "windows"
            },
            "depotfromapp": "228980",
            "sharedinstall": "1"
        },
        "228982": {
            "config": {
                "oslist": "windows"
            },
            "depotfromapp": "228980",
            "sharedinstall": "1"
        },
        "228983": {
            "config": {
                "oslist": "windows"
            },
            "depotfromapp": "228980",
            "sharedinstall": "1"
        },
        "228984": {
            "config": {
                "oslist": "windows"
            },
            "depotfromapp": "228980",
            "sharedinstall": "1"
        },
        "228985": {
            "config": {
                "oslist": "windows"
            },
            "depotfromapp": "228980",
            "sharedinstall": "1"
        },
        "228988": {
            "config": {
                "oslist": "windows"
            },
            "depotfromapp": "228980",
            "sharedinstall": "1"
        },
        "228989": {
            "config": {
                "oslist": "windows"
            },
            "depotfromapp": "228980",
            "sharedinstall": "1"
        },
        "228990": {
            "config": {
                "oslist": "windows"
            },
            "depotfromapp": "228980",
            "sharedinstall": "1"
        },
        "229000": {
            "config": {
                "oslist": "windows"
            },
            "depotfromapp": "228980",
            "sharedinstall": "1"
        },
        "3096421": {
            "manifests": {
                "public": {
                    "gid": "258386623418106663",
                    "size": "432623180",
                    "download": "190175936"
                },
                "beta": {
                    "gid": "258386623418106663",
                    "size": "432623180",
                    "download": "190175936"
                }
            },
            "decryptionkey": "e4ab8d615623b74bcac0aa639b03d30c4aea3472b22ea12a64f17dce69874b9b"
        },
        "3096422": {
            "config": {
                "language": "japanese"
            },
            "manifests": {
                "public": {
                    "gid": "4072098321044800447",
                    "size": "3",
                    "download": "48"
                },
                "beta": {
                    "gid": "4072098321044800447",
                    "size": "3",
                    "download": "48"
                }
            },
            "decryptionkey": ""
        },
        "3096423": {
            "config": {
                "language": "schinese"
            },
            "manifests": {
                "public": {
                    "gid": "1971081868472081992",
                    "size": "3",
                    "download": "48"
                },
                "beta": {
                    "gid": "1971081868472081992",
                    "size": "3",
                    "download": "48"
                }
            },
            "decryptionkey": "44d65db345963f57107bec39bb3d18262da9e7c8ad1c1fadcfae73f4b64c32d6"
        },
        "3096424": {
            "config": {
                "language": "tchinese"
            },
            "manifests": {
                "public": {
                    "gid": "4598386626806564038",
                    "size": "3",
                    "download": "48"
                },
                "beta": {
                    "gid": "4598386626806564038",
                    "size": "3",
                    "download": "48"
                }
            },
            "decryptionkey": ""
        },
        "3096425": {
            "config": {
                "language": "german"
            },
            "manifests": {
                "public": {
                    "gid": "8195009494891698424",
                    "size": "3",
                    "download": "48"
                },
                "beta": {
                    "gid": "8195009494891698424",
                    "size": "3",
                    "download": "48"
                }
            },
            "decryptionkey": ""
        },
        "branches": {
            "public": {
                "buildid": "17334126",
                "timeupdated": "1739353459"
            },
            "beta": {
                "buildid": "17334126",
                "description": "Beta Version (Try it at your own risk!)",
                "timeupdated": "1739353432"
            }
        }
    }
}