{
    "appid": "3212020",
    "type": "Music",
    "name": "Warhammer 40,000: Space Marine 2 Soundtrack",
    "schinese_name": "",
    "isfreeapp": "0",
    "change_number": "28019573",
    "update_time": "2025-03-19 03:46:50",
    "depot": {
        "3212021": {
            "manifests": {
                "public": {
                    "gid": "4575728820807956562",
                    "size": "179266834",
                    "download": "175900656"
                }
            },
            "decryptionkey": "01e7d7bd4abcb8946df7226afc08075b26c702659cf81018580d5f8e597b6c93"
        },
        "3212022": {
            "config": {
                "highqualityaudio": "1"
            },
            "manifests": {
                "public": {
                    "gid": "2274340000490854200",
                    "size": "790245244",
                    "download": "671289856"
                }
            },
            "decryptionkey": "924f67387bb12cfc2988a7decd11c8ace7b5b38ae9d07397e246b36d01c1e5c5"
        },
        "3212023": {
            "config": {
                "highqualityaudio": "1"
            },
            "manifests": {
                "public": {
                    "gid": "4686517121168409350",
                    "size": "399452906",
                    "download": "403437856"
                }
            },
            "decryptionkey": "ad43f8052145e7fad816f6b2299a1ae217fc78bd8e1c769cb0ad3e0272d843d0"
        },
        "branches": {
            "public": {
                "buildid": "15872359",
                "timeupdated": "1727683109"
            }
        },
        "privatebranches": "1"
    }
}