{
    "appid": "2971440",
    "type": "Game",
    "name": "みこスナイパー",
    "schinese_name": "Miko Sniper",
    "isfreeapp": "0",
    "change_number": "27770575",
    "update_time": "2025-03-04 17:11:55",
    "depot": {
        "2971441": {
            "manifests": {
                "public": {
                    "gid": "4416646437750871444",
                    "size": "122683586",
                    "download": "70937328"
                }
            },
            "decryptionkey": "a606d9b31ad0fc721ae98335f8e417b7bc2e6531cbfb99cf94020e9ddba2c9e3"
        },
        "branches": {
            "public": {
                "buildid": "14840932",
                "timeupdated": "1719384027"
            }
        },
        "privatebranches": "1"
    }
}