{
    "appid": "3449840",
    "type": "Game",
    "name": "Fisher Idle",
    "schinese_name": "",
    "isfreeapp": "0",
    "change_number": "28695806",
    "update_time": "2025-04-28 04:54:32",
    "depot": {
        "3449841": {
            "manifests": {
                "public": {
                    "gid": "2181265269744435342",
                    "size": "565508262",
                    "download": "227730240"
                }
            },
            "decryptionkey": "0716a9315162c640fe56c0cb7ba00bcd1529f8d203b1e4afd779bbd0efa78952"
        },
        "branches": {
            "public": {
                "buildid": "18161204",
                "timeupdated": "1745006752"
            }
        },
        "privatebranches": "1"
    }
}