{
    "appid": "3037580",
    "type": "Demo",
    "name": "Outside the Blocks Demo",
    "schinese_name": "",
    "isfreeapp": "0",
    "change_number": "27272567",
    "update_time": "2025-02-02 07:06:32",
    "depot": {
        "228989": {
            "config": {
                "oslist": "windows"
            },
            "depotfromapp": "228980",
            "sharedinstall": "1"
        },
        "228990": {
            "config": {
                "oslist": "windows"
            },
            "depotfromapp": "228980",
            "sharedinstall": "1"
        },
        "3037581": {
            "manifests": {
                "public": {
                    "gid": "6978138077823226922",
                    "size": "3351498749",
                    "download": "2935474320"
                }
            },
            "decryptionkey": "6e34f28d479e7fba755ffc2f0f711eb06676ea6b8a6cb765a98b7c32c78f720e"
        },
        "branches": {
            "public": {
                "buildid": "17212638",
                "timeupdated": "1738451188"
            }
        }
    }
}