{
    "appid": "3382300",
    "type": "Game",
    "name": "SB帝国",
    "schinese_name": "甜心帝国",
    "isfreeapp": "0",
    "change_number": "29016664",
    "update_time": "2025-05-16 12:42:47",
    "depot": {
        "3382301": {
            "config": {
                "oslist": "windows"
            },
            "manifests": {
                "public": {
                    "gid": "4138887587041612320",
                    "size": "188238008",
                    "download": "50626144"
                },
                "public_test": {
                    "gid": "4138887587041612320",
                    "size": "188238008",
                    "download": "50626144"
                }
            },
            "decryptionkey": "1171880ee4a605def006e04cbf42c6582b5b9231a161327d09d8b87c5245b5e4"
        },
        "3382302": {
            "config": {
                "oslist": "windows"
            },
            "manifests": {
                "public": {
                    "gid": "4385008429439318647",
                    "size": "1331347140",
                    "download": "1073856016"
                },
                "public_test": {
                    "gid": "7060015850852843450",
                    "size": "1331347185",
                    "download": "1073854848"
                }
            },
            "decryptionkey": "adb64108bc0e772fce0dc7058f96d577d73cb571c5166b0a80cbef38e44b6dd7"
        },
        "3382303": {
            "config": {
                "oslist": "windows"
            },
            "manifests": {
                "public": {
                    "gid": "235257602385991663",
                    "size": "3396266",
                    "download": "1439120"
                },
                "public_test": {
                    "gid": "1072604495743674728",
                    "size": "3545029",
                    "download": "1503888"
                }
            },
            "decryptionkey": "23bc51ad45b55a9d3b815c9ce97ac6d3e80e87e50e260751ed6e788f35ad07a0"
        },
        "3382304": {
            "config": {
                "oslist": "windows"
            },
            "manifests": {
                "public": {
                    "gid": "3652421556119471623",
                    "size": "55610076851",
                    "download": "56285332304"
                },
                "public_test": {
                    "gid": "3456194523135356533",
                    "size": "55642494281",
                    "download": "56257331504"
                }
            },
            "decryptionkey": "be0aae823beb7fc1193f81cae21d74d6ab32713f0b730c1c1d3a6e7236c757aa"
        },
        "branches": {
            "public": {
                "buildid": "17511337",
                "timeupdated": "1740624324"
            },
            "public_test": {
                "buildid": "17598733",
                "description": "player test",
                "timeupdated": "1741147390"
            }
        },
        "privatebranches": "1"
    }
}