{
    "appid": "3557830",
    "type": "Game",
    "name": "Skarab",
    "schinese_name": "",
    "isfreeapp": "0",
    "change_number": "29005409",
    "update_time": "2025-05-15 23:10:50",
    "depot": {
        "228988": {
            "config": {
                "oslist": "windows"
            },
            "depotfromapp": "228980",
            "sharedinstall": "1"
        },
        "228989": {
            "config": {
                "oslist": "windows"
            },
            "depotfromapp": "228980",
            "sharedinstall": "1"
        },
        "3557831": {
            "manifests": {
                "public": {
                    "gid": "9122534708675326225",
                    "size": "520606621",
                    "download": "221734112"
                }
            },
            "decryptionkey": "032d1f37775427364edd2b2bf75f676b4ccfa3ffc8cd3f19bb554673e95d1e88"
        },
        "branches": {
            "public": {
                "buildid": "18444484",
                "timeupdated": "1747138593"
            }
        }
    }
}