{
    "appid": "3534960",
    "type": "DLC",
    "name": "Fuga: Melodies of Steel (Manga) Vol. 4",
    "schinese_name": "",
    "isfreeapp": "0",
    "change_number": "28066196",
    "update_time": "2025-03-21 15:13:23",
    "depot": {
        "3534961": {
            "manifests": {
                "public": {
                    "gid": "8616277716077831449",
                    "size": "95827593",
                    "download": "96885712"
                }
            },
            "dlcappid": "3534960",
            "decryptionkey": "b3633c4af84fb66818f51ad19d1c2a7716b06f554ab001d9f5f94943f9496ad2"
        },
        "3534962": {
            "dlcappid": "3534960"
        },
        "branches": {
            "public": {
                "buildid": "17523471",
                "timeupdated": "1740618852"
            }
        },
        "privatebranches": "1"
    }
}