{
    "appid": "2985090",
    "type": "Game",
    "name": "艾比奥尔金",
    "schinese_name": "艾比奥尔金",
    "isfreeapp": "0",
    "change_number": "28261470",
    "update_time": "2025-04-02 13:16:25",
    "depot": {
        "baselanguages": "english,schinese,tchinese",
        "2985091": {
            "config": {
                "language": "schinese"
            },
            "manifests": {
                "public": {
                    "gid": "591484110973807550",
                    "size": "1194897604",
                    "download": "949672608"
                }
            },
            "decryptionkey": "493710a453f74264d9c09b50ea644c3a27cfe2d0a0684669bbf8a4927ecca0d8"
        },
        "2985092": {
            "config": {
                "language": "tchinese"
            },
            "manifests": {
                "public": {
                    "gid": "5626811340397498968",
                    "size": "1194793325",
                    "download": "949709584"
                }
            },
            "decryptionkey": ""
        },
        "2985093": {
            "config": {
                "language": "english"
            },
            "manifests": {
                "public": {
                    "gid": "3332361004486338625",
                    "size": "1194315475",
                    "download": "949190016"
                }
            },
            "decryptionkey": ""
        },
        "branches": {
            "public": {
                "buildid": "16673017",
                "timeupdated": "1733672415"
            }
        }
    }
}