{
    "appid": "3106070",
    "type": "Game",
    "name": "How Can a Joker Like Me Play Cards with a Beautiful Girl",
    "schinese_name": "身为小丑的我怎么可能和美少女一起打牌",
    "isfreeapp": "0",
    "change_number": "27925414",
    "update_time": "2025-03-13 11:52:23",
    "depot": {
        "228989": {
            "config": {
                "oslist": "windows"
            },
            "depotfromapp": "228980",
            "sharedinstall": "1"
        },
        "228990": {
            "config": {
                "oslist": "windows"
            },
            "depotfromapp": "228980",
            "sharedinstall": "1"
        },
        "3106071": {
            "manifests": {
                "public": {
                    "gid": "3289562708655280174",
                    "size": "535048764",
                    "download": "392975264"
                }
            },
            "decryptionkey": "18851477cbae1aa5d9239e931372973fed03b55b8257c79b0293b1d4c1a92246"
        },
        "workshopdepot": "3106070",
        "branches": {
            "public": {
                "buildid": "16264091",
                "timeupdated": "1730461458"
            }
        },
        "privatebranches": "1",
        "workshopdepotdecryptionkey": ""
    }
}