{
    "appid": "3408470",
    "type": "Game",
    "name": "7 Days Shrine",
    "schinese_name": "",
    "isfreeapp": "0",
    "change_number": "28801773",
    "update_time": "2025-05-04 00:31:38",
    "depot": {
        "3408471": {
            "manifests": {
                "public": {
                    "gid": "1173846247345858682",
                    "size": "1140566850",
                    "download": "417290896"
                }
            },
            "decryptionkey": "486f61ae7796d72b38813d4e17f68885f44889f699d1bf964d14f7642a74be05"
        },
        "branches": {
            "public": {
                "buildid": "17797887",
                "timeupdated": "1742491163"
            }
        }
    }
}