{
    "appid": "2981540",
    "type": "DLC",
    "name": "WARNO - Digital Guides",
    "schinese_name": "",
    "isfreeapp": "0",
    "change_number": "28789011",
    "update_time": "2025-05-03 00:29:49",
    "depot": {
        "2981540": {
            "dlcappid": "2981540",
            "manifests": {
                "public": {
                    "gid": "4201596155495234698",
                    "size": "38294872",
                    "download": "36121136"
                }
            },
            "decryptionkey": "9ccfc15aa1a5e2cadfbf80f7cad47232df810b4ecd7b5e5f3ae709cc36aca605"
        },
        "branches": {
            "public": {
                "buildid": "14451807",
                "timeupdated": "1716364936"
            }
        }
    }
}