{
    "appid": "2959020",
    "type": "Demo",
    "name": "Travel through the adult game and build a harem Demo",
    "schinese_name": "穿越黄油开后宫 Demo",
    "isfreeapp": "0",
    "change_number": "26985825",
    "update_time": "2025-01-14 16:18:11",
    "depot": {
        "2959021": {
            "manifests": {
                "public": {
                    "gid": "713869125133157901",
                    "size": "464065490",
                    "download": "300930592"
                }
            },
            "decryptionkey": "3fb1107c9c9886f4df8c4cdf5b6fabd24cb3ad925e1266bebde6e309c19cf7e1"
        },
        "branches": {
            "public": {
                "buildid": "14665970",
                "timeupdated": "1718032042"
            }
        }
    }
}