{
    "appid": "3359830",
    "type": "Game",
    "name": "I Wanna Fuck my Busty Boss",
    "schinese_name": "我上了我的爆乳经理",
    "isfreeapp": "0",
    "change_number": "28863152",
    "update_time": "2025-05-07 22:11:14",
    "depot": {
        "3359831": {
            "config": {
                "oslist": "windows,linux"
            },
            "manifests": {
                "public": {
                    "gid": "2857450685753267449",
                    "size": "1770547753",
                    "download": "1516780752"
                }
            },
            "decryptionkey": "6d7fa9dbcff212cf95a53a1eb770c37128ee1c890b678d638cdacd2422009bb8"
        },
        "3359832": {
            "config": {
                "oslist": "macos"
            },
            "manifests": {
                "public": {
                    "gid": "4007455884266200906",
                    "size": "1764946715",
                    "download": "1514889568"
                }
            },
            "decryptionkey": "540c02c5c7919ee8b3b4628c8fc001f172096666cd063024cb633c8287eea4ba"
        },
        "branches": {
            "public": {
                "buildid": "17186403",
                "timeupdated": "1738250935"
            }
        }
    }
}