{
    "appid": "2989910",
    "type": "Demo",
    "name": "Tormenture Demo",
    "schinese_name": "",
    "isfreeapp": "0",
    "change_number": "27536161",
    "update_time": "2025-02-18 22:39:28",
    "depot": {
        "baselanguages": "english,german,french,spanish,schinese,japanese",
        "2989911": {
            "manifests": {
                "public": {
                    "gid": "6161292158422504343",
                    "size": "1875469028",
                    "download": "485476544"
                }
            },
            "decryptionkey": "fc0b48d25381a60a4297724130455b791f78d1de494b2705aa198f987172424b"
        },
        "branches": {
            "public": {
                "buildid": "17351902",
                "timeupdated": "1739452418"
            }
        },
        "privatebranches": "1"
    }
}