{
    "appid": "3296250",
    "type": "Game",
    "name": "The Last Refuge",
    "schinese_name": "",
    "isfreeapp": "1",
    "change_number": "27168520",
    "update_time": "2025-01-26 10:29:06",
    "depot": {
        "228989": {
            "config": {
                "oslist": "windows"
            },
            "depotfromapp": "228980",
            "sharedinstall": "1"
        },
        "228990": {
            "config": {
                "oslist": "windows"
            },
            "depotfromapp": "228980",
            "sharedinstall": "1"
        },
        "3296251": {
            "manifests": {
                "public": {
                    "gid": "1158576125755537165",
                    "size": "5345386542",
                    "download": "4893638208"
                }
            },
            "decryptionkey": "9f9f3e32df9489ad6711ac04b72f0ec35a4306b18c29bfea475a0460e63c8697"
        },
        "baselanguages": "english,latam",
        "branches": {
            "public": {
                "buildid": "17133947",
                "timeupdated": "1737858542"
            }
        }
    }
}