{
    "appid": "3370460",
    "type": "Game",
    "name": "幼馴染とイチャラブえっち!! ～初々しかったあの子がド〇乱セッ〇ス中毒に～",
    "schinese_name": "与儿时好友的爱情性爱 ～一个无辜的女孩沉迷于猥亵他妈的～",
    "isfreeapp": "0",
    "change_number": "28088169",
    "update_time": "2025-03-22 23:20:20",
    "depot": {
        "3370461": {
            "manifests": {
                "public": {
                    "gid": "6857070280437590099",
                    "size": "238948896",
                    "download": "65313072"
                }
            },
            "decryptionkey": "3b64166aa24ce934dc47a4c177a3b4dbf9dd53068715f6ee784515245a65281b"
        },
        "baselanguages": "english,schinese,japanese",
        "branches": {
            "public": {
                "buildid": "16624139",
                "timeupdated": "1733288063"
            }
        }
    }
}