{
    "appid": "3185990",
    "type": "Demo",
    "name": "The Factory Must Grow Demo",
    "schinese_name": "",
    "isfreeapp": "0",
    "change_number": "25879507",
    "update_time": "2024-10-24 23:37:00",
    "depot": {
        "3185991": {
            "manifests": {
                "public": {
                    "gid": "6172773265112048866",
                    "size": "153099798",
                    "download": "69561712"
                }
            },
            "decryptionkey": "d3eadbc2fe42cb961c81a1c3c0efdd2b337e749cc785bbde1d98e9e9db65abb7"
        },
        "branches": {
            "public": {
                "buildid": "16167613",
                "timeupdated": "1729784215"
            }
        }
    }
}