{
    "appid": "3342630",
    "type": "Game",
    "name": "Escape From Sandhill",
    "schinese_name": "",
    "isfreeapp": "0",
    "change_number": "28220672",
    "update_time": "2025-03-31 09:52:18",
    "depot": {
        "228989": {
            "config": {
                "oslist": "windows"
            },
            "depotfromapp": "228980",
            "sharedinstall": "1"
        },
        "228990": {
            "config": {
                "oslist": "windows"
            },
            "depotfromapp": "228980",
            "sharedinstall": "1"
        },
        "229033": {
            "config": {
                "oslist": "windows"
            },
            "depotfromapp": "228980",
            "sharedinstall": "1"
        },
        "hasdepotsindlc": "1",
        "3342631": {
            "config": {
                "oslist": "windows",
                "osarch": "64"
            },
            "manifests": {
                "public": {
                    "gid": "8315018235405337856",
                    "size": "3653498062",
                    "download": "1422709984"
                }
            },
            "decryptionkey": "a5eae055aa97751768570dbe840833287e0f96d33f90795a8645610648b74f0f"
        },
        "baselanguages": "",
        "branches": {
            "public": {
                "buildid": "16836027",
                "timeupdated": "1734967394"
            }
        }
    }
}