{
    "appid": "3124830",
    "type": "Demo",
    "name": "The Green Book Demo",
    "schinese_name": "",
    "isfreeapp": "0",
    "change_number": "24534447",
    "update_time": "2024-07-27 11:23:19",
    "depot": {
        "3124832": {
            "config": {
                "oslist": "windows"
            },
            "manifests": {
                "public": {
                    "gid": "2338341250322329925",
                    "size": "330290563",
                    "download": "42134240"
                }
            },
            "decryptionkey": "063444ef2c3d01c4eb0c242201b3d83d481bc268a446a0360013780f1b7666ba"
        },
        "3124833": {
            "config": {
                "oslist": "macos"
            },
            "manifests": {
                "public": {
                    "gid": "5413561443961873796",
                    "size": "354366001",
                    "download": "49400960"
                }
            },
            "decryptionkey": ""
        },
        "branches": {
            "public": {
                "buildid": "15158325",
                "timeupdated": "1721964208"
            }
        }
    }
}