{
    "appid": "2981650",
    "type": "Game",
    "name": "Shift 87",
    "schinese_name": "《轮班87》",
    "isfreeapp": "0",
    "change_number": "29022793",
    "update_time": "2025-05-16 19:15:35",
    "depot": {
        "228990": {
            "config": {
                "oslist": "windows"
            },
            "depotfromapp": "228980",
            "sharedinstall": "1"
        },
        "2981651": {
            "manifests": {
                "public": {
                    "gid": "4107883098630901353",
                    "size": "0",
                    "download": "0"
                }
            },
            "decryptionkey": "a79e0aa888568ceb3efa745153fc75fcf795e9dd8fc774764c1f96b2cfc95ed1"
        },
        "2981652": {
            "config": {
                "oslist": "windows",
                "osarch": "64"
            },
            "manifests": {
                "public": {
                    "gid": "6384233030330826790",
                    "size": "7301407876",
                    "download": "2876237296"
                }
            },
            "decryptionkey": "13ffa84bcefc222b01f4551d314c857d9a7c2bce969493e25365b9dc53d457f9"
        },
        "2981653": {
            "config": {
                "oslist": "macos",
                "osarch": "64"
            },
            "manifests": {
                "public": {
                    "gid": "7680324035211940123",
                    "size": "7386265087",
                    "download": "2886799632"
                }
            }
        },
        "branches": {
            "public": {
                "buildid": "15123509",
                "timeupdated": "1721741071"
            }
        },
        "privatebranches": "1"
    }
}