{
    "appid": "3038550",
    "type": "Demo",
    "name": "Casino Tycoon Demo",
    "schinese_name": "",
    "isfreeapp": "0",
    "change_number": "26646364",
    "update_time": "2024-12-15 07:36:15",
    "depot": {
        "228989": {
            "config": {
                "oslist": "windows"
            },
            "depotfromapp": "228980",
            "sharedinstall": "1"
        },
        "228990": {
            "config": {
                "oslist": "windows"
            },
            "depotfromapp": "228980",
            "sharedinstall": "1"
        },
        "3038551": {
            "manifests": {
                "public": {
                    "gid": "8285484462237990416",
                    "size": "6057449542",
                    "download": "2187772480"
                }
            },
            "decryptionkey": "79ae4ad1dc431e34774e85a45161ea0f96ddf81db038a1a12efc714ec813e7c4"
        },
        "branches": {
            "public": {
                "buildid": "16748156",
                "timeupdated": "1734219369"
            }
        }
    }
}