{
    "appid": "3247810",
    "type": "Demo",
    "name": "Vividerie Demo",
    "schinese_name": "",
    "isfreeapp": "0",
    "change_number": "25842890",
    "update_time": "2024-10-23 01:02:53",
    "depot": {
        "3247811": {
            "manifests": {
                "public": {
                    "gid": "4990963396297212291",
                    "size": "80269472",
                    "download": "52591440"
                }
            },
            "decryptionkey": "b2b601b94ab5659531183238f1ac82ce243bbf670aa8ced08c941f92b5fb8919"
        },
        "branches": {
            "public": {
                "buildid": "16086982",
                "timeupdated": "1729199453"
            }
        }
    }
}