{
    "appid": "3097620",
    "type": "DLC",
    "name": "Valis III",
    "schinese_name": "",
    "isfreeapp": "0",
    "change_number": "25958572",
    "update_time": "2024-10-30 04:53:12",
    "depot": {
        "3097621": {
            "manifests": {
                "public": {
                    "gid": "7276724805887796300",
                    "size": "1212870860",
                    "download": "666141456"
                }
            },
            "dlcappid": "3097620",
            "decryptionkey": "72bb808d4ed5d240955fc5a56e3bc0fa6b564b0a07219444cc4d9649e445f028"
        },
        "branches": {
            "public": {
                "buildid": "16216336",
                "timeupdated": "1730178951"
            }
        }
    }
}