{
    "appid": "3025940",
    "type": "Demo",
    "name": "Project: Mist Demo",
    "schinese_name": "",
    "isfreeapp": "0",
    "change_number": "26994921",
    "update_time": "2025-01-15 02:32:39",
    "depot": {
        "3025941": {
            "manifests": {
                "public": {
                    "gid": "6498030798526350203",
                    "size": "11356034684",
                    "download": "3875777264"
                }
            },
            "decryptionkey": "7fe74189c7ad538aea37fc3c8052debd5941a9d86c37d311d12555f55117ad59"
        },
        "branches": {
            "public": {
                "buildid": "16053804",
                "timeupdated": "1729068522"
            }
        },
        "privatebranches": "1"
    }
}