{
    "appid": "3022140",
    "type": "Demo",
    "name": "本草归元录 Demo",
    "schinese_name": "",
    "isfreeapp": "0",
    "change_number": "27042360",
    "update_time": "2025-01-17 20:39:31",
    "depot": {
        "3022141": {
            "manifests": {
                "public": {
                    "gid": "74475556673003072",
                    "size": "2449233711",
                    "download": "485574416"
                }
            },
            "decryptionkey": "0a5893fbcd9323ff2f7536f8ed229f7562bd216e3fb230bd387fcb63c3d088e8"
        },
        "branches": {
            "public": {
                "buildid": "16134136",
                "timeupdated": "1729589116"
            }
        }
    }
}