{
    "appid": "3016120",
    "type": "Game",
    "name": "Beauty Solitaire",
    "schinese_name": "美眉纸牌",
    "isfreeapp": "0",
    "change_number": "28566116",
    "update_time": "2025-04-20 04:04:36",
    "depot": {
        "3016121": {
            "manifests": {
                "public": {
                    "gid": "2904247897656934857",
                    "size": "268100067",
                    "download": "163332720"
                }
            },
            "decryptionkey": "4283b1cc5b70fe5ba4f4f38073897f16fc33d136ba95290ab6b6a3fe8acc838f"
        },
        "hasdepotsindlc": "1",
        "branches": {
            "public": {
                "buildid": "15202678",
                "timeupdated": "1722361452"
            }
        }
    }
}