{
    "appid": "3251480",
    "type": "Demo",
    "name": "Iron Saga VS Demo",
    "schinese_name": "",
    "isfreeapp": "0",
    "change_number": "27455069",
    "update_time": "2025-02-13 16:28:10",
    "depot": {
        "3251481": {
            "manifests": {
                "public": {
                    "gid": "6706694773109335187",
                    "size": "5102188739",
                    "download": "3822537808"
                }
            },
            "decryptionkey": "2e0770495326d9dac14973fc3d8b9b9378419cb3ce0c8f8e35579f277ca9d6cd"
        },
        "baselanguages": "english,schinese",
        "branches": {
            "public": {
                "buildid": "17334420",
                "timeupdated": "1739355962"
            }
        },
        "privatebranches": "1"
    }
}