{
    "appid": "3152900",
    "type": "Game",
    "name": "东方奇缘记",
    "schinese_name": "东方奇缘记",
    "isfreeapp": "0",
    "change_number": "28125974",
    "update_time": "2025-03-25 17:13:23",
    "depot": {
        "3152901": {
            "manifests": {
                "public": {
                    "gid": "5635666346540573958",
                    "size": "489763094",
                    "download": "154172256"
                }
            },
            "decryptionkey": "5ca64815c6dc96e881c689bd6ea40694ccbadb3069cf24425464ca4ac46d796c"
        },
        "branches": {
            "public": {
                "buildid": "16258548",
                "timeupdated": "1730418713"
            }
        }
    }
}