{
    "appid": "3251830",
    "type": "Demo",
    "name": "Aquatic Store Simulator Demo",
    "schinese_name": "",
    "isfreeapp": "0",
    "change_number": "26250430",
    "update_time": "2024-11-19 03:48:01",
    "depot": {
        "3251831": {
            "manifests": {
                "public": {
                    "gid": "123153903906129833",
                    "size": "6303875896",
                    "download": "2484075280"
                }
            },
            "decryptionkey": "1c42303b75eac4f9507d2a0e8d35744c4be93b3afd874b8586337ce31627791b"
        },
        "branches": {
            "public": {
                "buildid": "16448362",
                "timeupdated": "1731959276"
            }
        },
        "privatebranches": "1"
    }
}