{
    "appid": "3021940",
    "type": "Demo",
    "name": "Critter Cove Demo",
    "schinese_name": "",
    "isfreeapp": "0",
    "change_number": "27318750",
    "update_time": "2025-02-05 11:17:57",
    "depot": {
        "3021941": {
            "manifests": {
                "public": {
                    "gid": "2862962638302465247",
                    "size": "7197036140",
                    "download": "4081354384"
                }
            },
            "decryptionkey": "a43e36cb3a19b7dfa63d0fd047e1d012dc75fde4bcce0205e1ec0b4c03a65576"
        },
        "branches": {
            "public": {
                "buildid": "16179327",
                "timeupdated": "1729856926"
            }
        },
        "privatebranches": "1"
    }
}