{
    "appid": "3451290",
    "type": "Game",
    "name": "Pale Abyss",
    "schinese_name": "",
    "isfreeapp": "1",
    "change_number": "28793045",
    "update_time": "2025-05-03 05:31:27",
    "depot": {
        "228989": {
            "config": {
                "oslist": "windows"
            },
            "depotfromapp": "228980",
            "sharedinstall": "1"
        },
        "228990": {
            "config": {
                "oslist": "windows"
            },
            "depotfromapp": "228980",
            "sharedinstall": "1"
        },
        "3451291": {
            "manifests": {
                "public": {
                    "gid": "7373447516261524538",
                    "size": "531304314",
                    "download": "401534256"
                }
            },
            "decryptionkey": "f6c676f5be9f8105138747b813ad016f1a9ceb6ac721ec7b0a2ac09e0bf2596f"
        },
        "branches": {
            "public": {
                "buildid": "17324358",
                "timeupdated": "1739292268"
            }
        }
    }
}