{
    "appid": "3009340",
    "type": "Demo",
    "name": "Duck N Roll Demo",
    "schinese_name": "",
    "isfreeapp": "0",
    "change_number": "26197446",
    "update_time": "2024-11-15 01:27:23",
    "depot": {
        "3009341": {
            "manifests": {
                "public": {
                    "gid": "4054658114295751160",
                    "size": "617536656",
                    "download": "139412192"
                }
            },
            "decryptionkey": "5a3b5e67f77a9639e9677bd103ca13ba7ff2859f63b3d367e2ebab8e1d748cd9"
        },
        "baselanguages": "english,german,french,italian,koreana,spanish,schinese,tchinese,russian,japanese,finnish,czech,turkish",
        "branches": {
            "public": {
                "buildid": "16089640",
                "timeupdated": "1729218118"
            }
        }
    }
}