{
    "appid": "3503730",
    "type": "Music",
    "name": "Spilled! Soundtrack",
    "schinese_name": "",
    "isfreeapp": "0",
    "change_number": "28257225",
    "update_time": "2025-04-02 06:38:02",
    "depot": {
        "3503731": {
            "manifests": {
                "public": {
                    "gid": "9210926904155819227",
                    "size": "50703263",
                    "download": "49188416"
                }
            },
            "decryptionkey": "25aae1a39cded11d42c5068cfb769feb9c7a990672a8e39df6e6602db9ccf543"
        },
        "branches": {
            "public": {
                "buildid": "17236243",
                "timeupdated": "1738665104"
            }
        }
    }
}