{
    "appid": "3232540",
    "type": "Demo",
    "name": "The Book of Outcasts Demo",
    "schinese_name": "",
    "isfreeapp": "0",
    "change_number": "25930751",
    "update_time": "2024-10-28 20:35:02",
    "depot": {
        "3232541": {
            "config": {
                "oslist": "windows"
            },
            "manifests": {
                "public": {
                    "gid": "3842148400652527659",
                    "size": "958751098",
                    "download": "837090896"
                }
            },
            "decryptionkey": "62056450437db53a03f98f85b7dd0efae4983a765994ccbf42b4d4017b2107c8"
        },
        "3232542": {
            "config": {
                "oslist": "macos"
            },
            "manifests": {
                "public": {
                    "gid": "2240036076350810825",
                    "size": "947236877",
                    "download": "832945168"
                }
            },
            "decryptionkey": ""
        },
        "3232543": {
            "config": {
                "oslist": "linux"
            },
            "manifests": {
                "public": {
                    "gid": "5701913004344778892",
                    "size": "915434215",
                    "download": "823936944"
                }
            },
            "decryptionkey": ""
        },
        "branches": {
            "public": {
                "buildid": "16053245",
                "timeupdated": "1729004029"
            }
        }
    }
}