{
    "appid": "3287240",
    "type": "Demo",
    "name": "Time For Revenge Demo",
    "schinese_name": "",
    "isfreeapp": "0",
    "change_number": "25882633",
    "update_time": "2024-10-25 02:36:38",
    "depot": {
        "3287241": {
            "manifests": {
                "public": {
                    "gid": "554484393413594308",
                    "size": "7497409700",
                    "download": "7307949440"
                }
            },
            "decryptionkey": "05cfcbc2af2a35cc8f773eec09fe6fb1a30fb70cc71aaa93397077ec1ab73c45"
        },
        "branches": {
            "public": {
                "buildid": "16102598",
                "timeupdated": "1729291723"
            }
        }
    }
}