{
    "appid": "3054700",
    "type": "Game",
    "name": "Crimson Asylum",
    "schinese_name": "",
    "isfreeapp": "0",
    "change_number": "28938684",
    "update_time": "2025-05-12 20:36:19",
    "depot": {
        "3054701": {
            "manifests": {
                "public": {
                    "gid": "4824755321767407026",
                    "size": "2926978099",
                    "download": "1202552624"
                }
            },
            "decryptionkey": "175ab63b016b5ac0a685d5e521551c430772aed9bfbc42345079a617dfde6392"
        },
        "branches": {
            "public": {
                "buildid": "14727977",
                "timeupdated": "1718445585"
            }
        }
    }
}