{
    "appid": "3191290",
    "type": "Demo",
    "name": "LIDAR EXPLORATION PROGRAM Demo",
    "schinese_name": "",
    "isfreeapp": "0",
    "change_number": "25798790",
    "update_time": "2024-10-19 18:24:51",
    "depot": {
        "3191291": {
            "config": {
                "oslist": "windows"
            },
            "manifests": {
                "public": {
                    "gid": "5511820675576900508",
                    "size": "167221046",
                    "download": "101389536"
                }
            },
            "decryptionkey": "31b80b55ce4f6e375d96d4758f8fdd7cd67caa636326946a8638c9ce2705691d"
        },
        "branches": {
            "public": {
                "buildid": "16057969",
                "timeupdated": "1729032965"
            }
        }
    }
}