{
    "appid": "3354630",
    "type": "DLC",
    "name": "Beat Saber - Metallica - Master of Puppets",
    "schinese_name": "",
    "isfreeapp": "0",
    "change_number": "26577802",
    "update_time": "2024-12-10 23:44:08",
    "depot": {
        "3354630": {
            "manifests": {
                "public": {
                    "gid": "2596016055932087340",
                    "size": "30992720",
                    "download": "31416592"
                }
            },
            "dlcappid": "3354630",
            "decryptionkey": "bceb367a4621591786c1fd546ebd91fb148284e14f0f8110c32e18dbadf9e2d3"
        },
        "branches": {
            "public": {
                "buildid": "16539579",
                "timeupdated": "1732636040"
            }
        }
    }
}