{
    "appid": "3034520",
    "type": "Game",
    "name": "狐のかえり道",
    "schinese_name": "狐的归途",
    "isfreeapp": "0",
    "change_number": "29014844",
    "update_time": "2025-05-16 09:49:14",
    "depot": {
        "3034521": {
            "config": {
                "oslist": "windows",
                "osarch": "64"
            },
            "manifests": {
                "public": {
                    "gid": "770539233179270774",
                    "size": "263954062",
                    "download": "160938096"
                }
            },
            "decryptionkey": "8bbe671086e0d584a01d1a80f755ec8d75f06da6dc391580864874574746d32f"
        },
        "3034522": {
            "config": {
                "oslist": "macos"
            },
            "manifests": {
                "public": {
                    "gid": "4344879964037338327",
                    "size": "382017724",
                    "download": "183902240"
                }
            },
            "decryptionkey": ""
        },
        "branches": {
            "public": {
                "buildid": "16771352",
                "timeupdated": "1735175895"
            }
        },
        "privatebranches": "1"
    }
}