{
    "appid": "3296260",
    "type": "Game",
    "name": "Cafe DReAMLAND",
    "schinese_name": "",
    "isfreeapp": "0",
    "change_number": "28978737",
    "update_time": "2025-05-14 22:45:18",
    "depot": {
        "baselanguages": "english,japanese",
        "3296261": {
            "config": {
                "language": "japanese"
            },
            "manifests": {
                "public": {
                    "gid": "2658317522378315006",
                    "size": "450939678",
                    "download": "222716800"
                }
            },
            "decryptionkey": "8215c059edf838cd50aaf2942c0307b92c521b70d8acbfcc2df9e0754cf2c874"
        },
        "3296263": {
            "config": {
                "language": "english"
            },
            "manifests": {
                "public": {
                    "gid": "529985349615017773",
                    "size": "453503576",
                    "download": "223116240"
                }
            },
            "decryptionkey": "958541e33d3c7ddcf4f1c144af55908c7d01ed146c246d12605461adc9cfd95a"
        },
        "branches": {
            "public": {
                "buildid": "18424686",
                "timeupdated": "1747026214"
            }
        },
        "privatebranches": "1"
    }
}