{
    "appid": "3446150",
    "type": "Game",
    "name": "Tsuki ni Yorisou Otome no Sahou 2",
    "schinese_name": "近月少女的礼仪2",
    "isfreeapp": "0",
    "change_number": "28959270",
    "update_time": "2025-05-13 19:33:35",
    "depot": {
        "3446151": {
            "manifests": {
                "public": {
                    "gid": "396087999107056817",
                    "size": "14353337432",
                    "download": "3054250864"
                }
            },
            "decryptionkey": "d709f60e06a1c27e406523c460b2937e4a616bcf65cce5e31dc2d9e89c69f92e"
        },
        "baselanguages": "schinese,tchinese,japanese",
        "branches": {
            "public": {
                "buildid": "18419613",
                "timeupdated": "1746978664"
            }
        },
        "privatebranches": "1"
    }
}