{
    "appid": "3304790",
    "type": "Demo",
    "name": "Pit of Goblin Demo",
    "schinese_name": "",
    "isfreeapp": "0",
    "change_number": "26685919",
    "update_time": "2024-12-18 07:44:39",
    "depot": {
        "3304791": {
            "manifests": {
                "public": {
                    "gid": "7770563900901168686",
                    "size": "1171941093",
                    "download": "292232128"
                }
            },
            "decryptionkey": "2b1674e05536539ed029043efc24acff2d6c96fbad65ca6da5473839b4c4b9fb"
        },
        "branches": {
            "public": {
                "buildid": "16583172",
                "timeupdated": "1732910986"
            }
        },
        "privatebranches": "1"
    }
}