{
    "appid": "3434330",
    "type": "Game",
    "name": "恶魔的房间 The Demon's Room",
    "schinese_name": "",
    "isfreeapp": "0",
    "change_number": "29042053",
    "update_time": "2025-05-18 01:13:28",
    "depot": {
        "baselanguages": "english,schinese",
        "hasdepotsindlc": "1",
        "3434331": {
            "config": {
                "oslist": "windows"
            },
            "manifests": {
                "public": {
                    "gid": "8050334981443260142",
                    "size": "12583897753",
                    "download": "10609628624"
                }
            },
            "decryptionkey": "33e44d9333504275fafef888a4d960e2172a94a490e0f587a91b6fb7dbdb6e1f"
        },
        "branches": {
            "public": {
                "buildid": "17471014",
                "timeupdated": "1740278960"
            }
        }
    }
}