{
    "appid": "3159120",
    "type": "Game",
    "name": "Hidden Realm of the Enchantress",
    "schinese_name": "",
    "isfreeapp": "0",
    "change_number": "29016345",
    "update_time": "2025-05-16 12:06:49",
    "depot": {
        "3159121": {
            "config": {
                "language": "english",
                "oslist": "windows",
                "osarch": "64"
            },
            "manifests": {
                "public": {
                    "gid": "6349592556700091906",
                    "size": "461090521",
                    "download": "82639792"
                }
            },
            "decryptionkey": "1581732e538977d320e79f328d65922494cb640edfa22161ef3c3e8502d50083"
        },
        "branches": {
            "public": {
                "buildid": "17593089",
                "timeupdated": "1741112378"
            }
        }
    }
}