{
    "appid": "3267790",
    "type": "DLC",
    "name": "The Coma 2B: Catacomb - The Gamer Skin",
    "schinese_name": "",
    "isfreeapp": "0",
    "change_number": "25932225",
    "update_time": "2024-10-28 22:09:05",
    "depot": {
        "3267790": {
            "manifests": {
                "public": {
                    "gid": "582466154183993560",
                    "size": "19578100",
                    "download": "13970288"
                }
            },
            "dlcappid": "3267790",
            "decryptionkey": "ea30220dfd9741cd5afd06b7f571d80766051501d60d065e58143563a8057f4e"
        },
        "branches": {
            "public": {
                "buildid": "16202873",
                "timeupdated": "1730124542"
            }
        }
    }
}