{
    "appid": "3100140",
    "type": "Demo",
    "name": "XiuzhenWorld2 / 修真世界2 Demo",
    "schinese_name": "",
    "isfreeapp": "0",
    "change_number": "26183469",
    "update_time": "2024-11-14 07:32:04",
    "depot": {
        "3100141": {
            "manifests": {
                "public": {
                    "gid": "257138991884835750",
                    "size": "2499220241",
                    "download": "779800720"
                }
            },
            "decryptionkey": "1f9d18ed72dc45ef49997c701e605372bc4f7728d3bab76328077de133346bae"
        },
        "branches": {
            "public": {
                "buildid": "15790536",
                "timeupdated": "1727064866"
            }
        },
        "privatebranches": "1"
    }
}