{
    "appid": "2959640",
    "type": "Game",
    "name": "Forest of soul slave",
    "schinese_name": "终焉之森",
    "isfreeapp": "0",
    "change_number": "29015497",
    "update_time": "2025-05-16 10:48:44",
    "depot": {
        "baselanguages": "english,schinese,tchinese,japanese",
        "2959641": {
            "config": {
                "language": "tchinese"
            },
            "manifests": {
                "public": {
                    "gid": "2682489904793205303",
                    "size": "373952927",
                    "download": "326266240"
                }
            },
            "decryptionkey": ""
        },
        "2959642": {
            "config": {
                "language": "japanese",
                "oslist": "windows"
            },
            "manifests": {
                "public": {
                    "gid": "590629105852768007",
                    "size": "229945659",
                    "download": "182389776"
                }
            },
            "decryptionkey": ""
        },
        "2959643": {
            "config": {
                "language": "english",
                "oslist": "windows"
            },
            "manifests": {
                "public": {
                    "gid": "738445515312396156",
                    "size": "394779853",
                    "download": "327205872"
                }
            },
            "decryptionkey": ""
        },
        "2959644": {
            "config": {
                "language": "schinese",
                "oslist": "windows"
            },
            "manifests": {
                "public": {
                    "gid": "2633560899742971641",
                    "size": "374004976",
                    "download": "327480736"
                }
            },
            "decryptionkey": "fcfa27fbb68fe3ee8809436bb6bef9e143b192fd7299c7a67b0edeea561c0ef2"
        },
        "branches": {
            "public": {
                "buildid": "16337614",
                "timeupdated": "1731046123"
            }
        }
    }
}