{
    "appid": "3380050",
    "type": "Demo",
    "name": "The Three Kingdoms: The Tales of Jian An Demo",
    "schinese_name": "三国志：建安外史试玩版",
    "isfreeapp": "0",
    "change_number": "27052149",
    "update_time": "2025-01-18 10:18:14",
    "depot": {
        "3380051": {
            "config": {
                "oslist": "windows"
            },
            "manifests": {
                "public": {
                    "gid": "4756105439018233902",
                    "size": "620735798",
                    "download": "523449056"
                }
            },
            "decryptionkey": "e804a734e84737edd03a2960472c93653f32686abde0ec83a6e68c44b232d4d6"
        },
        "3380052": {
            "config": {
                "oslist": "macos"
            }
        },
        "baselanguages": "schinese,tchinese",
        "branches": {
            "public": {
                "buildid": "17047320",
                "timeupdated": "1737166689"
            }
        },
        "privatebranches": "1"
    }
}