{
    "appid": "3182450",
    "type": "Game",
    "name": "DOCAAY",
    "schinese_name": "",
    "isfreeapp": "0",
    "change_number": "28994059",
    "update_time": "2025-05-15 11:12:43",
    "depot": {
        "baselanguages": "english",
        "hasdepotsindlc": "0",
        "3182451": {
            "config": {
                "language": "english",
                "oslist": "windows"
            },
            "manifests": {
                "public": {
                    "gid": "1142112281300180810",
                    "size": "168187208",
                    "download": "124858048"
                }
            },
            "decryptionkey": "c214ab463cfa5bca52d5cbf5d2ee584622c3e8783cd9c264173f5ff74445a08c"
        },
        "3182452": {
            "config": {
                "language": "hungarian"
            }
        },
        "branches": {
            "public": {
                "buildid": "18147393",
                "timeupdated": "1744910707"
            }
        }
    }
}