{
    "appid": "2965030",
    "type": "Demo",
    "name": "Don't Die, Collect Loot Demo",
    "schinese_name": "",
    "isfreeapp": "0",
    "change_number": "27383127",
    "update_time": "2025-02-09 08:04:30",
    "depot": {
        "2965031": {
            "manifests": {
                "public": {
                    "gid": "4838683181385233226",
                    "size": "1401180163",
                    "download": "207251664"
                },
                "perf_testing": {
                    "gid": "3894055805048410064",
                    "size": "952303923",
                    "download": "110442528"
                }
            },
            "decryptionkey": "e5d99387bab992e773c8f61d30d72b2f4d55afdc78374c72722509b22a834980"
        },
        "branches": {
            "public": {
                "buildid": "17294522",
                "timeupdated": "1739059467"
            },
            "perf_testing": {
                "buildid": "14568267",
                "description": "item performance fixes",
                "timeupdated": "1717210324"
            }
        },
        "privatebranches": "1"
    }
}