{
    "appid": "3221120",
    "type": "Demo",
    "name": "Sailing alone:Aftermath Demo",
    "schinese_name": "末世孤航 Demo",
    "isfreeapp": "0",
    "change_number": "26865896",
    "update_time": "2025-01-05 13:50:40",
    "depot": {
        "baselanguages": "english,schinese",
        "3221121": {
            "manifests": {
                "public": {
                    "gid": "1822257746125363241",
                    "size": "5544914502",
                    "download": "2263574608"
                },
                "0.523": {
                    "gid": "7824317686943993775",
                    "size": "4646508181",
                    "download": "1939739072"
                },
                "0.524": {
                    "gid": "354855508019258995",
                    "size": "4662127298",
                    "download": "1946730896"
                },
                "0.525": {
                    "gid": "118708984237611478",
                    "size": "4662355820",
                    "download": "1946839616"
                },
                "0.526": {
                    "gid": "8767588603526740114",
                    "size": "4733573678",
                    "download": "1966226320"
                },
                "0.527": {
                    "gid": "4364350006798178250",
                    "size": "4737040688",
                    "download": "1966883632"
                },
                "0.528": {
                    "gid": "6207162690631718186",
                    "size": "4767380013",
                    "download": "1977724208"
                },
                "0.529": {
                    "gid": "5202496854507132111",
                    "size": "4949891619",
                    "download": "2050686800"
                },
                "devtest": {
                    "gid": "3604950633946594660",
                    "size": "4949873097",
                    "download": "2050691216"
                }
            },
            "decryptionkey": "176995870810f2d40d313729dd2626bdb3bccf9db0df7554a3103815eea07d7b"
        },
        "branches": {
            "public": {
                "buildid": "16909155",
                "timeupdated": "1736050192"
            },
            "0.523": {
                "buildid": "15796309",
                "description": "0.523",
                "timeupdated": "1727196484"
            },
            "0.524": {
                "buildid": "15810800",
                "description": "0.524",
                "timeupdated": "1727277317"
            },
            "0.525": {
                "buildid": "15824269",
                "description": "0.525",
                "timeupdated": "1727331082"
            },
            "0.526": {
                "buildid": "15864058",
                "description": "0.526",
                "timeupdated": "1727670109"
            },
            "0.527": {
                "buildid": "15870799",
                "description": "0.527",
                "timeupdated": "1727843175"
            },
            "0.528": {
                "buildid": "15897447",
                "description": "0.528",
                "timeupdated": "1728031195"
            },
            "0.529": {
                "buildid": "16138339",
                "description": "529",
                "timeupdated": "1736056234"
            },
            "devtest": {
                "buildid": "16131468",
                "description": "developVersion",
                "timeupdated": "1729573361"
            }
        }
    }
}