{
    "appid": "2951850",
    "type": "Game",
    "name": "Color Splash: Monkeys",
    "schinese_name": "",
    "isfreeapp": "0",
    "change_number": "28635191",
    "update_time": "2025-04-24 10:37:13",
    "depot": {
        "baselanguages": "english",
        "2951851": {
            "config": {
                "language": "english",
                "oslist": "windows"
            },
            "manifests": {
                "public": {
                    "gid": "2444793185474377487",
                    "size": "478284660",
                    "download": "474829392"
                }
            },
            "decryptionkey": "d60c11a84e3e6f62d977a47e748c0d4d0646368bd42c62d749b39563c2290d29"
        },
        "branches": {
            "public": {
                "buildid": "14210435",
                "timeupdated": "1714404533"
            }
        }
    }
}