{
    "appid": "3268380",
    "type": "Demo",
    "name": "双生木 Demo",
    "schinese_name": "",
    "isfreeapp": "0",
    "change_number": "26788767",
    "update_time": "2024-12-26 21:13:11",
    "depot": {
        "baselanguages": "schinese",
        "3268381": {
            "manifests": {
                "public": {
                    "gid": "2182327652586938704",
                    "size": "435679857",
                    "download": "412052864"
                }
            },
            "decryptionkey": "cd073f1c30af1bf99db391ed2b6096e2697c04aa296db284e19a86b45c3f5d70"
        },
        "branches": {
            "public": {
                "buildid": "16854492",
                "timeupdated": "1735218787"
            }
        }
    }
}