{
    "appid": "3588290",
    "type": "Music",
    "name": "Rain World: The Watcher - Soundtrack",
    "schinese_name": "",
    "isfreeapp": "0",
    "change_number": "28840326",
    "update_time": "2025-05-06 19:27:51",
    "depot": {
        "3588291": {
            "config": {
                "highqualityaudio": "1"
            },
            "manifests": {
                "public": {
                    "gid": "2664528425946650863",
                    "size": "951532106",
                    "download": "772027200"
                }
            },
            "decryptionkey": "c82ba1d1991db8a741ede184960b07edb56d2c0f44679f58d0427cdec86114a0"
        },
        "3588292": {
            "manifests": {
                "public": {
                    "gid": "6879315245054250086",
                    "size": "215970328",
                    "download": "215190528"
                }
            },
            "decryptionkey": "2bbda8e103e2ec9e5a8e6e2a8ff85fc6fc3937e3fd7acf811326c25dc2d7edce"
        },
        "branches": {
            "public": {
                "buildid": "17800450",
                "timeupdated": "1742506229"
            }
        }
    }
}