{
    "appid": "2947980",
    "type": "Game",
    "name": "The Restless Sheep & The Lone Wolf -Woolly Eyes GAIDEN-",
    "schinese_name": "失眠的羊与孤独的狼《外传》",
    "isfreeapp": "0",
    "change_number": "27303020",
    "update_time": "2025-02-04 16:09:35",
    "depot": {
        "2947981": {
            "manifests": {
                "public": {
                    "gid": "928424224411719334",
                    "size": "1064121326",
                    "download": "1035215552"
                }
            },
            "decryptionkey": "8ccb8cfad80106f401d220280c89bc81b14c19496e3dc12593a7e8047186c1c1"
        },
        "branches": {
            "public": {
                "buildid": "17234704",
                "timeupdated": "1738656571"
            }
        }
    }
}