{
    "appid": "3675450",
    "type": "Tool",
    "name": "Vector Strike Dedicated Server",
    "schinese_name": "",
    "isfreeapp": "0",
    "change_number": "28974477",
    "update_time": "2025-05-14 14:16:43",
    "depot": {
        "1004": {
            "config": {
                "oslist": "windows"
            },
            "manifests": {
                "public": {
                    "gid": "7747775778018907449",
                    "size": "46727128",
                    "download": "14307024"
                }
            },
            "depotfromapp": "1007",
            "decryptionkey": "f21faa4f29ecee9d192fc1784d1701376eb87e13521824ceaf0116b10c558a81"
        },
        "1005": {
            "config": {
                "oslist": "macos"
            },
            "manifests": {
                "public": {
                    "gid": "2135359612286175146",
                    "size": "0",
                    "download": "0"
                }
            },
            "depotfromapp": "1007",
            "decryptionkey": "ffa980484d510ce8d7bfcdfde8545a438acc894accb6750711fdb75c0ee92ad9"
        },
        "1006": {
            "config": {
                "oslist": "linux"
            },
            "manifests": {
                "public": {
                    "gid": "7138471031118904166",
                    "size": "78382436",
                    "download": "21254752"
                }
            },
            "depotfromapp": "1007",
            "decryptionkey": "0a6d85ecbae0b6b89cf23244f6b4a69fe14e3e64b128473e93f9a2ed3d835b1c"
        },
        "228989": {
            "config": {
                "oslist": "windows"
            },
            "depotfromapp": "228980",
            "sharedinstall": "1"
        },
        "228990": {
            "config": {
                "oslist": "windows"
            },
            "depotfromapp": "228980",
            "sharedinstall": "1"
        },
        "3675451": {
            "manifests": {
                "public": {
                    "gid": "67536131666411892",
                    "size": "839672140",
                    "download": "644917472"
                }
            },
            "decryptionkey": "9a3a157a248674ab3d82f27e72748ce6b5c2fc2d01b6969df75c893403e1f528"
        },
        "branches": {
            "public": {
                "buildid": "18448984",
                "timeupdated": "1747203400"
            }
        },
        "privatebranches": "1"
    }
}