{
    "appid": "3299570",
    "type": "Game",
    "name": "No Mercy",
    "schinese_name": "",
    "isfreeapp": "0",
    "change_number": "29041583",
    "update_time": "2025-05-18 00:13:14",
    "depot": {
        "3299571": {
            "manifests": {
                "public": {
                    "gid": "2153203549625353534",
                    "size": "10559219268",
                    "download": "10474919696"
                }
            },
            "decryptionkey": "6028a7baa92bb65c9b2368384f218a1e980fea4e3a0c99e11a27c6237d25ee57"
        },
        "branches": {
            "public": {
                "buildid": "18040181",
                "timeupdated": "1744198430"
            }
        }
    }
}