{
    "appid": "2961620",
    "type": "DLC",
    "name": "Worlds of Aria - Supporters' Pack",
    "schinese_name": "",
    "isfreeapp": "0",
    "change_number": "27250644",
    "update_time": "2025-01-31 17:50:31",
    "depot": {
        "2961620": {
            "manifests": {
                "public": {
                    "gid": "5935564429953065233",
                    "size": "1517962287",
                    "download": "1430378080"
                }
            },
            "dlcappid": "2961620",
            "decryptionkey": "8d33bb0b031ae741f7bf903652fde7113b937c2546b512711c79c4c01f7f60e5"
        },
        "branches": {
            "public": {
                "buildid": "15757892",
                "timeupdated": "1726755881"
            }
        }
    }
}