{
    "appid": "3003020",
    "type": "Game",
    "name": "Steam Prison -Beyond the Steam-",
    "schinese_name": "",
    "isfreeapp": "0",
    "change_number": "28527438",
    "update_time": "2025-04-17 19:08:11",
    "depot": {
        "baselanguages": "english,schinese,tchinese,japanese",
        "3003021": {
            "manifests": {
                "public": {
                    "gid": "5123836410705018043",
                    "size": "3690615124",
                    "download": "3478279184"
                }
            },
            "decryptionkey": "d446dcad0c6b3cc319234b30df70111be95caa7c6485e57054aa5364e0b16539"
        },
        "branches": {
            "public": {
                "buildid": "17877298",
                "timeupdated": "1744253966"
            }
        },
        "privatebranches": "1"
    }
}