{
    "appid": "3028000",
    "type": "Game",
    "name": "Joy Life 4",
    "schinese_name": "",
    "isfreeapp": "0",
    "change_number": "28835467",
    "update_time": "2025-05-06 14:20:16",
    "depot": {
        "3028001": {
            "manifests": {
                "public": {
                    "gid": "2312696856854642796",
                    "size": "252221187",
                    "download": "88701184"
                }
            },
            "decryptionkey": "8dc528f99ca1efd4bcf0310ab5b0c2bcae151a6da1a076b294303265c3e1c57c"
        },
        "3079060": {
            "dlcappid": "3079060",
            "config": {
                "language": "english",
                "oslist": "windows"
            },
            "manifests": {
                "public": {
                    "gid": "8040533597350406975",
                    "size": "667967922",
                    "download": "509973296"
                }
            },
            "decryptionkey": "f95e160396d8df710a56199182a7e56e9459e0b59360fe7c9560c54988ba6368"
        },
        "branches": {
            "public": {
                "buildid": "15169126",
                "timeupdated": "1722320238"
            }
        },
        "privatebranches": "1"
    }
}