{
    "appid": "3013520",
    "type": "Demo",
    "name": "Supreme Ruler Global Outbreak Demo",
    "schinese_name": "",
    "isfreeapp": "0",
    "change_number": "24383359",
    "update_time": "2024-07-16 21:32:02",
    "depot": {
        "3013521": {
            "manifests": {
                "public": {
                    "gid": "5026539319750438150",
                    "size": "1832355901",
                    "download": "758519392"
                }
            },
            "decryptionkey": "036c15a030f8b2ae8461eed547c978e33952eb34374fb67158df36849594a616"
        },
        "baselanguages": "english,german,french,italian,spanish,portuguese,brazilian,latam",
        "branches": {
            "public": {
                "buildid": "15049980",
                "timeupdated": "1721136684"
            }
        }
    }
}