{
    "appid": "2989440",
    "type": "Demo",
    "name": "Mind Over Magnet Demo",
    "schinese_name": "",
    "isfreeapp": "0",
    "change_number": "26183469",
    "update_time": "2024-11-14 07:24:41",
    "depot": {
        "2989441": {
            "manifests": {
                "public": {
                    "gid": "7421110820007258588",
                    "size": "400056994",
                    "download": "70381184"
                }
            },
            "decryptionkey": "63b80d38b56f4a9edefb95889b1a1a0098fa14360d66dc04a21c41c5fbec3be1"
        },
        "branches": {
            "public": {
                "buildid": "14595706",
                "timeupdated": "1717491358"
            }
        }
    }
}