{
    "appid": "3435860",
    "type": "Demo",
    "name": "Roots Devour Demo",
    "schinese_name": "腐根之里 Demo",
    "isfreeapp": "0",
    "change_number": "27501805",
    "update_time": "2025-02-16 18:14:08",
    "depot": {
        "3435861": {
            "manifests": {
                "public": {
                    "gid": "3254699976781332244",
                    "size": "1834337587",
                    "download": "1211394352"
                }
            },
            "decryptionkey": "67466bf9434ea477f42ccefbae4f6443b5f7f287946acd134d3d6e57b656d799"
        },
        "branches": {
            "public": {
                "buildid": "17474165",
                "timeupdated": "1740331367"
            }
        }
    }
}