{
    "appid": "3324990",
    "type": "Demo",
    "name": "Tao Path Demo",
    "schinese_name": "道路试玩",
    "isfreeapp": "0",
    "change_number": "26793914",
    "update_time": "2024-12-27 12:38:18",
    "depot": {
        "228989": {
            "config": {
                "oslist": "windows"
            },
            "depotfromapp": "228980",
            "sharedinstall": "1"
        },
        "228990": {
            "config": {
                "oslist": "windows"
            },
            "depotfromapp": "228980",
            "sharedinstall": "1"
        },
        "3324991": {
            "config": {
                "oslist": "windows"
            },
            "manifests": {
                "public": {
                    "gid": "794087159785863370",
                    "size": "7591818672",
                    "download": "7348651424"
                }
            },
            "decryptionkey": "600591f6b30e0fca64d7662c686564c1117cc775daffaf81c72fc9d2dec615fb"
        },
        "baselanguages": "english,schinese",
        "branches": {
            "public": {
                "buildid": "16799822",
                "timeupdated": "1734608019"
            }
        }
    }
}