{
    "appid": "3221000",
    "type": "Game",
    "name": "酆都战记",
    "schinese_name": "",
    "isfreeapp": "0",
    "change_number": "27340983",
    "update_time": "2025-02-06 16:27:37",
    "depot": {
        "3221001": {
            "manifests": {
                "public": {
                    "gid": "6543128688115295582",
                    "size": "1431226308",
                    "download": "695207856"
                },
                "fengdu": {
                    "gid": "5622231893388256102",
                    "size": "741233391",
                    "download": "718711104"
                }
            },
            "decryptionkey": "1019c26e2dd03e1afb5b0b2bf5790f34a409e22e69216cb8a32521e851e0af4e"
        },
        "branches": {
            "public": {
                "buildid": "17247140",
                "timeupdated": "1738731574"
            },
            "fengdu": {
                "buildid": "17188781",
                "description": "New",
                "timeupdated": "1738264640"
            }
        }
    }
}