{
    "appid": "3477800",
    "type": "Game",
    "name": "Shelldom",
    "schinese_name": "",
    "isfreeapp": "0",
    "change_number": "28808751",
    "update_time": "2025-05-04 17:55:39",
    "depot": {
        "3477801": {
            "manifests": {
                "public": {
                    "gid": "3148471850522882203",
                    "size": "318534048",
                    "download": "205363024"
                },
                "test": {
                    "gid": "4003759537236847112",
                    "size": "280296752",
                    "download": "181971712"
                }
            },
            "decryptionkey": "7830dcca7a25b1ad0913f91b22e97412c3c2a86dc1a24a9e01e103d7fe180988"
        },
        "branches": {
            "public": {
                "buildid": "18337252",
                "timeupdated": "1746352533"
            },
            "test": {
                "buildid": "17103836",
                "description": "testing",
                "timeupdated": "1737628552"
            }
        }
    }
}