{
    "appid": "3035210",
    "type": "DLC",
    "name": "Gori: Cuddly Carnage - Dragon Skin Pack",
    "schinese_name": "哥里：可爱的大屠杀 - Dragon Skin Pack",
    "isfreeapp": "0",
    "change_number": "24993743",
    "update_time": "2024-08-29 20:51:16",
    "depot": {
        "3035210": {
            "manifests": {
                "public": {
                    "gid": "2979750113353045176",
                    "size": "44",
                    "download": "96"
                }
            },
            "dlcappid": "3035210",
            "decryptionkey": "ebba4c441b880d0ef27d7bdb186aa4544ab1e4d385627cb7ba77a4bb74b19ac5"
        },
        "branches": {
            "public": {
                "buildid": "15265514",
                "timeupdated": "1722871484"
            }
        }
    }
}