{
    "appid": "3395680",
    "type": "Demo",
    "name": "I Hate My Waifu Streamer Demo",
    "schinese_name": "",
    "isfreeapp": "0",
    "change_number": "27495582",
    "update_time": "2025-02-16 00:23:10",
    "depot": {
        "3395681": {
            "manifests": {
                "public": {
                    "gid": "7201655434506059743",
                    "size": "300129841",
                    "download": "158839984"
                }
            },
            "decryptionkey": "3c674d07deb391d92f87b8e6409f8686156b724870d1acbd95d17dc6125a8f6f"
        },
        "baselanguages": "english,russian",
        "branches": {
            "public": {
                "buildid": "17372203",
                "timeupdated": "1739636412"
            }
        },
        "privatebranches": "1"
    }
}