{
    "appid": "3351700",
    "type": "Demo",
    "name": "The First Berserker: Khazan Demo",
    "schinese_name": "",
    "isfreeapp": "0",
    "change_number": "28204091",
    "update_time": "2025-03-29 15:18:54",
    "depot": {
        "228989": {
            "config": {
                "oslist": "windows"
            },
            "depotfromapp": "228980",
            "sharedinstall": "1"
        },
        "228990": {
            "config": {
                "oslist": "windows"
            },
            "depotfromapp": "228980",
            "sharedinstall": "1"
        },
        "3351701": {
            "manifests": {
                "public": {
                    "gid": "8675019186521073002",
                    "size": "32362436410",
                    "download": "13469136000"
                }
            },
            "decryptionkey": "4d103072af215b3899eefc8c55fcce6a0a4903f96a2ebe0ece9e8d09f91c2eb3"
        },
        "branches": {
            "public": {
                "buildid": "17088605",
                "timeupdated": "1737539824"
            }
        },
        "privatebranches": "1"
    }
}