{
    "appid": "3254100",
    "type": "Demo",
    "name": "Murder Avenue Demo",
    "schinese_name": "",
    "isfreeapp": "0",
    "change_number": "27101431",
    "update_time": "2025-01-22 06:06:02",
    "depot": {
        "3254101": {
            "manifests": {
                "public": {
                    "gid": "4879043641856406553",
                    "size": "8452054453",
                    "download": "2856055616"
                }
            },
            "decryptionkey": "7bccf428831a0c6ac954c039fbe9276721f013cab39ceb5e25ee4c3b2a8c78fc"
        },
        "branches": {
            "public": {
                "buildid": "16094531",
                "timeupdated": "1729247709"
            }
        }
    }
}