{
    "appid": "3477810",
    "type": "Game",
    "name": "Room Service",
    "schinese_name": "",
    "isfreeapp": "0",
    "change_number": "29042549",
    "update_time": "2025-05-18 02:20:53",
    "depot": {
        "3477811": {
            "manifests": {
                "public": {
                    "gid": "6901425755346212849",
                    "size": "1885909370",
                    "download": "663594512"
                }
            },
            "decryptionkey": "29d5da5450793f4a8e4e6a0bd2ca72afa5ce05fe4dd1ce62c7e43d77298c0155"
        },
        "branches": {
            "public": {
                "buildid": "18504285",
                "timeupdated": "1747506049"
            }
        }
    }
}