{
    "appid": "3187910",
    "type": "DLC",
    "name": "CUSTOM ORDER MAID 3D2 It's a Night Magic Lingering Scent of Summer ALL in ONE Pack",
    "schinese_name": "",
    "isfreeapp": "0",
    "change_number": "25188198",
    "update_time": "2024-09-12 16:26:16",
    "depot": {
        "3187911": {
            "config": {
                "oslist": "windows",
                "osarch": "64"
            },
            "manifests": {
                "public": {
                    "gid": "7969692118699701009",
                    "size": "1644767626",
                    "download": "897425584"
                }
            },
            "dlcappid": "3187910",
            "decryptionkey": "1889abb3b69d5fc6edc3dc962bf614fbcfca998981ce55152da30bb155f42f8d"
        },
        "branches": {
            "public": {
                "buildid": "15469387",
                "timeupdated": "1724400494"
            }
        }
    }
}