{
    "appid": "3283900",
    "type": "Game",
    "name": "Forest Ranger Services: Episode 1",
    "schinese_name": "",
    "isfreeapp": "0",
    "change_number": "28487160",
    "update_time": "2025-04-15 20:55:51",
    "depot": {
        "3283901": {
            "manifests": {
                "public": {
                    "gid": "2174859450183514351",
                    "size": "5808897890",
                    "download": "1572251312"
                }
            },
            "decryptionkey": "41fc0c0219e885fce044d5133b34719408391bda9b7b90307c741c9dae75b0c6"
        },
        "branches": {
            "public": {
                "buildid": "18113705",
                "timeupdated": "1744721748"
            }
        }
    }
}