{
    "appid": "3041190",
    "type": "Music",
    "name": "Gladiator Guild Manager Soundtrack",
    "schinese_name": "",
    "isfreeapp": "0",
    "change_number": "28019573",
    "update_time": "2025-03-19 03:42:30",
    "depot": {
        "3041191": {
            "manifests": {
                "public": {
                    "gid": "4622300728968361590",
                    "size": "30508687",
                    "download": "30297472"
                }
            },
            "decryptionkey": "c38d001ce7256536fed2307cdb3e592f5bcb2a8583e5f235ec74845759fea1be"
        },
        "branches": {
            "public": {
                "buildid": "14649842",
                "timeupdated": "1717849941"
            }
        }
    }
}