{
    "appid": "3339580",
    "type": "Music",
    "name": "Night Stones Soundtrack",
    "schinese_name": "",
    "isfreeapp": "0",
    "change_number": "26165717",
    "update_time": "2024-11-13 07:28:55",
    "depot": {
        "3339581": {
            "manifests": {
                "public": {
                    "gid": "1340768473800269465",
                    "size": "47841942",
                    "download": "47651376"
                }
            },
            "decryptionkey": "9963f6529c6738374a7bba8459090f6a16b0347fdb8ab2fe90d8ac5c7f03c3d6"
        },
        "3339582": {
            "config": {
                "highqualityaudio": "1"
            },
            "manifests": {
                "public": {
                    "gid": "4073244549568753764",
                    "size": "183436766",
                    "download": "185326048"
                }
            },
            "decryptionkey": "0cce80285c3c7244b782c3b89b0297d545e49c203065dbd64f995354cbedbf6a"
        },
        "branches": {
            "public": {
                "buildid": "16373450",
                "timeupdated": "1731382855"
            }
        }
    }
}