{
    "appid": "3461430",
    "type": "Game",
    "name": "Corporate Suck Up",
    "schinese_name": "",
    "isfreeapp": "0",
    "change_number": "29036088",
    "update_time": "2025-05-17 11:10:58",
    "depot": {
        "3461431": {
            "manifests": {
                "public": {
                    "gid": "7005652925947818568",
                    "size": "119470496",
                    "download": "59975744"
                }
            },
            "decryptionkey": "14f7ae373c7db3d805d179b96e413b7faf053b86cd2f35e8fbe07a7312f51c50"
        },
        "branches": {
            "public": {
                "buildid": "17301800",
                "timeupdated": "1741312038"
            }
        }
    }
}