{
    "appid": "3097050",
    "type": "DLC",
    "name": "CUSTOM ORDER MAID 3D2&2.5+ X1+Vol.01",
    "schinese_name": "",
    "isfreeapp": "0",
    "change_number": "24502760",
    "update_time": "2024-07-25 13:41:42",
    "depot": {
        "3097051": {
            "config": {
                "oslist": "windows",
                "osarch": "64"
            },
            "manifests": {
                "public": {
                    "gid": "3503625085578368376",
                    "size": "3059042463",
                    "download": "983771456"
                }
            },
            "dlcappid": "3097050",
            "decryptionkey": "a37ff2909a4fcc445da59e7e6f7062cb93b76a5fde0b46895918357831976c38"
        },
        "branches": {
            "public": {
                "buildid": "14960117",
                "timeupdated": "1720405265"
            }
        }
    }
}