{
    "appid": "3073340",
    "type": "Game",
    "name": "Mnemonic",
    "schinese_name": "",
    "isfreeapp": "0",
    "change_number": "24349749",
    "update_time": "2024-07-13 17:35:14",
    "depot": {
        "3073341": {
            "manifests": {
                "public": {
                    "gid": "9152489870746443469",
                    "size": "113255227",
                    "download": "29961280"
                }
            },
            "decryptionkey": "2227ed20769da7397ca380fcbfa3e8a548618dce6d5e0f8e7847827bd630bbc8"
        },
        "branches": {
            "public": {
                "buildid": "14818028",
                "timeupdated": "1719234098"
            }
        }
    }
}