{
    "appid": "3295910",
    "type": "Demo",
    "name": "Backrooms Cleanup Crew Demo",
    "schinese_name": "Backrooms 清洁小队试玩版 (Backrooms Cleanup Crew Demo)",
    "isfreeapp": "0",
    "change_number": "28512989",
    "update_time": "2025-04-17 01:11:39",
    "depot": {
        "228989": {
            "config": {
                "oslist": "windows"
            },
            "depotfromapp": "228980",
            "sharedinstall": "1"
        },
        "228990": {
            "config": {
                "oslist": "windows"
            },
            "depotfromapp": "228980",
            "sharedinstall": "1"
        },
        "3295911": {
            "manifests": {
                "public": {
                    "gid": "6341993811537275460",
                    "size": "1202201181",
                    "download": "951577776"
                }
            },
            "decryptionkey": "76081faaedc07bce69bccca099bc8d240221cd166adcc1184b6c59c9fea1f234"
        },
        "branches": {
            "public": {
                "buildid": "18076645",
                "timeupdated": "1744413693"
            }
        },
        "privatebranches": "1"
    }
}