{
    "appid": "3247140",
    "type": "Demo",
    "name": "Frameland: A Binary Tale Demo",
    "schinese_name": "",
    "isfreeapp": "0",
    "change_number": "27390158",
    "update_time": "2025-02-10 03:34:22",
    "depot": {
        "228989": {
            "config": {
                "oslist": "windows"
            },
            "depotfromapp": "228980",
            "sharedinstall": "1"
        },
        "228990": {
            "config": {
                "oslist": "windows"
            },
            "depotfromapp": "228980",
            "sharedinstall": "1"
        },
        "3247141": {
            "manifests": {
                "public": {
                    "gid": "4282893216248466041",
                    "size": "359888284",
                    "download": "111312560"
                }
            },
            "decryptionkey": "b11e5b63b50e95740b5ba1b29d7c7aa4e6a9d3046a606d0cdebb8495c02c874f"
        },
        "branches": {
            "public": {
                "buildid": "17299542",
                "timeupdated": "1739129658"
            }
        },
        "privatebranches": "1"
    }
}