{
    "appid": "3315730",
    "type": "DLC",
    "name": "Broken Sword - Shadow of the Templars: Reforged Game Manual and Travel Guide",
    "schinese_name": "",
    "isfreeapp": "0",
    "change_number": "26907965",
    "update_time": "2025-01-08 20:52:57",
    "depot": {
        "3315730": {
            "dlcappid": "3315730",
            "manifests": {
                "public": {
                    "gid": "6562152149940011782",
                    "size": "38177570",
                    "download": "37666080"
                }
            },
            "decryptionkey": "d87bcc2e41f169a0aad25394c45f6aef961dd5b91fdafbdf563491647bdc4c36"
        },
        "3315731": {
            "config": {
                "language": "german"
            },
            "manifests": {
                "public": {
                    "gid": "3435941215256249717",
                    "size": "66191894",
                    "download": "65712736"
                }
            },
            "dlcappid": "3315730",
            "decryptionkey": ""
        },
        "3315732": {
            "config": {
                "language": "french"
            },
            "manifests": {
                "public": {
                    "gid": "7911869879556420463",
                    "size": "50759249",
                    "download": "50446832"
                }
            },
            "dlcappid": "3315730",
            "decryptionkey": ""
        },
        "3315733": {
            "config": {
                "language": "italian"
            },
            "manifests": {
                "public": {
                    "gid": "7083737899730571144",
                    "size": "40332168",
                    "download": "39441360"
                }
            },
            "dlcappid": "3315730",
            "decryptionkey": ""
        },
        "3315734": {
            "config": {
                "language": "spanish"
            },
            "manifests": {
                "public": {
                    "gid": "730561196885657064",
                    "size": "40308673",
                    "download": "39414368"
                }
            },
            "dlcappid": "3315730",
            "decryptionkey": ""
        },
        "branches": {
            "public": {
                "buildid": "16352546",
                "timeupdated": "1731160547"
            }
        }
    }
}