{
    "appid": "3252850",
    "type": "Demo",
    "name": "Anterris Demo",
    "schinese_name": "",
    "isfreeapp": "0",
    "change_number": "25878202",
    "update_time": "2024-10-24 22:23:09",
    "depot": {
        "3252851": {
            "manifests": {
                "public": {
                    "gid": "922182553995878000",
                    "size": "5003102595",
                    "download": "878407552"
                }
            },
            "decryptionkey": "88125251945b5024229d7ea85e8907853f2f1438042c5f0a2a4a20bb7d4e93b5"
        },
        "branches": {
            "public": {
                "buildid": "16056387",
                "timeupdated": "1729021617"
            }
        }
    }
}