{
    "appid": "3282700",
    "type": "Game",
    "name": "LIMINAL SHIFT",
    "schinese_name": "",
    "isfreeapp": "0",
    "change_number": "28979318",
    "update_time": "2025-05-14 22:46:36",
    "depot": {
        "228989": {
            "config": {
                "oslist": "windows"
            },
            "depotfromapp": "228980",
            "sharedinstall": "1"
        },
        "228990": {
            "config": {
                "oslist": "windows"
            },
            "depotfromapp": "228980",
            "sharedinstall": "1"
        },
        "3282701": {
            "manifests": {
                "public": {
                    "gid": "1598915537496028835",
                    "size": "5783506367",
                    "download": "5157742512"
                }
            },
            "decryptionkey": "168d492fbe75b6315d1a22bcc709e79c632578886152d8d5a6e9f4c2ca2bc7f0"
        },
        "branches": {
            "public": {
                "buildid": "17543337",
                "timeupdated": "1740730233"
            }
        }
    }
}