{
    "appid": "3070560",
    "type": "Game",
    "name": "Slum Guide",
    "schinese_name": "贫民窟导游",
    "isfreeapp": "0",
    "change_number": "29016036",
    "update_time": "2025-05-16 11:36:49",
    "depot": {
        "3070561": {
            "config": {
                "language": "english",
                "oslist": "windows"
            },
            "manifests": {
                "public": {
                    "gid": "8807040385461079645",
                    "size": "676790606",
                    "download": "453900896"
                }
            },
            "decryptionkey": ""
        },
        "3070562": {
            "config": {
                "language": "japanese",
                "oslist": "windows"
            },
            "manifests": {
                "public": {
                    "gid": "2417676925454261604",
                    "size": "677855659",
                    "download": "454950272"
                }
            },
            "decryptionkey": ""
        },
        "3070563": {
            "config": {
                "language": "schinese",
                "oslist": "windows"
            },
            "manifests": {
                "public": {
                    "gid": "5935336849156980322",
                    "size": "690835163",
                    "download": "460889808"
                }
            },
            "decryptionkey": "18d8b2b08cf46033eeae29a73d6b7e57196248c266e4108714a81de4de5190c6"
        },
        "3070564": {
            "config": {
                "language": "tchinese",
                "oslist": "windows"
            },
            "manifests": {
                "public": {
                    "gid": "4420488986500115779",
                    "size": "690830093",
                    "download": "460889680"
                }
            },
            "decryptionkey": ""
        },
        "branches": {
            "public": {
                "buildid": "15799110",
                "timeupdated": "1727119764"
            }
        }
    }
}