{
    "appid": "3399450",
    "type": "Music",
    "name": "FINAL FANTASY VII REBIRTH Original Soundtrack",
    "schinese_name": "",
    "isfreeapp": "0",
    "change_number": "28736706",
    "update_time": "2025-04-30 06:19:38",
    "depot": {
        "3399451": {
            "manifests": {
                "public": {
                    "gid": "8141321127507237435",
                    "size": "1319427948",
                    "download": "1195580768"
                }
            },
            "decryptionkey": "77fc07cf815274bb5488f717bef898b48d14d3144441905bdccdfd0b98c7642c"
        },
        "branches": {
            "public": {
                "buildid": "16885358",
                "timeupdated": "1735711734"
            }
        }
    }
}