{
    "appid": "3461300",
    "type": "Game",
    "name": "I'm Truely a Good Guy!",
    "schinese_name": "我真是好人！",
    "isfreeapp": "0",
    "change_number": "28527283",
    "update_time": "2025-04-17 18:58:32",
    "depot": {
        "228989": {
            "config": {
                "oslist": "windows"
            },
            "depotfromapp": "228980",
            "sharedinstall": "1"
        },
        "228990": {
            "config": {
                "oslist": "windows"
            },
            "depotfromapp": "228980",
            "sharedinstall": "1"
        },
        "baselanguages": "",
        "3461301": {
            "config": {
                "oslist": "windows"
            },
            "manifests": {
                "public": {
                    "gid": "1660151747644714995",
                    "size": "1388205273",
                    "download": "1061495904"
                }
            },
            "decryptionkey": "a54b964a09e27defc2a0040fe84f386c51df62e45e0e9c2f3ae76c6aa350492c"
        },
        "branches": {
            "public": {
                "buildid": "18142899",
                "timeupdated": "1744887509"
            }
        }
    }
}