{
    "appid": "3640040",
    "type": "Game",
    "name": "回煞录 | Phantom Reckoning",
    "schinese_name": "",
    "isfreeapp": "0",
    "change_number": "29047435",
    "update_time": "2025-05-18 17:15:21",
    "depot": {
        "228989": {
            "config": {
                "oslist": "windows"
            },
            "depotfromapp": "228980",
            "sharedinstall": "1"
        },
        "228990": {
            "config": {
                "oslist": "windows"
            },
            "depotfromapp": "228980",
            "sharedinstall": "1"
        },
        "baselanguages": "english,koreana,schinese,russian,japanese,latam",
        "3640041": {
            "manifests": {
                "public": {
                    "gid": "216845718266366179",
                    "size": "2715995976",
                    "download": "2589300368"
                }
            },
            "decryptionkey": "b1a1fd68c238d6d7378be1cd8ecf70ec62dd173894811d94963422de44f91d96"
        },
        "branches": {
            "public": {
                "buildid": "18505521",
                "timeupdated": "1747522804"
            }
        }
    }
}