{
    "appid": "2997980",
    "type": "Game",
    "name": "Natsu no Sagashimono ~What We Found That Summer~",
    "schinese_name": "乡间拾趣夏日谈",
    "isfreeapp": "0",
    "change_number": "29015726",
    "update_time": "2025-05-16 11:06:48",
    "depot": {
        "2997981": {
            "manifests": {
                "public": {
                    "gid": "8886033865604082918",
                    "size": "479076364",
                    "download": "310795328"
                }
            },
            "decryptionkey": "f09676618ac735e45ca9356c904e87cad18ff2bb61e65545637b745594c233e3"
        },
        "2997982": {
            "config": {
                "language": "schinese"
            },
            "manifests": {
                "public": {
                    "gid": "7845699347847597194",
                    "size": "323927375",
                    "download": "261822704"
                }
            },
            "decryptionkey": "1fea75c094a5a0e396510004703b4ef3f4f790bbc28638b137082f9bd622afa3"
        },
        "2997983": {
            "config": {
                "language": "japanese"
            },
            "manifests": {
                "public": {
                    "gid": "9153366523990835773",
                    "size": "322062197",
                    "download": "261163152"
                }
            },
            "decryptionkey": "829a7d74a7d3f152341c00dc09523ef7b2c7183d084fedffce9eb75d2593b91b"
        },
        "branches": {
            "public": {
                "buildid": "15789142",
                "timeupdated": "1727048207"
            }
        }
    }
}