{
    "appid": "2974800",
    "type": "Demo",
    "name": "奇幻村莊模擬器 Demo",
    "schinese_name": "奇幻村庄模拟器 Demo",
    "isfreeapp": "0",
    "change_number": "24767565",
    "update_time": "2024-08-13 22:13:10",
    "depot": {
        "baselanguages": "english,schinese,tchinese",
        "2974801": {
            "config": {
                "oslist": "windows"
            },
            "manifests": {
                "public": {
                    "gid": "728087830343229259",
                    "size": "441018513",
                    "download": "81991584"
                }
            },
            "decryptionkey": "b971068d03a81960bf96b2d4895ecec5f24f2360e771aa5628d1901a0b03dc0c"
        },
        "2974802": {
            "config": {
                "oslist": "macos"
            },
            "manifests": {
                "public": {
                    "gid": "8240152626800447563",
                    "size": "464882708",
                    "download": "88991824"
                }
            },
            "decryptionkey": ""
        },
        "branches": {
            "public": {
                "buildid": "14241292",
                "timeupdated": "1714636728"
            }
        }
    }
}