{
    "appid": "3174700",
    "type": "Demo",
    "name": "MILFs of Sunville - Season 1 Demo",
    "schinese_name": "",
    "isfreeapp": "0",
    "change_number": "25300563",
    "update_time": "2024-09-19 23:15:44",
    "depot": {
        "baselanguages": "english,german,french,italian,spanish,schinese,russian,polish,czech,turkish,arabic,ukrainian",
        "hasdepotsindlc": "1",
        "3174701": {
            "config": {
                "oslist": "windows"
            },
            "manifests": {
                "public": {
                    "gid": "7012281061129260488",
                    "size": "632741360",
                    "download": "471378048"
                }
            },
            "decryptionkey": "e732f733b6b6c3af4078bccf3665a065318f2a71be95888abb56ef57c1f98ae6"
        },
        "3174702": {
            "config": {
                "oslist": "macos"
            },
            "manifests": {
                "public": {
                    "gid": "1450228088191843406",
                    "size": "547484753",
                    "download": "448926720"
                }
            },
            "decryptionkey": ""
        },
        "branches": {
            "public": {
                "buildid": "15436922",
                "timeupdated": "1724170889"
            }
        }
    }
}