{
    "appid": "3287260",
    "type": "Demo",
    "name": "Illegal Dealership Simulator Demo",
    "schinese_name": "",
    "isfreeapp": "0",
    "change_number": "25869592",
    "update_time": "2024-10-24 11:57:19",
    "depot": {
        "228989": {
            "config": {
                "oslist": "windows"
            },
            "depotfromapp": "228980",
            "sharedinstall": "1"
        },
        "228990": {
            "config": {
                "oslist": "windows"
            },
            "depotfromapp": "228980",
            "sharedinstall": "1"
        },
        "229000": {
            "config": {
                "oslist": "windows"
            },
            "depotfromapp": "228980",
            "sharedinstall": "1"
        },
        "3287261": {
            "config": {
                "oslist": "windows"
            },
            "manifests": {
                "public": {
                    "gid": "710584218115108218",
                    "size": "3926476837",
                    "download": "3680874912"
                }
            },
            "decryptionkey": "0cb15d53a22be27fe778176079db4c18ff132351ff8bf814cee4107bc075ab41"
        },
        "branches": {
            "public": {
                "buildid": "16126061",
                "timeupdated": "1729534587"
            }
        }
    }
}