{
    "appid": "3075800",
    "type": "Game",
    "name": "Subterranauts",
    "schinese_name": "",
    "isfreeapp": "0",
    "change_number": "28775077",
    "update_time": "2025-05-02 04:36:48",
    "depot": {
        "3075801": {
            "manifests": {
                "public": {
                    "gid": "5559415624463285429",
                    "size": "1350894411",
                    "download": "805914976"
                }
            },
            "decryptionkey": "54ac8183ba1b10c5aa82dda72cf7a76863dcaac6404c9308b14859c6574e21bd"
        },
        "branches": {
            "public": {
                "buildid": "17375642",
                "timeupdated": "1739597332"
            }
        },
        "privatebranches": "1"
    }
}