{
    "appid": "2969770",
    "type": "DLC",
    "name": "X-Plane 12 Add-on: FACO Simulations - F-15C Eagle",
    "schinese_name": "",
    "isfreeapp": "0",
    "change_number": "24364710",
    "update_time": "2024-07-15 17:29:49",
    "depot": {
        "2969770": {
            "manifests": {
                "public": {
                    "gid": "179006954659789828",
                    "size": "1246037122",
                    "download": "965163264"
                }
            },
            "dlcappid": "2969770",
            "decryptionkey": "b59508418d27721bfc4e2e2077daffb93e05d1e5c7c2ecd3d195f411a66f2a1f"
        },
        "branches": {
            "public": {
                "buildid": "14892436",
                "timeupdated": "1719823637"
            }
        }
    }
}