{
    "appid": "3017210",
    "type": "Demo",
    "name": "双门勇者棋试玩版",
    "schinese_name": "",
    "isfreeapp": "0",
    "change_number": "26168705",
    "update_time": "2024-11-13 12:11:32",
    "depot": {
        "3017211": {
            "manifests": {
                "public": {
                    "gid": "9177395910930513677",
                    "size": "654346934",
                    "download": "80643888"
                }
            },
            "decryptionkey": "3221abab6fea184c3ad1246d938a2ffbe75c8e09849b841e9ddc77e77a9f7960"
        },
        "baselanguages": "english,schinese,tchinese",
        "branches": {
            "public": {
                "buildid": "16196638",
                "timeupdated": "1730023050"
            }
        }
    }
}