{
    "appid": "3556740",
    "type": "Game",
    "name": "A Night Filled With the Sound of Rain",
    "schinese_name": "雨夜迷醉时～A night filled with the sound of rain～",
    "isfreeapp": "0",
    "change_number": "29021718",
    "update_time": "2025-05-16 18:13:08",
    "depot": {
        "3556741": {
            "manifests": {
                "public": {
                    "gid": "1231775635202029642",
                    "size": "440703516",
                    "download": "249996224"
                }
            },
            "decryptionkey": "ec50a696d376c762e08e89f4f58e2fb02394bb8e9d84271ab52b5d18c2cb4fb1"
        },
        "3556742": {
            "config": {
                "language": "schinese"
            },
            "manifests": {
                "public": {
                    "gid": "7811357136050082071",
                    "size": "192507827",
                    "download": "174902400"
                }
            },
            "decryptionkey": "8276035ff1b257876fb1fb53dbfa27e0efb5b328092be56952f36fff5b926928"
        },
        "3556743": {
            "config": {
                "language": "japanese"
            },
            "manifests": {
                "public": {
                    "gid": "7335526133976738971",
                    "size": "192290313",
                    "download": "175050560"
                }
            },
            "decryptionkey": "fc15c9fc7b7403f426fd8c582d6ea3b88502276690d986d55374c14236332a6b"
        },
        "branches": {
            "public": {
                "buildid": "18466054",
                "timeupdated": "1747254134"
            }
        },
        "privatebranches": "1"
    }
}