{
    "appid": "3364420",
    "type": "DLC",
    "name": "RPG Maker MZ - KR Legendary Palaces - Yeti Tileset",
    "schinese_name": "",
    "isfreeapp": "0",
    "change_number": "26791654",
    "update_time": "2024-12-27 05:54:08",
    "depot": {
        "3364420": {
            "manifests": {
                "public": {
                    "gid": "8827132936753725845",
                    "size": "2350712",
                    "download": "2302448"
                }
            },
            "dlcappid": "3364420",
            "decryptionkey": "f1e157a4d939a27a8bef03217e34a02fb1bacc98f75c95a663c50ae0aa61db7d"
        },
        "branches": {
            "public": {
                "buildid": "16844876",
                "timeupdated": "1735067896"
            }
        }
    }
}