{
    "appid": "3416270",
    "type": "Game",
    "name": "Cross the boundaries",
    "schinese_name": "",
    "isfreeapp": "0",
    "change_number": "28284376",
    "update_time": "2025-04-03 16:16:07",
    "depot": {
        "3416271": {
            "config": {
                "oslist": "windows"
            },
            "manifests": {
                "public": {
                    "gid": "599139634396952920",
                    "size": "482529823",
                    "download": "456694016"
                }
            },
            "decryptionkey": "0ecdeeb8452f2ecf55679a501da1e504ba30b6e434826e1f6b55f29db630b5c6"
        },
        "3416272": {
            "config": {
                "oslist": "linux"
            },
            "manifests": {
                "public": {
                    "gid": "8058474401437384018",
                    "size": "480740088",
                    "download": "455941024"
                }
            },
            "decryptionkey": ""
        },
        "3416273": {
            "config": {
                "oslist": "windows"
            }
        },
        "3416274": {
            "config": {
                "oslist": "linux"
            }
        },
        "branches": {
            "public": {
                "buildid": "17645449",
                "timeupdated": "1741423355"
            }
        }
    }
}