{
    "appid": "3309720",
    "type": "Application",
    "name": "GameTechBench",
    "schinese_name": "",
    "isfreeapp": "1",
    "change_number": "28896818",
    "update_time": "2025-05-09 15:34:46",
    "depot": {
        "228989": {
            "config": {
                "oslist": "windows"
            },
            "depotfromapp": "228980",
            "sharedinstall": "1"
        },
        "228990": {
            "config": {
                "oslist": "windows"
            },
            "depotfromapp": "228980",
            "sharedinstall": "1"
        },
        "3309721": {
            "config": {
                "language": "english",
                "oslist": "windows",
                "osarch": "64"
            },
            "manifests": {
                "public": {
                    "gid": "5108718285099131696",
                    "size": "5763427370",
                    "download": "5665579232"
                }
            },
            "decryptionkey": "f3007d1aca15ea7eb1ca3e476590acb84e24f5edea85af8a2d3bc544d58e98f5"
        },
        "branches": {
            "public": {
                "buildid": "18099115",
                "timeupdated": "1744634863"
            }
        },
        "privatebranches": "1"
    }
}