{
    "appid": "2993030",
    "type": "Demo",
    "name": "Pantless Demo",
    "schinese_name": "",
    "isfreeapp": "0",
    "change_number": "23946851",
    "update_time": "2024-07-16 02:47:07",
    "depot": {
        "2993031": {
            "manifests": {
                "public": {
                    "gid": "2038283602585208634",
                    "size": "529445476",
                    "download": "188971056"
                }
            },
            "decryptionkey": "1e12903651a77e2eec329b1d4ccf1ac2b94bd62d5d04543d574581239538b5ad"
        },
        "branches": {
            "public": {
                "buildid": "14697657",
                "timeupdated": "1718229959"
            }
        }
    }
}