{
    "appid": "3207290",
    "type": "Demo",
    "name": "终焉计划：末世 Demo",
    "schinese_name": "终焉计划：末世 Demo",
    "isfreeapp": "0",
    "change_number": "25907131",
    "update_time": "2024-10-26 12:03:22",
    "depot": {
        "228989": {
            "config": {
                "oslist": "windows"
            },
            "depotfromapp": "228980",
            "sharedinstall": "1"
        },
        "228990": {
            "config": {
                "oslist": "windows"
            },
            "depotfromapp": "228980",
            "sharedinstall": "1"
        },
        "3207291": {
            "manifests": {
                "public": {
                    "gid": "7044664625039115659",
                    "size": "1087300704",
                    "download": "854780432"
                }
            },
            "decryptionkey": "87c1ca8cf33015bcb17e57fc4e5406b39424d93d001ca3007b6f260184c0d25a"
        },
        "baselanguages": "english,german,french,italian,koreana,schinese,russian,japanese",
        "branches": {
            "public": {
                "buildid": "16188796",
                "timeupdated": "1729915396"
            }
        }
    }
}