{
    "appid": "3039500",
    "type": "Game",
    "name": "万象群侠传",
    "schinese_name": "",
    "isfreeapp": "0",
    "change_number": "29038684",
    "update_time": "2025-05-17 17:44:45",
    "depot": {
        "baselanguages": "schinese",
        "3039501": {
            "config": {
                "language": "schinese",
                "oslist": "windows",
                "osarch": "64"
            },
            "manifests": {
                "public": {
                    "gid": "2653331529395864071",
                    "size": "939485466",
                    "download": "282062400"
                }
            },
            "decryptionkey": "52933c4abfccfaa0be28a1ff000ed5e5d54d002ce5c79bfa852b1195e226d4bd"
        },
        "branches": {
            "public": {
                "buildid": "18501782",
                "timeupdated": "1747475082"
            }
        },
        "privatebranches": "1"
    }
}