{
    "appid": "3073320",
    "type": "Game",
    "name": "Color Splash: Horses",
    "schinese_name": "",
    "isfreeapp": "0",
    "change_number": "28635208",
    "update_time": "2025-04-24 10:38:17",
    "depot": {
        "baselanguages": "english",
        "3073321": {
            "config": {
                "oslist": "windows"
            },
            "manifests": {
                "public": {
                    "gid": "4943073254482311396",
                    "size": "485237663",
                    "download": "481942240"
                }
            },
            "decryptionkey": "b41e1685c8ff0c08f5665ce076a48ff573f334d514966e58b8f3dd0a4023d41c"
        },
        "branches": {
            "public": {
                "buildid": "14885358",
                "timeupdated": "1719735262"
            }
        }
    }
}