{
    "appid": "3444050",
    "type": "Game",
    "name": "FIND ALL 6: Netherlands",
    "schinese_name": "",
    "isfreeapp": "0",
    "change_number": "28422551",
    "update_time": "2025-04-11 14:30:05",
    "depot": {
        "3444051": {
            "manifests": {
                "public": {
                    "gid": "2541875008029220271",
                    "size": "348285172",
                    "download": "243644384"
                }
            },
            "decryptionkey": "838a7d760107eaad2839c1590f9fcb6c69595879f26d9e5d19f6cc822208dd1f"
        },
        "3444052": {
            "config": {
                "oslist": "linux"
            },
            "manifests": {
                "public": {
                    "gid": "3388036335050955226",
                    "size": "351253164",
                    "download": "243749872"
                }
            }
        },
        "3444053": {
            "config": {
                "oslist": "macos"
            },
            "manifests": {
                "public": {
                    "gid": "7613847375832012790",
                    "size": "372586399",
                    "download": "251285248"
                }
            }
        },
        "baselanguages": "english",
        "branches": {
            "public": {
                "buildid": "18067277",
                "timeupdated": "1744353001"
            }
        }
    }
}