{
    "appid": "2960450",
    "type": "DLC",
    "name": "AURA: Hentai Cards - Horny Madness DLC",
    "schinese_name": "",
    "isfreeapp": "0",
    "change_number": "27232836",
    "update_time": "2025-01-30 18:19:37",
    "depot": {
        "2960450": {
            "manifests": {
                "public": {
                    "gid": "4864353864652931536",
                    "size": "61026386",
                    "download": "60761776"
                }
            },
            "dlcappid": "2960450",
            "decryptionkey": "9ff25f8159273828ed0fde4a068b675b2d8caaa3230a32fe57e43a8a4d772ce6"
        },
        "branches": {
            "public": {
                "buildid": "15575490",
                "timeupdated": "1725353706"
            }
        }
    }
}