{
    "appid": "3110750",
    "type": "Game",
    "name": "100 hidden Cthulhu fish 2",
    "schinese_name": "",
    "isfreeapp": "0",
    "change_number": "28798021",
    "update_time": "2025-05-03 15:15:30",
    "depot": {
        "3110751": {
            "config": {
                "oslist": "windows",
                "osarch": "64"
            },
            "manifests": {
                "public": {
                    "gid": "7610047157564866850",
                    "size": "856357561",
                    "download": "49126000"
                }
            },
            "decryptionkey": "556231235c939e128a66d5ca49dc29d644f87e813fd16de3d671ff74cb9b708e"
        },
        "3110752": {
            "config": {
                "oslist": "linux",
                "osarch": "64"
            },
            "manifests": {
                "public": {
                    "gid": "912690744440402302",
                    "size": "857885692",
                    "download": "48211168"
                }
            },
            "decryptionkey": ""
        },
        "branches": {
            "public": {
                "buildid": "15213412",
                "timeupdated": "1722432959"
            }
        }
    }
}