{
    "appid": "3421870",
    "type": "Demo",
    "name": "Thesis of Love Demo",
    "schinese_name": "",
    "isfreeapp": "0",
    "change_number": "27338302",
    "update_time": "2025-02-06 11:51:24",
    "depot": {
        "3421871": {
            "manifests": {
                "public": {
                    "gid": "1628491775297406360",
                    "size": "430461717",
                    "download": "293642688"
                }
            },
            "decryptionkey": "76ba36f55b40716f582169052c6c032bf5cde9d926784d94c10109643eaa4fe5"
        },
        "baselanguages": "english,schinese",
        "branches": {
            "public": {
                "buildid": "17261034",
                "timeupdated": "1738813878"
            }
        }
    }
}