{
    "appid": "3026550",
    "type": "Demo",
    "name": "Fluff's Adventure: A Tale of Fur and Steel Demo",
    "schinese_name": "",
    "isfreeapp": "0",
    "change_number": "25426823",
    "update_time": "2024-09-27 23:17:33",
    "depot": {
        "228989": {
            "config": {
                "oslist": "windows"
            },
            "depotfromapp": "228980",
            "sharedinstall": "1"
        },
        "228990": {
            "config": {
                "oslist": "windows"
            },
            "depotfromapp": "228980",
            "sharedinstall": "1"
        },
        "3026551": {
            "config": {
                "oslist": "windows",
                "osarch": "64"
            },
            "manifests": {
                "public": {
                    "gid": "2060775194360114711",
                    "size": "3764900658",
                    "download": "3563006592"
                }
            },
            "decryptionkey": "5e9a877257bb853d5351e616e688f41826be36959e52363e1576ab733365f028"
        },
        "baselanguages": "english",
        "branches": {
            "public": {
                "buildid": "15851802",
                "timeupdated": "1727450249"
            }
        }
    }
}