{
    "appid": "3261350",
    "type": "Demo",
    "name": "异路同行 Demo",
    "schinese_name": "",
    "isfreeapp": "0",
    "change_number": "25686436",
    "update_time": "2024-10-13 01:17:43",
    "depot": {
        "baselanguages": "english,schinese,japanese",
        "3261351": {
            "config": {
                "oslist": "windows",
                "osarch": "64"
            },
            "manifests": {
                "public": {
                    "gid": "3058857923654652409",
                    "size": "136427536",
                    "download": "55865616"
                }
            },
            "decryptionkey": "bb30cbff3298775731e0968d980b7fa854082817d5d2119c0037a3b886f0cb94"
        },
        "branches": {
            "public": {
                "buildid": "16021743",
                "timeupdated": "1728753460"
            }
        }
    }
}