{
    "appid": "3195610",
    "type": "Demo",
    "name": "Not Easy Demo",
    "schinese_name": "",
    "isfreeapp": "0",
    "change_number": "25501041",
    "update_time": "2024-10-03 02:04:26",
    "depot": {
        "baselanguages": "english",
        "3195611": {
            "config": {
                "oslist": "windows"
            },
            "manifests": {
                "public": {
                    "gid": "5031923510975211798",
                    "size": "105605696",
                    "download": "56329232"
                }
            },
            "decryptionkey": "cde266aaff11086d2924d8467f855246c93d26eb28d372c92a171ff0d1a4af3b"
        },
        "3195612": {
            "config": {
                "oslist": "linux"
            }
        },
        "branches": {
            "public": {
                "buildid": "15633933",
                "timeupdated": "1725850478"
            }
        }
    }
}