{
    "appid": "3029610",
    "type": "Game",
    "name": "DarkPrison7th",
    "schinese_name": "",
    "isfreeapp": "0",
    "change_number": "24740208",
    "update_time": "2024-08-12 00:09:55",
    "depot": {
        "hasdepotsindlc": "0",
        "3029611": {
            "config": {
                "oslist": "windows"
            },
            "manifests": {
                "public": {
                    "gid": "6408150360404945053",
                    "size": "2325780515",
                    "download": "796287968"
                }
            },
            "decryptionkey": "8528e0d38b3af72a9ede77929cd5ab817d7d8a04c2d0b22e532a5095e7c5974b"
        },
        "branches": {
            "public": {
                "buildid": "15334606",
                "timeupdated": "1723391742"
            }
        }
    }
}