{
    "appid": "2948640",
    "type": "Game",
    "name": "The Jackbox Survey Scramble",
    "schinese_name": "",
    "isfreeapp": "0",
    "change_number": "29015434",
    "update_time": "2025-05-16 10:42:47",
    "depot": {
        "228985": {
            "config": {
                "oslist": "windows"
            },
            "depotfromapp": "228980",
            "sharedinstall": "1"
        },
        "228988": {
            "config": {
                "oslist": "windows"
            },
            "depotfromapp": "228980",
            "sharedinstall": "1"
        },
        "2948641": {
            "config": {
                "oslist": "windows,linux",
                "osarch": "64"
            },
            "manifests": {
                "public": {
                    "gid": "5465492260802639959",
                    "size": "239907408",
                    "download": "227813984"
                }
            },
            "decryptionkey": "495e7db8dde45454e229ba6eeece64a25a245319f778e013ce32538c1ff19eb9"
        },
        "2948642": {
            "config": {
                "oslist": "windows",
                "osarch": "64"
            },
            "manifests": {
                "public": {
                    "gid": "6153647375588436218",
                    "size": "22123584",
                    "download": "6284224"
                }
            },
            "decryptionkey": "2404b95d2f09944aa45977a18fb2d88897aab19dfb63bcde394cd59861efae9a"
        },
        "2948643": {
            "config": {
                "oslist": "macos",
                "osarch": "64"
            },
            "manifests": {
                "public": {
                    "gid": "7341267756227591905",
                    "size": "337844821",
                    "download": "243941504"
                }
            }
        },
        "2948644": {
            "config": {
                "oslist": "linux",
                "osarch": "64"
            },
            "manifests": {
                "public": {
                    "gid": "7720715656145542950",
                    "size": "48453679",
                    "download": "13703376"
                }
            }
        },
        "2828508": {
            "manifests": {
                "public": {
                    "gid": "5145691608909662874",
                    "size": "2021",
                    "download": "848"
                }
            },
            "depotfromapp": "2828500",
            "decryptionkey": "86a8e078c58ea7fbf57bdf1b2611116fe069f5e590cfa11058ca6610e0961700"
        },
        "branches": {
            "public": {
                "buildid": "16763137",
                "timeupdated": "1734461047"
            }
        },
        "privatebranches": "1"
    }
}