{
    "appid": "3129580",
    "type": "Demo",
    "name": "Breakthru Demo",
    "schinese_name": "突破",
    "isfreeapp": "0",
    "change_number": "25959487",
    "update_time": "2024-10-30 06:22:17",
    "depot": {
        "3129581": {
            "config": {
                "language": "english",
                "oslist": "windows"
            },
            "manifests": {
                "public": {
                    "gid": "5420771300670496992",
                    "size": "987472607",
                    "download": "697760368"
                }
            },
            "decryptionkey": "0596b8c82d46c211a395cd013d28febb68867d809f43506df514428e12897759"
        },
        "3129582": {
            "config": {
                "language": "japanese",
                "oslist": "windows"
            },
            "manifests": {
                "public": {
                    "gid": "524571370254812834",
                    "size": "992817803",
                    "download": "702707968"
                }
            },
            "decryptionkey": ""
        },
        "3129583": {
            "config": {
                "language": "schinese",
                "oslist": "windows"
            },
            "manifests": {
                "public": {
                    "gid": "2107683947399711074",
                    "size": "987591020",
                    "download": "697748880"
                }
            },
            "decryptionkey": "5c299aa2176c77b5052986cc156becbbc3db1e52719cffcebdf9fd318026fa0f"
        },
        "3129584": {
            "config": {
                "language": "koreana",
                "oslist": "windows"
            },
            "manifests": {
                "public": {
                    "gid": "1287310668325769296",
                    "size": "987604222",
                    "download": "697671616"
                }
            },
            "decryptionkey": ""
        },
        "3129585": {
            "config": {
                "oslist": "windows"
            },
            "manifests": {
                "public": {
                    "gid": "3670743672602698235",
                    "size": "987417156",
                    "download": "697735312"
                }
            },
            "decryptionkey": "faf6d1e17f61d51109212a2c01d260920b54bbc0681746f83143158f2ce30e5e"
        },
        "branches": {
            "public": {
                "buildid": "15749360",
                "timeupdated": "1726703347"
            }
        }
    }
}