{
    "appid": "3169100",
    "type": "Demo",
    "name": "TRIBE NINE Demo",
    "schinese_name": "",
    "isfreeapp": "0",
    "change_number": "27162317",
    "update_time": "2025-01-25 17:48:01",
    "depot": {
        "3169101": {
            "manifests": {
                "public": {
                    "gid": "8497825984735751216",
                    "size": "1793074216",
                    "download": "1538158912"
                },
                "production-demo": {
                    "gid": "2275915771224457618",
                    "size": "3279785074",
                    "download": "2655175920"
                }
            },
            "decryptionkey": "2ea4109c2fd22f1a60ddf1483c1dcd6f38a312eab6e7045c66eb3ade338d04a5"
        },
        "branches": {
            "public": {
                "buildid": "16033785",
                "timeupdated": "1728897115"
            },
            "production-demo": {
                "buildid": "17129445",
                "description": "ジョブからアップロードされるときに使用するブランチ",
                "timeupdated": "1737798477"
            }
        },
        "privatebranches": "1"
    }
}