{
    "appid": "3318730",
    "type": "Game",
    "name": "异常侦探",
    "schinese_name": "",
    "isfreeapp": "0",
    "change_number": "28708495",
    "update_time": "2025-04-28 22:54:42",
    "depot": {
        "3318731": {
            "manifests": {
                "public": {
                    "gid": "2001960230449981056",
                    "size": "8415449341",
                    "download": "2962871856"
                }
            },
            "decryptionkey": "198ebc8821616983c8b14c688db4c01221c341defbc8ec6028fa3e2f8aa0c65e"
        },
        "branches": {
            "public": {
                "buildid": "17383026",
                "timeupdated": "1739698245"
            }
        }
    }
}