{
    "appid": "3098560",
    "type": "Demo",
    "name": "骰子 骰子 骰子 Demo",
    "schinese_name": "骰子 骰子 骰子 Demo",
    "isfreeapp": "0",
    "change_number": "24354706",
    "update_time": "2024-07-16 02:47:11",
    "depot": {
        "3098561": {
            "manifests": {
                "public": {
                    "gid": "1249606823491845127",
                    "size": "78311472",
                    "download": "21189616"
                }
            },
            "decryptionkey": "f0ca750b2c7b20cd70ae9573014b7abd2cccc7743d9f6ca6b243c03b8b37b418"
        },
        "branches": {
            "public": {
                "buildid": "14967006",
                "timeupdated": "1720456597"
            }
        }
    }
}