{
    "appid": "3172280",
    "type": "Game",
    "name": "SEX Amnesia - Lover Sim 🔞",
    "schinese_name": "",
    "isfreeapp": "0",
    "change_number": "29016408",
    "update_time": "2025-05-16 12:12:43",
    "depot": {
        "3172281": {
            "config": {
                "oslist": "windows"
            },
            "manifests": {
                "public": {
                    "gid": "4170851070200970074",
                    "size": "11070941634",
                    "download": "3175590800"
                }
            },
            "decryptionkey": "1646a77a092a374a2be5cbe417ef498dbd02bd3ea4567fb3d6907e14b46bb04e"
        },
        "3172282": {
            "config": {
                "oslist": "macos"
            },
            "manifests": {
                "public": {
                    "gid": "5091791880023801623",
                    "size": "11872595460",
                    "download": "3531650784"
                }
            }
        },
        "3172283": {
            "config": {
                "oslist": "linux"
            },
            "manifests": {
                "public": {
                    "gid": "7302994187786095044",
                    "size": "11859439244",
                    "download": "3531583776"
                }
            }
        },
        "branches": {
            "public": {
                "buildid": "17519577",
                "timeupdated": "1741024993"
            }
        }
    }
}