{
    "appid": "3216650",
    "type": "Music",
    "name": "Teenage Mutant Ninja Turtles: Shredder's Revenge Soundtrack",
    "schinese_name": "",
    "isfreeapp": "0",
    "change_number": "26063137",
    "update_time": "2024-11-06 07:20:57",
    "depot": {
        "3216651": {
            "manifests": {
                "public": {
                    "gid": "3039681910076599015",
                    "size": "66779442",
                    "download": "66484880"
                }
            },
            "decryptionkey": "d6bbfb9fa5a266a5cdbc0802ff33df0065e62f41775a8b761e4ab08d1755d16b"
        },
        "3216652": {
            "config": {
                "highqualityaudio": "1"
            },
            "manifests": {
                "public": {
                    "gid": "7148924343738571282",
                    "size": "799889948",
                    "download": "393828640"
                }
            },
            "decryptionkey": "4c9f23baf490ccf83621d33a271b919ce55137b931b9d6d6955046008e43e949"
        },
        "branches": {
            "public": {
                "buildid": "15693392",
                "timeupdated": "1726244395"
            }
        }
    }
}