{
    "appid": "3478420",
    "type": "Game",
    "name": "Hentai Tales: Scent Of Mixed",
    "schinese_name": "",
    "isfreeapp": "0",
    "change_number": "28947263",
    "update_time": "2025-05-13 04:31:29",
    "depot": {
        "3478421": {
            "config": {
                "oslist": "windows"
            },
            "manifests": {
                "public": {
                    "gid": "4698996177306845148",
                    "size": "729267542",
                    "download": "197791392"
                }
            },
            "decryptionkey": "7a8b6c04983343f3854fe49ffcb15fe474721872bf1e5f1bcf076f9a63457740"
        },
        "3478422": {
            "config": {
                "oslist": "macos"
            },
            "manifests": {
                "public": {
                    "gid": "571292112697765278",
                    "size": "723918054",
                    "download": "196920800"
                }
            }
        },
        "3478423": {
            "config": {
                "oslist": "linux"
            },
            "manifests": {
                "public": {
                    "gid": "2369957180999503356",
                    "size": "770144570",
                    "download": "197741184"
                }
            }
        },
        "baselanguages": "english",
        "branches": {
            "public": {
                "buildid": "17528166",
                "timeupdated": "1740647695"
            }
        }
    }
}