{
    "appid": "2994010",
    "type": "Game",
    "name": "Chains of Freedom",
    "schinese_name": "自由锁链",
    "isfreeapp": "0",
    "change_number": "29031252",
    "update_time": "2025-05-17 03:14:01",
    "depot": {
        "2994011": {
            "config": {
                "oslist": "windows",
                "osarch": "64"
            },
            "manifests": {
                "public": {
                    "gid": "4520862251845863400",
                    "size": "3979361215",
                    "download": "2055367392"
                }
            },
            "decryptionkey": "ac017c74e5837c6433332286ea955b0a2dc8990f74714a942feb6fd46c0c312a"
        },
        "branches": {
            "public": {
                "buildid": "18143534",
                "timeupdated": "1745398862"
            }
        },
        "privatebranches": "1"
    }
}