{
    "appid": "3181520",
    "type": "DLC",
    "name": "Beat Saber - Britney Spears - I’m A Slave 4 U",
    "schinese_name": "",
    "isfreeapp": "0",
    "change_number": "25588305",
    "update_time": "2024-10-08 22:48:22",
    "depot": {
        "3181520": {
            "manifests": {
                "public": {
                    "gid": "4613250216930178392",
                    "size": "12349908",
                    "download": "12518832"
                }
            },
            "dlcappid": "3181520",
            "decryptionkey": "b2c89929dff4950c9de05cee2684ea209d064417983fd41cb33542b5bcc329e6"
        },
        "branches": {
            "public": {
                "buildid": "15688868",
                "timeupdated": "1726484119"
            }
        }
    }
}