{
    "appid": "3439220",
    "type": "Music",
    "name": "无罪之庭 Soundtrack",
    "schinese_name": "无罪之庭 OST",
    "isfreeapp": "0",
    "change_number": "28923043",
    "update_time": "2025-05-11 13:33:12",
    "depot": {
        "3439221": {
            "manifests": {
                "public": {
                    "gid": "7723079986698744715",
                    "size": "161045932",
                    "download": "153545296"
                }
            },
            "decryptionkey": "1092c378a6580c3b7091463f0698a38b200174f9933b3452aae2518642482f45"
        },
        "branches": {
            "public": {
                "buildid": "16902333",
                "timeupdated": "1736163394"
            }
        }
    }
}