{
    "appid": "3003470",
    "type": "Game",
    "name": "The Cesspit",
    "schinese_name": "",
    "isfreeapp": "0",
    "change_number": "26443032",
    "update_time": "2024-12-05 09:15:27",
    "depot": {
        "3003471": {
            "manifests": {
                "public": {
                    "gid": "7383924553898028157",
                    "size": "2633204567",
                    "download": "1150035104"
                }
            },
            "decryptionkey": "3421ba580fefbba3dcc187a6ae030916d2eb928bdce7d04f149dd2bf5d4bfcd3"
        },
        "branches": {
            "public": {
                "buildid": "15915567",
                "timeupdated": "1727957843"
            }
        }
    }
}