{
    "appid": "3122360",
    "type": "Game",
    "name": "Catbo",
    "schinese_name": "Catbo 猫噗猫噗",
    "isfreeapp": "0",
    "change_number": "27319638",
    "update_time": "2025-02-05 12:50:54",
    "depot": {
        "baselanguages": "english,schinese,tchinese,japanese",
        "3122361": {
            "config": {
                "oslist": "windows",
                "osarch": "64"
            },
            "manifests": {
                "public": {
                    "gid": "6028023649175145261",
                    "size": "87538376",
                    "download": "31735056"
                }
            },
            "decryptionkey": "bd9e49e21bc8078ec679ae04fd701bd54fd8945f2fc5c7c5faef207a1001d148"
        },
        "branches": {
            "public": {
                "buildid": "17247075",
                "timeupdated": "1738731050"
            }
        }
    }
}