{
    "appid": "3606920",
    "type": "Game",
    "name": "Hentai Tales: Academy's Record",
    "schinese_name": "",
    "isfreeapp": "0",
    "change_number": "29018464",
    "update_time": "2025-05-16 15:16:30",
    "depot": {
        "3606921": {
            "config": {
                "oslist": "windows"
            },
            "manifests": {
                "public": {
                    "gid": "3869116789228360652",
                    "size": "621980128",
                    "download": "129041904"
                }
            },
            "decryptionkey": "7882ce82b099fc3a598ec93e2abc7a1a13221f8987ab9e97b34210e763b1a353"
        },
        "3606922": {
            "config": {
                "oslist": "macos"
            },
            "manifests": {
                "public": {
                    "gid": "3573408461288821611",
                    "size": "615937108",
                    "download": "127563648"
                }
            }
        },
        "3606923": {
            "config": {
                "oslist": "linux"
            },
            "manifests": {
                "public": {
                    "gid": "3617187775093307500",
                    "size": "662148062",
                    "download": "128752848"
                }
            }
        },
        "baselanguages": "english",
        "branches": {
            "public": {
                "buildid": "18193989",
                "timeupdated": "1745329692"
            }
        }
    }
}