{
    "appid": "3216590",
    "type": "Demo",
    "name": "重返校园 Demo",
    "schinese_name": "重返校园 Demo",
    "isfreeapp": "0",
    "change_number": "26967230",
    "update_time": "2025-01-13 11:32:49",
    "depot": {
        "228989": {
            "config": {
                "oslist": "windows"
            },
            "depotfromapp": "228980",
            "sharedinstall": "1"
        },
        "228990": {
            "config": {
                "oslist": "windows"
            },
            "depotfromapp": "228980",
            "sharedinstall": "1"
        },
        "3216591": {
            "config": {
                "oslist": "windows",
                "osarch": "64"
            },
            "manifests": {
                "public": {
                    "gid": "5824322066563491532",
                    "size": "21616728339",
                    "download": "20113488128"
                }
            },
            "decryptionkey": "a289c4cee2e7813bfdb0f4f1065c5076c1ee35cf976f5c9a1d763d9bee02318e"
        },
        "branches": {
            "public": {
                "buildid": "16553042",
                "timeupdated": "1732715066"
            }
        }
    }
}