{
    "appid": "3310810",
    "type": "Demo",
    "name": "Angel Roulette Demo",
    "schinese_name": "",
    "isfreeapp": "0",
    "change_number": "27494062",
    "update_time": "2025-02-15 20:53:44",
    "depot": {
        "3310811": {
            "manifests": {
                "public": {
                    "gid": "2492296399539392469",
                    "size": "10947824049",
                    "download": "3714810624"
                }
            },
            "decryptionkey": "a53b1b3336d22672f51642f81d6d80149c8baa6e4e795747bd3083792e25dc9d"
        },
        "branches": {
            "public": {
                "buildid": "17440349",
                "timeupdated": "1740060845"
            }
        }
    }
}