{
    "appid": "3415990",
    "type": "DLC",
    "name": "The Sims™ 4 Sweet Allure Kit",
    "schinese_name": "《The Sims™ 4 甜美魅力》套件包",
    "isfreeapp": "0",
    "change_number": "28727617",
    "update_time": "2025-04-29 20:54:17",
    "depot": {
        "3415990": {
            "manifests": {
                "public": {
                    "gid": "5724616086735024264",
                    "size": "101237559",
                    "download": "97437376"
                }
            },
            "dlcappid": "3415990",
            "decryptionkey": "9213916e6832f6daf65db5e4edf99ca5d3c0aea6f0de35f6c59a25a56cd69d17"
        },
        "3415991": {
            "config": {
                "language": "english"
            },
            "manifests": {
                "public": {
                    "gid": "8755184295795784960",
                    "size": "366",
                    "download": "304"
                }
            },
            "dlcappid": "3415990",
            "decryptionkey": ""
        },
        "3415992": {
            "config": {
                "language": "german"
            },
            "manifests": {
                "public": {
                    "gid": "21167872496228179",
                    "size": "366",
                    "download": "304"
                }
            },
            "dlcappid": "3415990",
            "decryptionkey": ""
        },
        "3415993": {
            "config": {
                "language": "french"
            },
            "manifests": {
                "public": {
                    "gid": "1420542207164353902",
                    "size": "366",
                    "download": "304"
                }
            },
            "dlcappid": "3415990",
            "decryptionkey": ""
        },
        "3415994": {
            "config": {
                "language": "italian"
            },
            "manifests": {
                "public": {
                    "gid": "628512017224659435",
                    "size": "366",
                    "download": "304"
                }
            },
            "dlcappid": "3415990",
            "decryptionkey": ""
        },
        "3415995": {
            "config": {
                "language": "koreana"
            },
            "manifests": {
                "public": {
                    "gid": "6211543686106443624",
                    "size": "366",
                    "download": "304"
                }
            },
            "dlcappid": "3415990",
            "decryptionkey": ""
        },
        "3415996": {
            "config": {
                "language": "spanish"
            },
            "manifests": {
                "public": {
                    "gid": "6170096158213010568",
                    "size": "366",
                    "download": "304"
                }
            },
            "dlcappid": "3415990",
            "decryptionkey": ""
        },
        "3415997": {
            "config": {
                "language": "schinese"
            },
            "manifests": {
                "public": {
                    "gid": "7680046078226814660",
                    "size": "366",
                    "download": "304"
                }
            },
            "dlcappid": "3415990",
            "decryptionkey": "c0a79b05544f3b7b2dbcb6bd7eff96a0ef85c0d9d9461b64e4aa859badfe603d"
        },
        "3415998": {
            "config": {
                "language": "tchinese"
            },
            "manifests": {
                "public": {
                    "gid": "7482356256277155154",
                    "size": "366",
                    "download": "304"
                }
            },
            "dlcappid": "3415990",
            "decryptionkey": ""
        },
        "3415999": {
            "config": {
                "language": "russian"
            },
            "manifests": {
                "public": {
                    "gid": "2294043103201567443",
                    "size": "366",
                    "download": "304"
                }
            },
            "dlcappid": "3415990",
            "decryptionkey": ""
        },
        "3500140": {
            "config": {
                "language": "japanese"
            },
            "manifests": {
                "public": {
                    "gid": "5768890175315908360",
                    "size": "366",
                    "download": "304"
                }
            },
            "dlcappid": "3415990",
            "decryptionkey": ""
        },
        "3500141": {
            "config": {
                "language": "polish"
            },
            "manifests": {
                "public": {
                    "gid": "2338075190617342412",
                    "size": "366",
                    "download": "304"
                }
            },
            "dlcappid": "3415990",
            "decryptionkey": ""
        },
        "3500142": {
            "config": {
                "language": "danish"
            },
            "manifests": {
                "public": {
                    "gid": "625570448223170391",
                    "size": "366",
                    "download": "304"
                }
            },
            "dlcappid": "3415990",
            "decryptionkey": ""
        },
        "3500143": {
            "config": {
                "language": "dutch"
            },
            "manifests": {
                "public": {
                    "gid": "6317123845575655777",
                    "size": "366",
                    "download": "304"
                }
            },
            "dlcappid": "3415990",
            "decryptionkey": ""
        },
        "3500144": {
            "config": {
                "language": "finnish"
            },
            "manifests": {
                "public": {
                    "gid": "4084191283255690462",
                    "size": "366",
                    "download": "304"
                }
            },
            "dlcappid": "3415990",
            "decryptionkey": ""
        },
        "3500145": {
            "config": {
                "language": "norwegian"
            },
            "manifests": {
                "public": {
                    "gid": "2326076725989450151",
                    "size": "366",
                    "download": "304"
                }
            },
            "dlcappid": "3415990",
            "decryptionkey": ""
        },
        "3500146": {
            "config": {
                "language": "swedish"
            },
            "manifests": {
                "public": {
                    "gid": "6723928195675815672",
                    "size": "366",
                    "download": "304"
                }
            },
            "dlcappid": "3415990",
            "decryptionkey": ""
        },
        "3500147": {
            "config": {
                "language": "czech"
            },
            "manifests": {
                "public": {
                    "gid": "7947288425284005062",
                    "size": "366",
                    "download": "304"
                }
            },
            "dlcappid": "3415990",
            "decryptionkey": ""
        },
        "3500148": {
            "config": {
                "language": "brazilian"
            },
            "manifests": {
                "public": {
                    "gid": "2548142681547202017",
                    "size": "366",
                    "download": "304"
                }
            },
            "dlcappid": "3415990",
            "decryptionkey": ""
        },
        "branches": {
            "public": {
                "buildid": "17355663",
                "timeupdated": "1744304267"
            }
        },
        "privatebranches": "1"
    }
}