{
    "appid": "3391450",
    "type": "Game",
    "name": "GORN 2",
    "schinese_name": "",
    "isfreeapp": "0",
    "change_number": "29043307",
    "update_time": "2025-05-18 04:16:08",
    "depot": {
        "3391451": {
            "config": {
                "oslist": "windows",
                "osarch": "64"
            },
            "manifests": {
                "public": {
                    "gid": "7634915723051992352",
                    "size": "4572357225",
                    "download": "3871263824"
                }
            },
            "decryptionkey": "5ab57ce4fd569da078a76a2c5d2bf64d20cbe1af7b573f53dc3a86942da30a3c"
        },
        "3391452": {
            "config": {
                "oslist": "windows",
                "osarch": "64"
            },
            "manifests": {
                "public": {
                    "gid": "3759688598878199392",
                    "size": "4572357225",
                    "download": "3871276288"
                }
            },
            "decryptionkey": ""
        },
        "branches": {
            "public": {
                "buildid": "18264358",
                "timeupdated": "1746013366"
            }
        },
        "privatebranches": "1"
    }
}