{
    "appid": "3355020",
    "type": "Game",
    "name": "Reverse Problem",
    "schinese_name": "",
    "isfreeapp": "0",
    "change_number": "29016621",
    "update_time": "2025-05-16 12:36:50",
    "depot": {
        "228989": {
            "config": {
                "oslist": "windows"
            },
            "depotfromapp": "228980",
            "sharedinstall": "1"
        },
        "228990": {
            "config": {
                "oslist": "windows"
            },
            "depotfromapp": "228980",
            "sharedinstall": "1"
        },
        "3355021": {
            "manifests": {
                "public": {
                    "gid": "8793181919084228202",
                    "size": "877174840",
                    "download": "736025072"
                }
            },
            "decryptionkey": "f846c5de102c5f6a47efcf506e0e6f3153b68a69e271706dc803d76411c3d860"
        },
        "branches": {
            "public": {
                "buildid": "17472450",
                "timeupdated": "1740302179"
            }
        }
    }
}