{
    "appid": "3183260",
    "type": "Game",
    "name": "The Lighting Ages",
    "schinese_name": "",
    "isfreeapp": "0",
    "change_number": "29042779",
    "update_time": "2025-05-18 02:57:35",
    "depot": {
        "228989": {
            "config": {
                "oslist": "windows"
            },
            "depotfromapp": "228980",
            "sharedinstall": "1"
        },
        "228990": {
            "config": {
                "oslist": "windows"
            },
            "depotfromapp": "228980",
            "sharedinstall": "1"
        },
        "229000": {
            "config": {
                "oslist": "windows"
            },
            "depotfromapp": "228980",
            "sharedinstall": "1"
        },
        "3183261": {
            "manifests": {
                "public": {
                    "gid": "6725801272238487535",
                    "size": "7202082455",
                    "download": "7056877600"
                }
            },
            "decryptionkey": "4d9393ad92b50612c3263dc1b9cc8137db6ee274d89f0c92dbbfc47c4531ca5d"
        },
        "branches": {
            "public": {
                "buildid": "15481878",
                "timeupdated": "1724513974"
            }
        }
    }
}