{
    "appid": "3097470",
    "type": "Beta",
    "name": "Choppy Cuts PlayTest",
    "schinese_name": "乱剪一通 PlayTest",
    "isfreeapp": "0",
    "change_number": "27812223",
    "update_time": "2025-03-06 18:11:17",
    "depot": {
        "baselanguages": "",
        "3097471": {
            "config": {
                "oslist": "windows"
            },
            "manifests": {
                "public": {
                    "gid": "5092188789493133801",
                    "size": "1644396697",
                    "download": "286533568"
                }
            },
            "decryptionkey": "fc2811d2580558763f3dda122217d0b4483e207e83b70af72c38fb545e55b965"
        },
        "3097472": {
            "config": {
                "oslist": "macos"
            },
            "manifests": {}
        },
        "branches": {
            "public": {
                "buildid": "15092629",
                "timeupdated": "1721413333"
            }
        },
        "privatebranches": "1"
    }
}