{
    "appid": "3308560",
    "type": "Game",
    "name": "GuGu Pizza : Delivering Pizza to the Space Station? Boss, this is just not right!",
    "schinese_name": "咕咕披萨：送披萨到空间站？老板，这不对啊！",
    "isfreeapp": "0",
    "change_number": "29029437",
    "update_time": "2025-05-17 01:15:38",
    "depot": {
        "228989": {
            "config": {
                "oslist": "windows"
            },
            "depotfromapp": "228980",
            "sharedinstall": "1"
        },
        "228990": {
            "config": {
                "oslist": "windows"
            },
            "depotfromapp": "228980",
            "sharedinstall": "1"
        },
        "3308561": {
            "manifests": {
                "public": {
                    "gid": "2812396340109949509",
                    "size": "1111104492",
                    "download": "969747840"
                }
            },
            "decryptionkey": "dbd1ca2b61866dce87a1e2c2afe20bd237ec0fc74fc3536bc30182042be46bcd"
        },
        "baselanguages": "english,german,french,koreana,spanish,schinese,tchinese,russian,japanese",
        "branches": {
            "public": {
                "buildid": "17344352",
                "timeupdated": "1739406070"
            }
        },
        "privatebranches": "1"
    }
}