{
    "appid": "3269390",
    "type": "Demo",
    "name": "CyberpunkXXX Demo",
    "schinese_name": "",
    "isfreeapp": "0",
    "change_number": "28255094",
    "update_time": "2025-04-02 03:26:01",
    "depot": {
        "228989": {
            "config": {
                "oslist": "windows"
            },
            "depotfromapp": "228980",
            "sharedinstall": "1"
        },
        "228990": {
            "config": {
                "oslist": "windows"
            },
            "depotfromapp": "228980",
            "sharedinstall": "1"
        },
        "3269391": {
            "manifests": {
                "public": {
                    "gid": "2028305626834102988",
                    "size": "13285018981",
                    "download": "4637025664"
                }
            },
            "decryptionkey": "ce956a16aec75c835a1f5d6ac7afc376121c06092cf1ad707d8fd4e462626648"
        },
        "branches": {
            "public": {
                "buildid": "17944472",
                "timeupdated": "1743535555"
            }
        }
    }
}