{
    "appid": "3443870",
    "type": "Game",
    "name": "BUTTON PRISON",
    "schinese_name": "",
    "isfreeapp": "0",
    "change_number": "28785233",
    "update_time": "2025-05-02 20:32:01",
    "depot": {
        "3443871": {
            "manifests": {
                "public": {
                    "gid": "6995647575972874654",
                    "size": "2005638777",
                    "download": "772760400"
                }
            },
            "decryptionkey": "b0052197632a8e150cf1efc445588eb2f3e11637f721e9ca108af269857658d3"
        },
        "hasdepotsindlc": "0",
        "branches": {
            "public": {
                "buildid": "18000504",
                "timeupdated": "1743926720"
            }
        }
    }
}