{
    "appid": "2943640",
    "type": "Game",
    "name": "Симулятор ПВЗ",
    "schinese_name": "",
    "isfreeapp": "0",
    "change_number": "28678574",
    "update_time": "2025-04-26 10:53:21",
    "depot": {
        "2943641": {
            "config": {
                "oslist": "windows",
                "osarch": "64"
            },
            "manifests": {
                "public": {
                    "gid": "7728040953838245168",
                    "size": "1908299146",
                    "download": "483990880"
                }
            },
            "decryptionkey": "9b8d5126acb81d61dee1798cf8da52d121453e7cec560d3b12087a55dd68b7e9"
        },
        "branches": {
            "public": {
                "buildid": "17200754",
                "timeupdated": "1738337569"
            }
        }
    }
}