{
    "appid": "3624750",
    "type": "Game",
    "name": "天道轮回：我的修仙梦",
    "schinese_name": "",
    "isfreeapp": "0",
    "change_number": "28701009",
    "update_time": "2025-04-28 15:19:53",
    "depot": {
        "3624751": {
            "manifests": {
                "public": {
                    "gid": "6656822524258423144",
                    "size": "100857490",
                    "download": "36060176"
                }
            },
            "decryptionkey": "667e804e4e912a6f0798c8269c8c429965126619130b45d1b3fddcbb21a70af5"
        },
        "baselanguages": "schinese",
        "branches": {
            "public": {
                "buildid": "18261681",
                "timeupdated": "1745824789"
            }
        },
        "privatebranches": "1"
    }
}