{
    "appid": "3317790",
    "type": "Demo",
    "name": "Mansion of the Dead Demo",
    "schinese_name": "尸境求生 Demo",
    "isfreeapp": "0",
    "change_number": "28592332",
    "update_time": "2025-04-22 09:37:11",
    "depot": {
        "baselanguages": "english,german,french,italian,koreana,spanish,schinese,tchinese,russian,thai,japanese,portuguese,brazilian,latam",
        "hasdepotsindlc": "0",
        "228988": {
            "config": {
                "oslist": "windows"
            },
            "depotfromapp": "228980",
            "sharedinstall": "1"
        },
        "228990": {
            "config": {
                "oslist": "windows"
            },
            "depotfromapp": "228980",
            "sharedinstall": "1"
        },
        "229000": {
            "config": {
                "oslist": "windows"
            },
            "depotfromapp": "228980",
            "sharedinstall": "1"
        },
        "3317791": {
            "manifests": {
                "public": {
                    "gid": "5090845944734852026",
                    "size": "3625392962",
                    "download": "1307404032"
                }
            },
            "decryptionkey": "72fa5714eb4780632d0836d3e7430ff18a4ff7439e6c5ffd4ce78230683820d6"
        },
        "branches": {
            "public": {
                "buildid": "17478378",
                "timeupdated": "1740366843"
            }
        }
    }
}