{
    "appid": "3238880",
    "type": "Demo",
    "name": "PLUG IT IN Demo",
    "schinese_name": "",
    "isfreeapp": "0",
    "change_number": "25553859",
    "update_time": "2024-10-06 16:00:11",
    "depot": {
        "baselanguages": "english,schinese",
        "3238881": {
            "config": {
                "oslist": "windows"
            },
            "manifests": {
                "public": {
                    "gid": "3088355963601353086",
                    "size": "128063480",
                    "download": "60096848"
                }
            },
            "decryptionkey": "7cd5f16ceffba5008c4b6b50b31aabacd572822e814faf67d8d32787baa42e4e"
        },
        "branches": {
            "public": {
                "buildid": "15921934",
                "timeupdated": "1727991892"
            }
        }
    }
}