{
    "appid": "2955540",
    "type": "Demo",
    "name": "Jeepney Simulator 2 Demo",
    "schinese_name": "",
    "isfreeapp": "0",
    "change_number": "23634434",
    "update_time": "2024-07-16 02:47:05",
    "depot": {
        "2955541": {
            "manifests": {
                "public": {
                    "gid": "6030893392642700884",
                    "size": "5223509597",
                    "download": "1446539312"
                }
            },
            "decryptionkey": "30a764ae37763eb5f16f93226867004e5a975ee318a307919a1db5d26d7d7c03"
        },
        "branches": {
            "public": {
                "buildid": "14132110",
                "timeupdated": "1713788047"
            }
        }
    }
}