{
    "appid": "3465430",
    "type": "Demo",
    "name": "Desktop Fishing Demo",
    "schinese_name": "",
    "isfreeapp": "0",
    "change_number": "27295475",
    "update_time": "2025-02-04 03:58:15",
    "depot": {
        "3465431": {
            "manifests": {
                "public": {
                    "gid": "276767797585296670",
                    "size": "264577520",
                    "download": "37376736"
                }
            },
            "decryptionkey": "b13da3642509d99856348c6d87b4f094480ca4b8b7b81cd294b37fd938cfc7dc"
        },
        "branches": {
            "public": {
                "buildid": "17226573",
                "timeupdated": "1738601141"
            }
        },
        "privatebranches": "1"
    }
}