{
    "appid": "3202240",
    "type": "Demo",
    "name": "The Shepherd: Black Sheep Demo",
    "schinese_name": "",
    "isfreeapp": "0",
    "change_number": "26183469",
    "update_time": "2024-11-14 07:38:13",
    "depot": {
        "3202241": {
            "config": {
                "oslist": "windows"
            },
            "manifests": {
                "public": {
                    "gid": "6248437067380835386",
                    "size": "4478886602",
                    "download": "2008734288"
                }
            },
            "decryptionkey": "b5fc2ee4ca63ce9615e26442d545cef22f4a697833a0dbdde38868d5291b7d11"
        },
        "branches": {
            "public": {
                "buildid": "16108214",
                "timeupdated": "1729356651"
            }
        },
        "privatebranches": "1"
    }
}