{
    "appid": "3182870",
    "type": "Game",
    "name": "Slugterra All-Stars",
    "schinese_name": "",
    "isfreeapp": "0",
    "change_number": "28673200",
    "update_time": "2025-04-26 03:00:14",
    "depot": {
        "3182871": {
            "manifests": {
                "public": {
                    "gid": "2510710946840706766",
                    "size": "751140930",
                    "download": "509171232"
                }
            },
            "decryptionkey": "b1d42b9a3f218c74a4f0caa47d4fb3fa3e0c6b5e90ae08f401a8734c3df9a712"
        },
        "baselanguages": "english",
        "branches": {
            "public": {
                "buildid": "15476888",
                "timeupdated": "1724448176"
            }
        }
    }
}