{
    "appid": "3236000",
    "type": "Game",
    "name": "執着学園",
    "schinese_name": "",
    "isfreeapp": "0",
    "change_number": "28930395",
    "update_time": "2025-05-12 08:35:37",
    "depot": {
        "baselanguages": "english,schinese,japanese",
        "hasdepotsindlc": "0",
        "3236001": {
            "config": {
                "language": "japanese",
                "oslist": "windows",
                "osarch": "64"
            },
            "manifests": {
                "public": {
                    "gid": "4583820190653078303",
                    "size": "903071667",
                    "download": "776389760"
                }
            },
            "decryptionkey": "39bfee0a504373c2361d5f13f2ada7107b02278dfc4e5b6cd7acbf3aa6f7a26c"
        },
        "3236002": {
            "config": {
                "language": "english",
                "oslist": "windows",
                "osarch": "64"
            },
            "manifests": {
                "public": {
                    "gid": "8920531232497342854",
                    "size": "904526367",
                    "download": "777437568"
                }
            },
            "decryptionkey": "434eda4915a1d518bb3f02fe1469786b8d9954ba7c80eac9157a289c31d09164"
        },
        "3236003": {
            "config": {
                "language": "schinese",
                "oslist": "windows",
                "osarch": "64"
            },
            "manifests": {
                "public": {
                    "gid": "8844604734669805191",
                    "size": "903003788",
                    "download": "776234368"
                }
            },
            "decryptionkey": "0fb2b3678af94612dbe61e9264889d6f534c7af412f14505ddd8db28a6dca4ae"
        },
        "branches": {
            "public": {
                "buildid": "18099308",
                "timeupdated": "1744635662"
            }
        }
    }
}