{
    "appid": "3291290",
    "type": "Game",
    "name": "E-Commerce Simulator 2025",
    "schinese_name": "",
    "isfreeapp": "0",
    "change_number": "29045689",
    "update_time": "2025-05-18 11:13:34",
    "depot": {
        "228989": {
            "config": {
                "oslist": "windows"
            },
            "depotfromapp": "228980",
            "sharedinstall": "1"
        },
        "228990": {
            "config": {
                "oslist": "windows"
            },
            "depotfromapp": "228980",
            "sharedinstall": "1"
        },
        "3291291": {
            "manifests": {
                "public": {
                    "gid": "5746486612547139026",
                    "size": "6418177616",
                    "download": "2082494560"
                }
            },
            "decryptionkey": "bff1faa09fb3461053e6792f0f645d98940e5147509a929b4009d287ebf6df37"
        },
        "branches": {
            "public": {
                "buildid": "18182835",
                "timeupdated": "1745838944"
            }
        },
        "privatebranches": "1"
    }
}