{
    "appid": "3140610",
    "type": "DLC",
    "name": "Sexbot - Holiday DLC",
    "schinese_name": "",
    "isfreeapp": "0",
    "change_number": "28078103",
    "update_time": "2025-03-22 02:19:17",
    "depot": {
        "3140610": {
            "dlcappid": "3140610",
            "manifests": {
                "public": {
                    "gid": "8351600087028449230",
                    "size": "265627796",
                    "download": "264591552"
                }
            },
            "decryptionkey": "5b845b6264a072d79829e3ff6e57e97ad841fd9e51d65ea35f3c97ac3727f92b"
        },
        "branches": {
            "public": {
                "buildid": "16737825",
                "timeupdated": "1734106651"
            }
        }
    }
}