{
    "appid": "3027940",
    "type": "Demo",
    "name": "Karate Survivor Demo",
    "schinese_name": "",
    "isfreeapp": "0",
    "change_number": "26183469",
    "update_time": "2024-11-14 07:26:48",
    "depot": {
        "3027941": {
            "config": {
                "oslist": "windows"
            },
            "manifests": {
                "public": {
                    "gid": "6334742686673899394",
                    "size": "1610785466",
                    "download": "198096816"
                }
            },
            "decryptionkey": "c1abcac80173103bcfb4d6866141e78065f7e8a866efa9a1a1572396eb709aea"
        },
        "branches": {
            "public": {
                "buildid": "16176031",
                "timeupdated": "1729840586"
            }
        },
        "privatebranches": "1"
    }
}