{
    "appid": "3119480",
    "type": "Game",
    "name": "The Black Labyrinth",
    "schinese_name": "",
    "isfreeapp": "0",
    "change_number": "28588715",
    "update_time": "2025-04-22 03:59:38",
    "depot": {
        "baselanguages": "english,japanese",
        "3119481": {
            "manifests": {
                "public": {
                    "gid": "620260119118104716",
                    "size": "176666602",
                    "download": "136553360"
                }
            },
            "decryptionkey": "28cf32997d72efbc6d8abeb4e824f7209e67f2b12025693f93544da82511aef8"
        },
        "3119482": {
            "config": {
                "language": "japanese"
            },
            "manifests": {
                "public": {
                    "gid": "2381944294553963679",
                    "size": "176286346",
                    "download": "136169472"
                }
            },
            "decryptionkey": ""
        },
        "branches": {
            "public": {
                "buildid": "16562793",
                "timeupdated": "1732779085"
            }
        }
    }
}