{
    "appid": "2958080",
    "type": "Demo",
    "name": "Campus Life Demo",
    "schinese_name": "",
    "isfreeapp": "0",
    "change_number": "24006323",
    "update_time": "2024-07-16 02:47:05",
    "depot": {
        "2958081": {
            "manifests": {
                "public": {
                    "gid": "3040077326189415514",
                    "size": "4589928884",
                    "download": "1536549568"
                }
            },
            "decryptionkey": "98ba5087c9c2bde870f85810877d945b4fd940168bc0d17855f2b1702ca266a8"
        },
        "branches": {
            "public": {
                "buildid": "14640453",
                "timeupdated": "1717769056"
            }
        }
    }
}