{
    "appid": "3149370",
    "type": "Game",
    "name": "ROGUE LIGHT DECK BUILDER",
    "schinese_name": "",
    "isfreeapp": "0",
    "change_number": "28628979",
    "update_time": "2025-04-24 03:13:46",
    "depot": {
        "3149371": {
            "config": {
                "language": "english",
                "oslist": "windows"
            },
            "manifests": {
                "public": {
                    "gid": "7923779349053445495",
                    "size": "1757415502",
                    "download": "1330927376"
                },
                "dx11": {
                    "gid": "2781435969622613318",
                    "size": "1099223074",
                    "download": "965814000"
                },
                "my-lovely-testing-chamber": {
                    "gid": "6936898961017814515",
                    "size": "1757403214",
                    "download": "1330801344"
                }
            },
            "decryptionkey": "09424bc1480e0fa4dc505c5f1007b724b4b6287f7a88f2fe9dcb911144d392b1"
        },
        "branches": {
            "public": {
                "buildid": "17824612",
                "timeupdated": "1742707430"
            },
            "dx11": {
                "buildid": "18043711",
                "description": "DirectX 11 version.",
                "timeupdated": "1744214738"
            },
            "my-lovely-testing-chamber": {
                "buildid": "17814659",
                "description": "don't peeking",
                "timeupdated": "1742590919"
            }
        }
    }
}