{
    "appid": "3030250",
    "type": "Game",
    "name": "Aunt Fatima - خالة فاطمة",
    "schinese_name": "",
    "isfreeapp": "0",
    "change_number": "29013608",
    "update_time": "2025-05-16 08:02:00",
    "depot": {
        "baselanguages": "english,arabic",
        "228989": {
            "config": {
                "oslist": "windows"
            },
            "depotfromapp": "228980",
            "sharedinstall": "1"
        },
        "228990": {
            "config": {
                "oslist": "windows"
            },
            "depotfromapp": "228980",
            "sharedinstall": "1"
        },
        "3030251": {
            "manifests": {
                "public": {
                    "gid": "7724303773875315410",
                    "size": "4618196348",
                    "download": "4306671568"
                }
            },
            "decryptionkey": "205f918c809a1f6cc90d2dfb900cb9b495ed6f486244cadfbf2d2ff4b62d9de9"
        },
        "branches": {
            "public": {
                "buildid": "16432230",
                "timeupdated": "1731784009"
            }
        }
    }
}