{
    "appid": "3192850",
    "type": "Demo",
    "name": "Archons Demo",
    "schinese_name": "",
    "isfreeapp": "0",
    "change_number": "27951441",
    "update_time": "2025-03-14 16:09:06",
    "depot": {
        "228989": {
            "config": {
                "oslist": "windows"
            },
            "depotfromapp": "228980",
            "sharedinstall": "1"
        },
        "228990": {
            "config": {
                "oslist": "windows"
            },
            "depotfromapp": "228980",
            "sharedinstall": "1"
        },
        "3192851": {
            "manifests": {
                "public": {
                    "gid": "3568584936224763683",
                    "size": "993509916",
                    "download": "811701344"
                }
            },
            "decryptionkey": "fe143596c6aeee432256c5cdcd2c4813e7f632fa6c6a1d8049d0c88cc4d5a85e"
        },
        "branches": {
            "public": {
                "buildid": "15709354",
                "timeupdated": "1726436496"
            }
        }
    }
}