{
    "appid": "3003090",
    "type": "Demo",
    "name": "Novivors Demo",
    "schinese_name": "",
    "isfreeapp": "0",
    "change_number": "24082482",
    "update_time": "2024-07-16 02:47:07",
    "depot": {
        "3003091": {
            "manifests": {
                "public": {
                    "gid": "7841809163772498738",
                    "size": "253143997",
                    "download": "34999744"
                }
            },
            "decryptionkey": "001e529fac6d282a790f5b3210fc84c4ae8b2b7fc91101c7a568a7b1754943fb"
        },
        "branches": {
            "public": {
                "buildid": "14808182",
                "timeupdated": "1719121230"
            }
        }
    }
}