{
    "appid": "3238270",
    "type": "Game",
    "name": "SEX Hospital 💦",
    "schinese_name": "",
    "isfreeapp": "0",
    "change_number": "29016528",
    "update_time": "2025-05-16 12:24:45",
    "depot": {
        "3238271": {
            "config": {
                "oslist": "windows"
            },
            "manifests": {
                "public": {
                    "gid": "4172975443869021000",
                    "size": "4874170455",
                    "download": "2482595584"
                }
            },
            "decryptionkey": "e4817a99996ac68a9bdc4bc9b9d809be2ed9db91c18ef331ee9bb914762d96ae"
        },
        "3238272": {
            "config": {
                "oslist": "macos"
            },
            "manifests": {
                "public": {
                    "gid": "566794252537358014",
                    "size": "4898569286",
                    "download": "2490159504"
                }
            },
            "decryptionkey": ""
        },
        "3238273": {
            "config": {
                "oslist": "linux"
            },
            "manifests": {
                "public": {
                    "gid": "7505571011542350400",
                    "size": "4875759472",
                    "download": "2481613824"
                }
            },
            "decryptionkey": ""
        },
        "branches": {
            "public": {
                "buildid": "15866238",
                "timeupdated": "1727607088"
            }
        }
    }
}