{
    "appid": "3110260",
    "type": "Game",
    "name": "Detective Penguin",
    "schinese_name": "",
    "isfreeapp": "0",
    "change_number": "28780396",
    "update_time": "2025-05-02 13:37:27",
    "depot": {
        "3110261": {
            "config": {
                "oslist": "windows"
            },
            "manifests": {
                "public": {
                    "gid": "4699059278631983717",
                    "size": "1438699618",
                    "download": "551805408"
                }
            },
            "decryptionkey": "b22be8bafa8aad6c67ed9cb49f549246717024ca43bf6677b6365dabd3b0bb8c"
        },
        "3110262": {
            "config": {
                "oslist": "macos"
            },
            "manifests": {
                "public": {
                    "gid": "2383391460973821131",
                    "size": "1475308686",
                    "download": "562205680"
                }
            }
        },
        "3110263": {
            "config": {
                "oslist": "linux"
            },
            "manifests": {
                "public": {
                    "gid": "5399519737466631042",
                    "size": "1663954242",
                    "download": "634901248"
                }
            }
        },
        "branches": {
            "public": {
                "buildid": "18166575",
                "timeupdated": "1745060144"
            }
        }
    }
}