{
    "appid": "3354060",
    "type": "Demo",
    "name": "Elissa：卧室的缢吊尸 Demo",
    "schinese_name": "ELISSA：卧室的缢吊尸 Demo",
    "isfreeapp": "0",
    "change_number": "27994892",
    "update_time": "2025-03-17 21:57:31",
    "depot": {
        "228989": {
            "config": {
                "oslist": "windows"
            },
            "depotfromapp": "228980",
            "sharedinstall": "1"
        },
        "228990": {
            "config": {
                "oslist": "windows"
            },
            "depotfromapp": "228980",
            "sharedinstall": "1"
        },
        "229007": {
            "config": {
                "oslist": "windows"
            },
            "depotfromapp": "228980",
            "sharedinstall": "1"
        },
        "229020": {
            "config": {
                "oslist": "windows"
            },
            "depotfromapp": "228980",
            "sharedinstall": "1"
        },
        "229030": {
            "config": {
                "oslist": "windows"
            },
            "depotfromapp": "228980",
            "sharedinstall": "1"
        },
        "baselanguages": "english,schinese",
        "hasdepotsindlc": "0",
        "3354061": {
            "config": {
                "oslist": "windows",
                "osarch": "64"
            },
            "manifests": {
                "public": {
                    "gid": "2129547392976700377",
                    "size": "2011175934",
                    "download": "545113520"
                }
            },
            "decryptionkey": "a9c03734077af28d62f47eb0bc4b7df1edc35418564fab5c08ade4f5ba7430d9"
        },
        "3354065": {
            "config": {
                "oslist": "macos",
                "osarch": "64"
            },
            "manifests": {
                "public": {
                    "gid": "8695011133074612566",
                    "size": "2003206088",
                    "download": "535869232"
                }
            }
        },
        "branches": {
            "public": {
                "buildid": "17571505",
                "timeupdated": "1740993299"
            }
        },
        "privatebranches": "1"
    }
}