{
    "appid": "2981610",
    "type": "Beta",
    "name": "Sand Playtest",
    "schinese_name": "",
    "isfreeapp": "0",
    "change_number": "27540825",
    "update_time": "2025-02-19 03:16:48",
    "depot": {
        "228989": {
            "config": {
                "oslist": "windows"
            },
            "depotfromapp": "228980",
            "sharedinstall": "1"
        },
        "2981611": {
            "manifests": {
                "public": {
                    "gid": "2249719802694282929",
                    "size": "7556660314",
                    "download": "5843635680"
                }
            },
            "decryptionkey": "281693ff76cfae4dc13350a42baa22e576e43a3e849516cab38e216a585f2512"
        },
        "branches": {
            "public": {
                "buildid": "17462159",
                "timeupdated": "1740220239"
            }
        },
        "privatebranches": "1"
    }
}