{
    "appid": "3323770",
    "type": "Game",
    "name": "DEEP IN THE DREAD",
    "schinese_name": "",
    "isfreeapp": "0",
    "change_number": "28630772",
    "update_time": "2025-04-24 05:06:34",
    "depot": {
        "baselanguages": "english",
        "228989": {
            "config": {
                "oslist": "windows"
            },
            "depotfromapp": "228980",
            "sharedinstall": "1"
        },
        "228990": {
            "config": {
                "oslist": "windows"
            },
            "depotfromapp": "228980",
            "sharedinstall": "1"
        },
        "229002": {
            "config": {
                "oslist": "windows"
            },
            "depotfromapp": "228980",
            "sharedinstall": "1"
        },
        "229020": {
            "config": {
                "oslist": "windows"
            },
            "depotfromapp": "228980",
            "sharedinstall": "1"
        },
        "229030": {
            "config": {
                "oslist": "windows"
            },
            "depotfromapp": "228980",
            "sharedinstall": "1"
        },
        "3323771": {
            "config": {
                "language": "english",
                "oslist": "windows"
            },
            "manifests": {
                "public": {
                    "gid": "5360270556304933567",
                    "size": "12996033050",
                    "download": "12460010016"
                }
            },
            "decryptionkey": "6208919b7e1c7f0d0071dc326bea51e22ee06f4667e6ad24ab9b52ae144018f7"
        },
        "branches": {
            "public": {
                "buildid": "17187739",
                "timeupdated": "1738257871"
            }
        }
    }
}