{
    "appid": "2994050",
    "type": "Game",
    "name": "Gladmort",
    "schinese_name": "",
    "isfreeapp": "0",
    "change_number": "28459330",
    "update_time": "2025-04-14 11:09:13",
    "depot": {
        "2994051": {
            "config": {
                "oslist": "windows"
            },
            "manifests": {
                "public": {
                    "gid": "4803232147542580145",
                    "size": "73019357",
                    "download": "31585744"
                }
            },
            "decryptionkey": "71b9458ee70fe4c5eada50a8f2a16bbea9c574cbd423410bb80fc890f086836b"
        },
        "branches": {
            "public": {
                "buildid": "17822288",
                "timeupdated": "1742672778"
            }
        }
    }
}