{
    "appid": "3163410",
    "type": "DLC",
    "name": "Knightly Passions: In the Grip of Ice",
    "schinese_name": "",
    "isfreeapp": "0",
    "change_number": "28183895",
    "update_time": "2025-03-28 12:32:02",
    "depot": {
        "3163410": {
            "dlcappid": "3163410",
            "manifests": {
                "public": {
                    "gid": "1355463255060687141",
                    "size": "91808217",
                    "download": "88590064"
                }
            },
            "decryptionkey": "ba44913a416e099e0ec56db09e8f878791582679c53da635c5b8344e1b9e6ae0"
        },
        "branches": {
            "public": {
                "buildid": "16671537",
                "timeupdated": "1733648563"
            }
        }
    }
}