{
    "appid": "3001300",
    "type": "Demo",
    "name": "Whirlight Demo",
    "schinese_name": "",
    "isfreeapp": "0",
    "change_number": "26795855",
    "update_time": "2024-12-27 17:56:51",
    "depot": {
        "3001301": {
            "config": {
                "oslist": "windows"
            },
            "manifests": {
                "public": {
                    "gid": "3440223080654443044",
                    "size": "2620725072",
                    "download": "2101120384"
                }
            },
            "decryptionkey": "61fc53c45c86734e36a378af145be5a75e1e364a1128d87b27dc07f86f8da302"
        },
        "baselanguages": "",
        "branches": {
            "public": {
                "buildid": "16006655",
                "timeupdated": "1728714658"
            }
        },
        "privatebranches": "1"
    }
}