{
    "appid": "3018860",
    "type": "Demo",
    "name": "49 Keys Demo",
    "schinese_name": "",
    "isfreeapp": "0",
    "change_number": "26088537",
    "update_time": "2024-11-07 19:46:26",
    "depot": {
        "3018861": {
            "manifests": {
                "public": {
                    "gid": "8085920202931603450",
                    "size": "364980775",
                    "download": "142921296"
                }
            },
            "decryptionkey": "998ba733c109e67a6ae5d50161f789fd9a6ef24e67310fb5070769e3b50f5fc8"
        },
        "branches": {
            "public": {
                "buildid": "15439625",
                "timeupdated": "1724186596"
            }
        }
    }
}