{
    "appid": "3172060",
    "type": "Game",
    "name": "Sex Interview: Ice Cream",
    "schinese_name": "性爱面试：甄恬的冰激凌",
    "isfreeapp": "0",
    "change_number": "28835713",
    "update_time": "2025-05-06 14:46:48",
    "depot": {
        "3172061": {
            "manifests": {
                "public": {
                    "gid": "1282672771582943466",
                    "size": "736416167",
                    "download": "585776128"
                }
            },
            "decryptionkey": "d66c7efadc63e9260aa599f569707a81a0981a2ac669d64fa1149f1ec7c9f0f1"
        },
        "branches": {
            "public": {
                "buildid": "15780324",
                "timeupdated": "1726913748"
            }
        }
    }
}