{
    "appid": "3204440",
    "type": "Game",
    "name": "The Cube of Love",
    "schinese_name": "",
    "isfreeapp": "0",
    "change_number": "28599375",
    "update_time": "2025-04-22 18:59:35",
    "depot": {
        "3204441": {
            "manifests": {
                "public": {
                    "gid": "2455948723163187191",
                    "size": "229438141",
                    "download": "41910320"
                }
            },
            "decryptionkey": "c5fc5b163e97bfe88e7373c580c380407e4b6809e43ab7caac5ad8f13a57c8d6"
        },
        "branches": {
            "public": {
                "buildid": "15544626",
                "timeupdated": "1725021295"
            }
        }
    }
}