{
    "appid": "2968980",
    "type": "Demo",
    "name": "Footy Bash Demo",
    "schinese_name": "",
    "isfreeapp": "0",
    "change_number": "26184419",
    "update_time": "2024-11-14 08:49:10",
    "depot": {
        "baselanguages": "english",
        "2968981": {
            "config": {
                "language": "english",
                "oslist": "windows"
            },
            "manifests": {
                "public": {
                    "gid": "1781125068411073189",
                    "size": "379957502",
                    "download": "170731200"
                },
                "experimental": {
                    "gid": "4009577217151938659",
                    "size": "382827342",
                    "download": "170827136"
                }
            },
            "decryptionkey": "ac0f5fc7085176a3fe2e1443431e697a02481836b9d7200d0d371f52d4f4ed7a"
        },
        "2968982": {
            "config": {
                "language": "english",
                "oslist": "macos"
            },
            "manifests": {
                "public": {
                    "gid": "6705146534454253630",
                    "size": "229929012",
                    "download": "47577808"
                },
                "experimental": {
                    "gid": "6705146534454253630",
                    "size": "229929012",
                    "download": "47577808"
                }
            },
            "decryptionkey": ""
        },
        "2968983": {
            "config": {
                "language": "english",
                "oslist": "linux"
            },
            "manifests": {
                "public": {
                    "gid": "6044779628319235235",
                    "size": "383681426",
                    "download": "170849632"
                },
                "experimental": {
                    "gid": "7869202659600788711",
                    "size": "386551266",
                    "download": "170946288"
                }
            },
            "decryptionkey": ""
        },
        "branches": {
            "public": {
                "buildid": "16045289",
                "timeupdated": "1728957468"
            },
            "experimental": {
                "buildid": "16060009",
                "description": "experimental dev builds",
                "timeupdated": "1729048144"
            }
        }
    }
}