{
    "appid": "3330250",
    "type": "Game",
    "name": "Ithya: Magic Studies",
    "schinese_name": "",
    "isfreeapp": "0",
    "change_number": "29034786",
    "update_time": "2025-05-17 08:21:56",
    "depot": {
        "3330251": {
            "manifests": {
                "public": {
                    "gid": "3507585666798805419",
                    "size": "814188696",
                    "download": "703757024"
                }
            },
            "decryptionkey": "a7633b3d30636dfe1dae9b0d4f95964133d913e1bc86fef04e6300f14129dca2"
        },
        "branches": {
            "public": {
                "buildid": "18473226",
                "timeupdated": "1747301495"
            }
        }
    }
}