{
    "appid": "3427420",
    "type": "Game",
    "name": "BDSM Clicker",
    "schinese_name": "",
    "isfreeapp": "0",
    "change_number": "29043297",
    "update_time": "2025-05-18 04:15:28",
    "depot": {
        "3427421": {
            "config": {
                "oslist": "windows"
            },
            "manifests": {
                "public": {
                    "gid": "7581221354996344664",
                    "size": "545269774",
                    "download": "99357920"
                }
            },
            "decryptionkey": "dea7d49312dd6c9655dde564f6c4cc02b6384e3acf15a2af8d1d05737bb80e3c"
        },
        "3427422": {
            "config": {
                "oslist": "linux"
            },
            "manifests": {
                "public": {
                    "gid": "2703623265475111670",
                    "size": "543708887",
                    "download": "97538256"
                }
            }
        },
        "baselanguages": "english,german,french,italian,spanish,schinese,russian,japanese,polish,dutch,norwegian,swedish,czech,brazilian,latam",
        "branches": {
            "public": {
                "buildid": "17979188",
                "timeupdated": "1743736615"
            }
        }
    }
}