{
    "appid": "3014600",
    "type": "Game",
    "name": "SEX Airlines 🔞✈️",
    "schinese_name": "",
    "isfreeapp": "0",
    "change_number": "29034762",
    "update_time": "2025-05-17 08:21:59",
    "depot": {
        "3014601": {
            "manifests": {
                "public": {
                    "gid": "5313512477466128062",
                    "size": "8193998734",
                    "download": "2448994320"
                }
            },
            "decryptionkey": "27b0a9e8caa86b0c80e75da3a54d29afba8a84464822bd5ac409cf9f11a25806"
        },
        "branches": {
            "public": {
                "buildid": "15018709",
                "timeupdated": "1720819054"
            }
        }
    }
}