{
    "appid": "2977600",
    "type": "Demo",
    "name": "BAA! Never Stop Bleating Demo",
    "schinese_name": "咩！咩咩不休 Demo",
    "isfreeapp": "0",
    "change_number": "25740038",
    "update_time": "2024-10-16 12:38:37",
    "depot": {
        "2977601": {
            "manifests": {
                "public": {
                    "gid": "6743607161568197169",
                    "size": "188726335",
                    "download": "113304880"
                }
            },
            "decryptionkey": "d744346f55cb244aade0b9a49580fef563283c4d4b75f4335b8e89a1f735b1b2"
        },
        "baselanguages": "english,schinese,tchinese,japanese",
        "branches": {
            "public": {
                "buildid": "16060628",
                "timeupdated": "1729053514"
            }
        }
    }
}