{
    "appid": "3017060",
    "type": "Music",
    "name": "Anomaly Collapse Original Soundtrack",
    "schinese_name": "异界失控 游戏原声带",
    "isfreeapp": "0",
    "change_number": "24907049",
    "update_time": "2024-08-23 12:18:19",
    "depot": {
        "3017061": {
            "manifests": {
                "public": {
                    "gid": "6074548110668334224",
                    "size": "116509505",
                    "download": "100576272"
                }
            },
            "decryptionkey": "4688b220643cfffca45e495c2c16dede0488b0508c0ba96b9ba7614232544642"
        },
        "3017062": {
            "config": {
                "highqualityaudio": "1"
            },
            "manifests": {
                "public": {
                    "gid": "9169382396231502078",
                    "size": "422605794",
                    "download": "426935456"
                }
            },
            "decryptionkey": "1d6e7594c3d27704149659df9f72fa6fcc7e460bb3d6b029854ad4dfd794bf17"
        },
        "branches": {
            "public": {
                "buildid": "14751218",
                "timeupdated": "1718693055"
            }
        }
    }
}