{
    "appid": "3053210",
    "type": "Game",
    "name": "Sticker Delight",
    "schinese_name": "",
    "isfreeapp": "0",
    "change_number": "28148054",
    "update_time": "2025-03-26 19:09:09",
    "depot": {
        "baselanguages": "english",
        "3053211": {
            "manifests": {
                "public": {
                    "gid": "3686351341640400197",
                    "size": "145764638",
                    "download": "44073008"
                }
            },
            "decryptionkey": "1e53847b3e5c14d1b3de754695ce26db36c0cc55248578d4915904c05ab077d9"
        },
        "branches": {
            "public": {
                "buildid": "17442351",
                "timeupdated": "1740568926"
            }
        },
        "privatebranches": "1"
    }
}