{
    "appid": "2963050",
    "type": "DLC",
    "name": "BoneTown: The Second Coming Edition - Kinks BDSM",
    "schinese_name": "",
    "isfreeapp": "0",
    "change_number": "25060994",
    "update_time": "2024-09-04 00:52:13",
    "depot": {
        "2963050": {
            "manifests": {
                "public": {
                    "gid": "165901322290992445",
                    "size": "159242",
                    "download": "39696"
                }
            },
            "dlcappid": "2963050",
            "decryptionkey": "e281e9a1d2667681dd6bc7dd02ce23a8c05712457cd0b5912c6a1d66988dacbe"
        },
        "branches": {
            "public": {
                "buildid": "15580382",
                "timeupdated": "1725382330"
            }
        }
    }
}