{
    "appid": "2963880",
    "type": "Game",
    "name": "Murky Divers",
    "schinese_name": "暗黑潜水员",
    "isfreeapp": "0",
    "change_number": "29018673",
    "update_time": "2025-05-16 15:27:27",
    "depot": {
        "228989": {
            "config": {
                "oslist": "windows"
            },
            "depotfromapp": "228980",
            "sharedinstall": "1"
        },
        "228990": {
            "config": {
                "oslist": "windows"
            },
            "depotfromapp": "228980",
            "sharedinstall": "1"
        },
        "229007": {
            "config": {
                "oslist": "windows"
            },
            "depotfromapp": "228980",
            "sharedinstall": "1"
        },
        "229020": {
            "config": {
                "oslist": "windows"
            },
            "depotfromapp": "228980",
            "sharedinstall": "1"
        },
        "2963881": {
            "manifests": {
                "public": {
                    "gid": "8219725841185594425",
                    "size": "2247073869",
                    "download": "1450184960"
                },
                "mod-dev": {
                    "gid": "45668207403793315",
                    "size": "3725144355",
                    "download": "1621756768"
                },
                "preview": {
                    "gid": "8219725841185594425",
                    "size": "2247073869",
                    "download": "1450184960"
                }
            },
            "decryptionkey": "c3a31b0c3db48e0ad7f0245194d068209eb66d50106821e8b64ab67d3c29a2fa"
        },
        "workshopdepot": "2963880",
        "branches": {
            "public": {
                "buildid": "18478319",
                "timeupdated": "1747380442"
            },
            "mod-dev": {
                "buildid": "17369329",
                "description": "Branch for mod dev",
                "timeupdated": "1739550350"
            },
            "preview": {
                "buildid": "18478319",
                "description": "A beta branch to access the latest features before they're pushed to the official default one.",
                "timeupdated": "1747380422"
            }
        },
        "privatebranches": "1",
        "workshopdepotdecryptionkey": "43146ea72e3548ec5c7fb79a4ced0b1cd87572542f6d6e8b14c1f7e2ec98760c"
    }
}