{
    "appid": "3233950",
    "type": "Demo",
    "name": "Star Fire Demo",
    "schinese_name": "无尽星火（Star Fire) Demo",
    "isfreeapp": "0",
    "change_number": "27730924",
    "update_time": "2025-03-01 15:45:46",
    "depot": {
        "3233951": {
            "manifests": {
                "public": {
                    "gid": "6911154279089074260",
                    "size": "5187992258",
                    "download": "1351003328"
                }
            },
            "decryptionkey": "c13d5dcf41efccb5b9d3b98111486875061ebebcf2b12dca5d24369c88efeff0"
        },
        "branches": {
            "public": {
                "buildid": "17420333",
                "timeupdated": "1739959371"
            }
        },
        "privatebranches": "1"
    }
}