{
    "appid": "3127270",
    "type": "Game",
    "name": "101 Cats Hidden in India",
    "schinese_name": "",
    "isfreeapp": "0",
    "change_number": "29016278",
    "update_time": "2025-05-16 12:00:48",
    "depot": {
        "3127271": {
            "manifests": {
                "public": {
                    "gid": "5258922851779699931",
                    "size": "633335289",
                    "download": "93005936"
                }
            },
            "decryptionkey": "bc08607921e5436a664283702442ed6cdc1ed8a0759fa561059f012e98c90951"
        },
        "branches": {
            "public": {
                "buildid": "15178822",
                "timeupdated": "1722185861"
            }
        }
    }
}