{
    "appid": "3220990",
    "type": "Demo",
    "name": "三国志潜龙在渊 Demo",
    "schinese_name": "",
    "isfreeapp": "0",
    "change_number": "27445964",
    "update_time": "2025-02-13 03:39:37",
    "depot": {
        "3220991": {
            "manifests": {
                "public": {
                    "gid": "8622030881470051310",
                    "size": "1090421629",
                    "download": "759265664"
                }
            },
            "decryptionkey": "7faaaacc9af380a1982d95a1f2136d1873b26527c8f61e98217879036081fbb3"
        },
        "branches": {
            "public": {
                "buildid": "17308129",
                "timeupdated": "1739198544"
            }
        }
    }
}