{
    "appid": "3097950",
    "type": "Game",
    "name": "Defoliation",
    "schinese_name": "",
    "isfreeapp": "0",
    "change_number": "26253459",
    "update_time": "2024-11-21 01:02:22",
    "depot": {
        "3097951": {
            "manifests": {
                "public": {
                    "gid": "4683125661356275324",
                    "size": "377547255",
                    "download": "36287504"
                }
            },
            "decryptionkey": "d4b836013762a7e7fb5c67eaf64ec9c12f0e99a0ecda75d1966707f3c1c74e88"
        },
        "branches": {
            "public": {
                "buildid": "14963672",
                "timeupdated": "1720436197"
            }
        }
    },
    "access_token": 7353646471950414384
}