{
    "appid": "3660070",
    "type": "Music",
    "name": "Disaster Blaster Soundtrack",
    "schinese_name": "",
    "isfreeapp": "0",
    "change_number": "28794191",
    "update_time": "2025-05-03 07:28:55",
    "depot": {
        "3660071": {
            "manifests": {
                "public": {
                    "gid": "8769596082820850132",
                    "size": "49081383",
                    "download": "48748608"
                }
            },
            "decryptionkey": "960909f82834e715ebcc18de1add002c34bbbebe6efbab6f8b016bcdd81cd78b"
        },
        "branches": {
            "public": {
                "buildid": "18250252",
                "timeupdated": "1745679223"
            }
        }
    }
}