{
    "appid": "3019470",
    "type": "Demo",
    "name": "Kalyskah Demo",
    "schinese_name": "",
    "isfreeapp": "0",
    "change_number": "27447981",
    "update_time": "2025-02-13 06:05:50",
    "depot": {
        "228989": {
            "config": {
                "oslist": "windows"
            },
            "depotfromapp": "228980",
            "sharedinstall": "1"
        },
        "228990": {
            "config": {
                "oslist": "windows"
            },
            "depotfromapp": "228980",
            "sharedinstall": "1"
        },
        "3019471": {
            "manifests": {
                "public": {
                    "gid": "8900115482259076841",
                    "size": "13830854142",
                    "download": "11023414576"
                }
            },
            "decryptionkey": "f311e3b20ba030f19e5f40767d4bb4192a241cab8a6edce7fa05414975758a41"
        },
        "branches": {
            "public": {
                "buildid": "17444857",
                "timeupdated": "1740082899"
            }
        }
    }
}