{
    "appid": "3259930",
    "type": "Demo",
    "name": "白噪生存指南 Demo",
    "schinese_name": "",
    "isfreeapp": "0",
    "change_number": "25819298",
    "update_time": "2024-10-21 20:02:14",
    "depot": {
        "228989": {
            "config": {
                "oslist": "windows"
            },
            "depotfromapp": "228980",
            "sharedinstall": "1"
        },
        "228990": {
            "config": {
                "oslist": "windows"
            },
            "depotfromapp": "228980",
            "sharedinstall": "1"
        },
        "3259931": {
            "manifests": {
                "public": {
                    "gid": "7751091227634277420",
                    "size": "2771295426",
                    "download": "1109650832"
                }
            },
            "decryptionkey": "f4320f224ec4f9f87a80d8f6ffb54bbe67fae0f12d944ac63f77186fd4cbf263"
        },
        "hasdepotsindlc": "1",
        "branches": {
            "public": {
                "buildid": "16093840",
                "timeupdated": "1729244922"
            }
        }
    }
}