{
    "appid": "3001480",
    "type": "Demo",
    "name": "Monster 3 Demo",
    "schinese_name": "怪物3试用版",
    "isfreeapp": "0",
    "change_number": "23970536",
    "update_time": "2024-07-16 02:47:07",
    "depot": {
        "3001481": {
            "manifests": {
                "public": {
                    "gid": "7181209603751654906",
                    "size": "1962967011",
                    "download": "858255536"
                }
            },
            "decryptionkey": "98a8d8f3a784b2a1a57d1255f6080134ec4a9ca07805d9937bf9684baafd3773"
        },
        "branches": {
            "public": {
                "buildid": "14716847",
                "timeupdated": "1718358357"
            }
        }
    }
}