{
    "appid": "3137930",
    "type": "Game",
    "name": "IMPETUM",
    "schinese_name": "",
    "isfreeapp": "0",
    "change_number": "28665333",
    "update_time": "2025-04-25 21:01:54",
    "depot": {
        "228989": {
            "config": {
                "oslist": "windows"
            },
            "depotfromapp": "228980",
            "sharedinstall": "1"
        },
        "228990": {
            "config": {
                "oslist": "windows"
            },
            "depotfromapp": "228980",
            "sharedinstall": "1"
        },
        "229007": {
            "config": {
                "oslist": "windows"
            },
            "depotfromapp": "228980",
            "sharedinstall": "1"
        },
        "229020": {
            "config": {
                "oslist": "windows"
            },
            "depotfromapp": "228980",
            "sharedinstall": "1"
        },
        "229030": {
            "config": {
                "oslist": "windows"
            },
            "depotfromapp": "228980",
            "sharedinstall": "1"
        },
        "229031": {
            "config": {
                "oslist": "windows"
            },
            "depotfromapp": "228980",
            "sharedinstall": "1"
        },
        "229032": {
            "config": {
                "oslist": "windows"
            },
            "depotfromapp": "228980",
            "sharedinstall": "1"
        },
        "229033": {
            "config": {
                "oslist": "windows"
            },
            "depotfromapp": "228980",
            "sharedinstall": "1"
        },
        "3137931": {
            "manifests": {
                "public": {
                    "gid": "9157795635697501288",
                    "size": "5102163600",
                    "download": "4852354656"
                }
            },
            "decryptionkey": "eb873bd724040bd481267f32ebe26f5b1d03e6bc811dba91898fdf01c48da20d"
        },
        "branches": {
            "public": {
                "buildid": "17183075",
                "timeupdated": "1738233914"
            }
        }
    }
}