{
    "appid": "3316910",
    "type": "Game",
    "name": "UNCURSED",
    "schinese_name": "",
    "isfreeapp": "0",
    "change_number": "28647255",
    "update_time": "2025-04-24 23:17:55",
    "depot": {
        "3316911": {
            "manifests": {
                "public": {
                    "gid": "511231637673184605",
                    "size": "8860391958",
                    "download": "4065151232"
                }
            },
            "decryptionkey": "7a9112c50dd5d1e921865096bf95f0d406e68c82db31d7cc20b80292829db541"
        },
        "branches": {
            "public": {
                "buildid": "17339084",
                "timeupdated": "1739377210"
            }
        }
    }
}