{
    "appid": "3598560",
    "type": "Game",
    "name": "Hentai Lucia",
    "schinese_name": "",
    "isfreeapp": "0",
    "change_number": "28403398",
    "update_time": "2025-04-10 16:53:24",
    "depot": {
        "3598561": {
            "manifests": {
                "public": {
                    "gid": "3065472648677294941",
                    "size": "127566338",
                    "download": "53708576"
                }
            },
            "decryptionkey": "b2f52e3031677243024bc6d7ba0f7966d4767f663b9a4542a42f10b07fa9396f"
        },
        "branches": {
            "public": {
                "buildid": "17784740",
                "timeupdated": "1742410827"
            }
        }
    }
}