{
    "appid": "3007680",
    "type": "Demo",
    "name": "Uncle Chop's Rocket Shop Demo",
    "schinese_name": "",
    "isfreeapp": "0",
    "change_number": "26375805",
    "update_time": "2024-12-05 02:54:57",
    "depot": {
        "3007681": {
            "manifests": {
                "public": {
                    "gid": "3253531523182379563",
                    "size": "837993732",
                    "download": "695265584"
                }
            },
            "decryptionkey": "08bb9f84304b47df0db2effe27ad9c691ccf67f2d7fb096b516b0cf7a2f2af2c"
        },
        "branches": {
            "public": {
                "buildid": "14728940",
                "timeupdated": "1718459810"
            }
        }
    }
}