{
    "appid": "3686330",
    "type": "Music",
    "name": "Maze Mice Soundtrack",
    "schinese_name": "",
    "isfreeapp": "0",
    "change_number": "28786470",
    "update_time": "2025-05-02 21:56:18",
    "depot": {
        "3686331": {
            "manifests": {
                "public": {
                    "gid": "7444414665674534738",
                    "size": "20903480",
                    "download": "20636672"
                }
            },
            "decryptionkey": "1382cc7af9c155d86ac7b6bd08614392813ba37921665352bab5e93c5cf32d56"
        },
        "3686332": {
            "config": {
                "highqualityaudio": "1"
            },
            "manifests": {
                "public": {
                    "gid": "2217477909022669688",
                    "size": "115559289",
                    "download": "117004176"
                }
            },
            "decryptionkey": "2c48014823d141b5b4e6125544068cc300a6683fcb33870857390bbda8a42fbc"
        },
        "branches": {
            "public": {
                "buildid": "18183486",
                "timeupdated": "1745261498"
            }
        }
    }
}