{
    "appid": "3213920",
    "type": "Beta",
    "name": "13Z Playtest",
    "schinese_name": "",
    "isfreeapp": "0",
    "change_number": "28290252",
    "update_time": "2025-04-03 22:06:21",
    "depot": {
        "3213921": {
            "manifests": {
                "public": {
                    "gid": "309121262422642370",
                    "size": "8557957787",
                    "download": "2089684512"
                }
            },
            "decryptionkey": "e40450a6224839f79860ac3b6628eec17520f5e784be1cb108626d1246670446"
        },
        "branches": {
            "public": {
                "buildid": "17920294",
                "timeupdated": "1743689176"
            }
        },
        "privatebranches": "1"
    }
}