{
    "appid": "3257660",
    "type": "Demo",
    "name": "重燃星陨Reburning meteorite Demo",
    "schinese_name": "",
    "isfreeapp": "0",
    "change_number": "25911233",
    "update_time": "2024-10-26 22:56:24",
    "depot": {
        "228989": {
            "config": {
                "oslist": "windows"
            },
            "depotfromapp": "228980",
            "sharedinstall": "1"
        },
        "228990": {
            "config": {
                "oslist": "windows"
            },
            "depotfromapp": "228980",
            "sharedinstall": "1"
        },
        "3257661": {
            "manifests": {
                "public": {
                    "gid": "8282500895623853707",
                    "size": "5939197423",
                    "download": "5407048576"
                }
            },
            "decryptionkey": "2699d22f011e8add3668c2cc52e4299888695d03564746be3fe03de271cf4f51"
        },
        "branches": {
            "public": {
                "buildid": "16191983",
                "timeupdated": "1729954581"
            }
        }
    }
}