{
    "appid": "3180580",
    "type": "Music",
    "name": "绝命游歌 Soundtrack",
    "schinese_name": "",
    "isfreeapp": "0",
    "change_number": "27783856",
    "update_time": "2025-03-05 07:34:18",
    "depot": {
        "3180581": {
            "manifests": {
                "public": {
                    "gid": "5172958660975981965",
                    "size": "14873108",
                    "download": "14502048"
                }
            },
            "decryptionkey": "aef7b9d55087084281190062fcdc214d6ec5a78be26d7dbb879846943fded7ec"
        },
        "3180582": {
            "config": {
                "highqualityaudio": "1"
            },
            "manifests": {
                "public": {
                    "gid": "8317249403493082660",
                    "size": "63714425",
                    "download": "64507376"
                }
            },
            "decryptionkey": "30b3a1fa7b8efe55ac5983713892336df3d187fa6de3e537d2e4997a9a94b949"
        },
        "branches": {
            "public": {
                "buildid": "15566627",
                "timeupdated": "1725277908"
            }
        }
    }
}