{
    "appid": "3171590",
    "type": "Game",
    "name": "破五：锦衣卫",
    "schinese_name": "",
    "isfreeapp": "0",
    "change_number": "28471237",
    "update_time": "2025-04-15 01:08:19",
    "depot": {
        "3171591": {
            "manifests": {
                "public": {
                    "gid": "3139633746211185850",
                    "size": "568400367",
                    "download": "103535744"
                }
            },
            "decryptionkey": "a7e815d9579cf19975cd77f86842d0758e9a285785ff02c41433a6966a1adfab"
        },
        "branches": {
            "public": {
                "buildid": "15381201",
                "timeupdated": "1723722613"
            }
        }
    }
}