{
    "appid": "3297710",
    "type": "Demo",
    "name": "Cattle Country Demo",
    "schinese_name": "",
    "isfreeapp": "0",
    "change_number": "27308347",
    "update_time": "2025-02-04 22:29:48",
    "depot": {
        "3297711": {
            "manifests": {
                "public": {
                    "gid": "263679208019392939",
                    "size": "369563629",
                    "download": "132573216"
                }
            },
            "decryptionkey": "0ad4409f1cf551dc817b70fc2cae83dba9b2445385268a5991886ddfc90e5e03"
        },
        "branches": {
            "public": {
                "buildid": "16219246",
                "timeupdated": "1730211409"
            }
        },
        "privatebranches": "1"
    }
}