{
    "appid": "3354780",
    "type": "Demo",
    "name": "The Scouring Demo",
    "schinese_name": "",
    "isfreeapp": "0",
    "change_number": "29048074",
    "update_time": "2025-05-18 18:53:34",
    "depot": {
        "228989": {
            "config": {
                "oslist": "windows"
            },
            "depotfromapp": "228980",
            "sharedinstall": "1"
        },
        "228990": {
            "config": {
                "oslist": "windows"
            },
            "depotfromapp": "228980",
            "sharedinstall": "1"
        },
        "3354781": {
            "manifests": {
                "public": {
                    "gid": "1254515239272341524",
                    "size": "679690794",
                    "download": "652777488"
                }
            },
            "decryptionkey": "f4a218054a7933e68b0379db3453de71d75d431d41c73e98e1cc122caba944d4"
        },
        "baselanguages": "english,schinese,russian",
        "branches": {
            "public": {
                "buildid": "18508166",
                "timeupdated": "1747565612"
            }
        },
        "privatebranches": "1"
    }
}