{
    "appid": "3294630",
    "type": "Game",
    "name": "Mini Racer Car Shop Simulator",
    "schinese_name": "",
    "isfreeapp": "0",
    "change_number": "29016490",
    "update_time": "2025-05-16 12:20:46",
    "depot": {
        "228989": {
            "config": {
                "oslist": "windows"
            },
            "depotfromapp": "228980",
            "sharedinstall": "1"
        },
        "228990": {
            "config": {
                "oslist": "windows"
            },
            "depotfromapp": "228980",
            "sharedinstall": "1"
        },
        "3294631": {
            "manifests": {
                "public": {
                    "gid": "7944812648239537263",
                    "size": "3896445816",
                    "download": "1037153584"
                }
            },
            "decryptionkey": "bae17913ba1b92736a15c90428e10ad5d2b8e262defb11dd76307547f63dbdd7"
        },
        "baselanguages": "english,german,french,italian,koreana,spanish,schinese,tchinese,russian,japanese,portuguese,polish,dutch,hungarian,turkish,brazilian,ukrainian,indonesian",
        "branches": {
            "public": {
                "buildid": "18443860",
                "timeupdated": "1747311931"
            }
        },
        "privatebranches": "1"
    }
}