{
    "appid": "3362480",
    "type": "Game",
    "name": "Sex Apartment 💫",
    "schinese_name": "",
    "isfreeapp": "0",
    "change_number": "29016664",
    "update_time": "2025-05-16 12:42:42",
    "depot": {
        "hasdepotsindlc": "1",
        "3362481": {
            "manifests": {
                "public": {
                    "gid": "5288102714809328197",
                    "size": "1264174990",
                    "download": "299681488"
                }
            },
            "decryptionkey": "048a088dec4738e3d2e1643145aef5055fc6de3718f370b526fa3ae18b79250a"
        },
        "branches": {
            "public": {
                "buildid": "17153566",
                "timeupdated": "1738039459"
            }
        }
    }
}