{
    "appid": "3019620",
    "type": "Demo",
    "name": "Abaddon Demo",
    "schinese_name": "",
    "isfreeapp": "0",
    "change_number": "25923289",
    "update_time": "2024-10-28 08:34:15",
    "depot": {
        "3019621": {
            "config": {
                "oslist": "windows"
            },
            "manifests": {
                "public": {
                    "gid": "8341239575566167843",
                    "size": "6579535483",
                    "download": "2834767808"
                }
            },
            "decryptionkey": "371976ae4f22b04b4e130ac964802a848cb6f9ff283a9df2ac69b9b9803048cc"
        },
        "branches": {
            "public": {
                "buildid": "16200447",
                "timeupdated": "1730075650"
            }
        }
    }
}