{
    "appid": "3073470",
    "type": "Game",
    "name": "那一天，我的输出7万亿（MY DIRECT DAMAG 7 TRILLION）",
    "schinese_name": "",
    "isfreeapp": "0",
    "change_number": "29016105",
    "update_time": "2025-05-16 11:42:45",
    "depot": {
        "baselanguages": "english,schinese",
        "228989": {
            "config": {
                "oslist": "windows"
            },
            "depotfromapp": "228980",
            "sharedinstall": "1"
        },
        "228990": {
            "config": {
                "oslist": "windows"
            },
            "depotfromapp": "228980",
            "sharedinstall": "1"
        },
        "3073471": {
            "manifests": {
                "public": {
                    "gid": "4696749019794968052",
                    "size": "484131220",
                    "download": "217104512"
                }
            },
            "decryptionkey": "c719f32fef339539e4051c2f79bfd6e4c527e12da904f0f2b162f47bd97bc776"
        },
        "hasdepotsindlc": "0",
        "branches": {
            "public": {
                "buildid": "15951468",
                "timeupdated": "1728295392"
            }
        },
        "privatebranches": "1"
    }
}