{
    "appid": "3332550",
    "type": "Game",
    "name": "Light in the woods",
    "schinese_name": "",
    "isfreeapp": "0",
    "change_number": "29040840",
    "update_time": "2025-05-17 22:37:54",
    "depot": {
        "228989": {
            "config": {
                "oslist": "windows"
            },
            "depotfromapp": "228980",
            "sharedinstall": "1"
        },
        "228990": {
            "config": {
                "oslist": "windows"
            },
            "depotfromapp": "228980",
            "sharedinstall": "1"
        },
        "3332551": {
            "manifests": {
                "public": {
                    "gid": "1907353269543849007",
                    "size": "2783326560",
                    "download": "2569394768"
                }
            },
            "decryptionkey": "f0919dba04b97b8783ee28c5dac42003177ef763a2d7562860a02edef714b412"
        },
        "baselanguages": "english,ukrainian",
        "branches": {
            "public": {
                "buildid": "18503194",
                "timeupdated": "1747492670"
            }
        }
    }
}