{
    "appid": "3507670",
    "type": "Demo",
    "name": "Metrogether Demo",
    "schinese_name": "",
    "isfreeapp": "0",
    "change_number": "27732098",
    "update_time": "2025-03-01 18:47:40",
    "depot": {
        "3507671": {
            "manifests": {
                "public": {
                    "gid": "4787971156913480646",
                    "size": "838670956",
                    "download": "191630384"
                }
            },
            "decryptionkey": "3ecd2ce4509782859b10e3dff5c038e567709ba11569b78a5de73584224b494e"
        },
        "baselanguages": "english,german,french,russian,turkish",
        "branches": {
            "public": {
                "buildid": "17484066",
                "timeupdated": "1740404383"
            }
        },
        "privatebranches": "1"
    }
}