{
    "appid": "3358090",
    "type": "DLC",
    "name": "WARRIORS: Abyss - DYNASTY WARRIORS Classic Costume Set",
    "schinese_name": "无双深渊 - 《真・三国无双》经典服装组合",
    "isfreeapp": "0",
    "change_number": "27473638",
    "update_time": "2025-02-14 14:08:49",
    "depot": {
        "3358090": {
            "manifests": {
                "public": {
                    "gid": "8944576031920283815",
                    "size": "130129252",
                    "download": "129593312"
                }
            },
            "dlcappid": "3358090",
            "decryptionkey": "b435576191cc296a2c028424739cb9736645d34a1ec08a28d3099401d923172b"
        },
        "branches": {
            "public": {
                "buildid": "16946318",
                "timeupdated": "1736389738"
            }
        }
    }
}