{
    "appid": "3069810",
    "type": "Game",
    "name": "Rocket Rats",
    "schinese_name": "",
    "isfreeapp": "0",
    "change_number": "29043292",
    "update_time": "2025-05-18 04:15:21",
    "depot": {
        "3069811": {
            "manifests": {
                "public": {
                    "gid": "6762082032783131282",
                    "size": "172536841",
                    "download": "128131456"
                }
            },
            "decryptionkey": "5d18432dd898d169016599b76cea321680cbafbbfcba19269e304b566ccdd754"
        },
        "branches": {
            "public": {
                "buildid": "17891692",
                "timeupdated": "1743127483"
            }
        }
    }
}