{
    "appid": "3625630",
    "type": "DLC",
    "name": "Lust Academy Final - Shadows Unleashed",
    "schinese_name": "",
    "isfreeapp": "0",
    "change_number": "29030518",
    "update_time": "2025-05-17 02:26:13",
    "depot": {
        "3625630": {
            "dlcappid": "3625630",
            "config": {
                "oslist": "windows,linux"
            },
            "manifests": {
                "public": {
                    "gid": "3085819674844927784",
                    "size": "125991677",
                    "download": "126676416"
                }
            },
            "decryptionkey": "46642d1567457ff9aa3f42b96262024fa77c6e60b7ddac850e7c7959c20d0f58"
        },
        "3625631": {
            "config": {
                "oslist": "macos"
            },
            "manifests": {
                "public": {
                    "gid": "7816640552436053029",
                    "size": "125991677",
                    "download": "126676416"
                }
            },
            "dlcappid": "3625630"
        },
        "branches": {
            "public": {
                "buildid": "18495549",
                "timeupdated": "1747419968"
            }
        }
    }
}