{
    "appid": "3308680",
    "type": "Music",
    "name": "女武神小隊：突破重圍 原聲帶",
    "schinese_name": "女武神小队：突破重围 原声带",
    "isfreeapp": "0",
    "change_number": "27429209",
    "update_time": "2025-02-12 07:49:29",
    "depot": {
        "3308681": {
            "manifests": {
                "public": {
                    "gid": "6628926390942731181",
                    "size": "47586323",
                    "download": "47524848"
                }
            },
            "decryptionkey": "6c05ee16c390a5b6a14b3f9464e748b53ce8f80258b639b94e830126344f317f"
        },
        "branches": {
            "public": {
                "buildid": "16130666",
                "timeupdated": "1729566123"
            }
        }
    }
}