{
    "appid": "3287520",
    "type": "Game",
    "name": "NINJA GAIDEN 2 Black",
    "schinese_name": "忍者龙剑传2：黑之章",
    "isfreeapp": "0",
    "change_number": "29016574",
    "update_time": "2025-05-16 12:30:45",
    "depot": {
        "228989": {
            "config": {
                "oslist": "windows"
            },
            "depotfromapp": "228980",
            "sharedinstall": "1"
        },
        "228990": {
            "config": {
                "oslist": "windows"
            },
            "depotfromapp": "228980",
            "sharedinstall": "1"
        },
        "3287521": {
            "manifests": {
                "public": {
                    "gid": "1162494661906979271",
                    "size": "86966169252",
                    "download": "81042521856"
                }
            },
            "decryptionkey": "d026ecb27a03a6ca26771e7352214eed11c1b9d1553cc0b47aaf6cb6e7f4f371"
        },
        "branches": {
            "public": {
                "buildid": "17251493",
                "timeupdated": "1739329363"
            }
        },
        "privatebranches": "1"
    }
}