{
    "appid": "2995780",
    "type": "Demo",
    "name": "Sacred Earth - Reverie Demo",
    "schinese_name": "",
    "isfreeapp": "0",
    "change_number": "27176208",
    "update_time": "2025-01-27 08:10:27",
    "depot": {
        "2995781": {
            "manifests": {
                "public": {
                    "gid": "1602295578766826059",
                    "size": "800324700",
                    "download": "566554656"
                }
            },
            "decryptionkey": "e318b3179f4a060e1405951fb2f7807fc9cf85f59b096bfe82dbf3718f22a77b"
        },
        "branches": {
            "public": {
                "buildid": "17139543",
                "timeupdated": "1737936623"
            }
        }
    }
}