{
    "appid": "3211940",
    "type": "Demo",
    "name": "刀剑竞技场 Demo",
    "schinese_name": "刀剑竞技场 Demo",
    "isfreeapp": "0",
    "change_number": "27731976",
    "update_time": "2025-03-01 18:28:02",
    "depot": {
        "baselanguages": "schinese",
        "3211941": {
            "manifests": {
                "public": {
                    "gid": "5073993085561666554",
                    "size": "399193733",
                    "download": "125627552"
                }
            },
            "decryptionkey": "c1fb4e3b7d64cd64f2acab30c00146f3a60d222c0c40bece28323727c8da8ff1"
        },
        "branches": {
            "public": {
                "buildid": "16080108",
                "timeupdated": "1729163875"
            }
        },
        "privatebranches": "1"
    }
}