{
    "appid": "3296760",
    "type": "Game",
    "name": "Cosmic Ultramarine",
    "schinese_name": "",
    "isfreeapp": "0",
    "change_number": "28154311",
    "update_time": "2025-03-27 01:16:09",
    "depot": {
        "3296761": {
            "manifests": {
                "public": {
                    "gid": "6058765313767442308",
                    "size": "663653537",
                    "download": "607561856"
                }
            },
            "decryptionkey": "331b99502f46d687b49205e97d0593a8eb047a53abb144809a1270ebe323da28"
        },
        "branches": {
            "public": {
                "buildid": "16849751",
                "timeupdated": "1735141816"
            }
        },
        "privatebranches": "1"
    }
}