{
    "appid": "2958700",
    "type": "Game",
    "name": "相亲攻略之宝贝别再选我了",
    "schinese_name": "",
    "isfreeapp": "0",
    "change_number": "28396522",
    "update_time": "2025-04-10 07:33:34",
    "depot": {
        "baselanguages": "english",
        "2958701": {
            "manifests": {
                "public": {
                    "gid": "2640749072018036566",
                    "size": "22724314308",
                    "download": "22765464096"
                }
            },
            "decryptionkey": ""
        },
        "2958702": {
            "manifests": {
                "public": {
                    "gid": "1172336295083541523",
                    "size": "22796825262",
                    "download": "22779976480"
                }
            },
            "decryptionkey": "a6bc2729161bca69bb5b97b1c6fe98593198435a61b300b798f4956f69cefb49"
        },
        "2958703": {
            "manifests": {
                "public": {
                    "gid": "3421341478097625569",
                    "size": "22760463558",
                    "download": "22794384480"
                }
            },
            "decryptionkey": "83d08e5ff7abac73ac67ea697e95ba37499bf1ef292941be4911c4311a22cb16"
        },
        "2958704": {
            "manifests": {
                "public": {
                    "gid": "1763596597832322665",
                    "size": "22760490161",
                    "download": "22794387456"
                }
            },
            "decryptionkey": "19d7fdf35374e128c8432ffc220508cf33c315abbc19ec8425d6062266e0595d"
        },
        "branches": {
            "public": {
                "buildid": "15292110",
                "timeupdated": "1723043856"
            }
        },
        "privatebranches": "1"
    }
}