{
    "appid": "3063080",
    "type": "Demo",
    "name": "Scarlet Defiance: The Wall Between Us Demo",
    "schinese_name": "",
    "isfreeapp": "0",
    "change_number": "26183469",
    "update_time": "2024-11-14 07:29:16",
    "depot": {
        "3063081": {
            "manifests": {
                "public": {
                    "gid": "57071151934768804",
                    "size": "685155780",
                    "download": "492084112"
                }
            },
            "decryptionkey": "bf3e2bb1a8db01af4f23954c6c2d82cdcea8e42c87cc9761fd6d062101de15b2"
        },
        "branches": {
            "public": {
                "buildid": "16061247",
                "timeupdated": "1729058910"
            }
        }
    }
}