{
    "appid": "2999770",
    "type": "Game",
    "name": "Flying Tobacco Eggs",
    "schinese_name": "",
    "isfreeapp": "0",
    "change_number": "28447198",
    "update_time": "2025-04-13 02:51:53",
    "depot": {
        "2999771": {
            "manifests": {
                "public": {
                    "gid": "3152176779822019232",
                    "size": "11510883",
                    "download": "6759584"
                }
            },
            "decryptionkey": "1b7727cebadb4e6a32308ff34503a8e201a53efe0927d35cc563139bcf1aea52"
        },
        "baselanguages": "english,german,french,italian,koreana,spanish,schinese,tchinese,russian,thai,japanese,portuguese,polish,danish,dutch,finnish,norwegian,swedish,hungarian,czech,romanian,turkish,arabic,brazilian,bulgarian,greek,ukrainian,latam,vietnamese,indonesian",
        "branches": {
            "public": {
                "buildid": "14499028",
                "timeupdated": "1716727863"
            }
        }
    }
}