{
    "appid": "3261840",
    "type": "Demo",
    "name": "Aaero2 Demo",
    "schinese_name": "",
    "isfreeapp": "0",
    "change_number": "26685919",
    "update_time": "2024-12-18 07:46:47",
    "depot": {
        "3261841": {
            "manifests": {
                "public": {
                    "gid": "8637931966613538412",
                    "size": "1342618077",
                    "download": "685326736"
                },
                "development": {
                    "gid": "8637931966613538412",
                    "size": "1342618077",
                    "download": "685326736"
                }
            },
            "decryptionkey": "e2fa5d860af8cd263ea2f68dd2e1a0842e6062b4327dbc82deda7e184aa37e98"
        },
        "branches": {
            "public": {
                "buildid": "16027685",
                "timeupdated": "1728841294"
            },
            "development": {
                "buildid": "16027685",
                "description": "Development branch",
                "timeupdated": "1728841932"
            }
        }
    }
}