{
    "appid": "3009830",
    "type": "Game",
    "name": "SEX, BEACH & GIRLS ⛱ 💦",
    "schinese_name": "",
    "isfreeapp": "0",
    "change_number": "29015780",
    "update_time": "2025-05-16 11:12:41",
    "depot": {
        "3009831": {
            "manifests": {
                "public": {
                    "gid": "1143679341391420553",
                    "size": "3140259984",
                    "download": "2797740672"
                }
            },
            "decryptionkey": "4770699eae7f130a5c448e2ea27808af98b4dd3fa8be37d60d8cc824cba95ba4"
        },
        "branches": {
            "public": {
                "buildid": "15380960",
                "timeupdated": "1723724348"
            }
        }
    }
}