{
    "appid": "3239030",
    "type": "Demo",
    "name": "Dungeon Flowy Demo",
    "schinese_name": "",
    "isfreeapp": "0",
    "change_number": "26127672",
    "update_time": "2024-11-10 17:00:10",
    "depot": {
        "baselanguages": "english,japanese",
        "3239031": {
            "manifests": {
                "public": {
                    "gid": "4114586159352102335",
                    "size": "140427810",
                    "download": "64274768"
                }
            },
            "decryptionkey": "85449f57661fbeef58bca1c15a628de62f3dc480053f5679a29e7ff376c04d22"
        },
        "branches": {
            "public": {
                "buildid": "15911723",
                "timeupdated": "1727933601"
            }
        }
    }
}