{
    "appid": "3073920",
    "type": "DLC",
    "name": "Tower! Simulator 3 - EGKK Airport",
    "schinese_name": "",
    "isfreeapp": "0",
    "change_number": "26075040",
    "update_time": "2024-11-07 00:51:31",
    "depot": {
        "3073920": {
            "config": {
                "oslist": "windows",
                "osarch": "64"
            },
            "manifests": {
                "public": {
                    "gid": "7805928432770704902",
                    "size": "1265256736",
                    "download": "530891680"
                }
            },
            "dlcappid": "3073920",
            "decryptionkey": "790f9c0bf3782b0b4245d90cd87075db46bdb4f5b8542c0385b526867151ed05"
        },
        "branches": {
            "public": {
                "buildid": "16316581",
                "timeupdated": "1730911889"
            }
        }
    }
}