{
    "appid": "3262590",
    "type": "Demo",
    "name": "The Cold White Demo",
    "schinese_name": "",
    "isfreeapp": "0",
    "change_number": "26375805",
    "update_time": "2024-12-05 04:50:18",
    "depot": {
        "228989": {
            "config": {
                "oslist": "windows"
            },
            "depotfromapp": "228980",
            "sharedinstall": "1"
        },
        "228990": {
            "config": {
                "oslist": "windows"
            },
            "depotfromapp": "228980",
            "sharedinstall": "1"
        },
        "3262591": {
            "manifests": {
                "public": {
                    "gid": "4534952319783311355",
                    "size": "9455760820",
                    "download": "9177748704"
                }
            },
            "decryptionkey": "c3a297c4b210e5700e698006a545b1de31e7b9b631e8d9b44a5d5eb81fa7b698"
        },
        "branches": {
            "public": {
                "buildid": "16209679",
                "timeupdated": "1730139012"
            }
        }
    }
}