{
    "appid": "3241800",
    "type": "Demo",
    "name": "Hordes of Hunger Demo",
    "schinese_name": "",
    "isfreeapp": "0",
    "change_number": "29044763",
    "update_time": "2025-05-18 08:14:01",
    "depot": {
        "228989": {
            "config": {
                "oslist": "windows"
            },
            "depotfromapp": "228980",
            "sharedinstall": "1"
        },
        "228990": {
            "config": {
                "oslist": "windows"
            },
            "depotfromapp": "228980",
            "sharedinstall": "1"
        },
        "3241801": {
            "manifests": {
                "public": {
                    "gid": "3409693391929576385",
                    "size": "5681334034",
                    "download": "4877765024"
                }
            },
            "decryptionkey": "f67f16d23f6c92722bab2d57ba42b5d503f83219daeecc7d682e834d03196847"
        },
        "branches": {
            "public": {
                "buildid": "17225046",
                "timeupdated": "1738849685"
            }
        },
        "privatebranches": "1"
    }
}