{
    "appid": "3213090",
    "type": "Game",
    "name": "SEX Route 69",
    "schinese_name": "",
    "isfreeapp": "0",
    "change_number": "29016468",
    "update_time": "2025-05-16 12:19:13",
    "depot": {
        "3213091": {
            "config": {
                "oslist": "windows"
            },
            "manifests": {
                "public": {
                    "gid": "2913526138960692787",
                    "size": "3086672193",
                    "download": "2842527792"
                }
            },
            "decryptionkey": "fae45df9ac7fff8c49a55e92892492c24e1a7837e77d03e77b87e729d5625b6b"
        },
        "3213092": {
            "config": {
                "oslist": "macos"
            },
            "manifests": {
                "public": {
                    "gid": "2032061364322318110",
                    "size": "3116170247",
                    "download": "2852617248"
                }
            },
            "decryptionkey": ""
        },
        "branches": {
            "public": {
                "buildid": "16009686",
                "timeupdated": "1728662349"
            }
        }
    }
}