{
    "appid": "2989120",
    "type": "Demo",
    "name": "Verve Demo",
    "schinese_name": "",
    "isfreeapp": "0",
    "change_number": "26231300",
    "update_time": "2024-11-17 13:50:05",
    "depot": {
        "baselanguages": "english",
        "2989121": {
            "config": {
                "oslist": "windows",
                "language": "english"
            },
            "manifests": {
                "public": {
                    "gid": "6652646801455368898",
                    "size": "1409524383",
                    "download": "472202848"
                }
            },
            "decryptionkey": "9fafa92f19aabda9eddd05c37f2b2488f9ff36f2f42bc26f5080c295582b623d"
        },
        "branches": {
            "public": {
                "buildid": "16434499",
                "timeupdated": "1731822603"
            }
        }
    }
}