{
    "appid": "3241480",
    "type": "Game",
    "name": "Don't Look Back",
    "schinese_name": "",
    "isfreeapp": "1",
    "change_number": "28384614",
    "update_time": "2025-04-09 19:11:07",
    "depot": {
        "228989": {
            "config": {
                "oslist": "windows"
            },
            "depotfromapp": "228980",
            "sharedinstall": "1"
        },
        "228990": {
            "config": {
                "oslist": "windows"
            },
            "depotfromapp": "228980",
            "sharedinstall": "1"
        },
        "3241486": {
            "config": {
                "language": "english",
                "oslist": "windows"
            },
            "manifests": {
                "public": {
                    "gid": "6773322408999349540",
                    "size": "2549006642",
                    "download": "1615163488"
                }
            },
            "decryptionkey": "83faf272024769bfc00146e59a29fd0359be10a77b05fad5bb76e50ea67e3b98"
        },
        "branches": {
            "public": {
                "buildid": "16437981",
                "timeupdated": "1731879367"
            }
        }
    }
}