{
    "appid": "3262480",
    "type": "Game",
    "name": "JUMP! The Floor Is...",
    "schinese_name": "",
    "isfreeapp": "0",
    "change_number": "28459730",
    "update_time": "2025-04-14 12:01:11",
    "depot": {
        "228989": {
            "config": {
                "oslist": "windows"
            },
            "depotfromapp": "228980",
            "sharedinstall": "1"
        },
        "228990": {
            "config": {
                "oslist": "windows"
            },
            "depotfromapp": "228980",
            "sharedinstall": "1"
        },
        "229007": {
            "config": {
                "oslist": "windows"
            },
            "depotfromapp": "228980",
            "sharedinstall": "1"
        },
        "3262481": {
            "manifests": {
                "public": {
                    "gid": "8639550912045009330",
                    "size": "5817694250",
                    "download": "5453827728"
                },
                "previous": {
                    "gid": "568886345582933605",
                    "size": "5798320007",
                    "download": "5434255216"
                }
            },
            "decryptionkey": "84b9ac366fa5c4660c75d1a97033a3e09ee84c044e1a2f94b9b1b0231eef0ad1"
        },
        "hasdepotsindlc": "0",
        "branches": {
            "public": {
                "buildid": "17144448",
                "timeupdated": "1738018828"
            },
            "previous": {
                "buildid": "17070287",
                "description": "Build",
                "timeupdated": "1738024128"
            }
        },
        "privatebranches": "1"
    }
}