{
    "appid": "3324030",
    "type": "Game",
    "name": "爱坤新手教程",
    "schinese_name": "",
    "isfreeapp": "0",
    "change_number": "28711453",
    "update_time": "2025-04-29 01:27:51",
    "depot": {
        "3324031": {
            "manifests": {
                "public": {
                    "gid": "1617400397266023496",
                    "size": "734157158",
                    "download": "534152416"
                }
            },
            "decryptionkey": "23e042635f8f7c814201e1557f6f0982b5ac7b6a582746595d3b69e498741b81"
        },
        "branches": {
            "public": {
                "buildid": "16937532",
                "timeupdated": "1736326455"
            }
        }
    }
}