{
    "appid": "3112260",
    "type": "Game",
    "name": "Virtua Fighter 5 R.E.V.O.",
    "schinese_name": "",
    "isfreeapp": "0",
    "change_number": "29016213",
    "update_time": "2025-05-16 11:54:50",
    "depot": {
        "baselanguages": "english,german,french,italian,koreana,spanish,schinese,tchinese,japanese",
        "228988": {
            "config": {
                "oslist": "windows"
            },
            "depotfromapp": "228980",
            "sharedinstall": "1"
        },
        "228990": {
            "config": {
                "oslist": "windows"
            },
            "depotfromapp": "228980",
            "sharedinstall": "1"
        },
        "3112261": {
            "manifests": {
                "public": {
                    "gid": "5900330422057409862",
                    "size": "22943172836",
                    "download": "13031602832"
                }
            },
            "decryptionkey": "e6f1715a5b59614a89b1dd93f5b2f9c4078e5365b885651d49acfbfc4df8ad89"
        },
        "3353790": {
            "dlcappid": "3353790"
        },
        "hasdepotsindlc": "1",
        "branches": {
            "public": {
                "buildid": "17831107",
                "timeupdated": "1743040830"
            }
        },
        "privatebranches": "1"
    }
}