{
    "appid": "3032050",
    "type": "DLC",
    "name": "Erogoddess: Olympus - Digital Artbook",
    "schinese_name": "",
    "isfreeapp": "0",
    "change_number": "24410630",
    "update_time": "2024-07-18 17:53:47",
    "depot": {
        "3032050": {
            "manifests": {
                "public": {
                    "gid": "224066664801753837",
                    "size": "4446440",
                    "download": "4494000"
                }
            },
            "dlcappid": "3032050",
            "decryptionkey": "65242595a8971c61d3e2d42010a54434675a7bba9b0a2c6dca37e3511e3e45be"
        },
        "branches": {
            "public": {
                "buildid": "14570625",
                "timeupdated": "1717396450"
            }
        }
    }
}