{
    "appid": "3456130",
    "type": "DLC",
    "name": "Weirdo Original Manga",
    "schinese_name": "",
    "isfreeapp": "0",
    "change_number": "27478861",
    "update_time": "2025-02-14 20:15:50",
    "depot": {
        "3456130": {
            "config": {
                "osarch": "64"
            },
            "dlcappid": "3456130",
            "manifests": {
                "public": {
                    "gid": "7986531904334579837",
                    "size": "29809361",
                    "download": "26083168"
                }
            },
            "decryptionkey": "9f3cedf16a25cc4b5be38da3b8c94f55870677c5a669bf970732bce3ee0c24da"
        },
        "branches": {
            "public": {
                "buildid": "17048184",
                "timeupdated": "1737176173"
            }
        }
    }
}