{
    "appid": "3181550",
    "type": "DLC",
    "name": "Beat Saber - Britney Spears - Oops!...I Did It Again",
    "schinese_name": "",
    "isfreeapp": "0",
    "change_number": "25588324",
    "update_time": "2024-10-08 22:48:20",
    "depot": {
        "3181550": {
            "manifests": {
                "public": {
                    "gid": "6493058972727309232",
                    "size": "13156066",
                    "download": "13336064"
                }
            },
            "dlcappid": "3181550",
            "decryptionkey": "98ed73dab564d08b403966384ec63ffc32b7af0bcfcebe3a1d1e2fc7ae15531b"
        },
        "branches": {
            "public": {
                "buildid": "15688873",
                "timeupdated": "1726484180"
            }
        }
    }
}