{
    "appid": "3585340",
    "type": "Game",
    "name": "Flail Your Arm, Hit the Ball",
    "schinese_name": "挥动手臂, 击打棒球",
    "isfreeapp": "0",
    "change_number": "29004128",
    "update_time": "2025-05-15 22:10:28",
    "depot": {
        "3585341": {
            "manifests": {
                "public": {
                    "gid": "1403381126251389500",
                    "size": "1683511253",
                    "download": "641783056"
                }
            },
            "decryptionkey": "a23fc43aba2d1ec67c0243db532345afe5ab6c973f26b406af7fb11f0e5613d7"
        },
        "branches": {
            "public": {
                "buildid": "18186280",
                "timeupdated": "1745288903"
            }
        },
        "privatebranches": "1"
    }
}