{
    "appid": "3217920",
    "type": "DLC",
    "name": "ERO TRAP DUNGEON ROGUELIKE - Costume DLC",
    "schinese_name": "",
    "isfreeapp": "0",
    "change_number": "25218964",
    "update_time": "2024-09-14 07:09:36",
    "depot": {
        "3217921": {
            "manifests": {
                "public": {
                    "gid": "1866835405419822107",
                    "size": "74406680",
                    "download": "74086128"
                }
            },
            "dlcappid": "3217920",
            "decryptionkey": "502d9960bb57c1bd5e7063473cb803fd952591c589b1bad771ee862e59a7d7c2"
        },
        "3217922": {
            "config": {
                "language": "japanese"
            },
            "manifests": {
                "public": {
                    "gid": "3344018257999401554",
                    "size": "73807205",
                    "download": "73478192"
                }
            },
            "dlcappid": "3217920",
            "decryptionkey": "a5b6696d400855b972c6459d7e85284f32f3e075eeb06715cfba093898bc4732"
        },
        "branches": {
            "public": {
                "buildid": "15623533",
                "timeupdated": "1725682497"
            }
        }
    }
}