{
    "appid": "3235080",
    "type": "Demo",
    "name": "Horse Farm Simulator Demo",
    "schinese_name": "",
    "isfreeapp": "0",
    "change_number": "27438880",
    "update_time": "2025-02-12 20:22:17",
    "depot": {
        "3235081": {
            "manifests": {
                "public": {
                    "gid": "5348524389178588624",
                    "size": "2464124232",
                    "download": "926046192"
                }
            },
            "decryptionkey": "dca478f56fe28125a60d2d495ca927901108fb15f8b2728ddc36f0bbbf20f8f2"
        },
        "branches": {
            "public": {
                "buildid": "16509572",
                "timeupdated": "1732352815"
            }
        }
    }
}