{
    "appid": "3485570",
    "type": "Game",
    "name": "Abu Fanous - ابو فانوس",
    "schinese_name": "",
    "isfreeapp": "0",
    "change_number": "28626128",
    "update_time": "2025-04-24 00:31:01",
    "depot": {
        "baselanguages": "english,arabic",
        "hasdepotsindlc": "1",
        "228989": {
            "config": {
                "oslist": "windows"
            },
            "depotfromapp": "228980",
            "sharedinstall": "1"
        },
        "228990": {
            "config": {
                "oslist": "windows"
            },
            "depotfromapp": "228980",
            "sharedinstall": "1"
        },
        "3485571": {
            "config": {
                "oslist": "windows",
                "osarch": "64"
            },
            "manifests": {
                "public": {
                    "gid": "1587043002648008874",
                    "size": "9414716103",
                    "download": "8709912784"
                }
            },
            "decryptionkey": "53a75ed04b2a0b0dde626906fc7d94a0ce8b7b0110eb6c9cc736c412f773fafc"
        },
        "branches": {
            "public": {
                "buildid": "18210474",
                "timeupdated": "1745425856"
            }
        }
    }
}