{
    "appid": "3029150",
    "type": "Demo",
    "name": "Rift of the NecroDancer Demo",
    "schinese_name": "",
    "isfreeapp": "0",
    "change_number": "27395583",
    "update_time": "2025-02-10 15:27:01",
    "depot": {
        "3029151": {
            "manifests": {
                "public": {
                    "gid": "5183494315203211586",
                    "size": "721142896",
                    "download": "546586272"
                }
            },
            "decryptionkey": "62f1ff31425c8d54acf72bd13bd80f8c5bd405ec2e1c176b249d1058edd7ec75"
        },
        "baselanguages": "english,german,french,italian,koreana,spanish,schinese,tchinese,russian,japanese,brazilian,latam",
        "branches": {
            "public": {
                "buildid": "17177443",
                "timeupdated": "1738776692"
            }
        },
        "privatebranches": "1"
    }
}