{
    "appid": "2959610",
    "type": "Game",
    "name": "Cabin Crew Life Simulator",
    "schinese_name": "",
    "isfreeapp": "0",
    "change_number": "29015497",
    "update_time": "2025-05-16 10:48:44",
    "depot": {
        "2959611": {
            "config": {
                "oslist": "windows",
                "osarch": "64"
            },
            "manifests": {
                "public": {
                    "gid": "1827877711344407292",
                    "size": "2513342243",
                    "download": "1671956528"
                }
            },
            "decryptionkey": "a8a8ab2bb84a026b16b49e2cd4b28c2a6c2b59fa7840ad3e88fc04cc5f6e9c0f"
        },
        "2959612": {
            "config": {
                "oslist": "macos",
                "osarch": "64"
            },
            "manifests": {
                "public": {
                    "gid": "106743907202575350",
                    "size": "2582249779",
                    "download": "1705626608"
                }
            }
        },
        "branches": {
            "public": {
                "buildid": "18084299",
                "timeupdated": "1744472241"
            }
        },
        "privatebranches": "1"
    }
}