{
    "appid": "3107840",
    "type": "Game",
    "name": "ABAB",
    "schinese_name": "",
    "isfreeapp": "0",
    "change_number": "24685906",
    "update_time": "2024-08-07 21:32:03",
    "depot": {
        "3107841": {
            "config": {
                "oslist": "windows",
                "osarch": "64"
            },
            "manifests": {
                "public": {
                    "gid": "6375979073342326153",
                    "size": "78557271",
                    "download": "22637904"
                }
            },
            "decryptionkey": "cbc600d013f3ea6711d5ab539c74a0f670cb52cc15c08e544690d7c6c43b4642"
        },
        "branches": {
            "public": {
                "buildid": "15027838",
                "timeupdated": "1720950765"
            }
        }
    }
}