{
    "appid": "2993420",
    "type": "DLC",
    "name": "Stray Cats in Cozy Town: Night Lights",
    "schinese_name": "",
    "isfreeapp": "0",
    "change_number": "28343377",
    "update_time": "2025-04-07 18:10:09",
    "depot": {
        "2993420": {
            "manifests": {
                "public": {
                    "gid": "52821408464192196",
                    "size": "101216208",
                    "download": "98671568"
                }
            },
            "dlcappid": "2993420",
            "decryptionkey": "b18e7ad669951547b272d8e2fe5f7df5c04188fe8b88d4ac3ec671bdfbc825fa"
        },
        "branches": {
            "public": {
                "buildid": "16952575",
                "timeupdated": "1736432829"
            }
        }
    }
}