{
    "appid": "2976900",
    "type": "Game",
    "name": "Unpossess",
    "schinese_name": "",
    "isfreeapp": "0",
    "change_number": "29041581",
    "update_time": "2025-05-18 00:13:06",
    "depot": {
        "228989": {
            "config": {
                "oslist": "windows"
            },
            "depotfromapp": "228980",
            "sharedinstall": "1"
        },
        "228990": {
            "config": {
                "oslist": "windows"
            },
            "depotfromapp": "228980",
            "sharedinstall": "1"
        },
        "2976901": {
            "manifests": {
                "public": {
                    "gid": "3056218164316440975",
                    "size": "9714057739",
                    "download": "9443214160"
                }
            },
            "decryptionkey": "526cd450b93dce7088cb0b8ed4e7407d41a254d7d6f66f40c99e4e94e0ed78f3"
        },
        "branches": {
            "public": {
                "buildid": "18501808",
                "timeupdated": "1747476505"
            }
        }
    }
}