{
    "appid": "3236390",
    "type": "Demo",
    "name": "PAGER Demo",
    "schinese_name": "",
    "isfreeapp": "0",
    "change_number": "25449346",
    "update_time": "2024-09-30 05:04:21",
    "depot": {
        "3236391": {
            "config": {
                "oslist": "windows",
                "osarch": "64"
            },
            "manifests": {
                "public": {
                    "gid": "9118000251693568203",
                    "size": "7311016",
                    "download": "2759344"
                }
            },
            "decryptionkey": "70beb8efa3038dc8380ba441560ef5d9c7eeb95eb853929cb19c25f2dc7242aa"
        },
        "3236392": {
            "config": {
                "oslist": "linux",
                "osarch": "64"
            },
            "manifests": {
                "public": {
                    "gid": "6510857478623848689",
                    "size": "423511251",
                    "download": "121010464"
                }
            },
            "decryptionkey": ""
        },
        "branches": {
            "public": {
                "buildid": "15868621",
                "timeupdated": "1727641468"
            }
        }
    }
}