{
    "appid": "3301760",
    "type": "Demo",
    "name": "VISK Prologue",
    "schinese_name": "",
    "isfreeapp": "0",
    "change_number": "27256033",
    "update_time": "2025-01-31 23:33:38",
    "depot": {
        "baselanguages": "english",
        "3301761": {
            "manifests": {
                "public": {
                    "gid": "5121895190114949344",
                    "size": "1934420202",
                    "download": "856758928"
                }
            },
            "decryptionkey": "61bf4645484864164ccaa6f1f03c535ce05221b079291522ae8d53b1ed009aa6"
        },
        "branches": {
            "public": {
                "buildid": "16392062",
                "timeupdated": "1731503587"
            }
        },
        "privatebranches": "1"
    }
}