{
    "appid": "2999190",
    "type": "Demo",
    "name": "Project Tower Demo",
    "schinese_name": "",
    "isfreeapp": "0",
    "change_number": "26899676",
    "update_time": "2025-01-08 07:31:23",
    "depot": {
        "228989": {
            "config": {
                "oslist": "windows"
            },
            "depotfromapp": "228980",
            "sharedinstall": "1"
        },
        "228990": {
            "config": {
                "oslist": "windows"
            },
            "depotfromapp": "228980",
            "sharedinstall": "1"
        },
        "2999191": {
            "config": {
                "oslist": "windows"
            },
            "manifests": {
                "public": {
                    "gid": "8241203078303392682",
                    "size": "6035124562",
                    "download": "5824050448"
                }
            },
            "decryptionkey": "682a9bcb9a05fe39516f69e938b7fb0788367a0e00eb671933fb66bc69df969c"
        },
        "branches": {
            "public": {
                "buildid": "14599565",
                "timeupdated": "1717512236"
            }
        }
    }
}