{
    "appid": "2967880",
    "type": "Demo",
    "name": "Deeper Than Hell Demo",
    "schinese_name": "",
    "isfreeapp": "0",
    "change_number": "24683331",
    "update_time": "2024-08-07 18:17:47",
    "depot": {
        "2967881": {
            "manifests": {
                "public": {
                    "gid": "8710215690992657425",
                    "size": "224097804",
                    "download": "59991408"
                }
            },
            "decryptionkey": "ca0faaaecc079f4113d0717f224bf8f7d6600e2acc16cc43cee58dc2c935d77f"
        },
        "branches": {
            "public": {
                "buildid": "14601294",
                "timeupdated": "1717519738"
            }
        }
    }
}