{
    "appid": "3280170",
    "type": "Demo",
    "name": "Forsaken Facilities Demo",
    "schinese_name": "",
    "isfreeapp": "0",
    "change_number": "25828241",
    "update_time": "2024-10-22 06:09:37",
    "depot": {
        "3280171": {
            "manifests": {
                "public": {
                    "gid": "3707379921228418277",
                    "size": "582781966",
                    "download": "279508480"
                }
            },
            "decryptionkey": "77db591899179991333cbb9ed2dd724cbdcf8c2cd5e962f4477789f96936b254"
        },
        "branches": {
            "public": {
                "buildid": "16059240",
                "timeupdated": "1729042343"
            }
        }
    }
}