{
    "appid": "3580210",
    "type": "Game",
    "name": "Strangers Lurk",
    "schinese_name": "",
    "isfreeapp": "0",
    "change_number": "28757864",
    "update_time": "2025-05-01 04:38:04",
    "depot": {
        "228989": {
            "config": {
                "oslist": "windows"
            },
            "depotfromapp": "228980",
            "sharedinstall": "1"
        },
        "228990": {
            "config": {
                "oslist": "windows"
            },
            "depotfromapp": "228980",
            "sharedinstall": "1"
        },
        "3580211": {
            "manifests": {
                "public": {
                    "gid": "5141790955578148055",
                    "size": "3131690485",
                    "download": "2867296912"
                }
            },
            "decryptionkey": "0802a9874201162224f3c861c23ad7e2725698179fea158e3a066a41f9b28995"
        },
        "branches": {
            "public": {
                "buildid": "18301436",
                "timeupdated": "1746045478"
            }
        }
    }
}