{
    "appid": "2981020",
    "type": "Demo",
    "name": "Ultimate Monkey Race Demo",
    "schinese_name": "",
    "isfreeapp": "0",
    "change_number": "24773461",
    "update_time": "2024-08-14 06:37:47",
    "depot": {
        "228989": {
            "config": {
                "oslist": "windows"
            },
            "depotfromapp": "228980",
            "sharedinstall": "1"
        },
        "228990": {
            "config": {
                "oslist": "windows"
            },
            "depotfromapp": "228980",
            "sharedinstall": "1"
        },
        "2981021": {
            "manifests": {
                "public": {
                    "gid": "6471555956205658108",
                    "size": "2683323045",
                    "download": "2425528032"
                }
            },
            "decryptionkey": "53b433e58b19e03fbaea6a6497fb550dda23e2b7d980f0f467abf30291b3a8db"
        },
        "branches": {
            "public": {
                "buildid": "14611458",
                "timeupdated": "1717586657"
            }
        }
    }
}