{
    "appid": "3476800",
    "type": "Game",
    "name": "Anturi",
    "schinese_name": "",
    "isfreeapp": "1",
    "change_number": "28849286",
    "update_time": "2025-05-07 04:32:19",
    "depot": {
        "baselanguages": "english",
        "hasdepotsindlc": "0",
        "228989": {
            "config": {
                "oslist": "windows"
            },
            "depotfromapp": "228980",
            "sharedinstall": "1"
        },
        "228990": {
            "config": {
                "oslist": "windows"
            },
            "depotfromapp": "228980",
            "sharedinstall": "1"
        },
        "3476801": {
            "config": {
                "oslist": "windows",
                "osarch": "64"
            },
            "manifests": {
                "public": {
                    "gid": "6233944992286623343",
                    "size": "1315009656",
                    "download": "1001625952"
                },
                "version3": {
                    "gid": "6673105153283106696",
                    "size": "813554051",
                    "download": "655876624"
                }
            },
            "decryptionkey": "c6693ecfd7a8c0e9f2d552aca94109b0797bf644c61df9cc34e3f7a3f9c30e3c"
        },
        "branches": {
            "public": {
                "buildid": "17354314",
                "timeupdated": "1739462648"
            },
            "version3": {
                "buildid": "17056162",
                "description": "versuch 3",
                "timeupdated": "1737297484"
            }
        }
    }
}