{
    "appid": "3184850",
    "type": "Demo",
    "name": "Back to the Rooms Demo",
    "schinese_name": "",
    "isfreeapp": "0",
    "change_number": "25883625",
    "update_time": "2024-10-25 03:50:08",
    "depot": {
        "3184851": {
            "manifests": {
                "public": {
                    "gid": "6694322734370169281",
                    "size": "3320386157",
                    "download": "1225995280"
                }
            },
            "decryptionkey": "e1e7f2c373dc317f1cdff650c08df3aa49c2bddf3c62eaaf28c5298ab53de6bb"
        },
        "branches": {
            "public": {
                "buildid": "15691904",
                "timeupdated": "1726236850"
            }
        }
    }
}