{
    "appid": "2993490",
    "type": "Demo",
    "name": "Reflect Demo",
    "schinese_name": "反射 Demo",
    "isfreeapp": "0",
    "change_number": "24251915",
    "update_time": "2024-07-16 02:47:07",
    "depot": {
        "2993491": {
            "config": {
                "oslist": "windows"
            },
            "manifests": {
                "public": {
                    "gid": "6444943257999710035",
                    "size": "72259944",
                    "download": "20518976"
                }
            },
            "decryptionkey": "1fcf5ec2c1ba2b97f1ba4aa5de4613723a0b8d2fa6dfdf499ebb52ab414a8374"
        },
        "branches": {
            "public": {
                "buildid": "14707597",
                "timeupdated": "1718293423"
            }
        }
    }
}