{
    "appid": "3170230",
    "type": "Demo",
    "name": "Call of Elyndra Demo",
    "schinese_name": "",
    "isfreeapp": "0",
    "change_number": "26634406",
    "update_time": "2024-12-14 02:03:47",
    "depot": {
        "3170231": {
            "config": {
                "oslist": "windows"
            },
            "manifests": {
                "public": {
                    "gid": "2498197013829532598",
                    "size": "1369304629",
                    "download": "1004854496"
                }
            },
            "decryptionkey": "957336a2762a1408e1cf530407e908937afb713f6f2e10804608408f998a6e02"
        },
        "3170232": {
            "config": {
                "oslist": "macos"
            },
            "manifests": {
                "public": {
                    "gid": "7949253024964236304",
                    "size": "1484673765",
                    "download": "1039015072"
                }
            },
            "decryptionkey": ""
        },
        "baselanguages": "english",
        "branches": {
            "public": {
                "buildid": "16734552",
                "timeupdated": "1734089748"
            }
        }
    }
}