{
    "appid": "3127810",
    "type": "Game",
    "name": "Domain owner",
    "schinese_name": "",
    "isfreeapp": "0",
    "change_number": "26253459",
    "update_time": "2024-11-21 01:02:25",
    "depot": {
        "3127811": {
            "manifests": {
                "public": {
                    "gid": "8429100712684212417",
                    "size": "52058942",
                    "download": "18885120"
                }
            },
            "decryptionkey": "df5c735331771c60cd8bf97f60d27f4074a3688c752fa282ed52bbed41c4d477"
        },
        "branches": {
            "public": {
                "buildid": "15132326",
                "timeupdated": "1721790266"
            }
        }
    },
    "access_token": 9118837512998664902
}