{
    "appid": "3019960",
    "type": "Demo",
    "name": "There's something wrong with... Demo",
    "schinese_name": "",
    "isfreeapp": "0",
    "change_number": "25806786",
    "update_time": "2024-10-20 17:47:38",
    "depot": {
        "3019961": {
            "manifests": {
                "public": {
                    "gid": "5108952801673060265",
                    "size": "847089312",
                    "download": "424656512"
                }
            },
            "decryptionkey": "2148e1b1032e28d50dd720474031990643aa8ca91b4eb7582e2a0325e111b27a"
        },
        "branches": {
            "public": {
                "buildid": "14640765",
                "timeupdated": "1717770478"
            }
        }
    }
}