{
    "appid": "3401000",
    "type": "Game",
    "name": "Car Mechanic Shop Simulator",
    "schinese_name": "",
    "isfreeapp": "0",
    "change_number": "28940761",
    "update_time": "2025-05-12 22:35:24",
    "depot": {
        "3401001": {
            "manifests": {
                "public": {
                    "gid": "3431651457997593276",
                    "size": "1035248193",
                    "download": "263214608"
                }
            },
            "decryptionkey": "e0805c6da423b023a4aaee83809cef9ebdc1eca5a36d64e0733c52862c667161"
        },
        "branches": {
            "public": {
                "buildid": "17502377",
                "timeupdated": "1740500315"
            }
        },
        "privatebranches": "1"
    }
}