{
    "appid": "3376080",
    "type": "Game",
    "name": "The Leviathan's fantasy",
    "schinese_name": "我的幻想乡",
    "isfreeapp": "0",
    "change_number": "29036435",
    "update_time": "2025-05-17 12:00:15",
    "depot": {
        "hasdepotsindlc": "1",
        "228988": {
            "config": {
                "oslist": "windows"
            },
            "depotfromapp": "228980",
            "sharedinstall": "1"
        },
        "228989": {
            "config": {
                "oslist": "windows"
            },
            "depotfromapp": "228980",
            "sharedinstall": "1"
        },
        "228990": {
            "config": {
                "oslist": "windows"
            },
            "depotfromapp": "228980",
            "sharedinstall": "1"
        },
        "229005": {
            "config": {
                "oslist": "windows"
            },
            "depotfromapp": "228980",
            "sharedinstall": "1"
        },
        "229006": {
            "config": {
                "oslist": "windows"
            },
            "depotfromapp": "228980",
            "sharedinstall": "1"
        },
        "229007": {
            "config": {
                "oslist": "windows"
            },
            "depotfromapp": "228980",
            "sharedinstall": "1"
        },
        "3376081": {
            "manifests": {
                "public": {
                    "gid": "571526682883580909",
                    "size": "16565843141",
                    "download": "15333699120"
                },
                "beta": {
                    "gid": "571526682883580909",
                    "size": "16565843141",
                    "download": "15333699120"
                }
            },
            "decryptionkey": "3fe0ea7d856c0431a2fd1ce4605b7d8f379c45fa41d47f17c4a8a3ceac051d67"
        },
        "3376082": {
            "manifests": {}
        },
        "branches": {
            "public": {
                "buildid": "17695213",
                "timeupdated": "1741795467"
            },
            "beta": {
                "buildid": "17695213",
                "description": "用于测试",
                "timeupdated": "1741794623"
            }
        },
        "privatebranches": "1"
    }
}