{
    "appid": "3080380",
    "type": "Game",
    "name": "Violent Horror Stories: anthology",
    "schinese_name": "",
    "isfreeapp": "0",
    "change_number": "29016105",
    "update_time": "2025-05-16 11:42:49",
    "depot": {
        "3080381": {
            "manifests": {
                "public": {
                    "gid": "9037725428657453879",
                    "size": "778028142",
                    "download": "432817488"
                }
            },
            "decryptionkey": "7b591808c3376391b711d0b7971dfc471d50d8f7722dcfbcea529a1167675094"
        },
        "baselanguages": "english,russian",
        "branches": {
            "public": {
                "buildid": "16226752",
                "timeupdated": "1730232319"
            }
        }
    }
}