{
    "appid": "3253990",
    "type": "Game",
    "name": "THE WALLWAY",
    "schinese_name": "",
    "isfreeapp": "0",
    "change_number": "29045107",
    "update_time": "2025-05-18 09:14:11",
    "depot": {
        "228989": {
            "config": {
                "oslist": "windows"
            },
            "depotfromapp": "228980",
            "sharedinstall": "1"
        },
        "228990": {
            "config": {
                "oslist": "windows"
            },
            "depotfromapp": "228980",
            "sharedinstall": "1"
        },
        "3253991": {
            "manifests": {
                "public": {
                    "gid": "8152378948742970302",
                    "size": "1671870572",
                    "download": "1409244112"
                }
            },
            "decryptionkey": "43974538cc51a20b9fbe9a9dda6c06485e5814a390f8e8b26a696234397fe322"
        },
        "branches": {
            "public": {
                "buildid": "18395371",
                "timeupdated": "1746744313"
            }
        },
        "privatebranches": "1"
    }
}