{
    "appid": "3020440",
    "type": "Music",
    "name": "NETHER HEROES Soundtrack",
    "schinese_name": "",
    "isfreeapp": "0",
    "change_number": "23930090",
    "update_time": "2024-07-15 23:24:10",
    "depot": {
        "3020441": {
            "manifests": {
                "public": {
                    "gid": "2887590912244703419",
                    "size": "63432597",
                    "download": "62276976"
                }
            },
            "decryptionkey": "3689314ee3f05a1d51325a68d831bdefb0845cd6840b306790391f78d65aac48"
        },
        "branches": {
            "public": {
                "buildid": "14502996",
                "timeupdated": "1716781952"
            }
        }
    }
}