{
    "appid": "3495810",
    "type": "Game",
    "name": "Wet Passion",
    "schinese_name": "湿润的激情",
    "isfreeapp": "0",
    "change_number": "29042053",
    "update_time": "2025-05-18 01:13:26",
    "depot": {
        "3495811": {
            "manifests": {
                "public": {
                    "gid": "7011234228688127321",
                    "size": "500921746",
                    "download": "187395296"
                }
            },
            "decryptionkey": "777dd5c9a1943c458c606c71f54597277d616d6b3403778f4826407ef5639669"
        },
        "branches": {
            "public": {
                "buildid": "17452919",
                "timeupdated": "1740132312"
            }
        }
    }
}