{
    "appid": "3427140",
    "type": "Game",
    "name": "Aquilon Lust: From Chains to Trust",
    "schinese_name": "",
    "isfreeapp": "0",
    "change_number": "28871658",
    "update_time": "2025-05-08 07:30:22",
    "depot": {
        "hasdepotsindlc": "1",
        "3427141": {
            "manifests": {
                "public": {
                    "gid": "1919516440368383987",
                    "size": "659584267",
                    "download": "184775824"
                }
            },
            "decryptionkey": "08ac3f01aecb09eb5d0d50ca76895bcdc13381e17bc12cceddf487f67f0f41c2"
        },
        "branches": {
            "public": {
                "buildid": "17349581",
                "timeupdated": "1739440062"
            }
        }
    }
}