{
    "appid": "3434500",
    "type": "Demo",
    "name": "Dead Don't Die Demo",
    "schinese_name": "",
    "isfreeapp": "0",
    "change_number": "27175557",
    "update_time": "2025-01-27 06:26:55",
    "depot": {
        "3434501": {
            "manifests": {
                "public": {
                    "gid": "7676942200451982231",
                    "size": "1192687577",
                    "download": "472156736"
                }
            },
            "decryptionkey": "5aadf35a927f716106ef73871e8a125125faf66e913c8a08b3fe8475166c81e9"
        },
        "branches": {
            "public": {
                "buildid": "17139009",
                "timeupdated": "1737930394"
            }
        }
    }
}