{
    "appid": "2963430",
    "type": "Demo",
    "name": "Tunnel Escape Demo",
    "schinese_name": "",
    "isfreeapp": "0",
    "change_number": "24909283",
    "update_time": "2024-08-23 16:07:16",
    "depot": {
        "2963431": {
            "manifests": {
                "public": {
                    "gid": "2584303743045249696",
                    "size": "1009654423",
                    "download": "694954448"
                }
            },
            "decryptionkey": "44a633d7e0780d7429461b0c64ed10ebc5079021656ab6622472cd561fdee4b8"
        },
        "2963432": {
            "config": {
                "language": "japanese",
                "oslist": "windows"
            },
            "manifests": {
                "public": {
                    "gid": "8255526112224726252",
                    "size": "1009687449",
                    "download": "695111792"
                }
            },
            "decryptionkey": ""
        },
        "2963433": {
            "config": {
                "language": "schinese",
                "oslist": "windows"
            },
            "manifests": {
                "public": {
                    "gid": "6609036724120560486",
                    "size": "1027259693",
                    "download": "704399888"
                }
            },
            "decryptionkey": "875e41bba062068920bc795ae2842b1da1fa96dd3798d32c27377566c21894d8"
        },
        "branches": {
            "public": {
                "buildid": "14407727",
                "timeupdated": "1715976033"
            }
        }
    }
}