{
    "appid": "3119470",
    "type": "Game",
    "name": "マカブルの残党: Remnants of the Macabre",
    "schinese_name": "",
    "isfreeapp": "0",
    "change_number": "27104426",
    "update_time": "2025-01-22 10:28:54",
    "depot": {
        "3119471": {
            "manifests": {
                "public": {
                    "gid": "8223829142162816047",
                    "size": "3532483351",
                    "download": "1160081104"
                }
            },
            "decryptionkey": "48d2d7017ff63064c1dd77d4348d960668a460714f7542a0ef7a8efcdbd732ae"
        },
        "baselanguages": "english,schinese,japanese",
        "branches": {
            "public": {
                "buildid": "15351665",
                "timeupdated": "1723534444"
            }
        }
    }
}