{
    "appid": "3001960",
    "type": "Music",
    "name": "Summer Clover -Soundtrack-",
    "schinese_name": "夏色四叶草 -Soundtrack-",
    "isfreeapp": "0",
    "change_number": "27759414",
    "update_time": "2025-03-04 02:17:03",
    "depot": {
        "3001961": {
            "manifests": {
                "public": {
                    "gid": "7759293676467534474",
                    "size": "109410954",
                    "download": "109106112"
                }
            },
            "decryptionkey": "e794a246ff35fb6b99dc0dce3025925d15e817a8acaa44394b9ee959ccf83e5e"
        },
        "3001962": {
            "config": {
                "highqualityaudio": "1"
            },
            "manifests": {
                "public": {
                    "gid": "4745183313805818970",
                    "size": "900297130",
                    "download": "803123744"
                }
            },
            "decryptionkey": "caa95e4c765a12ffc0ca126f4dd95e3a93d7c2d31cad2e0d0c1baebd7ba3e5a4"
        },
        "branches": {
            "public": {
                "buildid": "14453670",
                "timeupdated": "1716374472"
            }
        }
    }
}