{
    "appid": "3055520",
    "type": "Demo",
    "name": "デスクトップわんわんお～ Demo",
    "schinese_name": "",
    "isfreeapp": "0",
    "change_number": "24390118",
    "update_time": "2024-07-17 06:27:47",
    "depot": {
        "3055521": {
            "manifests": {
                "public": {
                    "gid": "6351065310490158931",
                    "size": "153031324",
                    "download": "40240672"
                }
            },
            "decryptionkey": "bd78919b8a6bf6d2c06a1c2ec4b2202f770400cc96374ae5a055bf1fd7dbfe8d"
        },
        "branches": {
            "public": {
                "buildid": "14724214",
                "timeupdated": "1718403099"
            }
        }
    }
}