{
    "appid": "3372270",
    "type": "Music",
    "name": "THE FAR EDGE OF FATE:FINAL FANTASY XIV Original Soundtrack",
    "schinese_name": "",
    "isfreeapp": "0",
    "change_number": "28736706",
    "update_time": "2025-04-30 06:19:28",
    "depot": {
        "3372271": {
            "manifests": {
                "public": {
                    "gid": "1235280584580413088",
                    "size": "516141862",
                    "download": "474259296"
                }
            },
            "decryptionkey": "fe42766b6819fb450db2a2b579f62d1d1bbd1fe3c759951d4b9c15c191c7b95e"
        },
        "branches": {
            "public": {
                "buildid": "16676119",
                "timeupdated": "1733715515"
            }
        }
    }
}