{
    "appid": "3015670",
    "type": "Demo",
    "name": "Fields of Mistria Demo",
    "schinese_name": "",
    "isfreeapp": "0",
    "change_number": "26183469",
    "update_time": "2024-11-14 07:26:01",
    "depot": {
        "228989": {
            "config": {
                "oslist": "windows"
            },
            "depotfromapp": "228980",
            "sharedinstall": "1"
        },
        "228990": {
            "config": {
                "oslist": "windows"
            },
            "depotfromapp": "228980",
            "sharedinstall": "1"
        },
        "3015671": {
            "manifests": {
                "public": {
                    "gid": "8646762356098638081",
                    "size": "667087641",
                    "download": "323223968"
                }
            },
            "decryptionkey": "141dafdc3319df50bfe9750ca458ad593c7e2e58be9996437137b6214c47d149"
        },
        "branches": {
            "public": {
                "buildid": "14631597",
                "timeupdated": "1717773170"
            }
        },
        "privatebranches": "1"
    }
}