{
    "appid": "3146520",
    "type": "Game",
    "name": "WEBFISHING",
    "schinese_name": "",
    "isfreeapp": "0",
    "change_number": "29016345",
    "update_time": "2025-05-16 12:06:45",
    "depot": {
        "3146521": {
            "manifests": {
                "public": {
                    "gid": "8335871907830818439",
                    "size": "204546344",
                    "download": "102158384"
                }
            },
            "decryptionkey": "fbcacb22ed8487248d655f943d8583e6250bc26ae968561e209ef2474ecd7834"
        },
        "baselanguages": "english",
        "branches": {
            "public": {
                "buildid": "16887780",
                "timeupdated": "1735766177"
            }
        },
        "privatebranches": "1"
    }
}