{
    "appid": "3196970",
    "type": "Game",
    "name": "Hazard",
    "schinese_name": "",
    "isfreeapp": "0",
    "change_number": "26253459",
    "update_time": "2024-11-21 01:02:35",
    "depot": {
        "3196971": {
            "manifests": {
                "public": {
                    "gid": "4210161109194107371",
                    "size": "87979402",
                    "download": "13338976"
                }
            },
            "decryptionkey": "27191398c2b6173d07d18938e75279f46d1f0656734ba23648bf7a2b855219b6"
        },
        "branches": {
            "public": {
                "buildid": "15602650",
                "timeupdated": "1725536721"
            }
        }
    },
    "access_token": 14826629390262194379
}