{
    "appid": "3222310",
    "type": "Demo",
    "name": "Warside Demo",
    "schinese_name": "",
    "isfreeapp": "0",
    "change_number": "26725596",
    "update_time": "2024-12-20 10:10:32",
    "depot": {
        "3222311": {
            "manifests": {
                "public": {
                    "gid": "4407258622921268276",
                    "size": "128771424",
                    "download": "75150032"
                }
            },
            "decryptionkey": "d3cdb83191974bed2ae559d3157be6a62ff5307c5c3249d6df93b3af404f6ca4"
        },
        "3222312": {
            "config": {
                "oslist": "windows"
            },
            "manifests": {
                "public": {
                    "gid": "5344839402277350314",
                    "size": "41266508",
                    "download": "12867776"
                }
            },
            "decryptionkey": "ba197d4ad5002f6cf3373f4f97de37ef8004100bc576211d69caef4f17ebb59c"
        },
        "3222313": {
            "config": {
                "oslist": "linux"
            },
            "manifests": {
                "public": {
                    "gid": "118112903589730505",
                    "size": "179602560",
                    "download": "91361808"
                }
            },
            "decryptionkey": ""
        },
        "branches": {
            "public": {
                "buildid": "16808685",
                "timeupdated": "1734660628"
            }
        }
    }
}