{
    "appid": "3369360",
    "type": "Game",
    "name": "MY LITTLE MILF",
    "schinese_name": "",
    "isfreeapp": "0",
    "change_number": "29001796",
    "update_time": "2025-05-15 20:14:43",
    "depot": {
        "3369361": {
            "manifests": {
                "public": {
                    "gid": "6243847863766286706",
                    "size": "323935782",
                    "download": "162905184"
                }
            },
            "decryptionkey": "421826905c217b8ce6ba05bde89c4728993c198ce4b1ec8f4b10b81d596d9758"
        },
        "branches": {
            "public": {
                "buildid": "16620323",
                "timeupdated": "1733260146"
            }
        }
    }
}