{
    "appid": "2975620",
    "type": "DLC",
    "name": "MILF's Plaza - Bonus Content",
    "schinese_name": "",
    "isfreeapp": "0",
    "change_number": "28965311",
    "update_time": "2025-05-14 01:15:10",
    "depot": {
        "2975620": {
            "config": {
                "oslist": "windows,linux"
            },
            "manifests": {
                "public": {
                    "gid": "4153078243675908724",
                    "size": "127885611",
                    "download": "123423504"
                }
            },
            "dlcappid": "2975620",
            "decryptionkey": "25eaae474555219c50666945f1ab5be6859a71892f78fa62770634e28b3bc8c2"
        },
        "2975621": {
            "config": {
                "oslist": "macos"
            },
            "manifests": {
                "public": {
                    "gid": "4518657139967449197",
                    "size": "2073995559",
                    "download": "1803243168"
                }
            },
            "dlcappid": "2975620",
            "decryptionkey": ""
        },
        "branches": {
            "public": {
                "buildid": "18448350",
                "timeupdated": "1747156505"
            }
        }
    }
}