{
    "appid": "3216120",
    "type": "DLC",
    "name": "CUSTOM ORDER MAID 3D2&2.5+ X1 Dark+",
    "schinese_name": "",
    "isfreeapp": "0",
    "change_number": "26025994",
    "update_time": "2024-11-03 20:14:47",
    "depot": {
        "3216121": {
            "config": {
                "oslist": "windows",
                "osarch": "64"
            },
            "manifests": {
                "public": {
                    "gid": "5898724126879344865",
                    "size": "2412911248",
                    "download": "1177753488"
                }
            },
            "dlcappid": "3216120",
            "decryptionkey": "9f92210cfbd0e9d3a44b4b3409c733cebca0d0cd86d49f22d650add617bf9aa7"
        },
        "branches": {
            "public": {
                "buildid": "15598347",
                "timeupdated": "1725508957"
            }
        }
    }
}