{
    "appid": "3162540",
    "type": "Demo",
    "name": "ポリリリリズム Demo",
    "schinese_name": "交错错错错拍子",
    "isfreeapp": "0",
    "change_number": "25840815",
    "update_time": "2024-10-22 23:00:29",
    "depot": {
        "3162541": {
            "config": {
                "oslist": "windows"
            },
            "manifests": {
                "public": {
                    "gid": "7174408460217136357",
                    "size": "240645081",
                    "download": "60962800"
                }
            },
            "decryptionkey": "06f488a1af71f6abbb4d342f3ee0781d49f35b050326cbf0c575181b7ab79869"
        },
        "branches": {
            "public": {
                "buildid": "16137821",
                "timeupdated": "1729609226"
            }
        }
    }
}