{
    "appid": "3122390",
    "type": "Demo",
    "name": "致命终局 Deadly Endgame Demo",
    "schinese_name": "",
    "isfreeapp": "0",
    "change_number": "26375805",
    "update_time": "2024-12-04 23:25:48",
    "depot": {
        "3122391": {
            "manifests": {
                "public": {
                    "gid": "3445505843340624617",
                    "size": "1182575371",
                    "download": "896008624"
                }
            },
            "decryptionkey": "abc264fdf0c95e7be2501218392b6e6da03b1c919dfb714f346df637cd1e7045"
        },
        "baselanguages": "schinese",
        "branches": {
            "public": {
                "buildid": "15963340",
                "timeupdated": "1728370371"
            }
        }
    }
}