{
    "appid": "2954940",
    "type": "Game",
    "name": "暗影之心",
    "schinese_name": "暗影之心",
    "isfreeapp": "0",
    "change_number": "24104310",
    "update_time": "2024-06-25 13:39:48",
    "depot": {
        "228989": {
            "config": {
                "oslist": "windows"
            },
            "depotfromapp": "228980",
            "sharedinstall": "1"
        },
        "baselanguages": "english,schinese",
        "2954941": {
            "config": {
                "oslist": "windows",
                "osarch": "64"
            },
            "manifests": {
                "public": {
                    "gid": "3793895558243154268",
                    "size": "158909664",
                    "download": "53182944"
                }
            },
            "decryptionkey": "2a024adcdad70b310e27ea3856d8f1fe66a4fc78ba9e9fde4c30433b1fe3e7b1"
        },
        "branches": {
            "public": {
                "buildid": "14827373",
                "timeupdated": "1719293985"
            }
        }
    }
}