{
    "appid": "3021100",
    "type": "Game",
    "name": "Five Hearts Under One Roof",
    "schinese_name": " 阿西, 美女室友竟然...？",
    "isfreeapp": "0",
    "change_number": "29043307",
    "update_time": "2025-05-18 04:16:08",
    "depot": {
        "baselanguages": "english,french,koreana,schinese,tchinese,russian,thai,japanese,portuguese,indonesian",
        "3021101": {
            "config": {
                "oslist": "windows"
            },
            "manifests": {
                "public": {
                    "gid": "2784147648951140968",
                    "size": "33718714943",
                    "download": "26858345792"
                }
            },
            "decryptionkey": "7e7c0976f19ebf717f8bdf5b661b1bec4163b9972058f6b40f37f41ea75a5ad5"
        },
        "3021102": {
            "config": {
                "oslist": "macos"
            },
            "manifests": {
                "public": {
                    "gid": "7827774043635703013",
                    "size": "33736630654",
                    "download": "26864338320"
                }
            },
            "decryptionkey": "b823062bd11419706eb109653048db1167267957791dbd3cd9de278b1df22fd4"
        },
        "3021103": {
            "config": {
                "oslist": "linux"
            },
            "manifests": {
                "public": {
                    "gid": "1454603167080144696",
                    "size": "37040043262",
                    "download": "36049464880"
                }
            },
            "decryptionkey": "c2efb6191fffcccf257712a9903c4ec9c3b6dbd1785540d1a747756791f3eb29"
        },
        "branches": {
            "public": {
                "buildid": "18123688",
                "timeupdated": "1745199264"
            }
        },
        "privatebranches": "1"
    }
}