{
    "appid": "3100810",
    "type": "Game",
    "name": "虚幻大圣",
    "schinese_name": "虚幻大圣之悟空腾挪",
    "isfreeapp": "0",
    "change_number": "26754463",
    "update_time": "2024-12-22 23:51:17",
    "depot": {
        "228989": {
            "config": {
                "oslist": "windows"
            },
            "depotfromapp": "228980",
            "sharedinstall": "1"
        },
        "228990": {
            "config": {
                "oslist": "windows"
            },
            "depotfromapp": "228980",
            "sharedinstall": "1"
        },
        "3100811": {
            "manifests": {
                "public": {
                    "gid": "1658632813123293021",
                    "size": "19245832540",
                    "download": "18888996336"
                }
            },
            "decryptionkey": "9e941cebe27bd2b42e06cdef7f3e1bcfb94e237ac8101f95027578962edf6928"
        },
        "baselanguages": "english,schinese",
        "branches": {
            "public": {
                "buildid": "16829390",
                "timeupdated": "1734882673"
            }
        }
    }
}