{
    "appid": "3018630",
    "type": "Game",
    "name": "Nightmare Pursuit",
    "schinese_name": "",
    "isfreeapp": "0",
    "change_number": "28853537",
    "update_time": "2025-05-07 11:09:23",
    "depot": {
        "228989": {
            "config": {
                "oslist": "windows"
            },
            "depotfromapp": "228980",
            "sharedinstall": "1"
        },
        "228990": {
            "config": {
                "oslist": "windows"
            },
            "depotfromapp": "228980",
            "sharedinstall": "1"
        },
        "3018631": {
            "config": {
                "language": "english",
                "oslist": "windows",
                "osarch": "64"
            },
            "manifests": {
                "public": {
                    "gid": "3872443176873354049",
                    "size": "8493016056",
                    "download": "3149112496"
                }
            },
            "decryptionkey": "df31ffc46f815d350fbf6560b8ad3ef2a321acdee85c22c2b6867fd1e5db5b65"
        },
        "branches": {
            "public": {
                "buildid": "16224475",
                "timeupdated": "1730221034"
            }
        },
        "privatebranches": "1"
    }
}