{
    "appid": "3300510",
    "type": "Game",
    "name": "Bricks Over Blocks",
    "schinese_name": "",
    "isfreeapp": "0",
    "change_number": "29045403",
    "update_time": "2025-05-18 10:13:36",
    "depot": {
        "228989": {
            "config": {
                "oslist": "windows"
            },
            "depotfromapp": "228980",
            "sharedinstall": "1"
        },
        "228990": {
            "config": {
                "oslist": "windows"
            },
            "depotfromapp": "228980",
            "sharedinstall": "1"
        },
        "3300511": {
            "manifests": {
                "public": {
                    "gid": "719303627643666500",
                    "size": "782607842",
                    "download": "459232496"
                }
            },
            "decryptionkey": "b0e8e78d7388f99a979db9ea33cedd6e6edef348b2dc16c21094515609eea877"
        },
        "branches": {
            "public": {
                "buildid": "18365088",
                "timeupdated": "1746565433"
            }
        }
    }
}