{
    "appid": "2980670",
    "type": "Game",
    "name": "3D Blocks",
    "schinese_name": "俄罗斯方体",
    "isfreeapp": "0",
    "change_number": "28946835",
    "update_time": "2025-05-13 04:02:44",
    "depot": {
        "2980671": {
            "config": {
                "oslist": "windows"
            },
            "manifests": {
                "public": {
                    "gid": "5298569896722696031",
                    "size": "121449083",
                    "download": "51391632"
                }
            },
            "decryptionkey": "7a1cc8fe30882c51f64467d3b7ed25b98b311e92e4dde0c89170754230fa81d5"
        },
        "baselanguages": "english,schinese,tchinese,japanese",
        "branches": {
            "public": {
                "buildid": "14350111",
                "timeupdated": "1715608784"
            }
        },
        "privatebranches": "1"
    }
}