{
    "appid": "3080890",
    "type": "Game",
    "name": "山眸",
    "schinese_name": "山眸",
    "isfreeapp": "0",
    "change_number": "27941276",
    "update_time": "2025-03-14 03:24:12",
    "depot": {
        "228989": {
            "config": {
                "oslist": "windows"
            },
            "depotfromapp": "228980",
            "sharedinstall": "1"
        },
        "228990": {
            "config": {
                "oslist": "windows"
            },
            "depotfromapp": "228980",
            "sharedinstall": "1"
        },
        "3080891": {
            "manifests": {
                "public": {
                    "gid": "181882773582954983",
                    "size": "4464793705",
                    "download": "3672338368"
                }
            },
            "decryptionkey": "c3bd01cb6108547a9219802d6a2fed85fe7a390c0b82b79b1e7f29f2e12a1560"
        },
        "baselanguages": "schinese",
        "branches": {
            "public": {
                "buildid": "15819658",
                "timeupdated": "1727253373"
            }
        }
    }
}