{
    "appid": "3451010",
    "type": "Demo",
    "name": "The Backwars Demo",
    "schinese_name": "",
    "isfreeapp": "0",
    "change_number": "27542016",
    "update_time": "2025-02-19 04:41:08",
    "depot": {
        "228989": {
            "config": {
                "oslist": "windows"
            },
            "depotfromapp": "228980",
            "sharedinstall": "1"
        },
        "228990": {
            "config": {
                "oslist": "windows"
            },
            "depotfromapp": "228980",
            "sharedinstall": "1"
        },
        "3451011": {
            "config": {
                "language": "english",
                "oslist": "windows"
            },
            "manifests": {
                "public": {
                    "gid": "1597112959045620016",
                    "size": "2830500967",
                    "download": "2566927344"
                }
            },
            "decryptionkey": "71f37332a7baf49cd438c86f3b69c03f432cc08f2137edf2c7f77092bdce320b"
        },
        "branches": {
            "public": {
                "buildid": "17474697",
                "timeupdated": "1740330570"
            }
        },
        "privatebranches": "1"
    }
}