{
    "appid": "3122210",
    "type": "Demo",
    "name": "Canvas of Kings Demo",
    "schinese_name": "",
    "isfreeapp": "0",
    "change_number": "26507464",
    "update_time": "2024-12-05 20:55:13",
    "depot": {
        "3122211": {
            "config": {
                "oslist": "windows",
                "osarch": "64"
            },
            "manifests": {
                "public": {
                    "gid": "419587684731882736",
                    "size": "2144074344",
                    "download": "135483216"
                }
            },
            "decryptionkey": "c926c00e865830102b69538543868d1657d5fa9df4dbf50bb704770a68c238e5"
        },
        "3122212": {
            "config": {
                "oslist": "linux",
                "osarch": "64"
            },
            "manifests": {
                "public": {
                    "gid": "6704171002572681193",
                    "size": "1935090432",
                    "download": "106064944"
                }
            },
            "decryptionkey": ""
        },
        "3122213": {
            "config": {
                "oslist": "macos",
                "osarch": "64"
            },
            "manifests": {
                "public": {
                    "gid": "7977849008915838043",
                    "size": "1955470241",
                    "download": "77087040"
                }
            },
            "decryptionkey": ""
        },
        "branches": {
            "public": {
                "buildid": "16643264",
                "timeupdated": "1733403302"
            }
        }
    }
}