{
    "appid": "3044560",
    "type": "Game",
    "name": "Lust 'n Dead 🔞",
    "schinese_name": "",
    "isfreeapp": "0",
    "change_number": "29015909",
    "update_time": "2025-05-16 11:24:43",
    "depot": {
        "3044561": {
            "manifests": {
                "public": {
                    "gid": "5663163172511745109",
                    "size": "5597455431",
                    "download": "5422063456"
                }
            },
            "decryptionkey": "0948476b361b20cfcb6b91d7cec6b21147490946439851d7efd90e8245a9408f"
        },
        "branches": {
            "public": {
                "buildid": "15733459",
                "timeupdated": "1726602670"
            }
        }
    }
}