{
    "appid": "3042760",
    "type": "Demo",
    "name": "Shoot to Shoot Demo",
    "schinese_name": " 射球球篮演示",
    "isfreeapp": "0",
    "change_number": "24390118",
    "update_time": "2024-07-17 06:28:30",
    "depot": {
        "228989": {
            "config": {
                "oslist": "windows"
            },
            "depotfromapp": "228980",
            "sharedinstall": "1"
        },
        "228990": {
            "config": {
                "oslist": "windows"
            },
            "depotfromapp": "228980",
            "sharedinstall": "1"
        },
        "3042761": {
            "config": {
                "oslist": "windows",
                "osarch": "64"
            },
            "manifests": {
                "public": {
                    "gid": "3671847132665976495",
                    "size": "2707040481",
                    "download": "2528772512"
                }
            },
            "decryptionkey": "281ebd47b0bec3cc676420729d8b2344e101cba5e42d32c75e69fb82b1b7c2f8"
        },
        "3042762": {
            "config": {
                "oslist": "windows",
                "osarch": "64"
            }
        },
        "branches": {
            "public": {
                "buildid": "14740794",
                "timeupdated": "1718620593"
            }
        }
    }
}