{
    "appid": "3163060",
    "type": "Demo",
    "name": "绯红编年史 ~ Chronicle of Scarlet ~ 试玩版",
    "schinese_name": "",
    "isfreeapp": "0",
    "change_number": "27386706",
    "update_time": "2025-02-09 19:29:26",
    "depot": {
        "3163061": {
            "manifests": {
                "public": {
                    "gid": "1183798122032280652",
                    "size": "675524801",
                    "download": "601655472"
                }
            },
            "decryptionkey": "f55e5b1245f45230a881e698cdd83780cc2f0bb0ab7bf1fcd288a1b3feafa11e"
        },
        "baselanguages": "schinese",
        "branches": {
            "public": {
                "buildid": "16024120",
                "timeupdated": "1728789022"
            }
        }
    }
}