{
    "appid": "3310040",
    "type": "Demo",
    "name": "Scarlet Lake Demo",
    "schinese_name": "",
    "isfreeapp": "0",
    "change_number": "26643464",
    "update_time": "2024-12-14 23:11:56",
    "depot": {
        "3310041": {
            "manifests": {
                "public": {
                    "gid": "1966049563693364433",
                    "size": "1011583523",
                    "download": "330391712"
                }
            },
            "decryptionkey": "7cceca005e10602c267d03c7b0bdb7821d99643fbe785e7616af88b34b6d4556"
        },
        "branches": {
            "public": {
                "buildid": "16746175",
                "timeupdated": "1734189111"
            }
        }
    }
}