{
    "appid": "3529000",
    "type": "Music",
    "name": "Phantom Brave: The Lost Hero - Soundtrack",
    "schinese_name": "",
    "isfreeapp": "0",
    "change_number": "28950402",
    "update_time": "2025-05-13 08:36:26",
    "depot": {
        "3529001": {
            "manifests": {
                "public": {
                    "gid": "5317399264489754494",
                    "size": "54612437",
                    "download": "48294688"
                }
            },
            "decryptionkey": "868121e351eb66dc0267d51384ea462c34002bf206afb3bd22762192b65490cc"
        },
        "3529002": {
            "config": {
                "highqualityaudio": "1"
            },
            "manifests": {
                "public": {
                    "gid": "8349174435290352328",
                    "size": "225896721",
                    "download": "211217568"
                }
            },
            "decryptionkey": "3189247d95428b45463aa85801d7bab96b4a9a1ddc979d5fb2a3b22e68d7d357"
        },
        "branches": {
            "public": {
                "buildid": "17800180",
                "timeupdated": "1742504407"
            }
        }
    }
}