{
    "appid": "3207190",
    "type": "Game",
    "name": "Smash simulator",
    "schinese_name": "",
    "isfreeapp": "0",
    "change_number": "26024226",
    "update_time": "2024-11-03 12:16:50",
    "depot": {
        "3207191": {
            "manifests": {
                "public": {
                    "gid": "8640268743898083242",
                    "size": "3087527444",
                    "download": "1218049712"
                }
            },
            "decryptionkey": "8b481b3e94017e5133f7c44dbed18e78220203e14954ecc693d326e57d50390f"
        },
        "branches": {
            "public": {
                "buildid": "15943333",
                "timeupdated": "1728189740"
            }
        }
    }
}