{
    "appid": "3294530",
    "type": "Music",
    "name": "Sea Power Soundtrack",
    "schinese_name": "",
    "isfreeapp": "0",
    "change_number": "28019573",
    "update_time": "2025-03-19 03:49:37",
    "depot": {
        "3294531": {
            "manifests": {
                "public": {
                    "gid": "6993193805289436741",
                    "size": "712867921",
                    "download": "667487520"
                }
            },
            "decryptionkey": "ebe54af2a513f15ab91528d1b680a1597d6a8ca7828f5e31b9e44abe04f3c5e0"
        },
        "branches": {
            "public": {
                "buildid": "16351727",
                "timeupdated": "1731147407"
            }
        }
    }
}