{
    "appid": "3007740",
    "type": "Demo",
    "name": "Scarecropia Demo",
    "schinese_name": "稻草启世录 Demo",
    "isfreeapp": "0",
    "change_number": "27089803",
    "update_time": "2025-01-21 16:45:03",
    "depot": {
        "baselanguages": "english,schinese",
        "3007741": {
            "manifests": {
                "public": {
                    "gid": "4914673146137396511",
                    "size": "469322103",
                    "download": "241205216"
                }
            },
            "decryptionkey": "58513cb992dab32bcd16e84e2a580f53ea76d472b81fa33957ecb742a4813a6d"
        },
        "branches": {
            "public": {
                "buildid": "17074987",
                "timeupdated": "1737449099"
            }
        },
        "privatebranches": "1"
    }
}