{
    "appid": "3481440",
    "type": "Tool",
    "name": "Puck Dedicated Server",
    "schinese_name": "",
    "isfreeapp": "0",
    "change_number": "28871730",
    "update_time": "2025-05-08 07:36:08",
    "depot": {
        "3481441": {
            "config": {
                "oslist": "linux"
            },
            "manifests": {
                "public": {
                    "gid": "5125155701818663904",
                    "size": "194189591",
                    "download": "61545744"
                },
                "pre-release": {
                    "gid": "5125155701818663904",
                    "size": "194189591",
                    "download": "61545744"
                }
            },
            "decryptionkey": "f99343d8063a037a269fcb7e5b6cde034ceea70f83e3452ece1fec5e6505b1bb"
        },
        "3481442": {
            "config": {
                "oslist": "windows"
            },
            "manifests": {
                "public": {
                    "gid": "296931049774201788",
                    "size": "153693381",
                    "download": "59785312"
                },
                "pre-release": {
                    "gid": "296931049774201788",
                    "size": "153693381",
                    "download": "59785312"
                }
            },
            "decryptionkey": "4421071bdfc2e6636c15ba97f4043f91140946d166e92edd10b7a4f64e2bbde5"
        },
        "branches": {
            "public": {
                "buildid": "18169336",
                "timeupdated": "1745099244"
            },
            "pre-release": {
                "buildid": "18169336",
                "description": "Pre-release branch",
                "timeupdated": "1745096545"
            }
        }
    }
}