{
    "appid": "3193520",
    "type": "Game",
    "name": "Fraudster",
    "schinese_name": "织谎者",
    "isfreeapp": "0",
    "change_number": "27133065",
    "update_time": "2025-01-23 23:28:10",
    "depot": {
        "228989": {
            "config": {
                "oslist": "windows"
            },
            "depotfromapp": "228980",
            "sharedinstall": "1"
        },
        "229006": {
            "config": {
                "oslist": "windows"
            },
            "depotfromapp": "228980",
            "sharedinstall": "1"
        },
        "3193521": {
            "manifests": {
                "public": {
                    "gid": "4244776777028665839",
                    "size": "327774023",
                    "download": "139292320"
                }
            },
            "decryptionkey": "56f0a8cb9ccff4ec14bec2741655de640f9246bd463d10a03276e4d5e0be5612"
        },
        "baselanguages": "english,schinese",
        "branches": {
            "public": {
                "buildid": "15897995",
                "timeupdated": "1727849290"
            }
        }
    }
}