{
    "appid": "3626060",
    "type": "DLC",
    "name": "Lust Academy Final - Beyond the Veil",
    "schinese_name": "",
    "isfreeapp": "0",
    "change_number": "28907061",
    "update_time": "2025-05-10 01:45:30",
    "depot": {
        "3626060": {
            "dlcappid": "3626060",
            "config": {
                "oslist": "windows,linux"
            },
            "manifests": {
                "public": {
                    "gid": "3544467676422424612",
                    "size": "1672176324",
                    "download": "1645674848"
                }
            },
            "decryptionkey": "234075db63c4153b7ae55622e9867591c85dae14d341f2fb5e50d6011d469727"
        },
        "3626061": {
            "config": {
                "oslist": "macos"
            },
            "manifests": {
                "public": {
                    "gid": "3096747772132771235",
                    "size": "1672176324",
                    "download": "1645674848"
                }
            },
            "dlcappid": "3626060"
        },
        "branches": {
            "public": {
                "buildid": "18376965",
                "timeupdated": "1746635486"
            }
        }
    }
}