{
    "appid": "3539440",
    "type": "Game",
    "name": "Metal Garden",
    "schinese_name": "",
    "isfreeapp": "0",
    "change_number": "28913339",
    "update_time": "2025-05-10 11:02:30",
    "depot": {
        "228989": {
            "config": {
                "oslist": "windows"
            },
            "depotfromapp": "228980",
            "sharedinstall": "1"
        },
        "228990": {
            "config": {
                "oslist": "windows"
            },
            "depotfromapp": "228980",
            "sharedinstall": "1"
        },
        "3539441": {
            "config": {
                "language": "english",
                "oslist": "windows",
                "osarch": "64"
            },
            "manifests": {
                "public": {
                    "gid": "7546037423490993977",
                    "size": "1154873619",
                    "download": "918358064"
                }
            },
            "decryptionkey": "44318a0fda95b82dadc858f0e0715e846e942852570d017260df14708f0d5104"
        },
        "branches": {
            "public": {
                "buildid": "18347560",
                "timeupdated": "1746456989"
            }
        }
    }
}