{
    "appid": "2963010",
    "type": "DLC",
    "name": "BoneTown: The Second Coming Edition - Kinks Straight",
    "schinese_name": "",
    "isfreeapp": "0",
    "change_number": "25060973",
    "update_time": "2024-09-04 00:50:45",
    "depot": {
        "2963010": {
            "manifests": {
                "public": {
                    "gid": "5976598343578898743",
                    "size": "387517",
                    "download": "98960"
                }
            },
            "dlcappid": "2963010",
            "decryptionkey": "a38fcf70df142b89f1aa1b56aa588599a3f04714e9e45c0d3e69a72b70e79ba4"
        },
        "branches": {
            "public": {
                "buildid": "15580327",
                "timeupdated": "1725382238"
            }
        }
    }
}