{
    "appid": "3033790",
    "type": "Demo",
    "name": "Subterror Demo",
    "schinese_name": "",
    "isfreeapp": "0",
    "change_number": "26183469",
    "update_time": "2024-11-14 07:27:13",
    "depot": {
        "228988": {
            "config": {
                "oslist": "windows"
            },
            "depotfromapp": "228980",
            "sharedinstall": "1"
        },
        "3033791": {
            "manifests": {
                "public": {
                    "gid": "4843396050564785017",
                    "size": "487873735",
                    "download": "171362224"
                }
            },
            "decryptionkey": "d8bec6fe265015272e01a7d2f9ad15b578b1ce26b58fa1fb1e871a66f7fad68b"
        },
        "branches": {
            "public": {
                "buildid": "16200129",
                "timeupdated": "1730071627"
            }
        },
        "privatebranches": "1"
    }
}