{
    "appid": "3319640",
    "type": "Demo",
    "name": "SWORD ART ONLINE Fractured Daydream DEMO",
    "schinese_name": "刀剑神域 碎梦边境 体验版",
    "isfreeapp": "0",
    "change_number": "28979318",
    "update_time": "2025-05-14 22:46:37",
    "depot": {
        "228989": {
            "config": {
                "oslist": "windows"
            },
            "depotfromapp": "228980",
            "sharedinstall": "1"
        },
        "228990": {
            "config": {
                "oslist": "windows"
            },
            "depotfromapp": "228980",
            "sharedinstall": "1"
        },
        "3319641": {
            "manifests": {
                "public": {
                    "gid": "6158689876420101847",
                    "size": "5725294089",
                    "download": "5422661536"
                }
            },
            "decryptionkey": "f07a8ad1f84e28d1263ab17aab71192966dbb37225c4cd711cb3e1c8c55d046c"
        },
        "baselanguages": "english,german,french,italian,koreana,spanish,schinese,tchinese,russian,thai,japanese,brazilian,latam",
        "branches": {
            "public": {
                "buildid": "16484942",
                "timeupdated": "1732276047"
            }
        },
        "privatebranches": "1"
    }
}