{
    "appid": "3142430",
    "type": "Demo",
    "name": "Retail Company Simulator Demo",
    "schinese_name": "",
    "isfreeapp": "0",
    "change_number": "24734708",
    "update_time": "2024-08-11 04:05:37",
    "depot": {
        "228988": {
            "config": {
                "oslist": "windows"
            },
            "depotfromapp": "228980",
            "sharedinstall": "1"
        },
        "228989": {
            "config": {
                "oslist": "windows"
            },
            "depotfromapp": "228980",
            "sharedinstall": "1"
        },
        "228990": {
            "config": {
                "oslist": "windows"
            },
            "depotfromapp": "228980",
            "sharedinstall": "1"
        },
        "3142431": {
            "manifests": {
                "public": {
                    "gid": "538181004953090839",
                    "size": "1373763453",
                    "download": "1272805360"
                }
            },
            "decryptionkey": "8c44401e01f4c0f991d472867de5117779f098755b839c93fed180e975368ae9"
        },
        "branches": {
            "public": {
                "buildid": "15328638",
                "timeupdated": "1723295281"
            }
        }
    }
}