{
    "appid": "3332070",
    "type": "Game",
    "name": "Dark Fantasy Godhood",
    "schinese_name": "",
    "isfreeapp": "0",
    "change_number": "28969915",
    "update_time": "2025-05-14 07:16:15",
    "depot": {
        "3332071": {
            "manifests": {
                "public": {
                    "gid": "7229526673119015424",
                    "size": "3983327110",
                    "download": "3526822512"
                }
            },
            "decryptionkey": "7453509549d26be4acd78d2322911079f100e81b334c17dcdb0b8f20e47d5b44"
        },
        "branches": {
            "public": {
                "buildid": "17047836",
                "timeupdated": "1737172010"
            }
        }
    }
}