{
    "appid": "3005670",
    "type": "Demo",
    "name": "Monterona Demo",
    "schinese_name": "",
    "isfreeapp": "0",
    "change_number": "26022050",
    "update_time": "2024-11-03 04:25:24",
    "depot": {
        "228989": {
            "config": {
                "oslist": "windows"
            },
            "depotfromapp": "228980",
            "sharedinstall": "1"
        },
        "228990": {
            "config": {
                "oslist": "windows"
            },
            "depotfromapp": "228980",
            "sharedinstall": "1"
        },
        "3005671": {
            "manifests": {
                "public": {
                    "gid": "6022977359637032790",
                    "size": "614202700",
                    "download": "477065104"
                }
            },
            "decryptionkey": "f0ebff44dbf053c04502a8dd1944d741aab95daee3e96822c63c5d021965be69"
        },
        "branches": {
            "public": {
                "buildid": "14731111",
                "timeupdated": "1718490487"
            }
        }
    }
}