{
    "appid": "3115880",
    "type": "Game",
    "name": "Jumpscare Scare Jump",
    "schinese_name": "",
    "isfreeapp": "0",
    "change_number": "28458341",
    "update_time": "2025-04-14 09:10:40",
    "depot": {
        "3115881": {
            "manifests": {
                "public": {
                    "gid": "2679144193758555168",
                    "size": "1801149951",
                    "download": "1573344896"
                }
            },
            "decryptionkey": "3c5305ee5c06cb5f07edb98d63bf5b49774b12e8c0f15986c9339a1f34a3ce98"
        },
        "branches": {
            "public": {
                "buildid": "17786310",
                "timeupdated": "1742420618"
            }
        }
    }
}