{
    "appid": "3232040",
    "type": "Game",
    "name": "BodyRecords",
    "schinese_name": "",
    "isfreeapp": "0",
    "change_number": "28935762",
    "update_time": "2025-05-12 17:32:13",
    "depot": {
        "228989": {
            "config": {
                "oslist": "windows"
            },
            "depotfromapp": "228980",
            "sharedinstall": "1"
        },
        "228990": {
            "config": {
                "oslist": "windows"
            },
            "depotfromapp": "228980",
            "sharedinstall": "1"
        },
        "229005": {
            "config": {
                "oslist": "windows"
            },
            "depotfromapp": "228980",
            "sharedinstall": "1"
        },
        "229007": {
            "config": {
                "oslist": "windows"
            },
            "depotfromapp": "228980",
            "sharedinstall": "1"
        },
        "229020": {
            "config": {
                "oslist": "windows"
            },
            "depotfromapp": "228980",
            "sharedinstall": "1"
        },
        "229033": {
            "config": {
                "oslist": "windows"
            },
            "depotfromapp": "228980",
            "sharedinstall": "1"
        },
        "3232041": {
            "manifests": {
                "public": {
                    "gid": "7635449925138223101",
                    "size": "15939759975",
                    "download": "15395600528"
                }
            },
            "decryptionkey": "da1d750063dc152ed92f546b7e0fa06d9adb3944c4fa4b8797697e6f8e637f2d"
        },
        "branches": {
            "public": {
                "buildid": "18267484",
                "timeupdated": "1745856157"
            }
        },
        "privatebranches": "1"
    }
}