{
    "appid": "3351690",
    "type": "Game",
    "name": "Gauntlet",
    "schinese_name": "",
    "isfreeapp": "0",
    "change_number": "29016621",
    "update_time": "2025-05-16 12:36:49",
    "depot": {
        "3351691": {
            "manifests": {
                "public": {
                    "gid": "2932100326193542731",
                    "size": "2111819141",
                    "download": "714279744"
                }
            },
            "decryptionkey": "1f9d6ef3a7aeb70f405858b0647198f5cc6da3334e6ab371fed877c604d476a2"
        },
        "branches": {
            "public": {
                "buildid": "16688494",
                "timeupdated": "1733799792"
            }
        }
    }
}