{
    "appid": "2956910",
    "type": "DLC",
    "name": "RPG Maker MZ - EVFX Pierce",
    "schinese_name": "",
    "isfreeapp": "0",
    "change_number": "23390811",
    "update_time": "2024-07-16 02:47:05",
    "depot": {
        "2956910": {
            "manifests": {
                "public": {
                    "gid": "1713225249198727322",
                    "size": "25636051",
                    "download": "14479520"
                }
            },
            "dlcappid": "2956910",
            "decryptionkey": "9692752207c28777eba963740a40bd6a32ad9a54a745395268648918648820e3"
        },
        "branches": {
            "public": {
                "buildid": "14213003",
                "timeupdated": "1714420356"
            }
        }
    }
}