{
    "appid": "3409750",
    "type": "Demo",
    "name": "Card Draw (Demo)",
    "schinese_name": "",
    "isfreeapp": "0",
    "change_number": "27536812",
    "update_time": "2025-02-18 23:16:49",
    "depot": {
        "3409751": {
            "config": {
                "oslist": "windows"
            },
            "manifests": {
                "public": {
                    "gid": "4246915048004158256",
                    "size": "148077498",
                    "download": "72769840"
                }
            },
            "decryptionkey": "7aa5b8dc7dfffe4b3a933a4c12b8ca4d65575f2d15f94e28dd67150272c7f26f"
        },
        "3409752": {
            "config": {
                "oslist": "linux"
            },
            "manifests": {
                "public": {
                    "gid": "7811993305200617255",
                    "size": "143709566",
                    "download": "71315520"
                }
            },
            "decryptionkey": ""
        },
        "branches": {
            "public": {
                "buildid": "17409156",
                "timeupdated": "1739891802"
            }
        }
    }
}