{
    "appid": "2984250",
    "type": "Demo",
    "name": "Blue Prince Demo",
    "schinese_name": "",
    "isfreeapp": "0",
    "change_number": "25898279",
    "update_time": "2024-10-25 22:51:14",
    "depot": {
        "2984251": {
            "manifests": {
                "public": {
                    "gid": "2140383335427085628",
                    "size": "3691991053",
                    "download": "1607158464"
                }
            },
            "decryptionkey": "e6fb12da00c1584d2e4a77db2208d5978144d0d403700e6559ef65585928872f"
        },
        "branches": {
            "public": {
                "buildid": "15392838",
                "timeupdated": "1724071398"
            }
        },
        "privatebranches": "1"
    }
}