{
    "appid": "3160160",
    "type": "Game",
    "name": "Six-Ear Macaque: Awakening",
    "schinese_name": "六耳猕猴：觉醒",
    "isfreeapp": "0",
    "change_number": "28429361",
    "update_time": "2025-04-11 21:04:42",
    "depot": {
        "228989": {
            "config": {
                "oslist": "windows"
            },
            "depotfromapp": "228980",
            "sharedinstall": "1"
        },
        "228990": {
            "config": {
                "oslist": "windows"
            },
            "depotfromapp": "228980",
            "sharedinstall": "1"
        },
        "3160161": {
            "manifests": {
                "public": {
                    "gid": "2532696108421944217",
                    "size": "17021706032",
                    "download": "16072061344"
                }
            },
            "decryptionkey": "8c30dc66c5bf6a09a789d02bf09fb0fc36f73c35e07a83e506c6e0e1b1c2a4f5"
        },
        "baselanguages": "english,schinese",
        "hasdepotsindlc": "0",
        "branches": {
            "public": {
                "buildid": "18070748",
                "timeupdated": "1744369894"
            }
        }
    }
}