{
    "appid": "3179860",
    "type": "Game",
    "name": "Pairs & Perils",
    "schinese_name": "勇者翻翻看",
    "isfreeapp": "0",
    "change_number": "29016128",
    "update_time": "2025-05-16 11:45:10",
    "depot": {
        "3179861": {
            "config": {
                "oslist": "windows"
            },
            "manifests": {
                "public": {
                    "gid": "5013061663300681481",
                    "size": "509466037",
                    "download": "119009680"
                }
            },
            "decryptionkey": "f1183ae961a62306a7c258b9fc023998b3de1b037f35e3b02ecb9546a423c6f7"
        },
        "3179862": {
            "config": {
                "oslist": "macos"
            },
            "manifests": {
                "public": {
                    "gid": "6318663924659830290",
                    "size": "533690481",
                    "download": "126104832"
                }
            },
            "decryptionkey": "340ba25f5317c663139a3aea7a610768f2727773f4cf038ce050aa4069db11d9"
        },
        "3179863": {
            "config": {
                "oslist": "linux"
            },
            "manifests": {
                "public": {
                    "gid": "1269451267838778844",
                    "size": "510204211",
                    "download": "117875328"
                }
            },
            "decryptionkey": "a95d6592b1f81939c11dfd2b33c7b1360e039b2c94aca593fe0d37b7a3a93fe9"
        },
        "baselanguages": "english,german,french,koreana,spanish,schinese,tchinese,russian,japanese,portuguese,polish,turkish,brazilian,latam",
        "branches": {
            "public": {
                "buildid": "17670584",
                "timeupdated": "1741658472"
            }
        }
    }
}