{
    "appid": "3079030",
    "type": "Demo",
    "name": "Mirage Noir Demo",
    "schinese_name": "",
    "isfreeapp": "0",
    "change_number": "27210649",
    "update_time": "2025-01-29 09:27:44",
    "depot": {
        "3079031": {
            "manifests": {
                "public": {
                    "gid": "6972185048966412887",
                    "size": "576706356",
                    "download": "447643104"
                }
            },
            "decryptionkey": "ed2edf935cfdcf34e231c1bd5d45858412ac29d41e9375589474de60238ef032"
        },
        "branches": {
            "public": {
                "buildid": "16496508",
                "timeupdated": "1732257419"
            }
        },
        "privatebranches": "1"
    }
}