{
    "appid": "3421860",
    "type": "Game",
    "name": "NO.8 High School",
    "schinese_name": "第八中学",
    "isfreeapp": "0",
    "change_number": "28574711",
    "update_time": "2025-04-21 03:59:20",
    "depot": {
        "3421862": {
            "manifests": {
                "public": {
                    "gid": "8152639522513984761",
                    "size": "635148113",
                    "download": "179528752"
                }
            },
            "decryptionkey": "ad5c2b97ba853b7d9322b2305b8ef2bab6dd1a0a19d4e3177c796aadf7b6b81f"
        },
        "branches": {
            "public": {
                "buildid": "17475689",
                "timeupdated": "1740340586"
            }
        }
    }
}