{
    "appid": "3121520",
    "type": "Demo",
    "name": "Anna Demo",
    "schinese_name": "",
    "isfreeapp": "0",
    "change_number": "27459692",
    "update_time": "2025-02-13 21:11:20",
    "depot": {
        "baselanguages": "english,schinese",
        "3121521": {
            "config": {
                "language": "schinese"
            },
            "manifests": {
                "public": {
                    "gid": "3449886827067396759",
                    "size": "929333504",
                    "download": "765049952"
                },
                "english": {
                    "gid": "3449886827067396759",
                    "size": "929333504",
                    "download": "765049952"
                }
            },
            "decryptionkey": "6df1f96025d0ed8a16a79801696e72f7cc7efe1b90393cf851a6d7cadef3e210"
        },
        "3121522": {
            "config": {
                "language": "english"
            },
            "manifests": {
                "public": {
                    "gid": "6713247421997398957",
                    "size": "923159978",
                    "download": "761617584"
                },
                "english": {
                    "gid": "826044082973380408",
                    "size": "935955951",
                    "download": "761617536"
                }
            },
            "decryptionkey": ""
        },
        "branches": {
            "public": {
                "buildid": "15286262",
                "timeupdated": "1723010871"
            },
            "english": {
                "buildid": "17352179",
                "description": "English version",
                "timeupdated": "1739452273"
            }
        }
    }
}