{
    "appid": "2962390",
    "type": "Game",
    "name": "Prison Fights Simulator",
    "schinese_name": "",
    "isfreeapp": "0",
    "change_number": "28594253",
    "update_time": "2025-04-22 12:56:28",
    "depot": {
        "228989": {
            "config": {
                "oslist": "windows"
            },
            "depotfromapp": "228980",
            "sharedinstall": "1"
        },
        "228990": {
            "config": {
                "oslist": "windows"
            },
            "depotfromapp": "228980",
            "sharedinstall": "1"
        },
        "2962391": {
            "manifests": {
                "public": {
                    "gid": "349755418016130698",
                    "size": "3387591533",
                    "download": "3234989584"
                }
            },
            "decryptionkey": "5ee6ed8c2a20ab88f29e31e03f12db4709658e0a1bcc989a84741cfb64f18a2d"
        },
        "branches": {
            "public": {
                "buildid": "14177464",
                "timeupdated": "1714076701"
            }
        }
    }
}