{
    "appid": "3226310",
    "type": "Game",
    "name": "FURRY WHORES",
    "schinese_name": "",
    "isfreeapp": "0",
    "change_number": "28826947",
    "update_time": "2025-05-06 01:31:56",
    "depot": {
        "3226311": {
            "manifests": {
                "public": {
                    "gid": "8683959322674017813",
                    "size": "314770758",
                    "download": "159082656"
                }
            },
            "decryptionkey": "fb163b6369807dd7aee0f4f1a60f8a562103e34dd79e76d1a7a41442a23fec76"
        },
        "branches": {
            "public": {
                "buildid": "16057068",
                "timeupdated": "1729026481"
            }
        }
    }
}