{
    "appid": "3283190",
    "type": "Demo",
    "name": "Tokyo Stranger 东京诡事 Demo",
    "schinese_name": "",
    "isfreeapp": "0",
    "change_number": "25739821",
    "update_time": "2024-10-16 12:12:19",
    "depot": {
        "3283191": {
            "manifests": {
                "public": {
                    "gid": "3580232340497497581",
                    "size": "558363103",
                    "download": "349160224"
                }
            },
            "decryptionkey": "cd49ab9ee3cf46c98d62fc42b8079f7f741a838003eac99c2dc4c97704974af1"
        },
        "branches": {
            "public": {
                "buildid": "15975970",
                "timeupdated": "1728450731"
            }
        }
    }
}