{
    "appid": "3288240",
    "type": "Demo",
    "name": "决胜千里：三国 Demo",
    "schinese_name": "",
    "isfreeapp": "0",
    "change_number": "26956612",
    "update_time": "2025-01-12 02:51:54",
    "depot": {
        "3288241": {
            "manifests": {
                "public": {
                    "gid": "8079685999238587229",
                    "size": "5810067475",
                    "download": "677130800"
                }
            },
            "decryptionkey": "2d876d66af67f3e60c9cce32502c8f4e2e36728813d3dfb62996a9c753fbe8c6"
        },
        "branches": {
            "public": {
                "buildid": "16556131",
                "timeupdated": "1732730596"
            }
        },
        "privatebranches": "1"
    }
}