{
    "appid": "3056180",
    "type": "Demo",
    "name": "星球崛起 Demo",
    "schinese_name": "",
    "isfreeapp": "0",
    "change_number": "26063137",
    "update_time": "2024-11-06 07:24:22",
    "depot": {
        "3056181": {
            "manifests": {
                "public": {
                    "gid": "7318010265857518361",
                    "size": "522897540",
                    "download": "132723424"
                }
            },
            "decryptionkey": "597fac69e815ec000efc72f38953808602e5e092de16ab2869ec8d4dd2a2864d"
        },
        "baselanguages": "english,german,french,koreana,spanish,schinese,tchinese,russian,japanese",
        "branches": {
            "public": {
                "buildid": "14753482",
                "timeupdated": "1718780469"
            }
        }
    }
}