{
    "appid": "3067790",
    "type": "Game",
    "name": "Hold on in the Dungeons",
    "schinese_name": "",
    "isfreeapp": "0",
    "change_number": "28798412",
    "update_time": "2025-05-03 15:55:48",
    "depot": {
        "hasdepotsindlc": "0",
        "baselanguages": "english",
        "3067791": {
            "config": {
                "osarch": "64",
                "oslist": "windows"
            },
            "manifests": {
                "public": {
                    "gid": "7121788288003889027",
                    "size": "402975634",
                    "download": "210489696"
                }
            },
            "decryptionkey": "46da67b563885b9e0e841018124420cf8d74207bfd52903007c62404655de1f0"
        },
        "branches": {
            "public": {
                "buildid": "18169583",
                "timeupdated": "1745100552"
            }
        }
    }
}