{
    "appid": "3395220",
    "type": "Game",
    "name": "Skuf vs beer bottle party",
    "schinese_name": "",
    "isfreeapp": "0",
    "change_number": "28497754",
    "update_time": "2025-04-16 08:08:18",
    "depot": {
        "3395221": {
            "manifests": {
                "public": {
                    "gid": "5920024615414698627",
                    "size": "130146629",
                    "download": "89170128"
                }
            },
            "decryptionkey": "b8b1b9d11a5eb9e2c0965b77716d635f29b93d0e158c5d54cd7855eec6bced43"
        },
        "branches": {
            "public": {
                "buildid": "16907237",
                "timeupdated": "1736016703"
            }
        }
    }
}