{
    "appid": "2951840",
    "type": "Game",
    "name": "Arisen Force: HeroTest",
    "schinese_name": "崛起力量: 测试英雄",
    "isfreeapp": "0",
    "change_number": "28915560",
    "update_time": "2025-05-10 16:33:32",
    "depot": {
        "baselanguages": "english,schinese,tchinese,japanese",
        "2951841": {
            "config": {
                "oslist": "windows",
                "osarch": "64"
            },
            "manifests": {
                "public": {
                    "gid": "7910315324048467447",
                    "size": "5444531755",
                    "download": "3155835968"
                }
            },
            "decryptionkey": "e69da573049cca34c8bd307f3baa5a5efc214d1e1bf7920405eaadb2a436a345"
        },
        "branches": {
            "public": {
                "buildid": "17133979",
                "timeupdated": "1737860740"
            }
        }
    }
}