{
    "appid": "3023680",
    "type": "Game",
    "name": "How to turn a Cherry tree spirit into an idol",
    "schinese_name": "",
    "isfreeapp": "0",
    "change_number": "28960488",
    "update_time": "2025-05-13 20:46:10",
    "depot": {
        "3023681": {
            "manifests": {
                "public": {
                    "gid": "604860843047524585",
                    "size": "2751475418",
                    "download": "679258768"
                }
            },
            "decryptionkey": "0a5bdee724d0820da207c57645e11aa830bd024ba0f47d7c2f1af5349f937ae8"
        },
        "baselanguages": "english,koreana,japanese",
        "branches": {
            "public": {
                "buildid": "15211937",
                "timeupdated": "1732769629"
            }
        }
    }
}