{
    "appid": "3245860",
    "type": "Demo",
    "name": "420BLAZEIT2: GAME OF THE YEAR -=Dank Dreams and Goated Memes=- [#wow/11 Like and Subscribe] Poggerz Edition Demo",
    "schinese_name": "",
    "isfreeapp": "0",
    "change_number": "26984778",
    "update_time": "2025-01-14 14:48:13",
    "depot": {
        "3245861": {
            "manifests": {
                "public": {
                    "gid": "4258383849095098255",
                    "size": "3653816249",
                    "download": "1337711168"
                }
            },
            "decryptionkey": "b77e265e8ba26ee3346e169655d5282933a18fcf80e6fb35bd625f900d2a8972"
        },
        "branches": {
            "public": {
                "buildid": "16995889",
                "timeupdated": "1736837289"
            }
        }
    }
}