{
    "appid": "3241280",
    "type": "Demo",
    "name": "POPUCOM Demo",
    "schinese_name": "泡姆泡姆 试玩版",
    "isfreeapp": "0",
    "change_number": "26183469",
    "update_time": "2024-11-14 07:40:14",
    "depot": {
        "3241281": {
            "manifests": {
                "public": {
                    "gid": "1313598623399411520",
                    "size": "6469116475",
                    "download": "4969291520"
                }
            },
            "decryptionkey": "b44a58a56caa96029faa7f587590fa10f2edc06749d19e05dab514333f6ed949"
        },
        "baselanguages": "english,german,french,italian,koreana,spanish,schinese,tchinese,russian,japanese,brazilian",
        "branches": {
            "public": {
                "buildid": "16078307",
                "timeupdated": "1729565516"
            }
        },
        "privatebranches": "1"
    }
}