{
    "appid": "3003380",
    "type": "DLC",
    "name": "FROM ASHES, BLOOM: Support the dev!",
    "schinese_name": "",
    "isfreeapp": "0",
    "change_number": "23738877",
    "update_time": "2024-07-16 02:47:07",
    "depot": {
        "3003380": {
            "manifests": {
                "public": {
                    "gid": "5011421095901143052",
                    "size": "2206752",
                    "download": "2227072"
                }
            },
            "dlcappid": "3003380",
            "decryptionkey": "6bdda343e9e13290d23f61ce035a3bad783c8e7591e06fdec4a5b840ef270b35"
        },
        "branches": {
            "public": {
                "buildid": "14485099",
                "timeupdated": "1716566908"
            }
        }
    }
}