{
    "appid": "3386800",
    "type": "Game",
    "name": "TheSilentSnowfall",
    "schinese_name": "",
    "isfreeapp": "0",
    "change_number": "28694526",
    "update_time": "2025-04-28 01:54:07",
    "depot": {
        "228989": {
            "config": {
                "oslist": "windows"
            },
            "depotfromapp": "228980",
            "sharedinstall": "1"
        },
        "228990": {
            "config": {
                "oslist": "windows"
            },
            "depotfromapp": "228980",
            "sharedinstall": "1"
        },
        "229007": {
            "config": {
                "oslist": "windows"
            },
            "depotfromapp": "228980",
            "sharedinstall": "1"
        },
        "229020": {
            "config": {
                "oslist": "windows"
            },
            "depotfromapp": "228980",
            "sharedinstall": "1"
        },
        "229030": {
            "config": {
                "oslist": "windows"
            },
            "depotfromapp": "228980",
            "sharedinstall": "1"
        },
        "229031": {
            "config": {
                "oslist": "windows"
            },
            "depotfromapp": "228980",
            "sharedinstall": "1"
        },
        "229032": {
            "config": {
                "oslist": "windows"
            },
            "depotfromapp": "228980",
            "sharedinstall": "1"
        },
        "229033": {
            "config": {
                "oslist": "windows"
            },
            "depotfromapp": "228980",
            "sharedinstall": "1"
        },
        "3386801": {
            "manifests": {
                "public": {
                    "gid": "9066273307977619660",
                    "size": "3022426322",
                    "download": "2837202512"
                }
            },
            "decryptionkey": "71e358eb4bc2f92515514e0cfb418b2d86129a9f133bcc01f867f4108c17ec1c"
        },
        "branches": {
            "public": {
                "buildid": "16876630",
                "timeupdated": "1735581312"
            }
        }
    }
}