{
    "appid": "3073850",
    "type": "Demo",
    "name": "Desert Kingdoms 2 Demo",
    "schinese_name": "",
    "isfreeapp": "0",
    "change_number": "26063137",
    "update_time": "2024-11-06 07:23:45",
    "depot": {
        "3073851": {
            "manifests": {
                "public": {
                    "gid": "8873087828627704069",
                    "size": "156797256",
                    "download": "82634352"
                }
            },
            "decryptionkey": "5e1f09061d89b12fc12197e0d00a9e65808dad4445223827e30c4efc21d250a5"
        },
        "branches": {
            "public": {
                "buildid": "15358668",
                "timeupdated": "1723572453"
            }
        }
    }
}