{
    "appid": "3227410",
    "type": "Demo",
    "name": "Sex Arena: Passion of Aquilon 💋⚔️ Demo",
    "schinese_name": "",
    "isfreeapp": "0",
    "change_number": "27063814",
    "update_time": "2025-01-19 21:35:03",
    "depot": {
        "3227411": {
            "manifests": {
                "public": {
                    "gid": "320581063517384062",
                    "size": "298481248",
                    "download": "81759744"
                }
            },
            "decryptionkey": "e493f236a6df15d028169a28fc6b18fd1ac8b757cf580befd4032ef107b1ed84"
        },
        "3227412": {},
        "baselanguages": "english",
        "branches": {
            "public": {
                "buildid": "15864833",
                "timeupdated": "1727585151"
            }
        }
    }
}