{
    "appid": "3195780",
    "type": "Demo",
    "name": "Emberdrift Demo",
    "schinese_name": "",
    "isfreeapp": "0",
    "change_number": "26063137",
    "update_time": "2024-11-06 07:22:00",
    "depot": {
        "3195781": {
            "manifests": {
                "public": {
                    "gid": "6521518234534203275",
                    "size": "2816049515",
                    "download": "575817712"
                }
            },
            "decryptionkey": "abb08cefcb9cd18421ec6bdcd06a167b282b4d6939977db7e2bdeec4739512a1"
        },
        "branches": {
            "public": {
                "buildid": "16265443",
                "timeupdated": "1730469993"
            }
        }
    }
}