{
    "appid": "3143440",
    "type": "Demo",
    "name": "Arctic Motel Simulator Demo",
    "schinese_name": "北极汽车旅馆模拟器 体验版",
    "isfreeapp": "0",
    "change_number": "27426521",
    "update_time": "2025-02-12 03:38:34",
    "depot": {
        "3143441": {
            "config": {
                "oslist": "windows"
            },
            "manifests": {
                "public": {
                    "gid": "3616215023475498311",
                    "size": "11507443054",
                    "download": "4601019376"
                }
            },
            "decryptionkey": "f1f9c8285f2d42e6da69e1487ea2eb3a3e8cd0d17691cd2cd700c9a8c2dec051"
        },
        "baselanguages": "english",
        "branches": {
            "public": {
                "buildid": "15751369",
                "timeupdated": "1726718782"
            }
        }
    }
}