{
    "appid": "3193470",
    "type": "Game",
    "name": "规则怪谈：欢迎来到森林马戏团",
    "schinese_name": "",
    "isfreeapp": "0",
    "change_number": "25382494",
    "update_time": "2024-09-25 16:10:28",
    "depot": {
        "3193471": {
            "manifests": {
                "public": {
                    "gid": "1656690635231940688",
                    "size": "266699573",
                    "download": "221327952"
                }
            },
            "decryptionkey": "8344421d024396225224fa5be0c1fca5ae7c1e0710dd608f064e783c6223a92d"
        },
        "branches": {
            "public": {
                "buildid": "15750894",
                "timeupdated": "1726715023"
            }
        }
    }
}