{
    "appid": "3240730",
    "type": "Demo",
    "name": "MEAT-GRINDER Demo",
    "schinese_name": "",
    "isfreeapp": "0",
    "change_number": "26931269",
    "update_time": "2025-01-10 06:16:32",
    "depot": {
        "baselanguages": "english,german,french,italian,koreana,spanish,schinese,tchinese,russian,thai,japanese,portuguese,polish,danish,dutch,finnish,norwegian,swedish,hungarian,czech,romanian,turkish,arabic,brazilian,bulgarian,greek,ukrainian,latam,vietnamese,indonesian",
        "3240731": {
            "config": {
                "oslist": "windows"
            },
            "manifests": {
                "public": {
                    "gid": "360135864368122322",
                    "size": "501422990",
                    "download": "393188640"
                }
            },
            "decryptionkey": "837cc2046be0e13630cb23b3fbfe1231fe234fdcf47e03af12b7abbe8b50b46a"
        },
        "3240734": {
            "config": {
                "oslist": "macos"
            },
            "manifests": {
                "public": {
                    "gid": "3318619051955032208",
                    "size": "522160546",
                    "download": "398415392"
                }
            },
            "decryptionkey": ""
        },
        "3240732": {
            "config": {
                "oslist": "linux"
            },
            "manifests": {
                "public": {
                    "gid": "7854656267636979135",
                    "size": "490346978",
                    "download": "389406848"
                }
            },
            "decryptionkey": ""
        },
        "branches": {
            "public": {
                "buildid": "16783850",
                "timeupdated": "1734510363"
            }
        }
    }
}