{
    "appid": "2982350",
    "type": "Demo",
    "name": "Sling-A-Thing Demo",
    "schinese_name": "",
    "isfreeapp": "0",
    "change_number": "23971731",
    "update_time": "2024-07-16 02:47:06",
    "depot": {
        "2982351": {
            "manifests": {
                "public": {
                    "gid": "1792498752626156291",
                    "size": "731605753",
                    "download": "53664528"
                }
            },
            "decryptionkey": "f58c0924b1703e2a22e21c1c0a3dd905b313ecd2ba0c1ec5860a35befad6d0ca"
        },
        "branches": {
            "public": {
                "buildid": "14631467",
                "timeupdated": "1717709957"
            }
        }
    }
}