{
    "appid": "3258200",
    "type": "Demo",
    "name": "Conquest Dark Demo",
    "schinese_name": "",
    "isfreeapp": "0",
    "change_number": "27540633",
    "update_time": "2025-02-19 03:03:57",
    "depot": {
        "3258201": {
            "manifests": {
                "public": {
                    "gid": "3824969020640624232",
                    "size": "401606314",
                    "download": "190052192"
                }
            },
            "decryptionkey": "2088902fe3d981c4d96dc6a8c096fb256862caf60abc1cc6e7a310f75fbc074c"
        },
        "branches": {
            "public": {
                "buildid": "16618005",
                "timeupdated": "1733247319"
            }
        },
        "privatebranches": "1"
    }
}