{
    "appid": "3298250",
    "type": "Game",
    "name": "Yoshima: Hentai Simulator",
    "schinese_name": "",
    "isfreeapp": "0",
    "change_number": "29019576",
    "update_time": "2025-05-16 16:12:53",
    "depot": {
        "hasdepotsindlc": "1",
        "3298251": {
            "manifests": {
                "public": {
                    "gid": "5877581933844685976",
                    "size": "1679561872",
                    "download": "283644464"
                }
            },
            "decryptionkey": "656439b90e74c833bd5ea954098b00a4302212400ba7c93147741dff3981f4bc"
        },
        "branches": {
            "public": {
                "buildid": "17770582",
                "timeupdated": "1742327231"
            }
        }
    }
}