{
    "appid": "3092020",
    "type": "Demo",
    "name": "Ectoplasm Demo",
    "schinese_name": "",
    "isfreeapp": "0",
    "change_number": "24514261",
    "update_time": "2024-07-26 04:20:36",
    "depot": {
        "3092021": {
            "manifests": {
                "public": {
                    "gid": "8489089853379676527",
                    "size": "10045989779",
                    "download": "4385805264"
                }
            },
            "decryptionkey": "504faa6525d30bce4a88757fbc8c7fc7e5c3a62f7a8ad3ce9904b159d06b5323"
        },
        "branches": {
            "public": {
                "buildid": "15560043",
                "timeupdated": "1725206484"
            }
        }
    }
}