{
    "appid": "3091480",
    "type": "Game",
    "name": "FLOORS",
    "schinese_name": "",
    "isfreeapp": "0",
    "change_number": "28696999",
    "update_time": "2025-04-28 07:54:26",
    "depot": {
        "228989": {
            "config": {
                "oslist": "windows"
            },
            "depotfromapp": "228980",
            "sharedinstall": "1"
        },
        "228990": {
            "config": {
                "oslist": "windows"
            },
            "depotfromapp": "228980",
            "sharedinstall": "1"
        },
        "3091481": {
            "manifests": {
                "public": {
                    "gid": "1561569040004598869",
                    "size": "3236320641",
                    "download": "2790326160"
                }
            },
            "decryptionkey": "9bbadd21f2af3ee16d89c2266f7c762395e69e171b645d40b186021a3a117e39"
        },
        "branches": {
            "public": {
                "buildid": "15370764",
                "timeupdated": "1723651748"
            }
        }
    }
}