{
    "appid": "3224300",
    "type": "Demo",
    "name": "Rogue Flight Demo",
    "schinese_name": "",
    "isfreeapp": "0",
    "change_number": "26270929",
    "update_time": "2024-11-20 08:33:20",
    "depot": {
        "3224301": {
            "manifests": {
                "public": {
                    "gid": "7149969512991945463",
                    "size": "5864383345",
                    "download": "1440179984"
                }
            },
            "decryptionkey": "5ae8a816eb791b96dfae861b6f5ed866009cc64d2762a1077ed68f764f1ed252"
        },
        "branches": {
            "public": {
                "buildid": "16451726",
                "timeupdated": "1732062793"
            }
        },
        "privatebranches": "1"
    }
}