{
    "appid": "2985170",
    "type": "Game",
    "name": "學生騎士團",
    "schinese_name": "学生骑士团",
    "isfreeapp": "0",
    "change_number": "28381000",
    "update_time": "2025-04-09 15:39:28",
    "depot": {
        "2985171": {
            "manifests": {
                "public": {
                    "gid": "7851808156970003141",
                    "size": "1185269341",
                    "download": "555342368"
                }
            },
            "decryptionkey": "df21e0dc99f0b61dbf8e0930ef60ab3aa7590edf9e6bb1fb7ae5d4b8eccc41af"
        },
        "2985172": {
            "config": {
                "language": "schinese"
            },
            "manifests": {
                "public": {
                    "gid": "4231766233532655899",
                    "size": "1185275981",
                    "download": "558776512"
                }
            },
            "decryptionkey": "a90353bf05dda46136fce88d54ca24313bc19a6d3c085000c0170703e679f90d"
        },
        "2985173": {
            "config": {
                "language": "tchinese"
            },
            "manifests": {
                "public": {
                    "gid": "1933203361676540731",
                    "size": "1185269341",
                    "download": "555342368"
                }
            },
            "decryptionkey": ""
        },
        "branches": {
            "public": {
                "buildid": "17317093",
                "timeupdated": "1739254681"
            }
        }
    }
}