{
    "appid": "3592240",
    "type": "Game",
    "name": "Card Streamer Simulator",
    "schinese_name": "拆卡模拟器",
    "isfreeapp": "0",
    "change_number": "28979318",
    "update_time": "2025-05-14 22:46:38",
    "depot": {
        "baselanguages": "english",
        "3592241": {
            "config": {
                "oslist": "windows"
            },
            "manifests": {
                "public": {
                    "gid": "2986319822000431694",
                    "size": "1502211797",
                    "download": "967890064"
                }
            },
            "decryptionkey": "6ff5110d16d6ca6fe555fa75fc86ccf0ceb0a264f34f87585f9e225c69bf5bb5"
        },
        "branches": {
            "public": {
                "buildid": "18296485",
                "timeupdated": "1746020100"
            }
        }
    }
}