{
    "appid": "3161270",
    "type": "Game",
    "name": "Tlatoani: Aztec Cities",
    "schinese_name": "",
    "isfreeapp": "0",
    "change_number": "29044824",
    "update_time": "2025-05-18 08:23:47",
    "depot": {
        "3161271": {
            "manifests": {
                "public": {
                    "gid": "6724534838580152521",
                    "size": "505410005",
                    "download": "361947280"
                },
                "public_testing_branch": {
                    "gid": "6724534838580152521",
                    "size": "505410005",
                    "download": "361947280"
                }
            },
            "decryptionkey": "99113437a694b959b1cd3c6664992d2bf4b3adf01d6c43962757a00ba09e3ab6"
        },
        "branches": {
            "public": {
                "buildid": "18505818",
                "timeupdated": "1747527492"
            },
            "public_testing_branch": {
                "buildid": "18505840",
                "description": "Branch for public playtesting",
                "timeupdated": "1747527823"
            }
        }
    }
}