{
    "appid": "3238770",
    "type": "Demo",
    "name": "Bellfortis Demo",
    "schinese_name": "",
    "isfreeapp": "0",
    "change_number": "27411940",
    "update_time": "2025-02-11 09:39:22",
    "depot": {
        "3238771": {
            "config": {
                "oslist": "windows",
                "osarch": "64"
            },
            "manifests": {
                "public": {
                    "gid": "7728067213662242781",
                    "size": "138292063",
                    "download": "119854480"
                },
                "beta": {
                    "gid": "7728067213662242781",
                    "size": "138292063",
                    "download": "119854480"
                }
            },
            "decryptionkey": "78b869ba03277e7fd1f49a8532aa693d611dcb602d56592b2963fff321e8b1db"
        },
        "branches": {
            "public": {
                "buildid": "17468442",
                "timeupdated": "1740248956"
            },
            "beta": {
                "buildid": "17468442",
                "description": "Beta",
                "timeupdated": "1740246399"
            }
        }
    }
}