{
    "appid": "3153660",
    "type": "Demo",
    "name": "Frontline Crisis: Demo",
    "schinese_name": "战线危机: Demo",
    "isfreeapp": "0",
    "change_number": "24929522",
    "update_time": "2024-08-25 13:23:31",
    "depot": {
        "3153661": {
            "manifests": {
                "public": {
                    "gid": "5552916422320151612",
                    "size": "112361162",
                    "download": "87622128"
                },
                "v226_dm_0817": {
                    "gid": "5552916422320151612",
                    "size": "112361162",
                    "download": "87622128"
                },
                "v232_dm_0825": {
                    "gid": "6851012874547024657",
                    "size": "111879447",
                    "download": "87277536"
                }
            },
            "decryptionkey": "2999642865efdc82cc1518e20d7992f8bedc279b7ccd3bf887c2c22abb3ba07d"
        },
        "branches": {
            "public": {
                "buildid": "15403343",
                "timeupdated": "1723879143"
            },
            "v226_dm_0817": {
                "buildid": "15403343",
                "description": "v226_dm_0817",
                "timeupdated": "1723877536"
            },
            "v232_dm_0825": {
                "buildid": "15484418",
                "description": "v232_dm_0825",
                "timeupdated": "1724562114"
            }
        }
    }
}