{
    "appid": "3227890",
    "type": "Demo",
    "name": "Heroes of Valor Demo",
    "schinese_name": "",
    "isfreeapp": "0",
    "change_number": "26017725",
    "update_time": "2024-11-02 15:50:17",
    "depot": {
        "228989": {
            "config": {
                "oslist": "windows"
            },
            "depotfromapp": "228980",
            "sharedinstall": "1"
        },
        "228990": {
            "config": {
                "oslist": "windows"
            },
            "depotfromapp": "228980",
            "sharedinstall": "1"
        },
        "3227891": {
            "manifests": {
                "public": {
                    "gid": "30180728984524770",
                    "size": "595594137",
                    "download": "352596640"
                }
            },
            "decryptionkey": "dcf69bee26bb59d0e985fcb27623838c69c1b1a2fd16cb0ae3f4edc4682a6574"
        },
        "3227892": {
            "config": {
                "language": "english",
                "oslist": "windows",
                "osarch": "64"
            }
        },
        "branches": {
            "public": {
                "buildid": "16109740",
                "timeupdated": "1729376321"
            }
        }
    }
}