{
    "appid": "3197140",
    "type": "DLC",
    "name": "The Sims™ 4 Cozy Kitsch Kit",
    "schinese_name": "The Sims™ 4 惬意俗趣套件包",
    "isfreeapp": "0",
    "change_number": "26468027",
    "update_time": "2024-12-05 11:31:20",
    "depot": {
        "3197140": {
            "manifests": {
                "public": {
                    "gid": "5718581935712497673",
                    "size": "20752752",
                    "download": "18078848"
                }
            },
            "dlcappid": "3197140",
            "decryptionkey": "7744d13cba3ac994e8e3fef5b159b17aea1c93e729b190fb7171a6ae7ae752ee"
        },
        "3197141": {
            "config": {
                "language": "english"
            },
            "manifests": {
                "public": {
                    "gid": "6358066688437612228",
                    "size": "3740",
                    "download": "3376"
                }
            },
            "dlcappid": "3197140",
            "decryptionkey": ""
        },
        "3197142": {
            "config": {
                "language": "german"
            },
            "manifests": {
                "public": {
                    "gid": "4940854095286309027",
                    "size": "4086",
                    "download": "3728"
                }
            },
            "dlcappid": "3197140",
            "decryptionkey": ""
        },
        "3197143": {
            "config": {
                "language": "french"
            },
            "manifests": {
                "public": {
                    "gid": "535527735425266954",
                    "size": "4109",
                    "download": "3744"
                }
            },
            "dlcappid": "3197140",
            "decryptionkey": ""
        },
        "3197144": {
            "config": {
                "language": "italian"
            },
            "manifests": {
                "public": {
                    "gid": "4405957584031751249",
                    "size": "4004",
                    "download": "3632"
                }
            },
            "dlcappid": "3197140",
            "decryptionkey": ""
        },
        "3197145": {
            "config": {
                "language": "koreana"
            },
            "manifests": {
                "public": {
                    "gid": "2514322707627477002",
                    "size": "4076",
                    "download": "3808"
                }
            },
            "dlcappid": "3197140",
            "decryptionkey": ""
        },
        "3197146": {
            "config": {
                "language": "spanish"
            },
            "manifests": {
                "public": {
                    "gid": "1002179979582118207",
                    "size": "4310",
                    "download": "3904"
                }
            },
            "dlcappid": "3197140",
            "decryptionkey": ""
        },
        "3197147": {
            "config": {
                "language": "schinese"
            },
            "manifests": {
                "public": {
                    "gid": "4343925041147495887",
                    "size": "3842",
                    "download": "3504"
                }
            },
            "dlcappid": "3197140",
            "decryptionkey": "b230175b4bf87879e65ab182f31b77ad1f1c13c679f3b3b4338668a4b891809f"
        },
        "3197148": {
            "config": {
                "language": "tchinese"
            },
            "manifests": {
                "public": {
                    "gid": "4353403340010011753",
                    "size": "3917",
                    "download": "3568"
                }
            },
            "dlcappid": "3197140",
            "decryptionkey": ""
        },
        "3197149": {
            "config": {
                "language": "russian"
            },
            "manifests": {
                "public": {
                    "gid": "6168083730055028892",
                    "size": "4453",
                    "download": "4144"
                }
            },
            "dlcappid": "3197140",
            "decryptionkey": ""
        },
        "3275160": {
            "config": {
                "language": "japanese"
            },
            "manifests": {
                "public": {
                    "gid": "388191455665472170",
                    "size": "4378",
                    "download": "4064"
                }
            },
            "dlcappid": "3197140",
            "decryptionkey": ""
        },
        "3275161": {
            "config": {
                "language": "polish"
            },
            "manifests": {
                "public": {
                    "gid": "326698246825646518",
                    "size": "4212",
                    "download": "3792"
                }
            },
            "dlcappid": "3197140",
            "decryptionkey": "770c23fc0ec31ab8c89b1331e9f62fb7103df784ba0b8f331b34e52f2cec0098"
        },
        "3275162": {
            "config": {
                "language": "danish"
            },
            "manifests": {
                "public": {
                    "gid": "41833170543317347",
                    "size": "3742",
                    "download": "3408"
                }
            },
            "dlcappid": "3197140",
            "decryptionkey": ""
        },
        "3275163": {
            "config": {
                "language": "dutch"
            },
            "manifests": {
                "public": {
                    "gid": "6223592610559703139",
                    "size": "3892",
                    "download": "3504"
                }
            },
            "dlcappid": "3197140",
            "decryptionkey": ""
        },
        "3275164": {
            "config": {
                "language": "finnish"
            },
            "manifests": {
                "public": {
                    "gid": "8444747738946320721",
                    "size": "3838",
                    "download": "3472"
                }
            },
            "dlcappid": "3197140",
            "decryptionkey": ""
        },
        "3275165": {
            "config": {
                "language": "norwegian"
            },
            "manifests": {
                "public": {
                    "gid": "6053525949734157695",
                    "size": "3525",
                    "download": "3200"
                }
            },
            "dlcappid": "3197140",
            "decryptionkey": ""
        },
        "3275166": {
            "config": {
                "language": "swedish"
            },
            "manifests": {
                "public": {
                    "gid": "384652492313176959",
                    "size": "3775",
                    "download": "3440"
                }
            },
            "dlcappid": "3197140",
            "decryptionkey": ""
        },
        "3275167": {
            "config": {
                "language": "czech"
            },
            "manifests": {
                "public": {
                    "gid": "1593820051144484658",
                    "size": "4508",
                    "download": "4080"
                }
            },
            "dlcappid": "3197140",
            "decryptionkey": ""
        },
        "3275168": {
            "config": {
                "language": "brazilian"
            },
            "manifests": {
                "public": {
                    "gid": "8305677704026046640",
                    "size": "3844",
                    "download": "3504"
                }
            },
            "dlcappid": "3197140",
            "decryptionkey": ""
        },
        "branches": {
            "public": {
                "buildid": "15957130",
                "timeupdated": "1731607226"
            }
        },
        "privatebranches": "1"
    }
}