{
    "appid": "3141670",
    "type": "Demo",
    "name": "漂流佣兵 Demo",
    "schinese_name": "漂流佣兵 Demo",
    "isfreeapp": "0",
    "change_number": "24760577",
    "update_time": "2024-08-13 13:27:45",
    "depot": {
        "3141671": {
            "manifests": {
                "public": {
                    "gid": "3569716362861333172",
                    "size": "710413743",
                    "download": "613923344"
                }
            },
            "decryptionkey": "594b438b5dcdba0c1dc833577d71e1c4f6ab1188cd6f9728e7d18b8aea365931"
        },
        "branches": {
            "public": {
                "buildid": "15350532",
                "timeupdated": "1723524437"
            }
        }
    }
}