{
    "appid": "2973600",
    "type": "Demo",
    "name": "茜色 Demo",
    "schinese_name": "",
    "isfreeapp": "0",
    "change_number": "25269390",
    "update_time": "2024-09-18 06:39:58",
    "depot": {
        "2973601": {
            "manifests": {
                "public": {
                    "gid": "6751552232235884065",
                    "size": "575817532",
                    "download": "395265504"
                }
            },
            "decryptionkey": "5874d74a0275006b6110d09f59636918930e2f28a3860c1a2c8f87260ed7ff94"
        },
        "branches": {
            "public": {
                "buildid": "14243344",
                "timeupdated": "1714749996"
            }
        }
    }
}