{
    "appid": "3168700",
    "type": "Demo",
    "name": "Kemopop! Demo",
    "schinese_name": "",
    "isfreeapp": "0",
    "change_number": "27488441",
    "update_time": "2025-02-15 07:05:41",
    "depot": {
        "3168701": {
            "config": {
                "oslist": "windows",
                "osarch": "64"
            },
            "manifests": {
                "public": {
                    "gid": "9211198650179970376",
                    "size": "513215964",
                    "download": "457088608"
                },
                "beta": {
                    "gid": "4561210042861393025",
                    "size": "517835996",
                    "download": "461917520"
                }
            },
            "decryptionkey": "edcb7482204cd1719f43cf17eb3415bceb7e4a39d641769eef595165fa5ab899"
        },
        "3168702": {
            "config": {
                "oslist": "linux",
                "osarch": "64"
            },
            "manifests": {
                "public": {
                    "gid": "998571922347954145",
                    "size": "519810756",
                    "download": "458814432"
                },
                "beta": {
                    "gid": "6622396247561935382",
                    "size": "524430788",
                    "download": "463643344"
                }
            },
            "decryptionkey": ""
        },
        "3168703": {
            "config": {
                "oslist": "macos"
            },
            "manifests": {
                "public": {
                    "gid": "4928098863472059202",
                    "size": "584758026",
                    "download": "472017248"
                },
                "beta": {
                    "gid": "9139888545718011440",
                    "size": "589378058",
                    "download": "476846832"
                }
            },
            "decryptionkey": ""
        },
        "branches": {
            "public": {
                "buildid": "17315267",
                "timeupdated": "1739239910"
            },
            "beta": {
                "buildid": "17373210",
                "description": "Live distribution staging branch",
                "timeupdated": "1739574336"
            }
        }
    }
}