{
    "appid": "3006630",
    "type": "Game",
    "name": "Loser Simulator",
    "schinese_name": "",
    "isfreeapp": "0",
    "change_number": "29015726",
    "update_time": "2025-05-16 11:06:49",
    "depot": {
        "228989": {
            "config": {
                "oslist": "windows"
            },
            "depotfromapp": "228980",
            "sharedinstall": "1"
        },
        "228990": {
            "config": {
                "oslist": "windows"
            },
            "depotfromapp": "228980",
            "sharedinstall": "1"
        },
        "3006631": {
            "manifests": {
                "public": {
                    "gid": "5551467096623794386",
                    "size": "2603830431",
                    "download": "1074617472"
                }
            },
            "decryptionkey": "5d3728ab6b863c0debd90a159a6e3151c96c004cdd252a2361fc8e16c4462497"
        },
        "baselanguages": "english,schinese,russian,japanese",
        "branches": {
            "public": {
                "buildid": "14850560",
                "timeupdated": "1719437633"
            }
        }
    }
}