{
    "appid": "3204890",
    "type": "Demo",
    "name": "Respark Demo",
    "schinese_name": "",
    "isfreeapp": "0",
    "change_number": "26311172",
    "update_time": "2024-12-04 22:46:51",
    "depot": {
        "3204891": {
            "config": {
                "oslist": "windows",
                "osarch": "64"
            },
            "manifests": {
                "public": {
                    "gid": "1500573165602753241",
                    "size": "522781179",
                    "download": "141597648"
                }
            },
            "decryptionkey": "6d2f1be4231a360664b8782baf7996433bf22c81cf4a827302776a6c0f76ab39"
        },
        "3204892": {
            "config": {
                "oslist": "macos",
                "osarch": "64"
            },
            "manifests": {
                "public": {
                    "gid": "3700239909997062915",
                    "size": "517326888",
                    "download": "139966976"
                }
            },
            "decryptionkey": ""
        },
        "baselanguages": "japanese",
        "branches": {
            "public": {
                "buildid": "16495950",
                "timeupdated": "1732253123"
            }
        }
    }
}