{
    "appid": "3272110",
    "type": "Game",
    "name": "Mystic Rest Stop",
    "schinese_name": "",
    "isfreeapp": "0",
    "change_number": "28578017",
    "update_time": "2025-04-21 11:58:29",
    "depot": {
        "228989": {
            "config": {
                "oslist": "windows"
            },
            "depotfromapp": "228980",
            "sharedinstall": "1"
        },
        "228990": {
            "config": {
                "oslist": "windows"
            },
            "depotfromapp": "228980",
            "sharedinstall": "1"
        },
        "3272111": {
            "manifests": {
                "public": {
                    "gid": "1074968736759225980",
                    "size": "4267614714",
                    "download": "4025620736"
                }
            },
            "decryptionkey": "50f934f86bb0909d4e11f77e3926fd54320d82ee2bcf80e1d602fb2eb882201f"
        },
        "branches": {
            "public": {
                "buildid": "17797820",
                "timeupdated": "1742490871"
            }
        }
    }
}