{
    "appid": "3010400",
    "type": "Demo",
    "name": "灾厄黑龙与谎言公主 Demo",
    "schinese_name": "",
    "isfreeapp": "0",
    "change_number": "26279937",
    "update_time": "2024-11-20 21:06:48",
    "depot": {
        "baselanguages": "schinese",
        "3010401": {
            "manifests": {
                "public": {
                    "gid": "8861573705653274236",
                    "size": "360750101",
                    "download": "278584192"
                }
            },
            "decryptionkey": "1c639c072ce4613abe0a4f8e446e076d340ca35d470ddcd5bbceb2e01919aa95"
        },
        "3010402": {
            "manifests": {
                "public": {
                    "gid": "3663175114375102668",
                    "size": "348243050",
                    "download": "274001184"
                }
            },
            "decryptionkey": ""
        },
        "branches": {
            "public": {
                "buildid": "16472640",
                "timeupdated": "1732108002"
            }
        }
    }
}