{
    "appid": "3179730",
    "type": "Game",
    "name": "Deck of Haunts",
    "schinese_name": "《幽室鬼牌》（Deck of Haunts）",
    "isfreeapp": "0",
    "change_number": "29045403",
    "update_time": "2025-05-18 10:13:35",
    "depot": {
        "228989": {
            "config": {
                "oslist": "windows"
            },
            "depotfromapp": "228980",
            "sharedinstall": "1"
        },
        "228990": {
            "config": {
                "oslist": "windows"
            },
            "depotfromapp": "228980",
            "sharedinstall": "1"
        },
        "3179731": {
            "manifests": {
                "public": {
                    "gid": "1978919139869641268",
                    "size": "1176827588",
                    "download": "1035009536"
                }
            },
            "decryptionkey": "91d2eed03b2cc6817cc2329b211f66b067b0bba3941763d1852e02eb8f56e970"
        },
        "branches": {
            "public": {
                "buildid": "18475606",
                "timeupdated": "1747311348"
            }
        },
        "privatebranches": "1"
    }
}