{
    "appid": "3097920",
    "type": "Demo",
    "name": "Aotenjo Demo",
    "schinese_name": "青天井 Demo",
    "isfreeapp": "0",
    "change_number": "27271783",
    "update_time": "2025-02-02 05:09:08",
    "depot": {
        "3097921": {
            "config": {
                "oslist": "windows"
            },
            "manifests": {
                "public": {
                    "gid": "2267693842659856812",
                    "size": "212393768",
                    "download": "39434736"
                },
                "legacy": {
                    "gid": "3995046225077220154",
                    "size": "181071837",
                    "download": "39520704"
                }
            },
            "decryptionkey": "5aea4a97542233b3d3ee9357ee68a6cc6e11c35873da3e30fe5dcb1613110d58"
        },
        "3097922": {
            "config": {
                "oslist": "macos"
            },
            "manifests": {
                "public": {
                    "gid": "2363507140388139150",
                    "size": "233191740",
                    "download": "49301616"
                },
                "legacy": {
                    "gid": "2363507140388139150",
                    "size": "233191740",
                    "download": "49301616"
                }
            },
            "decryptionkey": ""
        },
        "branches": {
            "public": {
                "buildid": "16151145",
                "timeupdated": "1729689063"
            },
            "legacy": {
                "buildid": "16044600",
                "description": "legacy 0.1.14 branch",
                "timeupdated": "1728950206"
            }
        },
        "privatebranches": "1"
    }
}