{
    "appid": "3370700",
    "type": "Demo",
    "name": "EAGLE : Special Forces Demo",
    "schinese_name": "",
    "isfreeapp": "0",
    "change_number": "27386270",
    "update_time": "2025-02-09 18:16:54",
    "depot": {
        "3370701": {
            "config": {
                "oslist": "windows",
                "osarch": "64"
            },
            "manifests": {
                "public": {
                    "gid": "4523326481505988825",
                    "size": "390692752",
                    "download": "161262496"
                }
            },
            "decryptionkey": "ab3fcc68db9acf1f4f7a69b131fd2d6e78dbbead88d943cd1720fd3f9e92f717"
        },
        "3370702": {
            "config": {
                "oslist": "macos"
            },
            "manifests": {
                "public": {
                    "gid": "5890006356834858431",
                    "size": "846720192",
                    "download": "236234752"
                }
            },
            "decryptionkey": ""
        },
        "3370703": {
            "config": {
                "oslist": "windows",
                "osarch": "32"
            },
            "manifests": {
                "public": {
                    "gid": "8702726124401354029",
                    "size": "346570525",
                    "download": "153278048"
                }
            },
            "decryptionkey": ""
        },
        "branches": {
            "public": {
                "buildid": "16818769",
                "timeupdated": "1734727135"
            }
        }
    }
}