{
    "appid": "3112480",
    "type": "Demo",
    "name": "Drop Duchy Demo",
    "schinese_name": "方块公国试玩版",
    "isfreeapp": "0",
    "change_number": "28823559",
    "update_time": "2025-05-05 22:06:25",
    "depot": {
        "228989": {
            "config": {
                "oslist": "windows"
            },
            "depotfromapp": "228980",
            "sharedinstall": "1"
        },
        "228990": {
            "config": {
                "oslist": "windows"
            },
            "depotfromapp": "228980",
            "sharedinstall": "1"
        },
        "3112481": {
            "manifests": {
                "public": {
                    "gid": "3003987333598068879",
                    "size": "1471818062",
                    "download": "1193606368"
                }
            },
            "decryptionkey": "310e7da4cc49bfa0df0ead64b54f13c9bcc229dbcfa5d24a2eee72a47a824019"
        },
        "branches": {
            "public": {
                "buildid": "17309182",
                "timeupdated": "1739804349"
            }
        },
        "privatebranches": "1"
    }
}