{
    "appid": "2942990",
    "type": "DLC",
    "name": "JR EAST Train Simulator: Oga Line (Akita to Oga) EV-E801 series",
    "schinese_name": "",
    "isfreeapp": "0",
    "change_number": "27534149",
    "update_time": "2025-02-18 20:38:07",
    "depot": {
        "2942991": {
            "manifests": {
                "public": {
                    "gid": "8065202765666872435",
                    "size": "442046576",
                    "download": "239317296"
                }
            },
            "dlcappid": "2942990",
            "decryptionkey": "27fd1b95c747c8ae2748464e74138d211029633b72465eff4b55be3a9b11a0b4"
        },
        "2942992": {
            "manifests": {
                "public": {
                    "gid": "1783554084171407379",
                    "size": "10355143952",
                    "download": "10496832192"
                }
            },
            "dlcappid": "2942990",
            "decryptionkey": "9a920743173e84411c99540db69c012ac0c38dd5cd52d61324d35d3238853c20"
        },
        "branches": {
            "public": {
                "buildid": "15738275",
                "timeupdated": "1727156729"
            }
        }
    }
}