{
    "appid": "3164780",
    "type": "Demo",
    "name": "Castaway Hand Demo",
    "schinese_name": "孤岛求生 试玩版",
    "isfreeapp": "0",
    "change_number": "26811782",
    "update_time": "2024-12-30 02:52:48",
    "depot": {
        "3164781": {
            "manifests": {
                "public": {
                    "gid": "2367816414094154926",
                    "size": "510308255",
                    "download": "172506432"
                }
            },
            "decryptionkey": "21babd51cc3f93ba4df5e548daf07745eb5fbd3975e0ec0dbb377f56f8abc42d"
        },
        "branches": {
            "public": {
                "buildid": "16796739",
                "timeupdated": "1734590346"
            }
        }
    }
}