{
    "appid": "3417900",
    "type": "Game",
    "name": "Mine & Slash",
    "schinese_name": "",
    "isfreeapp": "0",
    "change_number": "29002957",
    "update_time": "2025-05-15 21:12:21",
    "depot": {
        "baselanguages": "english,german,french,italian,koreana,spanish,schinese,russian,japanese,portuguese,turkish",
        "3417901": {
            "config": {
                "oslist": "windows"
            },
            "manifests": {
                "public": {
                    "gid": "2217625243370092341",
                    "size": "923152937",
                    "download": "668646768"
                }
            },
            "decryptionkey": "dd9f175e96c14532349deb6430c864bf94192baf1760662e05c8acea8505434b"
        },
        "3417902": {
            "config": {
                "oslist": "linux"
            },
            "manifests": {
                "public": {
                    "gid": "4535487220264385105",
                    "size": "948849395",
                    "download": "691159424"
                }
            }
        },
        "3417903": {
            "config": {
                "oslist": "macos"
            },
            "manifests": {
                "public": {
                    "gid": "4143506186729440029",
                    "size": "909610071",
                    "download": "667090800"
                }
            }
        },
        "branches": {
            "public": {
                "buildid": "18473774",
                "timeupdated": "1747308899"
            }
        },
        "privatebranches": "1"
    }
}