{
    "appid": "2986370",
    "type": "Game",
    "name": "Food Delivery Simulator",
    "schinese_name": "送餐模拟器",
    "isfreeapp": "0",
    "change_number": "29047829",
    "update_time": "2025-05-18 18:15:20",
    "depot": {
        "baselanguages": "english",
        "2986372": {
            "manifests": {
                "public": {
                    "gid": "2153596004287665005",
                    "size": "2479823016",
                    "download": "811340624"
                }
            },
            "decryptionkey": "3c33608cb0e40db3a3b700286443175881b1b14cc8fd17721e09a50c570791fc"
        },
        "branches": {
            "public": {
                "buildid": "18320830",
                "timeupdated": "1746185465"
            }
        }
    }
}