{
    "appid": "3057290",
    "type": "Game",
    "name": "Furry Adventure Club and the Holy Grail",
    "schinese_name": "",
    "isfreeapp": "0",
    "change_number": "28798605",
    "update_time": "2025-05-03 16:30:24",
    "depot": {
        "3057291": {
            "manifests": {
                "public": {
                    "gid": "2938896088768908595",
                    "size": "618680966",
                    "download": "489867488"
                }
            },
            "decryptionkey": "728aa49b1fe454fa72a413bcb66ed683a59cf32f6151b70810ddce0dd2399c98"
        },
        "3332610": {
            "dlcappid": "3332610",
            "manifests": {
                "public": {
                    "gid": "3047163867676893312",
                    "size": "3084675",
                    "download": "2561216"
                }
            },
            "decryptionkey": "74ced397e8500bf263fd75722ca69bfa9b9315935cbe5f9e81a72b809f194a47"
        },
        "3358050": {
            "dlcappid": "3358050",
            "manifests": {
                "public": {
                    "gid": "6876010182932674012",
                    "size": "640707363",
                    "download": "508841696"
                }
            },
            "decryptionkey": "02a894f94e0da123bdaa0ccf1e94009b3d5de9bab6c14627dfb67dd30e92193a"
        },
        "branches": {
            "public": {
                "buildid": "17727534",
                "timeupdated": "1741966509"
            }
        }
    }
}