{
    "appid": "3561890",
    "type": "Music",
    "name": "Yokai Landlord: Monster Mystery! Soundtrack",
    "schinese_name": "哎呀哎呀？房东呀！Soundtrack",
    "isfreeapp": "0",
    "change_number": "28736706",
    "update_time": "2025-04-30 06:18:38",
    "depot": {
        "3561891": {
            "manifests": {
                "public": {
                    "gid": "8622514688290094316",
                    "size": "84359570",
                    "download": "76701936"
                }
            },
            "decryptionkey": "3f0abe2c170620fff34c954adb08c57c656f93b9e6be9ce06a56b89fa7a67c46"
        },
        "branches": {
            "public": {
                "buildid": "18094208",
                "timeupdated": "1744602455"
            }
        }
    }
}