{
    "appid": "3224750",
    "type": "Demo",
    "name": "Slot & Dungeons Demo",
    "schinese_name": "",
    "isfreeapp": "0",
    "change_number": "27492577",
    "update_time": "2025-02-15 16:56:56",
    "depot": {
        "baselanguages": "english",
        "3224751": {
            "manifests": {
                "public": {
                    "gid": "4108392224006710480",
                    "size": "234456712",
                    "download": "142531568"
                }
            },
            "decryptionkey": "f8fc8bb7e5751c6b7f62f46a914f17614e3a64383959bf9f75bb47688793acb9"
        },
        "branches": {
            "public": {
                "buildid": "17023174",
                "timeupdated": "1737014680"
            }
        },
        "privatebranches": "1"
    }
}