{
    "appid": "3130340",
    "type": "Game",
    "name": "Bean There Won That",
    "schinese_name": "",
    "isfreeapp": "0",
    "change_number": "28488766",
    "update_time": "2025-04-15 22:16:58",
    "depot": {
        "3130341": {
            "config": {
                "oslist": "windows"
            },
            "manifests": {
                "public": {
                    "gid": "9043590104824059656",
                    "size": "4989680049",
                    "download": "1535097264"
                }
            },
            "decryptionkey": "190b87105d9faa50fac50e3247d057fa8b9a6710be90788892ec4655851f3b70"
        },
        "branches": {
            "public": {
                "buildid": "18113273",
                "timeupdated": "1744726612"
            }
        },
        "privatebranches": "1"
    }
}