{
    "appid": "3110170",
    "type": "Demo",
    "name": "Going Dark Demo",
    "schinese_name": "",
    "isfreeapp": "0",
    "change_number": "29021135",
    "update_time": "2025-05-16 17:42:34",
    "depot": {
        "228989": {
            "config": {
                "oslist": "windows"
            },
            "depotfromapp": "228980",
            "sharedinstall": "1"
        },
        "228990": {
            "config": {
                "oslist": "windows"
            },
            "depotfromapp": "228980",
            "sharedinstall": "1"
        },
        "3110171": {
            "config": {
                "oslist": "windows",
                "osarch": "64"
            },
            "manifests": {
                "public": {
                    "gid": "8909919157043963697",
                    "size": "442755385",
                    "download": "283480288"
                }
            },
            "decryptionkey": "762b3af286a57686caf51277f68b7efdf3338297beb8da43c62744320ca84cd4"
        },
        "baselanguages": "english",
        "branches": {
            "public": {
                "buildid": "18167060",
                "timeupdated": "1745066542"
            }
        },
        "privatebranches": "1"
    }
}