{
    "appid": "3062900",
    "type": "DLC",
    "name": "RPG Maker MZ - KR Flower Forest Tileset",
    "schinese_name": "",
    "isfreeapp": "0",
    "change_number": "24513976",
    "update_time": "2024-07-26 03:57:34",
    "depot": {
        "3062900": {
            "manifests": {
                "public": {
                    "gid": "5871190982609668219",
                    "size": "5461760",
                    "download": "5414720"
                }
            },
            "dlcappid": "3062900",
            "decryptionkey": "52b5cc4bfd6e98763aaeb91b85e8fbb7e16db8d0f940ab42d86dbeb5eee9bbb3"
        },
        "branches": {
            "public": {
                "buildid": "15113884",
                "timeupdated": "1721662978"
            }
        }
    }
}