{
    "appid": "3278780",
    "type": "Music",
    "name": "プトリカ 1st.cut:The Reason She Must Perish Soundtrack",
    "schinese_name": "",
    "isfreeapp": "0",
    "change_number": "26270128",
    "update_time": "2024-11-20 07:24:49",
    "depot": {
        "3278781": {
            "manifests": {
                "public": {
                    "gid": "7599324783567760974",
                    "size": "159958548",
                    "download": "134463216"
                }
            },
            "decryptionkey": "7df5a5672fbe8a7ee1deeda7bd2c0661f3318ff87d7d895dddd716422eff4f38"
        },
        "3278782": {
            "config": {
                "highqualityaudio": "1"
            },
            "manifests": {
                "public": {
                    "gid": "8564596214426363000",
                    "size": "705762080",
                    "download": "623459648"
                }
            },
            "decryptionkey": "16f0ea71483eaac36959c0661a44ef734cbd11943222a16b9b7823dd04aa3c65"
        },
        "branches": {
            "public": {
                "buildid": "16019723",
                "timeupdated": "1728726875"
            }
        }
    }
}