{
    "appid": "3389630",
    "type": "Demo",
    "name": "我的时光：大学日记 Demo",
    "schinese_name": "",
    "isfreeapp": "0",
    "change_number": "27732098",
    "update_time": "2025-03-01 18:47:28",
    "depot": {
        "3389631": {
            "config": {
                "oslist": "windows",
                "osarch": "64"
            },
            "manifests": {
                "public": {
                    "gid": "4979013903625306886",
                    "size": "10843373025",
                    "download": "1783824272"
                }
            },
            "decryptionkey": "ab402ced9533047090410bfbcd7abd8b69a79804bffa838c68ebb5bbae5fe417"
        },
        "3389632": {
            "config": {
                "oslist": "windows",
                "osarch": "32"
            },
            "manifests": {
                "public": {
                    "gid": "1842374195413818332",
                    "size": "10835888760",
                    "download": "1781206016"
                }
            },
            "decryptionkey": ""
        },
        "3389633": {
            "config": {
                "oslist": "macos"
            },
            "manifests": {
                "public": {
                    "gid": "4056167351751035256",
                    "size": "10869929146",
                    "download": "1791571616"
                }
            },
            "decryptionkey": ""
        },
        "hasdepotsindlc": "1",
        "baselanguages": "schinese",
        "branches": {
            "public": {
                "buildid": "17276620",
                "timeupdated": "1738908553"
            }
        }
    }
}