{
    "appid": "3483400",
    "type": "DLC",
    "name": "ARK: Astraeos",
    "schinese_name": "",
    "isfreeapp": "0",
    "change_number": "29046768",
    "update_time": "2025-05-18 15:18:58",
    "depot": {
        "3483400": {
            "dlcappid": "3483400",
            "manifests": {
                "public": {
                    "gid": "3088328032575383394",
                    "size": "6202570557",
                    "download": "5654125040"
                }
            },
            "decryptionkey": "8f2706fe64f86426091cbb9a23dedbc3ec0c53a78877abb9b549edded5f436ea"
        },
        "branches": {
            "public": {
                "buildid": "18409558",
                "timeupdated": "1746835637"
            }
        },
        "privatebranches": "1"
    }
}