{
    "appid": "3564980",
    "type": "Music",
    "name": "Touhou Hero of Ice Fairy - Rose Idol Soundtrack (feat. 本墨置子)",
    "schinese_name": "东方冰之勇者记 - 蔷薇偶像 OST原声音乐集 (feat. 本墨置子)",
    "isfreeapp": "0",
    "change_number": "29017040",
    "update_time": "2025-05-16 13:20:46",
    "depot": {
        "3564981": {
            "config": {
                "highqualityaudio": "1"
            },
            "manifests": {
                "public": {
                    "gid": "7045041922014275966",
                    "size": "1138478918",
                    "download": "1112392576"
                }
            },
            "decryptionkey": "b2f86ebf5c98143c7d7bdf50b307dc0d37ae106406dce8e709360ffb2ef74398"
        },
        "3564982": {
            "manifests": {
                "public": {
                    "gid": "3432518029956572564",
                    "size": "84141039",
                    "download": "83501936"
                }
            },
            "decryptionkey": "9394f54c951c13e1b25d87e39aad7810789bfe0e3203366cfe05a0b10a2dc480"
        },
        "branches": {
            "public": {
                "buildid": "17935422",
                "timeupdated": "1743490992"
            }
        }
    }
}