{
    "appid": "3251630",
    "type": "Demo",
    "name": "UpRunner Demo",
    "schinese_name": "",
    "isfreeapp": "0",
    "change_number": "25724239",
    "update_time": "2024-10-15 16:25:27",
    "depot": {
        "baselanguages": "english,german,french,italian,koreana,spanish,schinese,russian,thai,japanese,portuguese,polish,dutch,swedish,turkish,arabic,vietnamese",
        "3251631": {
            "config": {
                "oslist": "windows",
                "osarch": "64"
            },
            "manifests": {
                "public": {
                    "gid": "2169637313342529870",
                    "size": "286561691",
                    "download": "91353856"
                }
            },
            "decryptionkey": "269dce285cb6f2ae0062231d81a30de9d120363c1591ab19ac897cc3f9088cec"
        },
        "3251632": {
            "config": {
                "oslist": "linux"
            },
            "manifests": {
                "public": {
                    "gid": "4519406627436692479",
                    "size": "112115853",
                    "download": "112563264"
                }
            },
            "decryptionkey": ""
        },
        "branches": {
            "public": {
                "buildid": "15899971",
                "timeupdated": "1727859527"
            }
        }
    }
}