{
    "appid": "3432160",
    "type": "Game",
    "name": "囍",
    "schinese_name": "囍",
    "isfreeapp": "0",
    "change_number": "29044412",
    "update_time": "2025-05-18 07:11:33",
    "depot": {
        "3432161": {
            "manifests": {
                "public": {
                    "gid": "2365972727775545148",
                    "size": "1553604814",
                    "download": "1071718720"
                }
            },
            "decryptionkey": "26325d312f43f98b24c81286dcdb81267c0655cae533592259b791c2d5809d42"
        },
        "branches": {
            "public": {
                "buildid": "18396871",
                "timeupdated": "1746754485"
            }
        }
    }
}