{
    "appid": "3587380",
    "type": "DLC",
    "name": "KAISERPUNK - Supporter Pack",
    "schinese_name": "",
    "isfreeapp": "0",
    "change_number": "28984756",
    "update_time": "2025-05-15 00:03:15",
    "depot": {
        "3587380": {
            "dlcappid": "3587380",
            "manifests": {
                "public": {
                    "gid": "5204301460403512729",
                    "size": "0",
                    "download": "0"
                }
            },
            "decryptionkey": "6a475cee5719f87e97601b3387cfef5bc4f300e044aec62737bdde1f22de2a4f"
        },
        "3587381": {
            "manifests": {
                "public": {
                    "gid": "8840582753010957939",
                    "size": "45883301",
                    "download": "41851952"
                }
            },
            "dlcappid": "3587380",
            "decryptionkey": "36fce335c938e7a5d6dc60d0da4c77e28dc145b3c7975a05e88390f1c9eede33"
        },
        "branches": {
            "public": {
                "buildid": "18462513",
                "timeupdated": "1747238482"
            }
        },
        "privatebranches": "1"
    }
}