{
    "appid": "3468270",
    "type": "Game",
    "name": "Tape Denial",
    "schinese_name": "",
    "isfreeapp": "0",
    "change_number": "27851602",
    "update_time": "2025-03-08 23:09:24",
    "depot": {
        "3468271": {
            "manifests": {
                "public": {
                    "gid": "6887403370707394191",
                    "size": "9144598599",
                    "download": "5790354112"
                }
            },
            "decryptionkey": "4c14604b88f42e106ba4ab616f4a7d4942e546492c3a6e177e44c77c05cfe3a8"
        },
        "branches": {
            "public": {
                "buildid": "17406465",
                "timeupdated": "1739878941"
            }
        }
    }
}