{
    "appid": "3688420",
    "type": "Game",
    "name": "Brainrot: Animal Quizzes",
    "schinese_name": "",
    "isfreeapp": "0",
    "change_number": "28946630",
    "update_time": "2025-05-13 03:50:17",
    "depot": {
        "3688421": {
            "manifests": {
                "public": {
                    "gid": "7823694427256762523",
                    "size": "1232263148",
                    "download": "499551584"
                }
            },
            "decryptionkey": "b2973a072c7c4463672129fff3d2b5e1c7b3c84d20c4ad5d22652659c0372ab4"
        },
        "baselanguages": "english,german,french,koreana,spanish,schinese,tchinese,russian,japanese",
        "branches": {
            "public": {
                "buildid": "18434288",
                "timeupdated": "1747079410"
            }
        }
    }
}