{
    "appid": "3451330",
    "type": "Game",
    "name": "Lady Knight Quest",
    "schinese_name": "淑女骑士大冒险",
    "isfreeapp": "0",
    "change_number": "28832978",
    "update_time": "2025-05-06 10:08:44",
    "depot": {
        "3451331": {
            "manifests": {
                "public": {
                    "gid": "8152183386542537452",
                    "size": "895312469",
                    "download": "685969776"
                }
            },
            "decryptionkey": "bcbaa19f1515b2543246d924ec58b070fe5a669b1c93e7b924ba0dfbe7aa0189"
        },
        "3451332": {
            "config": {
                "language": "schinese"
            },
            "manifests": {
                "public": {
                    "gid": "7060023857910998426",
                    "size": "653938585",
                    "download": "615267712"
                }
            },
            "decryptionkey": "0d10d9f58205cde6a0a593f8abfd5356dbce90b9374bb0c80653a3d93c2e0e90"
        },
        "3451333": {
            "config": {
                "language": "japanese"
            },
            "manifests": {
                "public": {
                    "gid": "2712728049824300324",
                    "size": "637533355",
                    "download": "610841904"
                }
            },
            "decryptionkey": ""
        },
        "branches": {
            "public": {
                "buildid": "18106519",
                "timeupdated": "1744676575"
            }
        }
    }
}