{
    "appid": "2956730",
    "type": "Game",
    "name": "Desert Kingdoms 2",
    "schinese_name": "",
    "isfreeapp": "0",
    "change_number": "28913958",
    "update_time": "2025-05-10 12:32:48",
    "depot": {
        "2956731": {
            "manifests": {
                "public": {
                    "gid": "9072452123413271770",
                    "size": "156805736",
                    "download": "82743728"
                }
            },
            "decryptionkey": "eff167afe4f9329f9738b41b196cd2b8484ae9fbd83cc8723836e41cccee71af"
        },
        "branches": {
            "public": {
                "buildid": "16267317",
                "timeupdated": "1730481197"
            }
        }
    }
}