{
    "appid": "3365690",
    "type": "Music",
    "name": "FINAL FANTASY VII REMAKE INTERGRADE Original Soundtrack",
    "schinese_name": "",
    "isfreeapp": "0",
    "change_number": "28736706",
    "update_time": "2025-04-30 06:19:30",
    "depot": {
        "3365691": {
            "manifests": {
                "public": {
                    "gid": "4219983033002616196",
                    "size": "550318761",
                    "download": "498604128"
                }
            },
            "decryptionkey": "595b8379fecbb70f577632cd4551268aae9b01dffbf90fd224950d8d884a3ce6"
        },
        "branches": {
            "public": {
                "buildid": "16679556",
                "timeupdated": "1733743340"
            }
        }
    }
}