{
    "appid": "3129760",
    "type": "Game",
    "name": "101 Cats Hidden in Brazil",
    "schinese_name": "",
    "isfreeapp": "0",
    "change_number": "28693594",
    "update_time": "2025-04-27 23:54:04",
    "depot": {
        "3129761": {
            "manifests": {
                "public": {
                    "gid": "8160379238697132318",
                    "size": "633487467",
                    "download": "94877040"
                }
            },
            "decryptionkey": "8dc2476a9b86b6fa6211181c9d0dc1d1a1f8613b9a92ea0dd59ae53e28e869d2"
        },
        "branches": {
            "public": {
                "buildid": "15247543",
                "timeupdated": "1722654085"
            }
        }
    }
}