{
    "appid": "3259160",
    "type": "Demo",
    "name": "FREE DUROV Demo",
    "schinese_name": "",
    "isfreeapp": "0",
    "change_number": "27238709",
    "update_time": "2025-01-31 00:42:55",
    "depot": {
        "3259161": {
            "manifests": {
                "public": {
                    "gid": "356115705080659115",
                    "size": "392978342",
                    "download": "144888080"
                }
            },
            "decryptionkey": "f0860a34ee23e6e6790d82a373163a784e5f2ab009d1e81804ab7e816b737659"
        },
        "branches": {
            "public": {
                "buildid": "16122579",
                "timeupdated": "1729515969"
            }
        }
    }
}