{
    "appid": "3016540",
    "type": "Demo",
    "name": "僵尸2：噬魂咒 Demo",
    "schinese_name": "",
    "isfreeapp": "0",
    "change_number": "25851069",
    "update_time": "2024-10-23 13:10:34",
    "depot": {
        "228989": {
            "config": {
                "oslist": "windows"
            },
            "depotfromapp": "228980",
            "sharedinstall": "1"
        },
        "228990": {
            "config": {
                "oslist": "windows"
            },
            "depotfromapp": "228980",
            "sharedinstall": "1"
        },
        "3016541": {
            "manifests": {
                "public": {
                    "gid": "1693134317990327787",
                    "size": "3974181557",
                    "download": "3778724256"
                }
            },
            "decryptionkey": "ac29b82d404481fbb6474d2d2d0085e206c74ee316ec8d7212d8ce532ec07eee"
        },
        "branches": {
            "public": {
                "buildid": "15052253",
                "timeupdated": "1721150162"
            }
        }
    }
}