{
    "appid": "3169070",
    "type": "Game",
    "name": "Laundromat Simulator",
    "schinese_name": "",
    "isfreeapp": "0",
    "change_number": "29016345",
    "update_time": "2025-05-16 12:06:50",
    "depot": {
        "3169071": {
            "config": {
                "oslist": "windows"
            },
            "manifests": {
                "public": {
                    "gid": "7893553396539318320",
                    "size": "9042846127",
                    "download": "3221165840"
                }
            },
            "decryptionkey": "a477f05235d870350b5a6d027128e17ab9ef4ae18cb6dbcfa7b7685297d38d92"
        },
        "branches": {
            "public": {
                "buildid": "16586566",
                "timeupdated": "1732953958"
            }
        }
    }
}