{
    "appid": "3039270",
    "type": "Demo",
    "name": "Inventory Quest: Hero's Hoard Demo",
    "schinese_name": "",
    "isfreeapp": "0",
    "change_number": "25846781",
    "update_time": "2024-10-23 06:27:02",
    "depot": {
        "3039271": {
            "config": {
                "oslist": "windows"
            },
            "manifests": {
                "public": {
                    "gid": "4889469989281051370",
                    "size": "17387893",
                    "download": "7135856"
                }
            },
            "decryptionkey": "328c82423603d3f833d9639d008c42e66652019f9f2926343160856a446445aa"
        },
        "hasdepotsindlc": "0",
        "branches": {
            "public": {
                "buildid": "15955481",
                "timeupdated": "1728316105"
            }
        }
    }
}