{
    "appid": "2988410",
    "type": "Application",
    "name": "CompressorX",
    "schinese_name": "",
    "isfreeapp": "0",
    "change_number": "28994055",
    "update_time": "2025-05-15 11:12:39",
    "depot": {
        "2988411": {
            "manifests": {
                "public": {
                    "gid": "2112120305132919984",
                    "size": "61086724",
                    "download": "17772656"
                }
            },
            "decryptionkey": "a8b8b88825575721bf7cbc6384e15d6793288ac9c948a63632301834e4a890c2"
        },
        "branches": {
            "public": {
                "buildid": "15181436",
                "timeupdated": "1722219535"
            }
        }
    }
}