{
    "appid": "3365450",
    "type": "Game",
    "name": "A Regular Store",
    "schinese_name": "",
    "isfreeapp": "0",
    "change_number": "28854129",
    "update_time": "2025-05-07 12:11:23",
    "depot": {
        "228989": {
            "config": {
                "oslist": "windows"
            },
            "depotfromapp": "228980",
            "sharedinstall": "1"
        },
        "228990": {
            "config": {
                "oslist": "windows"
            },
            "depotfromapp": "228980",
            "sharedinstall": "1"
        },
        "3365451": {
            "config": {
                "language": "english",
                "oslist": "windows",
                "osarch": "64"
            },
            "manifests": {
                "public": {
                    "gid": "3057946598217469520",
                    "size": "7018192636",
                    "download": "6344226224"
                }
            },
            "decryptionkey": "74ef31cdc637d9fb2051b8419cde76cf8f1ed84990e4974c5ff29f11edf00697"
        },
        "branches": {
            "public": {
                "buildid": "17908598",
                "timeupdated": "1743240966"
            }
        }
    }
}