{
    "appid": "3067950",
    "type": "Game",
    "name": "皇帝麻将",
    "schinese_name": "",
    "isfreeapp": "0",
    "change_number": "29047091",
    "update_time": "2025-05-18 16:12:17",
    "depot": {
        "3067951": {
            "manifests": {
                "public": {
                    "gid": "2408823832259147953",
                    "size": "377323159",
                    "download": "160291712"
                }
            },
            "decryptionkey": "a010f40fb7ca2da5dcd250b854776a9611de8cd499466ae772a13c748c23137b"
        },
        "baselanguages": "schinese",
        "branches": {
            "public": {
                "buildid": "18488333",
                "timeupdated": "1747385575"
            }
        }
    }
}