{
    "appid": "3358160",
    "type": "DLC",
    "name": "WARRIORS: Abyss - NOBUNAGA'S AMBITION Yukimura Sanada Costume Set",
    "schinese_name": "无双深渊 - 《信长之野望・新生》真田幸村联动服装",
    "isfreeapp": "0",
    "change_number": "28658471",
    "update_time": "2025-04-25 12:14:03",
    "depot": {
        "3358160": {
            "manifests": {
                "public": {
                    "gid": "9189886800285596040",
                    "size": "4890896",
                    "download": "4888624"
                }
            },
            "dlcappid": "3358160",
            "decryptionkey": "92e45e04b2863544247f5e07ec54e39a35f2a27d0d234bfba0336d799a16f1f3"
        },
        "branches": {
            "public": {
                "buildid": "17759125",
                "timeupdated": "1742260211"
            }
        }
    }
}