{
    "appid": "3103010",
    "type": "Demo",
    "name": "Lost in Limbo Demo",
    "schinese_name": "",
    "isfreeapp": "0",
    "change_number": "27056896",
    "update_time": "2025-01-18 23:55:20",
    "depot": {
        "3103012": {
            "manifests": {
                "public": {
                    "gid": "7699475599544923424",
                    "size": "571144963",
                    "download": "423543632"
                }
            },
            "decryptionkey": "cf2d1c1533f6c1c9a53ff9ec3cc7f5413b2d7bee1065ef3aedb93375304f2444"
        },
        "branches": {
            "public": {
                "buildid": "15449081",
                "timeupdated": "1724252455"
            }
        }
    }
}