{
    "appid": "3150150",
    "type": "Game",
    "name": "幸存者联盟",
    "schinese_name": "",
    "isfreeapp": "0",
    "change_number": "25489866",
    "update_time": "2024-10-02 13:30:54",
    "depot": {
        "baselanguages": "english,schinese",
        "3150151": {
            "config": {
                "oslist": "windows",
                "osarch": "64"
            },
            "manifests": {
                "public": {
                    "gid": "2311087584541150719",
                    "size": "601175138",
                    "download": "122185600"
                }
            },
            "decryptionkey": "fbcc47c0f34c66e1c8c22187a38bd21712ce79c920c3b8efb22a03bfc600205f"
        },
        "branches": {
            "public": {
                "buildid": "15702041",
                "timeupdated": "1726325998"
            }
        }
    }
}