{
    "appid": "3013980",
    "type": "Game",
    "name": "The Day Of Survival",
    "schinese_name": "",
    "isfreeapp": "0",
    "change_number": "28610983",
    "update_time": "2025-04-23 07:21:54",
    "depot": {
        "228989": {
            "config": {
                "oslist": "windows"
            },
            "depotfromapp": "228980",
            "sharedinstall": "1"
        },
        "228990": {
            "config": {
                "oslist": "windows"
            },
            "depotfromapp": "228980",
            "sharedinstall": "1"
        },
        "3013981": {
            "config": {
                "oslist": "windows",
                "osarch": "64"
            },
            "manifests": {
                "public": {
                    "gid": "8696813040032038953",
                    "size": "8844909087",
                    "download": "8513947280"
                }
            },
            "decryptionkey": "e04912510b45392e29b5b04bc510a5c66c50d65ce6b3d2bf2b59f5d1cf476e35"
        },
        "baselanguages": "english",
        "hasdepotsindlc": "0",
        "branches": {
            "public": {
                "buildid": "17816215",
                "timeupdated": "1742601359"
            }
        }
    }
}