{
    "appid": "3265720",
    "type": "Demo",
    "name": "Soulers Demo",
    "schinese_name": "",
    "isfreeapp": "0",
    "change_number": "28924700",
    "update_time": "2025-05-11 18:33:36",
    "depot": {
        "228989": {
            "config": {
                "oslist": "windows"
            },
            "depotfromapp": "228980",
            "sharedinstall": "1"
        },
        "baselanguages": "english,koreana,schinese,japanese",
        "3265721": {
            "config": {
                "oslist": "windows"
            },
            "manifests": {
                "public": {
                    "gid": "9085749972827171784",
                    "size": "2908540617",
                    "download": "508674544"
                }
            },
            "decryptionkey": "d7c8366cd920615fa738a4c2d88958fe3ffe6a2f101701958eea04a6a15c9b78"
        },
        "3265723": {
            "config": {
                "oslist": "macos"
            },
            "manifests": {
                "public": {
                    "gid": "7638640511384920092",
                    "size": "2933106615",
                    "download": "516187920"
                }
            }
        },
        "branches": {
            "public": {
                "buildid": "17599199",
                "timeupdated": "1741150769"
            }
        },
        "privatebranches": "1"
    }
}