{
    "appid": "2985830",
    "type": "DLC",
    "name": "X-Angels Artbook",
    "schinese_name": "超能X天使 美术设定集",
    "isfreeapp": "0",
    "change_number": "24233339",
    "update_time": "2024-07-16 02:47:07",
    "depot": {
        "2985831": {
            "manifests": {
                "public": {
                    "gid": "6736205964061700057",
                    "size": "141247826",
                    "download": "121025936"
                }
            },
            "dlcappid": "2985830",
            "decryptionkey": "fc7387b77145e8a13c606bb675a613e7c3ed952df5555dce21df47f88d4ac9d9"
        },
        "branches": {
            "public": {
                "buildid": "14801677",
                "timeupdated": "1719026531"
            }
        }
    }
}