{
    "appid": "3257610",
    "type": "Demo",
    "name": "ToriDori 2 Demo",
    "schinese_name": "",
    "isfreeapp": "0",
    "change_number": "26106375",
    "update_time": "2024-11-08 19:20:43",
    "depot": {
        "3257611": {
            "config": {
                "oslist": "windows"
            },
            "manifests": {
                "public": {
                    "gid": "8540127169285052554",
                    "size": "169234256",
                    "download": "105649424"
                }
            },
            "decryptionkey": "7e6f36b3f70ecff70b613f94bd2a82ba7042865bf7d6246a27953e045394d947"
        },
        "3257612": {
            "config": {
                "oslist": "macos"
            },
            "manifests": {
                "public": {
                    "gid": "4327762670467165821",
                    "size": "193213546",
                    "download": "113171456"
                }
            },
            "decryptionkey": ""
        },
        "3257613": {
            "config": {
                "oslist": "linux"
            },
            "manifests": {
                "public": {
                    "gid": "2198788974443286346",
                    "size": "175273824",
                    "download": "108325744"
                }
            },
            "decryptionkey": ""
        },
        "branches": {
            "public": {
                "buildid": "15892399",
                "timeupdated": "1727805649"
            }
        }
    }
}