{
    "appid": "3110110",
    "type": "Demo",
    "name": "Separated Demo",
    "schinese_name": "",
    "isfreeapp": "0",
    "change_number": "27087112",
    "update_time": "2025-01-21 12:26:32",
    "depot": {
        "baselanguages": "english",
        "3110111": {
            "manifests": {
                "public": {
                    "gid": "5444350086360952017",
                    "size": "4088189515",
                    "download": "3883088096"
                }
            },
            "decryptionkey": "f1b571ee12775c4f26a9e34475b796353b1983942a1f5b1599d343f2fdb897c5"
        },
        "hasdepotsindlc": "0",
        "branches": {
            "public": {
                "buildid": "17072253",
                "timeupdated": "1737433218"
            }
        },
        "privatebranches": "1"
    }
}