{
    "appid": "2994100",
    "type": "Demo",
    "name": "Parasite Black Demo",
    "schinese_name": "",
    "isfreeapp": "0",
    "change_number": "25967789",
    "update_time": "2024-10-30 18:14:42",
    "depot": {
        "hasdepotsindlc": "0",
        "2994102": {
            "config": {
                "language": "english",
                "oslist": "windows,linux",
                "osarch": "64"
            },
            "manifests": {
                "public": {
                    "gid": "2252111360116738529",
                    "size": "759210459",
                    "download": "680918944"
                }
            },
            "decryptionkey": "3f0fd36805aaf8a2e220cce0dc8aae143db6d2427061b8cda1bf2c8d53faa331"
        },
        "2994103": {
            "config": {
                "language": "english",
                "oslist": "macos",
                "osarch": "64"
            },
            "manifests": {
                "public": {
                    "gid": "6157811758239220205",
                    "size": "746485962",
                    "download": "676087168"
                }
            },
            "decryptionkey": ""
        },
        "branches": {
            "public": {
                "buildid": "14650596",
                "timeupdated": "1717860044"
            }
        }
    }
}