{
    "appid": "2990410",
    "type": "Demo",
    "name": "都给我下地狱 Demo",
    "schinese_name": "都给我下地狱Demo",
    "isfreeapp": "0",
    "change_number": "24773461",
    "update_time": "2024-08-14 06:37:14",
    "depot": {
        "228989": {
            "config": {
                "oslist": "windows"
            },
            "depotfromapp": "228980",
            "sharedinstall": "1"
        },
        "228990": {
            "config": {
                "oslist": "windows"
            },
            "depotfromapp": "228980",
            "sharedinstall": "1"
        },
        "2990411": {
            "manifests": {
                "public": {
                    "gid": "2492906916359039789",
                    "size": "499634915",
                    "download": "60193360"
                }
            },
            "decryptionkey": "e00786e8ddfbb5bf769067c331207a91981a2c459ef308f144040a13f69519fb"
        },
        "baselanguages": "english,schinese",
        "branches": {
            "public": {
                "buildid": "14529884",
                "timeupdated": "1716969018"
            }
        }
    }
}