{
    "appid": "3312830",
    "type": "Demo",
    "name": "The Duchess Curse Demo",
    "schinese_name": "",
    "isfreeapp": "0",
    "change_number": "26202514",
    "update_time": "2024-11-15 07:52:15",
    "depot": {
        "228989": {
            "config": {
                "oslist": "windows"
            },
            "depotfromapp": "228980",
            "sharedinstall": "1"
        },
        "228990": {
            "config": {
                "oslist": "windows"
            },
            "depotfromapp": "228980",
            "sharedinstall": "1"
        },
        "3312831": {
            "config": {
                "language": "english",
                "oslist": "windows",
                "osarch": "64"
            },
            "manifests": {
                "public": {
                    "gid": "2837582102486388372",
                    "size": "3179066458",
                    "download": "2857795488"
                }
            },
            "decryptionkey": "5c096f2de2d6616981a66129151cbf320d46fafb51eead3693ab1c963696a304"
        },
        "branches": {
            "public": {
                "buildid": "16412815",
                "timeupdated": "1731627542"
            }
        }
    }
}