{
    "appid": "3132310",
    "type": "Game",
    "name": "Bondage Fighting Erotic RPG - Elpis Aegis -",
    "schinese_name": "拘束战斗色情RPG - 命运的厄尔庇斯 -",
    "isfreeapp": "0",
    "change_number": "29042053",
    "update_time": "2025-05-18 01:13:26",
    "depot": {
        "baselanguages": "english,schinese,tchinese,japanese",
        "3132311": {
            "config": {
                "oslist": "windows",
                "language": "english"
            },
            "manifests": {
                "public": {
                    "gid": "6678033072423031997",
                    "size": "599263459",
                    "download": "468750272"
                }
            },
            "decryptionkey": ""
        },
        "3132312": {
            "config": {
                "language": "schinese",
                "oslist": "windows"
            },
            "manifests": {
                "public": {
                    "gid": "1406854203412553114",
                    "size": "599263017",
                    "download": "468753136"
                }
            },
            "decryptionkey": "2c72ed5318bed2ac15048b1b1d68cf9a6edd229998a4aa09be64806ebed7b2be"
        },
        "3132313": {
            "config": {
                "language": "tchinese",
                "oslist": "windows"
            },
            "manifests": {
                "public": {
                    "gid": "4209558550850524490",
                    "size": "613703098",
                    "download": "477236320"
                }
            },
            "decryptionkey": ""
        },
        "3132314": {
            "config": {
                "language": "japanese",
                "oslist": "windows"
            },
            "manifests": {
                "public": {
                    "gid": "2173612507677630245",
                    "size": "599362788",
                    "download": "468756960"
                }
            },
            "decryptionkey": ""
        },
        "branches": {
            "public": {
                "buildid": "16651615",
                "timeupdated": "1733454217"
            }
        }
    }
}