{
    "appid": "3354500",
    "type": "DLC",
    "name": "Beat Saber - Metallica - Fade to Black",
    "schinese_name": "",
    "isfreeapp": "0",
    "change_number": "26577807",
    "update_time": "2024-12-10 23:44:14",
    "depot": {
        "3354500": {
            "manifests": {
                "public": {
                    "gid": "2927728479501190777",
                    "size": "23966403",
                    "download": "24294368"
                }
            },
            "dlcappid": "3354500",
            "decryptionkey": "6f73df8bbc26936f5f9ee9d3bf031b9cb96617d8f8004038c2d04c9f8b01b808"
        },
        "branches": {
            "public": {
                "buildid": "16539563",
                "timeupdated": "1732636491"
            }
        }
    }
}