{
    "appid": "3016130",
    "type": "Music",
    "name": "Scars of Mars - Original Soundtrack",
    "schinese_name": "",
    "isfreeapp": "0",
    "change_number": "24041580",
    "update_time": "2024-07-16 02:47:08",
    "depot": {
        "3016131": {
            "manifests": {
                "public": {
                    "gid": "2756430599652567089",
                    "size": "126190769",
                    "download": "124366048"
                }
            },
            "decryptionkey": "d15a6fb925e88689cf125108990b5123c351b62ad320933c29c4b8a00b295805"
        },
        "branches": {
            "public": {
                "buildid": "14608833",
                "timeupdated": "1717573613"
            }
        }
    }
}