{
    "appid": "3331000",
    "type": "Game",
    "name": "Retrowave 2",
    "schinese_name": "",
    "isfreeapp": "0",
    "change_number": "29040185",
    "update_time": "2025-05-17 21:13:50",
    "depot": {
        "3331001": {
            "manifests": {
                "public": {
                    "gid": "1338914547590933386",
                    "size": "4541402888",
                    "download": "1817930384"
                }
            },
            "decryptionkey": "a0428c138c350bf0bc84c8c8156bb309fac77ab030cdbadaf1416825c88b5477"
        },
        "branches": {
            "public": {
                "buildid": "17518467",
                "timeupdated": "1740591567"
            }
        }
    }
}