{
    "appid": "3113130",
    "type": "DLC",
    "name": "Ravenswatch - Digital Artbook",
    "schinese_name": "",
    "isfreeapp": "0",
    "change_number": "25412168",
    "update_time": "2024-09-27 03:29:44",
    "depot": {
        "3113130": {
            "manifests": {
                "public": {
                    "gid": "8098826225145136318",
                    "size": "122105513",
                    "download": "118270848"
                }
            },
            "dlcappid": "3113130",
            "decryptionkey": "d599bff2a5cf7c111a24f0fdceff1571f319bd064f49239e640c15c6356b8fd7"
        },
        "branches": {
            "public": {
                "buildid": "15714216",
                "timeupdated": "1726485889"
            }
        }
    }
}