{
    "appid": "3306900",
    "type": "Game",
    "name": "A Few Days With Emma",
    "schinese_name": "",
    "isfreeapp": "0",
    "change_number": "28885052",
    "update_time": "2025-05-08 23:30:46",
    "depot": {
        "3306901": {
            "manifests": {
                "public": {
                    "gid": "8042619051037657023",
                    "size": "321337655",
                    "download": "114350000"
                }
            },
            "decryptionkey": "bacac10f69c176de233db4dfff9771f8269f8149b26f574a05d9a7b55de1c7fe"
        },
        "branches": {
            "public": {
                "buildid": "16986999",
                "timeupdated": "1736772921"
            }
        },
        "privatebranches": "1"
    }
}