{
    "appid": "3205090",
    "type": "Game",
    "name": "Jumping Jack",
    "schinese_name": "",
    "isfreeapp": "1",
    "change_number": "28958620",
    "update_time": "2025-05-13 18:52:04",
    "depot": {
        "228990": {
            "config": {
                "oslist": "windows"
            },
            "depotfromapp": "228980",
            "sharedinstall": "1"
        },
        "3205091": {
            "config": {
                "oslist": "windows"
            },
            "manifests": {
                "public": {
                    "gid": "8995235137628480007",
                    "size": "2556297552",
                    "download": "637462448"
                }
            },
            "decryptionkey": "62aee060f159d1b8c772807d59346cb887b44d52b4a0cfabc73f85e5d0f41144"
        },
        "3205092": {
            "config": {
                "oslist": "windows"
            },
            "manifests": {}
        },
        "branches": {
            "public": {
                "buildid": "18443406",
                "timeupdated": "1747133519"
            }
        },
        "privatebranches": "1"
    }
}