{
    "appid": "3146150",
    "type": "Demo",
    "name": "Ant Guardians Demo",
    "schinese_name": "",
    "isfreeapp": "0",
    "change_number": "27219585",
    "update_time": "2025-01-29 23:10:47",
    "depot": {
        "3146151": {
            "manifests": {
                "public": {
                    "gid": "5604083426051448218",
                    "size": "282976306",
                    "download": "197295584"
                }
            },
            "decryptionkey": "f32470ffd239e7d7cdf399921907be74c0ee213021dbc580a83644ca916ad85c"
        },
        "branches": {
            "public": {
                "buildid": "16116640",
                "timeupdated": "1729473233"
            }
        }
    }
}