{
    "appid": "3509220",
    "type": "Demo",
    "name": "Neon Inferno Demo",
    "schinese_name": "",
    "isfreeapp": "0",
    "change_number": "27537821",
    "update_time": "2025-02-19 00:18:23",
    "depot": {
        "3509221": {
            "manifests": {
                "public": {
                    "gid": "7499640750485474067",
                    "size": "1090448298",
                    "download": "301184800"
                }
            },
            "decryptionkey": "7f09ff787aa0deb5f32e3ac952bdae91a94a2efe169d377bd99f62beefb08c62"
        },
        "branches": {
            "public": {
                "buildid": "17371232",
                "timeupdated": "1739561084"
            }
        }
    }
}