{
    "appid": "3562530",
    "type": "Game",
    "name": "主播之心",
    "schinese_name": "",
    "isfreeapp": "0",
    "change_number": "28926278",
    "update_time": "2025-05-11 22:33:06",
    "depot": {
        "3562531": {
            "config": {
                "oslist": "windows"
            },
            "manifests": {
                "public": {
                    "gid": "6745345482013875014",
                    "size": "325059858",
                    "download": "65740464"
                },
                "public_test": {
                    "gid": "6745345482013875014",
                    "size": "325059858",
                    "download": "65740464"
                }
            },
            "decryptionkey": "d482b3a57c0ee88ebad19f82c9786d6e6b9b3e9cda42465c9949afd5517b9fdb"
        },
        "3562532": {
            "config": {
                "oslist": "windows"
            },
            "manifests": {
                "public": {
                    "gid": "6414297668449590645",
                    "size": "1808075601",
                    "download": "1470735872"
                },
                "public_test": {
                    "gid": "6414297668449590645",
                    "size": "1808075601",
                    "download": "1470735872"
                }
            },
            "decryptionkey": "f8ac6abfeedac6ccfed3633fd00b5566f99d59959800c6601c1db04728508d8d"
        },
        "3562533": {
            "config": {
                "oslist": "windows"
            },
            "manifests": {
                "public": {
                    "gid": "6804411021134696060",
                    "size": "4468821",
                    "download": "1686832"
                },
                "public_test": {
                    "gid": "6804411021134696060",
                    "size": "4468821",
                    "download": "1686832"
                }
            },
            "decryptionkey": "9b152945f6b5bf942e87860556df53d10a40d6a24c30881553571171cd5fd4e5"
        },
        "3562534": {
            "manifests": {
                "public": {
                    "gid": "237087048085646399",
                    "size": "60360395025",
                    "download": "60328628416"
                },
                "public_test": {
                    "gid": "237087048085646399",
                    "size": "60360395025",
                    "download": "60328628416"
                }
            },
            "decryptionkey": "c73113d412c0a05e421d5430ecc9bc25254e1cd6f513fe95ba0939680cddd533"
        },
        "branches": {
            "public": {
                "buildid": "18279420",
                "timeupdated": "1745927532"
            },
            "public_test": {
                "buildid": "18279420",
                "description": "player test",
                "timeupdated": "1745927205"
            }
        },
        "privatebranches": "1"
    }
}