{
    "appid": "3079110",
    "type": "Game",
    "name": "谬撒牌",
    "schinese_name": "",
    "isfreeapp": "0",
    "change_number": "24605903",
    "update_time": "2024-08-01 20:43:44",
    "depot": {
        "3079111": {
            "manifests": {
                "public": {
                    "gid": "4073922008475464715",
                    "size": "265948336",
                    "download": "74181760"
                }
            },
            "decryptionkey": "75d4fbb328021ed5be705f6d3122bda9784c22a3bb6c50bc7838083817f70bb1"
        },
        "baselanguages": "",
        "branches": {
            "public": {
                "buildid": "15226758",
                "timeupdated": "1722516221"
            }
        }
    }
}