{
    "appid": "3560770",
    "type": "Music",
    "name": "Promise Mascot Agency Soundtrack - Side Ryo Koike",
    "schinese_name": "《达愿福神社》原声音乐：《Side Ryo Koike》",
    "isfreeapp": "0",
    "change_number": "29044402",
    "update_time": "2025-05-18 07:09:58",
    "depot": {
        "3560771": {
            "manifests": {
                "public": {
                    "gid": "1585336650088143020",
                    "size": "85752110",
                    "download": "85572416"
                }
            },
            "decryptionkey": "6a6efd18eb66ec9517a09b27d3d9f0c2351f82b4486a7914b842dd31d6003dc0"
        },
        "3560772": {
            "config": {
                "highqualityaudio": "1"
            },
            "manifests": {
                "public": {
                    "gid": "5513422247083704464",
                    "size": "377959912",
                    "download": "341904352"
                }
            },
            "decryptionkey": "59194679c381b2d8f6701ac2c36cca444a0f918044f739fe560a0ca244764d6e"
        },
        "branches": {
            "public": {
                "buildid": "17652766",
                "timeupdated": "1741527204"
            }
        }
    }
}