{
    "appid": "3181150",
    "type": "Game",
    "name": "Theater of Death",
    "schinese_name": "",
    "isfreeapp": "0",
    "change_number": "28520796",
    "update_time": "2025-04-17 11:11:14",
    "depot": {
        "228989": {
            "config": {
                "oslist": "windows"
            },
            "depotfromapp": "228980",
            "sharedinstall": "1"
        },
        "228990": {
            "config": {
                "oslist": "windows"
            },
            "depotfromapp": "228980",
            "sharedinstall": "1"
        },
        "3181151": {
            "manifests": {
                "public": {
                    "gid": "7411720813659644937",
                    "size": "2803193441",
                    "download": "2708688864"
                }
            },
            "decryptionkey": "85361eea0a2d82f9653c3b4a00c365429ece20fb82da8ec1098f30168f3c54c6"
        },
        "branches": {
            "public": {
                "buildid": "15438206",
                "timeupdated": "1724177863"
            }
        }
    }
}