{
    "appid": "3034120",
    "type": "Game",
    "name": "I am Sorry",
    "schinese_name": "",
    "isfreeapp": "0",
    "change_number": "28503452",
    "update_time": "2025-04-16 16:11:28",
    "depot": {
        "baselanguages": "english,koreana,schinese,tchinese,japanese",
        "3034121 ": {
            "sharedinstall": "",
            "config": {
                "oslist": "windows",
                "osarch": "64"
            }
        },
        "hasdepotsindlc": "0",
        "3034121": {
            "config": {
                "oslist": "windows",
                "osarch": "64"
            },
            "manifests": {
                "public": {
                    "gid": "2817140001896440728",
                    "size": "4566524140",
                    "download": "1754322096"
                }
            },
            "decryptionkey": "0c9ddfba09a4cd694dff06030a2350533085bb80307de27b29c23504f09c13ad"
        },
        "3034122": {
            "config": {
                "oslist": "windows",
                "osarch": "64"
            }
        },
        "branches": {
            "public": {
                "buildid": "15224080",
                "timeupdated": "1722501794"
            }
        }
    }
}