{
    "appid": "3414380",
    "type": "Demo",
    "name": "Don't Trust Demo",
    "schinese_name": "",
    "isfreeapp": "0",
    "change_number": "26778406",
    "update_time": "2024-12-25 12:53:34",
    "depot": {
        "3414381": {
            "manifests": {
                "public": {
                    "gid": "1162198208590075677",
                    "size": "350086394",
                    "download": "59660992"
                }
            },
            "decryptionkey": "76c56bf9b99a37f10664b0063da31d6ce1000f425c5ce3b150c4f6f13dcf5360"
        },
        "branches": {
            "public": {
                "buildid": "16777018",
                "timeupdated": "1734459967"
            }
        },
        "privatebranches": "1"
    }
}