{
    "appid": "3384180",
    "type": "Game",
    "name": "A Simple Garbage Sorting Game",
    "schinese_name": "一个简单的扔垃圾游戏",
    "isfreeapp": "0",
    "change_number": "28414754",
    "update_time": "2025-04-11 03:11:18",
    "depot": {
        "228989": {
            "config": {
                "oslist": "windows"
            },
            "depotfromapp": "228980",
            "sharedinstall": "1"
        },
        "228990": {
            "config": {
                "oslist": "windows"
            },
            "depotfromapp": "228980",
            "sharedinstall": "1"
        },
        "3384181": {
            "manifests": {
                "public": {
                    "gid": "1354387189152189880",
                    "size": "1676072541",
                    "download": "1514522160"
                }
            },
            "decryptionkey": "9ea8ac95aae465220264ff00ede6cd6ff84bc3ac45e72bb09512f0f779cc41ec"
        },
        "baselanguages": "english,german,french,italian,koreana,spanish,schinese,tchinese,russian,japanese,portuguese",
        "branches": {
            "public": {
                "buildid": "17657504",
                "timeupdated": "1741584316"
            }
        }
    }
}