{
    "appid": "3025290",
    "type": "Game",
    "name": "UNDERWARD",
    "schinese_name": "UNDERWARD: 运送实验怪物的人",
    "isfreeapp": "0",
    "change_number": "29018979",
    "update_time": "2025-05-16 15:44:27",
    "depot": {
        "228989": {
            "config": {
                "oslist": "windows"
            },
            "depotfromapp": "228980",
            "sharedinstall": "1"
        },
        "228990": {
            "config": {
                "oslist": "windows"
            },
            "depotfromapp": "228980",
            "sharedinstall": "1"
        },
        "baselanguages": "english,german,french,italian,koreana,spanish,schinese,tchinese,russian,japanese,brazilian",
        "3025291": {
            "config": {
                "oslist": "windows",
                "osarch": "64"
            },
            "manifests": {
                "public": {
                    "gid": "2283854896537593957",
                    "size": "8434488252",
                    "download": "6636267936"
                }
            },
            "decryptionkey": "8cbe99cf4196809afbd529cb0abf66e2898f3e6c4693ce21949d9fd01c7547e4"
        },
        "branches": {
            "public": {
                "buildid": "18453696",
                "timeupdated": "1747202139"
            }
        },
        "privatebranches": "1"
    }
}