{
    "appid": "3341100",
    "type": "Game",
    "name": "SWIFT STRIDERS",
    "schinese_name": "",
    "isfreeapp": "1",
    "change_number": "29029854",
    "update_time": "2025-05-17 01:42:13",
    "depot": {
        "228989": {
            "config": {
                "oslist": "windows"
            },
            "depotfromapp": "228980",
            "sharedinstall": "1"
        },
        "228990": {
            "config": {
                "oslist": "windows"
            },
            "depotfromapp": "228980",
            "sharedinstall": "1"
        },
        "3341101": {
            "manifests": {
                "public": {
                    "gid": "690282520330025693",
                    "size": "7422341878",
                    "download": "7178885360"
                }
            },
            "decryptionkey": "b9f1a89759d83c362b2a32c021eca9a9dbcb5c91ecebde59acfba17c94d89c6a"
        },
        "branches": {
            "public": {
                "buildid": "16942825",
                "timeupdated": "1736362073"
            }
        }
    }
}