{
    "appid": "3277380",
    "type": "Demo",
    "name": "Where wh..? Demo",
    "schinese_name": "何处 Demo",
    "isfreeapp": "0",
    "change_number": "26484219",
    "update_time": "2024-12-05 08:23:57",
    "depot": {
        "3277381": {
            "manifests": {
                "public": {
                    "gid": "6001580382012226906",
                    "size": "408248919",
                    "download": "222534880"
                }
            },
            "decryptionkey": "10e0cb008b869db81c3fc5f95ed173a99a9cbd349584ba195f838e9ed872d8eb"
        },
        "baselanguages": "english,french,spanish,schinese,tchinese,japanese,latam",
        "branches": {
            "public": {
                "buildid": "16625789",
                "timeupdated": "1733300072"
            }
        }
    }
}