{
    "appid": "3074780",
    "type": "Demo",
    "name": "Phantom of the Twilight Demo",
    "schinese_name": "黄昏魅影 Demo",
    "isfreeapp": "0",
    "change_number": "26685919",
    "update_time": "2024-12-18 07:55:37",
    "depot": {
        "baselanguages": "english,koreana,schinese,tchinese,japanese",
        "3074781": {
            "config": {
                "oslist": "windows"
            },
            "manifests": {
                "public": {
                    "gid": "6139051382686693105",
                    "size": "828726542",
                    "download": "633920128"
                }
            },
            "decryptionkey": "a69a1ee058d4e6bd09a5d6d23f41c89d13e06837ed78d1c433a876c7574d7493"
        },
        "branches": {
            "public": {
                "buildid": "15184635",
                "timeupdated": "1722296776"
            }
        },
        "privatebranches": "1"
    }
}