{
    "appid": "3430370",
    "type": "Demo",
    "name": "Gummy Nightmares Demo",
    "schinese_name": "",
    "isfreeapp": "0",
    "change_number": "27153191",
    "update_time": "2025-01-25 00:58:00",
    "depot": {
        "228989": {
            "config": {
                "oslist": "windows"
            },
            "depotfromapp": "228980",
            "sharedinstall": "1"
        },
        "228990": {
            "config": {
                "oslist": "windows"
            },
            "depotfromapp": "228980",
            "sharedinstall": "1"
        },
        "3430371": {
            "config": {
                "oslist": "windows"
            },
            "manifests": {
                "public": {
                    "gid": "2779206503045635482",
                    "size": "4485826597",
                    "download": "4237947760"
                }
            },
            "decryptionkey": "fa8b4799612372a79aeef60aeadc7581fa20877fcb864af0e7b3ce84972459a8"
        },
        "branches": {
            "public": {
                "buildid": "17110347",
                "timeupdated": "1737665062"
            }
        }
    }
}