{
    "appid": "3072680",
    "type": "Game",
    "name": "Made in Tower",
    "schinese_name": "",
    "isfreeapp": "0",
    "change_number": "27380860",
    "update_time": "2025-02-09 02:24:42",
    "depot": {
        "baselanguages": "english,schinese",
        "3072681": {
            "config": {
                "oslist": "windows",
                "osarch": "64",
                "language": "schinese"
            },
            "manifests": {
                "public": {
                    "gid": "3632905747819991644",
                    "size": "669625771",
                    "download": "439399584"
                }
            },
            "decryptionkey": "06ee2957a46adc1b047fb5ef7595099b830d86de67b60f98ea158f3f824594d1"
        },
        "3072683": {
            "config": {
                "language": "english",
                "oslist": "windows",
                "osarch": "64"
            },
            "manifests": {
                "public": {
                    "gid": "2641439190682830238",
                    "size": "669626803",
                    "download": "439399344"
                }
            },
            "decryptionkey": ""
        },
        "branches": {
            "public": {
                "buildid": "15321162",
                "timeupdated": "1723227775"
            }
        }
    }
}