{
    "appid": "3356650",
    "type": "Demo",
    "name": "Slip 'n Slime Demo",
    "schinese_name": "",
    "isfreeapp": "0",
    "change_number": "27103687",
    "update_time": "2025-01-22 09:17:52",
    "depot": {
        "3356651": {
            "config": {
                "oslist": "windows"
            },
            "manifests": {
                "public": {
                    "gid": "4848109585055514988",
                    "size": "746249845",
                    "download": "88894448"
                }
            },
            "decryptionkey": "eb87679aa4acdbc35e6be6e4d1c2ead3342d2a1d5b4f9c83bc18ccc38f390569"
        },
        "3356652": {
            "config": {
                "oslist": "macos"
            },
            "manifests": {
                "public": {
                    "gid": "7733146550274562993",
                    "size": "838194504",
                    "download": "106870064"
                }
            },
            "decryptionkey": ""
        },
        "3356653": {
            "config": {
                "oslist": "linux"
            },
            "manifests": {
                "public": {
                    "gid": "337250400573255940",
                    "size": "880653680",
                    "download": "111843776"
                }
            },
            "decryptionkey": ""
        },
        "baselanguages": "english",
        "branches": {
            "public": {
                "buildid": "16496727",
                "timeupdated": "1732258713"
            }
        }
    }
}