{
    "appid": "3315670",
    "type": "Game",
    "name": "Necro Blade",
    "schinese_name": "",
    "isfreeapp": "1",
    "change_number": "26610073",
    "update_time": "2024-12-12 19:53:45",
    "depot": {
        "228989": {
            "config": {
                "oslist": "windows"
            },
            "depotfromapp": "228980",
            "sharedinstall": "1"
        },
        "228990": {
            "config": {
                "oslist": "windows"
            },
            "depotfromapp": "228980",
            "sharedinstall": "1"
        },
        "3315671": {
            "manifests": {
                "public": {
                    "gid": "1069694479454872950",
                    "size": "810201315",
                    "download": "666702288"
                }
            },
            "decryptionkey": "465676c307f3876116c5d2529acfa069a95c7050f659fff138273aa42da5c1ab"
        },
        "branches": {
            "public": {
                "buildid": "16558314",
                "timeupdated": "1732744256"
            }
        }
    }
}