{
    "appid": "3083680",
    "type": "Demo",
    "name": "Manny's 2 Demo",
    "schinese_name": "",
    "isfreeapp": "0",
    "change_number": "24258731",
    "update_time": "2024-07-16 02:47:11",
    "depot": {
        "3083681": {
            "manifests": {
                "public": {
                    "gid": "740319078134050582",
                    "size": "386713861",
                    "download": "98081792"
                }
            },
            "decryptionkey": "73cd5edb48b94737b11bf820f855ad0cc48dd73d27a28cec89206e3cf8345b8b"
        },
        "branches": {
            "public": {
                "buildid": "14949987",
                "timeupdated": "1720243879"
            }
        }
    }
}