{
    "appid": "3253750",
    "type": "Demo",
    "name": "宇宙怪谈 - 试玩版",
    "schinese_name": "",
    "isfreeapp": "0",
    "change_number": "25962571",
    "update_time": "2024-10-30 10:48:02",
    "depot": {
        "3253751": {
            "manifests": {
                "public": {
                    "gid": "90386685625349239",
                    "size": "304525193",
                    "download": "64862320"
                }
            },
            "decryptionkey": "224515a7173a15fb0edb80609daa04971c4d908a03e7c48306897866a630f732"
        },
        "branches": {
            "public": {
                "buildid": "15845365",
                "timeupdated": "1727407840"
            }
        }
    }
}