{
    "appid": "3422220",
    "type": "Game",
    "name": "Jennifer's Lustful Journey",
    "schinese_name": "",
    "isfreeapp": "0",
    "change_number": "28921075",
    "update_time": "2025-05-11 06:35:32",
    "depot": {
        "3422221": {
            "manifests": {
                "public": {
                    "gid": "2628467866887993568",
                    "size": "1161751491",
                    "download": "1103719488"
                }
            },
            "decryptionkey": "fcca2b659fd65d906c32a75d69389bc6dab8b0139fb89a298b8e6eff02b17c89"
        },
        "branches": {
            "public": {
                "buildid": "17060226",
                "timeupdated": "1737344148"
            }
        }
    }
}