{
    "appid": "3226500",
    "type": "Demo",
    "name": "I commissioned some frogs Demo",
    "schinese_name": "我委托了一些青蛙 演示版",
    "isfreeapp": "0",
    "change_number": "25322841",
    "update_time": "2024-09-21 03:12:19",
    "depot": {
        "3226501": {
            "manifests": {
                "public": {
                    "gid": "6595766938864395320",
                    "size": "25325198",
                    "download": "18366640"
                }
            },
            "decryptionkey": "68d2e432ef3d9ad69b19e670b9398d1effed15d09864c7b34e8829401072c8a1"
        },
        "branches": {
            "public": {
                "buildid": "15655652",
                "timeupdated": "1725998597"
            }
        }
    }
}