{
    "appid": "3232060",
    "type": "Game",
    "name": "海棋(SeaChess)",
    "schinese_name": "海棋",
    "isfreeapp": "0",
    "change_number": "28738311",
    "update_time": "2025-04-30 08:30:10",
    "depot": {
        "228988": {
            "config": {
                "oslist": "windows"
            },
            "depotfromapp": "228980",
            "sharedinstall": "1"
        },
        "228990": {
            "config": {
                "oslist": "windows"
            },
            "depotfromapp": "228980",
            "sharedinstall": "1"
        },
        "3232061": {
            "manifests": {
                "public": {
                    "gid": "5896236717027781332",
                    "size": "703447684",
                    "download": "507079744"
                }
            },
            "decryptionkey": "cc6c969fdf592d36aae729994a24fb4a1a909604a1ba7510de20bbaa3ea92361"
        },
        "baselanguages": "english,german,french,italian,koreana,spanish,schinese,tchinese,russian,japanese,polish,turkish,brazilian,vietnamese",
        "branches": {
            "public": {
                "buildid": "18280515",
                "timeupdated": "1745932576"
            }
        }
    }
}