{
    "appid": "3169140",
    "type": "Demo",
    "name": "Bad 2 Bad: Apocalypse Demo",
    "schinese_name": "",
    "isfreeapp": "0",
    "change_number": "26183469",
    "update_time": "2024-11-14 07:36:20",
    "depot": {
        "3169141": {
            "config": {
                "oslist": "windows",
                "osarch": "64"
            },
            "manifests": {
                "public": {
                    "gid": "5090508592556984914",
                    "size": "1392862403",
                    "download": "461266288"
                }
            },
            "decryptionkey": "966dd5db779b33da0d073935e78016f81961bb77ba4a9e1b07e1d9282c2880f0"
        },
        "branches": {
            "public": {
                "buildid": "16201075",
                "timeupdated": "1730084901"
            }
        },
        "privatebranches": "1"
    }
}