{
    "appid": "3350770",
    "type": "DLC",
    "name": "Kaiju Princess 2 Artbook",
    "schinese_name": "暴食的怪兽公主：惑星美食之旅 Artbook",
    "isfreeapp": "0",
    "change_number": "26751496",
    "update_time": "2024-12-22 14:51:27",
    "depot": {
        "3350771": {
            "manifests": {
                "public": {
                    "gid": "7160583029318906925",
                    "size": "1746683514",
                    "download": "1751386560"
                }
            },
            "dlcappid": "3350770",
            "decryptionkey": "6a742ed9433fdae3a6672cad8164d006a18603cf0e55d63109d7704000df7ede"
        },
        "branches": {
            "public": {
                "buildid": "16721977",
                "timeupdated": "1734010673"
            }
        }
    }
}