{
    "appid": "3081020",
    "type": "Game",
    "name": "まいにち男女入れ替わり生活！？ ～My Body Your Body～",
    "schinese_name": "",
    "isfreeapp": "0",
    "change_number": "24694472",
    "update_time": "2024-08-08 09:11:01",
    "depot": {
        "baselanguages": "english,japanese",
        "3081021": {
            "manifests": {
                "public": {
                    "gid": "2146521006884975499",
                    "size": "204726771",
                    "download": "195352272"
                }
            },
            "decryptionkey": "fcec21963e8e93eadecec12c9f395b44ec5c58dbabc9d7de94cf40dea947cf38"
        },
        "branches": {
            "public": {
                "buildid": "14940344",
                "timeupdated": "1720168412"
            }
        }
    }
}