{
    "appid": "3137560",
    "type": "Game",
    "name": "The Liminal Dimension",
    "schinese_name": "",
    "isfreeapp": "0",
    "change_number": "29042053",
    "update_time": "2025-05-18 01:13:27",
    "depot": {
        "3137561": {
            "config": {
                "oslist": "windows",
                "osarch": "64"
            },
            "manifests": {
                "public": {
                    "gid": "5727306633802145930",
                    "size": "1954477006",
                    "download": "768650368"
                }
            },
            "decryptionkey": "723383a22823d8e703efdad4230aa014e6a2d5e38de41ec4879ea9e2fd180116"
        },
        "3137562": {
            "config": {
                "oslist": "windows",
                "osarch": "32"
            },
            "manifests": {
                "public": {
                    "gid": "406772806716844780",
                    "size": "1939806182",
                    "download": "764479616"
                }
            },
            "decryptionkey": ""
        },
        "3137563": {
            "config": {
                "oslist": "macos",
                "osarch": "64"
            },
            "manifests": {
                "public": {
                    "gid": "3952421017574366368",
                    "size": "1983310643",
                    "download": "783345728"
                }
            },
            "decryptionkey": ""
        },
        "3137564": {
            "config": {
                "oslist": "linux",
                "osarch": "64"
            },
            "manifests": {
                "public": {
                    "gid": "3905312754968857529",
                    "size": "2415571274",
                    "download": "1018314000"
                }
            },
            "decryptionkey": ""
        },
        "branches": {
            "public": {
                "buildid": "16627351",
                "timeupdated": "1733308977"
            }
        }
    }
}