{
    "appid": "3118450",
    "type": "Game",
    "name": "Cast Cats",
    "schinese_name": "",
    "isfreeapp": "0",
    "change_number": "28713603",
    "update_time": "2025-04-29 03:49:00",
    "depot": {
        "228989": {
            "config": {
                "oslist": "windows"
            },
            "depotfromapp": "228980",
            "sharedinstall": "1"
        },
        "228990": {
            "config": {
                "oslist": "windows"
            },
            "depotfromapp": "228980",
            "sharedinstall": "1"
        },
        "3118451": {
            "manifests": {
                "public": {
                    "gid": "1076410754150566472",
                    "size": "1196794611",
                    "download": "617176192"
                }
            },
            "decryptionkey": "35e3dd9ebd4841dcf8607883fafd8e26362fa4086cb1080cf131ac1684337e52"
        },
        "branches": {
            "public": {
                "buildid": "18270040",
                "timeupdated": "1745869735"
            }
        }
    }
}