{
    "appid": "2959800",
    "type": "DLC",
    "name": "Succubus - Tormentress",
    "schinese_name": "",
    "isfreeapp": "0",
    "change_number": "28719508",
    "update_time": "2025-04-29 11:54:22",
    "depot": {
        "2959800": {
            "config": {
                "oslist": "windows",
                "osarch": "64"
            },
            "manifests": {
                "public": {
                    "gid": "6461140497283898776",
                    "size": "12614855985",
                    "download": "5386485888"
                }
            },
            "dlcappid": "2959800",
            "decryptionkey": "9017ffefba75da1ca060d2b4e49a299801a2663467be1974d600ad01934e1a19"
        },
        "branches": {
            "public": {
                "buildid": "15132276",
                "timeupdated": "1721828749"
            }
        }
    }
}