{
    "appid": "3486560",
    "type": "Demo",
    "name": "Tiny Isle Demo",
    "schinese_name": "小小的岛Demo",
    "isfreeapp": "0",
    "change_number": "27535597",
    "update_time": "2025-02-18 22:04:24",
    "depot": {
        "3486561": {
            "manifests": {
                "public": {
                    "gid": "3389323898031265623",
                    "size": "587114337",
                    "download": "326546544"
                }
            },
            "decryptionkey": "e407691f14256af11a9fa582cb1be18126a8a3cb5d043468b242454e30c77dc6"
        },
        "branches": {
            "public": {
                "buildid": "17408280",
                "timeupdated": "1739887459"
            }
        }
    }
}