{
    "appid": "3312450",
    "type": "DLC",
    "name": "Unaware in The City - Extended",
    "schinese_name": "",
    "isfreeapp": "0",
    "change_number": "27504015",
    "update_time": "2025-02-17 00:16:44",
    "depot": {
        "3312450": {
            "config": {
                "oslist": "windows",
                "osarch": "64"
            },
            "manifests": {
                "public": {
                    "gid": "7697312753875743637",
                    "size": "463452197",
                    "download": "347742848"
                }
            },
            "dlcappid": "3312450",
            "decryptionkey": "e8c80dbbd711db602977b32a384c9fd3b33b8e3dd8c2a593ba5c0f186af63976"
        },
        "3312451": {
            "config": {
                "oslist": "macos",
                "osarch": "64"
            },
            "manifests": {
                "public": {
                    "gid": "9120948973251808796",
                    "size": "464175219",
                    "download": "348221392"
                }
            },
            "dlcappid": "3312450",
            "decryptionkey": ""
        },
        "3312452": {
            "config": {
                "oslist": "linux",
                "osarch": "64"
            },
            "manifests": {
                "public": {
                    "gid": "4568079939039282400",
                    "size": "473615959",
                    "download": "349335536"
                }
            },
            "dlcappid": "3312450",
            "decryptionkey": ""
        },
        "branches": {
            "public": {
                "buildid": "16529491",
                "timeupdated": "1732569753"
            }
        }
    }
}