{
    "appid": "3061980",
    "type": "Demo",
    "name": "The Ghost of Nichishima Demo",
    "schinese_name": "",
    "isfreeapp": "0",
    "change_number": "27316086",
    "update_time": "2025-02-05 07:55:22",
    "depot": {
        "228989": {
            "config": {
                "oslist": "windows"
            },
            "depotfromapp": "228980",
            "sharedinstall": "1"
        },
        "228990": {
            "config": {
                "oslist": "windows"
            },
            "depotfromapp": "228980",
            "sharedinstall": "1"
        },
        "3061981": {
            "config": {
                "oslist": "windows"
            },
            "manifests": {
                "public": {
                    "gid": "1908965342593511097",
                    "size": "3557803935",
                    "download": "3376028736"
                }
            },
            "decryptionkey": "ea5200c3b75e7c78878e32b3d0374b9bb32f186d64ab532b53aa36cea0e78632"
        },
        "branches": {
            "public": {
                "buildid": "16141207",
                "timeupdated": "1729625902"
            }
        },
        "privatebranches": "1"
    }
}