{
    "appid": "3430780",
    "type": "Game",
    "name": "Escape the Tower",
    "schinese_name": "",
    "isfreeapp": "0",
    "change_number": "27501184",
    "update_time": "2025-02-16 16:18:05",
    "depot": {
        "3430781": {
            "manifests": {
                "public": {
                    "gid": "1026182701597890452",
                    "size": "808897206",
                    "download": "414468944"
                }
            },
            "decryptionkey": "22441c5c8aadc60440d261370f79ab3b216b1970a0081531b8892dacafd38cf6"
        },
        "branches": {
            "public": {
                "buildid": "17354177",
                "timeupdated": "1739462134"
            }
        }
    }
}