{
    "appid": "3083660",
    "type": "Game",
    "name": "Backrooms: The Labyrinth",
    "schinese_name": "",
    "isfreeapp": "0",
    "change_number": "29043684",
    "update_time": "2025-05-18 05:13:14",
    "depot": {
        "228989": {
            "config": {
                "oslist": "windows"
            },
            "depotfromapp": "228980",
            "sharedinstall": "1"
        },
        "228990": {
            "config": {
                "oslist": "windows"
            },
            "depotfromapp": "228980",
            "sharedinstall": "1"
        },
        "3083661": {
            "config": {
                "language": "english",
                "oslist": "windows"
            },
            "manifests": {
                "public": {
                    "gid": "2157708974243283879",
                    "size": "3044071628",
                    "download": "2808083136"
                }
            },
            "decryptionkey": "00147aa7051e54e3dcb6d7b6633fb2c22e2312adc7efe5688d66e1872d6dce83"
        },
        "baselanguages": "english",
        "branches": {
            "public": {
                "buildid": "15697104",
                "timeupdated": "1726268803"
            }
        }
    }
}