{
    "appid": "3169000",
    "type": "Game",
    "name": "RECORD_DrowsyVortex",
    "schinese_name": "谧漩星记录",
    "isfreeapp": "0",
    "change_number": "28759062",
    "update_time": "2025-05-01 06:02:46",
    "depot": {
        "baselanguages": "schinese,tchinese",
        "3169001": {
            "config": {
                "language": "tchinese",
                "oslist": "windows"
            },
            "manifests": {
                "public": {
                    "gid": "7688324862997549670",
                    "size": "1316949781",
                    "download": "932186608"
                },
                "local": {
                    "gid": "1465811546566645953",
                    "size": "0",
                    "download": "0"
                }
            },
            "decryptionkey": "6253a59a1bd332772971778a747dd69def88e66d713c5f6e219e76725d5c6f0c"
        },
        "3169002": {
            "config": {
                "language": "schinese",
                "oslist": "windows"
            },
            "manifests": {
                "public": {
                    "gid": "3126397619196222563",
                    "size": "1316455305",
                    "download": "930388464"
                }
            },
            "decryptionkey": ""
        },
        "branches": {
            "public": {
                "buildid": "18239597",
                "timeupdated": "1745590229"
            },
            "local": {
                "buildid": "15392740",
                "description": "Local Content Server",
                "lcsrequired": "1",
                "timeupdated": "1723799963"
            }
        }
    }
}