{
    "appid": "3509510",
    "type": "Demo",
    "name": "Exit Together Demo",
    "schinese_name": "",
    "isfreeapp": "0",
    "change_number": "27989706",
    "update_time": "2025-03-17 16:33:11",
    "depot": {
        "228989": {
            "config": {
                "oslist": "windows"
            },
            "depotfromapp": "228980",
            "sharedinstall": "1"
        },
        "228990": {
            "config": {
                "oslist": "windows"
            },
            "depotfromapp": "228980",
            "sharedinstall": "1"
        },
        "3509511": {
            "manifests": {
                "public": {
                    "gid": "8342448365466731130",
                    "size": "755911611",
                    "download": "591006528"
                }
            },
            "decryptionkey": "cfb18fe9128aad2d9bde18892739c533fef396cc618fb272b98bffe16b92dbd9"
        },
        "branches": {
            "public": {
                "buildid": "17748847",
                "timeupdated": "1742200387"
            }
        }
    }
}