{
    "appid": "3651300",
    "type": "Game",
    "name": "Mist",
    "schinese_name": "雾",
    "isfreeapp": "0",
    "change_number": "29017548",
    "update_time": "2025-05-16 14:06:39",
    "depot": {
        "3651301": {
            "manifests": {
                "public": {
                    "gid": "3591191683543171988",
                    "size": "798175284",
                    "download": "287589776"
                }
            },
            "decryptionkey": "acb30d1e86b89b942739bc15e7202f8183a20b69bae60309c16ec0fac379e3a3"
        },
        "branches": {
            "public": {
                "buildid": "18357388",
                "timeupdated": "1746525109"
            }
        }
    }
}