{
    "appid": "3339330",
    "type": "Game",
    "name": "Junkyard Builder",
    "schinese_name": "",
    "isfreeapp": "0",
    "change_number": "29028280",
    "update_time": "2025-05-17 00:15:33",
    "depot": {
        "3339331": {
            "manifests": {
                "public": {
                    "gid": "9216396086789996542",
                    "size": "4460469157",
                    "download": "1659527328"
                }
            },
            "decryptionkey": "3b66c312e31f8601136acfb71627f8b86904a62555395569f8acb4cfd2dfb57f"
        },
        "branches": {
            "public": {
                "buildid": "18404874",
                "timeupdated": "1746804769"
            }
        },
        "privatebranches": "1"
    }
}