{
    "appid": "3296790",
    "type": "Game",
    "name": "The Shell Part III: Paradiso",
    "schinese_name": "天之少女",
    "isfreeapp": "0",
    "change_number": "29016574",
    "update_time": "2025-05-16 12:30:45",
    "depot": {
        "228990": {
            "config": {
                "oslist": "windows"
            },
            "depotfromapp": "228980",
            "sharedinstall": "1"
        },
        "3296791": {
            "manifests": {
                "public": {
                    "gid": "2058809464583897204",
                    "size": "3069390313",
                    "download": "2133670144"
                }
            },
            "decryptionkey": "0126e59b12d307e4f79210e4b20eec8a4d13dbc80352156b731b6c63131e5a92"
        },
        "branches": {
            "public": {
                "buildid": "17154709",
                "timeupdated": "1738048519"
            }
        }
    }
}