{
    "appid": "3604220",
    "type": "Game",
    "name": "美少女スナップ！メタモル写真クラブ School Photo Transformer",
    "schinese_name": "",
    "isfreeapp": "0",
    "change_number": "28397785",
    "update_time": "2025-04-10 09:19:09",
    "depot": {
        "3604221": {
            "manifests": {
                "public": {
                    "gid": "7182649927724112657",
                    "size": "262768497",
                    "download": "256540304"
                }
            },
            "decryptionkey": "097fdf68f44fc23c373347de56bbea98e6d39a7384a07a0ff8ff955630e6f3d0"
        },
        "branches": {
            "public": {
                "buildid": "17774196",
                "timeupdated": "1742350606"
            }
        }
    }
}