{
    "appid": "3361990",
    "type": "DLC",
    "name": "Broken Sword - Shadow of the Templars (1996)",
    "schinese_name": "",
    "isfreeapp": "1",
    "change_number": "26908016",
    "update_time": "2025-01-08 20:57:36",
    "depot": {
        "3361990": {
            "manifests": {
                "public": {
                    "gid": "678967828687784675",
                    "size": "1128798589",
                    "download": "779123488"
                }
            },
            "dlcappid": "3361990",
            "decryptionkey": "635dd28ae84033c5f23b8c4ad49a416916650d2e2df2539903d392c1434f6c54"
        },
        "3361991": {
            "config": {
                "language": "french"
            },
            "manifests": {
                "public": {
                    "gid": "1446033825562682565",
                    "size": "643343854",
                    "download": "552135696"
                }
            },
            "dlcappid": "3361990",
            "decryptionkey": ""
        },
        "3361992": {
            "config": {
                "language": "italian"
            },
            "manifests": {
                "public": {
                    "gid": "8228353009028954345",
                    "size": "774215319",
                    "download": "615524704"
                }
            },
            "dlcappid": "3361990",
            "decryptionkey": ""
        },
        "3361993": {
            "config": {
                "language": "german"
            },
            "manifests": {
                "public": {
                    "gid": "512076854622026808",
                    "size": "726533658",
                    "download": "572541792"
                }
            },
            "dlcappid": "3361990",
            "decryptionkey": ""
        },
        "3361994": {
            "config": {
                "language": "spanish"
            },
            "manifests": {
                "public": {
                    "gid": "6777764667917793775",
                    "size": "759422732",
                    "download": "574843424"
                }
            },
            "dlcappid": "3361990",
            "decryptionkey": ""
        },
        "3361995": {
            "config": {
                "oslist": "windows"
            },
            "manifests": {
                "public": {
                    "gid": "1746231757778126705",
                    "size": "38372450",
                    "download": "12309984"
                }
            },
            "dlcappid": "3361990",
            "decryptionkey": ""
        },
        "3361996": {
            "config": {
                "oslist": "linux"
            },
            "manifests": {
                "public": {
                    "gid": "7095525325542577344",
                    "size": "32318034",
                    "download": "10459824"
                }
            },
            "dlcappid": "3361990",
            "decryptionkey": ""
        },
        "3361997": {
            "config": {
                "oslist": "macos"
            },
            "manifests": {
                "public": {
                    "gid": "338803346929607193",
                    "size": "45973029",
                    "download": "12781296"
                }
            },
            "dlcappid": "3361990",
            "decryptionkey": ""
        },
        "branches": {
            "public": {
                "buildid": "16696517",
                "timeupdated": "1733848355"
            }
        }
    }
}