{
    "appid": "2946650",
    "type": "DLC",
    "name": "A Promise Best Left Unkept - Bonus Scenes [Season 2]",
    "schinese_name": "",
    "isfreeapp": "0",
    "change_number": "26749719",
    "update_time": "2024-12-22 07:52:52",
    "depot": {
        "2946650": {
            "manifests": {
                "public": {
                    "gid": "3687153305148524049",
                    "size": "365121111",
                    "download": "177010944"
                }
            },
            "dlcappid": "2946650",
            "decryptionkey": "4034aed620d002a0d8f7993413811d40c4d1f93323125c553cde0d3677ed1cbc"
        },
        "branches": {
            "public": {
                "buildid": "14909853",
                "timeupdated": "1719947215"
            }
        },
        "privatebranches": "1"
    }
}