{
    "appid": "3118660",
    "type": "Music",
    "name": "Hello Cruel World Soundtrack",
    "schinese_name": "",
    "isfreeapp": "0",
    "change_number": "24675684",
    "update_time": "2024-08-07 06:35:05",
    "depot": {
        "3118663": {
            "manifests": {
                "public": {
                    "gid": "3103105824128447549",
                    "size": "67669486",
                    "download": "67493952"
                }
            },
            "decryptionkey": "d72a693969a0e3ac5632771284a3cc1c73e17534267d71bdf00f6e91b2428424"
        },
        "3118664": {
            "config": {
                "highqualityaudio": "1"
            },
            "manifests": {
                "public": {
                    "gid": "2211143094834192431",
                    "size": "604354072",
                    "download": "544687616"
                }
            },
            "decryptionkey": "a535404f47c43b8a724e58e35f3ab5cb999c402804a2330c69630b1b5ca02009"
        },
        "branches": {
            "public": {
                "buildid": "15155509",
                "timeupdated": "1721942717"
            }
        }
    }
}