{
    "appid": "3097390",
    "type": "Demo",
    "name": "她杀-The Suspected Murder Demo",
    "schinese_name": "",
    "isfreeapp": "0",
    "change_number": "27474221",
    "update_time": "2025-02-14 14:59:44",
    "depot": {
        "3097391": {
            "config": {
                "oslist": "windows"
            },
            "manifests": {
                "public": {
                    "gid": "8763880306946433304",
                    "size": "674689292",
                    "download": "487891856"
                }
            },
            "decryptionkey": "2027af80a58010828705a9fa5fa2a00733f460896d3072cb511ca2d4ef8bd406"
        },
        "branches": {
            "public": {
                "buildid": "15819983",
                "timeupdated": "1727310999"
            }
        },
        "privatebranches": "1"
    }
}