{
    "appid": "2942780",
    "type": "Game",
    "name": "Bloobs Adventure Idle",
    "schinese_name": "",
    "isfreeapp": "0",
    "change_number": "29042892",
    "update_time": "2025-05-18 03:10:41",
    "depot": {
        "2942781": {
            "config": {
                "oslist": "windows"
            },
            "manifests": {
                "public": {
                    "gid": "5175957951376329864",
                    "size": "393120317",
                    "download": "72411728"
                }
            },
            "decryptionkey": "8eada1f38a3edbb5d62411d8a653197ea407c92af9751308837b44e6d0e327f5"
        },
        "2942782": {
            "config": {
                "oslist": "windows"
            },
            "manifests": {
                "public": {
                    "gid": "2135144880617689508",
                    "size": "190288053",
                    "download": "47037360"
                }
            },
            "decryptionkey": ""
        },
        "branches": {
            "public": {
                "buildid": "18504479",
                "timeupdated": "1747509038"
            }
        },
        "privatebranches": "1"
    }
}