{
    "appid": "3318580",
    "type": "Game",
    "name": "Scrapworks Simulator",
    "schinese_name": "",
    "isfreeapp": "0",
    "change_number": "29024120",
    "update_time": "2025-05-16 20:35:41",
    "depot": {
        "3318581": {
            "manifests": {
                "public": {
                    "gid": "6045568412328188336",
                    "size": "4350352801",
                    "download": "1484987984"
                }
            },
            "decryptionkey": "face9a0541bd6e849b1fbb4bb72195c5468870c225c2c11267ecbcf9e141bc29"
        },
        "branches": {
            "public": {
                "buildid": "18446019",
                "timeupdated": "1747145939"
            }
        }
    }
}