{
    "appid": "3016910",
    "type": "Demo",
    "name": "Summon Legion Demo",
    "schinese_name": "召唤军团 Demo",
    "isfreeapp": "0",
    "change_number": "25761800",
    "update_time": "2024-10-17 15:10:14",
    "depot": {
        "baselanguages": "english,schinese",
        "3016911": {
            "manifests": {
                "public": {
                    "gid": "5365237285938820473",
                    "size": "215576717",
                    "download": "86503296"
                }
            },
            "decryptionkey": "44a1d2f9bb00d9cbbfbbab96200f381aa29b06e4c05dcecedf2e7dc5901ac217"
        },
        "branches": {
            "public": {
                "buildid": "15883216",
                "timeupdated": "1727749077"
            }
        }
    }
}