{
    "appid": "3129800",
    "type": "Demo",
    "name": "Slay the Alice Demo",
    "schinese_name": "",
    "isfreeapp": "0",
    "change_number": "27162286",
    "update_time": "2025-01-25 17:44:41",
    "depot": {
        "3129801": {
            "manifests": {
                "public": {
                    "gid": "540310605415566520",
                    "size": "413443576",
                    "download": "148407312"
                }
            },
            "decryptionkey": "2f41de187d599bf9bd1799aac1310ffb5c2e0a01fb94806af70d1238aa4b637d"
        },
        "branches": {
            "public": {
                "buildid": "15995517",
                "timeupdated": "1728568951"
            }
        }
    }
}