{
    "appid": "3386250",
    "type": "Game",
    "name": "EPHEMERAL-MINIATURE GARDEN-",
    "schinese_name": "",
    "isfreeapp": "0",
    "change_number": "28119751",
    "update_time": "2025-03-25 08:35:37",
    "depot": {
        "3386251": {
            "manifests": {
                "public": {
                    "gid": "1414205910402353691",
                    "size": "243493750",
                    "download": "127680464"
                }
            },
            "decryptionkey": "8d3dab9bf507f7e809b95efefacc4d689911d35f2af62da3209125d8b0c436e1"
        },
        "baselanguages": "english,german,french,italian,koreana,spanish,tchinese,russian,japanese",
        "branches": {
            "public": {
                "buildid": "17180656",
                "timeupdated": "1738216854"
            }
        }
    }
}