{
    "appid": "3336800",
    "type": "Game",
    "name": "DOORMS",
    "schinese_name": "",
    "isfreeapp": "0",
    "change_number": "28770120",
    "update_time": "2025-05-01 22:49:03",
    "depot": {
        "228989": {
            "config": {
                "oslist": "windows"
            },
            "depotfromapp": "228980",
            "sharedinstall": "1"
        },
        "228990": {
            "config": {
                "oslist": "windows"
            },
            "depotfromapp": "228980",
            "sharedinstall": "1"
        },
        "3336801": {
            "manifests": {
                "public": {
                    "gid": "5963350370453984728",
                    "size": "1215719904",
                    "download": "1059912960"
                }
            },
            "decryptionkey": "fb0c1810e59ed85319693f58443a4df0ebfb07ecb95e6e658f274b6ea8c0da11"
        },
        "branches": {
            "public": {
                "buildid": "18310382",
                "timeupdated": "1746110892"
            }
        }
    }
}