{
    "appid": "3251960",
    "type": "Demo",
    "name": "Furry Adventure Club and the Holy Grail Demo",
    "schinese_name": "",
    "isfreeapp": "0",
    "change_number": "26633490",
    "update_time": "2024-12-14 01:01:38",
    "depot": {
        "3251961": {
            "manifests": {
                "public": {
                    "gid": "7434542736009905259",
                    "size": "370805386",
                    "download": "273669216"
                }
            },
            "decryptionkey": "15b37c3f5a949348d4462dff8667c84164460e739d1147f3c1102f657132e8ca"
        },
        "branches": {
            "public": {
                "buildid": "16592334",
                "timeupdated": "1733048816"
            }
        }
    }
}