{
    "appid": "3119780",
    "type": "Game",
    "name": "Drive Thru Miami",
    "schinese_name": "",
    "isfreeapp": "0",
    "change_number": "29016278",
    "update_time": "2025-05-16 12:00:45",
    "depot": {
        "3119781": {
            "manifests": {
                "public": {
                    "gid": "5085202355684118802",
                    "size": "2941862911",
                    "download": "894645968"
                }
            },
            "decryptionkey": ""
        },
        "3119782": {
            "manifests": {
                "public": {
                    "gid": "5577070300194754780",
                    "size": "2941862911",
                    "download": "894700656"
                }
            },
            "decryptionkey": "4a55a01501901dea7ca5a60ddbdce672733238b6b838f6bae252ccda69436572"
        },
        "branches": {
            "public": {
                "buildid": "16582945",
                "timeupdated": "1732908061"
            }
        }
    }
}