{
    "appid": "3104500",
    "type": "Demo",
    "name": "Sifu's Quest Demo",
    "schinese_name": "无极群侠传 Demo",
    "isfreeapp": "0",
    "change_number": "24398723",
    "update_time": "2024-07-17 20:35:13",
    "depot": {
        "3104501": {
            "manifests": {
                "public": {
                    "gid": "6247938694934945095",
                    "size": "3209214707",
                    "download": "467929808"
                }
            },
            "decryptionkey": "8081bdc906a800961f5f789eb9604ffe141b4abc93004fc3893fe5beda345e66"
        },
        "branches": {
            "public": {
                "buildid": "15061958",
                "timeupdated": "1721218761"
            }
        }
    }
}