{
    "appid": "3461170",
    "type": "Demo",
    "name": "Mutant Slime : Survivor Team Demo",
    "schinese_name": "",
    "isfreeapp": "0",
    "change_number": "27431680",
    "update_time": "2025-02-12 10:58:56",
    "depot": {
        "hasdepotsindlc": "1",
        "baselanguages": "english,koreana,schinese,tchinese,japanese",
        "3461171": {
            "config": {
                "oslist": "windows"
            },
            "manifests": {
                "public": {
                    "gid": "6052361741594295014",
                    "size": "1267195286",
                    "download": "136769328"
                }
            },
            "decryptionkey": "17d2f95a6051087e7e401f3acc34e7c37711ba0dcb20fd37cb5ddcaa19ada890"
        },
        "branches": {
            "public": {
                "buildid": "17330212",
                "timeupdated": "1739329133"
            }
        }
    }
}