{
    "appid": "2961320",
    "type": "Game",
    "name": "Angry Boy",
    "schinese_name": "",
    "isfreeapp": "0",
    "change_number": "28491293",
    "update_time": "2025-04-16 00:30:41",
    "depot": {
        "baselanguages": "english",
        "2961321": {
            "config": {
                "oslist": "windows"
            },
            "manifests": {
                "public": {
                    "gid": "6588452959914916158",
                    "size": "826585183",
                    "download": "470814480"
                }
            },
            "decryptionkey": "4a0c1a2a24f942126f79cb5d8cb0da094dd31b5be8a814fcc86a654819ebe2ad"
        },
        "2961322": {
            "config": {
                "language": "koreana",
                "oslist": "windows"
            },
            "manifests": {
                "public": {
                    "gid": "5484528340834513093",
                    "size": "663039727",
                    "download": "347545008"
                }
            },
            "decryptionkey": ""
        },
        "branches": {
            "public": {
                "buildid": "16637256",
                "timeupdated": "1733364312"
            }
        },
        "privatebranches": "1"
    }
}