{
    "appid": "3388780",
    "type": "Game",
    "name": "轮回之始",
    "schinese_name": "",
    "isfreeapp": "0",
    "change_number": "26849009",
    "update_time": "2025-01-03 16:06:36",
    "depot": {
        "baselanguages": "english,schinese",
        "3388781": {
            "config": {
                "oslist": "windows"
            },
            "manifests": {
                "public": {
                    "gid": "5042475311232596990",
                    "size": "2659371478",
                    "download": "722703888"
                }
            },
            "decryptionkey": "a11a78eec6152470b62a13ee8eb0ac903858c5c8e094edb947aab59bd16c2db8"
        },
        "branches": {
            "public": {
                "buildid": "16878751",
                "timeupdated": "1735609932"
            }
        }
    }
}