{
    "appid": "3456080",
    "type": "Music",
    "name": "Weirdo Soundtrack",
    "schinese_name": "异人 原声音乐集",
    "isfreeapp": "0",
    "change_number": "27474768",
    "update_time": "2025-02-14 15:48:42",
    "depot": {
        "3456081": {
            "manifests": {
                "public": {
                    "gid": "6065626570256261969",
                    "size": "44818869",
                    "download": "43270000"
                }
            },
            "decryptionkey": "44832af1e87e0fd6227ceace26b5a01a681bb509505acb84e4d4467701a49e94"
        },
        "branches": {
            "public": {
                "buildid": "17048180",
                "timeupdated": "1737176077"
            }
        }
    }
}