{
    "appid": "3144650",
    "type": "Demo",
    "name": "Garden Trills Demo",
    "schinese_name": "",
    "isfreeapp": "0",
    "change_number": "26698320",
    "update_time": "2024-12-19 00:10:41",
    "depot": {
        "228989": {
            "config": {
                "oslist": "windows"
            },
            "depotfromapp": "228980",
            "sharedinstall": "1"
        },
        "228990": {
            "config": {
                "oslist": "windows"
            },
            "depotfromapp": "228980",
            "sharedinstall": "1"
        },
        "3144651": {
            "manifests": {
                "public": {
                    "gid": "2514465449585168978",
                    "size": "1647706370",
                    "download": "859608240"
                }
            },
            "decryptionkey": "fdceff5775b98adbc9c2bafc8eca4af7e3d5a83a594b628936dc12f811dfb5ae"
        },
        "branches": {
            "public": {
                "buildid": "16789113",
                "timeupdated": "1734537811"
            }
        },
        "privatebranches": "1"
    }
}