{
    "appid": "3156770",
    "type": "Game",
    "name": "Witchfire",
    "schinese_name": "",
    "isfreeapp": "0",
    "change_number": "29046666",
    "update_time": "2025-05-18 14:59:17",
    "depot": {
        "228988": {
            "config": {
                "oslist": "windows"
            },
            "depotfromapp": "228980",
            "sharedinstall": "1"
        },
        "228990": {
            "config": {
                "oslist": "windows"
            },
            "depotfromapp": "228980",
            "sharedinstall": "1"
        },
        "3156771": {
            "manifests": {
                "public": {
                    "gid": "1143178387645886986",
                    "size": "36734559487",
                    "download": "36034685952"
                },
                "preview": {
                    "gid": "3913986436619890413",
                    "size": "33641938184",
                    "download": "32990175488"
                }
            },
            "decryptionkey": "e09d98ec7fb6604ed8c2f44292e3f8cb278dd0add46641f0434375eeb9255e87"
        },
        "branches": {
            "public": {
                "buildid": "17805395",
                "timeupdated": "1742564312"
            },
            "preview": {
                "buildid": "16791557",
                "description": "Public preview branch",
                "timeupdated": "1734563420"
            }
        },
        "privatebranches": "1"
    }
}