{
    "appid": "2942180",
    "type": "Game",
    "name": "Hentai Tales: Seed Prison",
    "schinese_name": "",
    "isfreeapp": "0",
    "change_number": "29004125",
    "update_time": "2025-05-15 22:10:31",
    "depot": {
        "2942181": {
            "config": {
                "oslist": "windows"
            },
            "manifests": {
                "public": {
                    "gid": "1052171921245598195",
                    "size": "824727619",
                    "download": "195952080"
                }
            },
            "decryptionkey": "c2ef5a058a0298d27005171a3e2c0a56683e32b733cc069e2b85bd3b177614d0"
        },
        "2942182": {
            "config": {
                "oslist": "macos"
            },
            "manifests": {
                "public": {
                    "gid": "3416460286901088384",
                    "size": "818890691",
                    "download": "194622096"
                }
            },
            "decryptionkey": ""
        },
        "2942183": {
            "config": {
                "oslist": "linux"
            },
            "manifests": {
                "public": {
                    "gid": "1640662291936470920",
                    "size": "865602562",
                    "download": "195927344"
                }
            },
            "decryptionkey": ""
        },
        "baselanguages": "english",
        "branches": {
            "public": {
                "buildid": "15207985",
                "timeupdated": "1722401513"
            }
        }
    }
}