{
    "appid": "3318320",
    "type": "Demo",
    "name": "Musgro Farm - Demo",
    "schinese_name": "",
    "isfreeapp": "0",
    "change_number": "27312310",
    "update_time": "2025-02-05 02:25:45",
    "depot": {
        "3318321": {
            "manifests": {
                "public": {
                    "gid": "2706246510219007414",
                    "size": "1305959508",
                    "download": "195931920"
                }
            },
            "decryptionkey": "0eed163015bd19c929e4012aa52fc0dd38006d5096447b70f6d5eba2d8478d91"
        },
        "branches": {
            "public": {
                "buildid": "17241418",
                "timeupdated": "1738693536"
            }
        },
        "privatebranches": "1"
    }
}