{
    "appid": "3132100",
    "type": "Demo",
    "name": "GIRLDIVERS Demo",
    "schinese_name": "女潜水员 演示",
    "isfreeapp": "0",
    "change_number": "26451253",
    "update_time": "2024-12-05 09:44:03",
    "depot": {
        "3132101": {
            "manifests": {
                "public": {
                    "gid": "3415834075355196722",
                    "size": "6002088273",
                    "download": "606289536"
                }
            },
            "decryptionkey": "8daf55392ec8c36a3d480d674681db6e3816801e61548592e93faeb7986cb594"
        },
        "branches": {
            "public": {
                "buildid": "16400592",
                "timeupdated": "1731552775"
            }
        },
        "privatebranches": "1"
    }
}