{
    "appid": "3053390",
    "type": "Game",
    "name": "家屋探索 -Japanese House Exploration-",
    "schinese_name": "",
    "isfreeapp": "0",
    "change_number": "27885783",
    "update_time": "2025-03-11 15:19:39",
    "depot": {
        "228989": {
            "config": {
                "oslist": "windows"
            },
            "depotfromapp": "228980",
            "sharedinstall": "1"
        },
        "228990": {
            "config": {
                "oslist": "windows"
            },
            "depotfromapp": "228980",
            "sharedinstall": "1"
        },
        "3053391": {
            "config": {
                "oslist": "windows",
                "osarch": "64"
            },
            "manifests": {
                "public": {
                    "gid": "1404824965900756826",
                    "size": "4686177404",
                    "download": "4158631312"
                }
            },
            "decryptionkey": "2bc9a8015a4854e6ed289e46a698ef96a3e54c2ea5f7601399e932278e881f43"
        },
        "baselanguages": "english,schinese,tchinese,japanese",
        "branches": {
            "public": {
                "buildid": "16906439",
                "timeupdated": "1736000085"
            }
        }
    }
}