{
    "appid": "3308210",
    "type": "Game",
    "name": "Store Wars: Prologue - Multiplayer Shop Simulator",
    "schinese_name": "",
    "isfreeapp": "1",
    "change_number": "29032790",
    "update_time": "2025-05-17 05:13:22",
    "depot": {
        "228989": {
            "config": {
                "oslist": "windows"
            },
            "depotfromapp": "228980",
            "sharedinstall": "1"
        },
        "228990": {
            "config": {
                "oslist": "windows"
            },
            "depotfromapp": "228980",
            "sharedinstall": "1"
        },
        "3308211": {
            "manifests": {
                "public": {
                    "gid": "6698594265997687436",
                    "size": "5921503952",
                    "download": "5660510496"
                }
            },
            "decryptionkey": "9d75449a536e814829e0f91b9b8b6aa381d50a46585589e81acafdd8eb32a0e9"
        },
        "branches": {
            "public": {
                "buildid": "17553108",
                "timeupdated": "1740777688"
            }
        }
    }
}