{
    "appid": "3280070",
    "type": "Game",
    "name": "TheLostWoods / 迷いの森",
    "schinese_name": "",
    "isfreeapp": "0",
    "change_number": "28926278",
    "update_time": "2025-05-11 22:33:00",
    "depot": {
        "228989": {
            "config": {
                "oslist": "windows"
            },
            "depotfromapp": "228980",
            "sharedinstall": "1"
        },
        "228990": {
            "config": {
                "oslist": "windows"
            },
            "depotfromapp": "228980",
            "sharedinstall": "1"
        },
        "3280071": {
            "config": {
                "oslist": "windows",
                "osarch": "64"
            },
            "manifests": {
                "public": {
                    "gid": "7303031002289221781",
                    "size": "1916030909",
                    "download": "1728645488"
                }
            },
            "decryptionkey": "66ceeadbf737ba1cc6dee33d9437e7906e140376476591452f1beb144d90de53"
        },
        "branches": {
            "public": {
                "buildid": "17862408",
                "timeupdated": "1743052508"
            }
        },
        "privatebranches": "1"
    }
}