{
    "appid": "3019690",
    "type": "Demo",
    "name": "Rise of Kenshein Demo",
    "schinese_name": "剑心崛起Demo",
    "isfreeapp": "0",
    "change_number": "27388247",
    "update_time": "2025-02-09 23:22:21",
    "depot": {
        "3019691": {
            "manifests": {
                "public": {
                    "gid": "5992853159113211596",
                    "size": "449584953",
                    "download": "320780432"
                }
            },
            "decryptionkey": "78b0b19fbf7f0ef6910567bc422dbade563e6ca9d34786602f34700b35a73189"
        },
        "baselanguages": "schinese",
        "branches": {
            "public": {
                "buildid": "17297547",
                "timeupdated": "1739103494"
            }
        }
    }
}