{
    "appid": "3216870",
    "type": "Demo",
    "name": "Luma Island Demo",
    "schinese_name": "",
    "isfreeapp": "0",
    "change_number": "26375805",
    "update_time": "2024-12-05 00:58:16",
    "depot": {
        "3216871": {
            "manifests": {
                "public": {
                    "gid": "5964697656851384249",
                    "size": "3475146830",
                    "download": "1828661168"
                }
            },
            "decryptionkey": "dcd96faaa736f5586dab96c1d8e73071b333e34981391e78d62d374662989e78"
        },
        "branches": {
            "public": {
                "buildid": "16051555",
                "timeupdated": "1728996081"
            }
        },
        "privatebranches": "1"
    }
}