{
    "appid": "3009000",
    "type": "Demo",
    "name": "Chess Twist Demo",
    "schinese_name": "",
    "isfreeapp": "0",
    "change_number": "24818821",
    "update_time": "2024-08-16 22:54:09",
    "depot": {
        "3009002": {
            "config": {
                "oslist": "linux"
            },
            "manifests": {
                "public": {
                    "gid": "8967022155444911193",
                    "size": "337434607",
                    "download": "134894896"
                }
            },
            "decryptionkey": ""
        },
        "3009003": {
            "config": {
                "oslist": "windows"
            },
            "manifests": {
                "public": {
                    "gid": "6829710581493542013",
                    "size": "337393581",
                    "download": "139985536"
                }
            },
            "decryptionkey": "65c5b9c6e0403b42dbb9e0a9bc9849da79a7e3dbef6a4edc81881531bb0273fa"
        },
        "3009004": {
            "config": {
                "oslist": "macos"
            },
            "manifests": {
                "public": {
                    "gid": "6742060738363158611",
                    "size": "798397517",
                    "download": "133575888"
                }
            },
            "decryptionkey": ""
        },
        "branches": {
            "public": {
                "buildid": "15396409",
                "timeupdated": "1723820042"
            }
        }
    }
}