{
    "appid": "3243190",
    "type": "Game",
    "name": "Psychopomp GOLD",
    "schinese_name": "",
    "isfreeapp": "0",
    "change_number": "28420697",
    "update_time": "2025-04-11 11:33:38",
    "depot": {
        "3243191": {
            "manifests": {
                "public": {
                    "gid": "1423010906908224526",
                    "size": "599351188",
                    "download": "319840048"
                }
            },
            "decryptionkey": "1d824266375cee6f4a2a806d88eacb83417e0ceb562e70c4fc14c85ebe87394f"
        },
        "baselanguages": "english",
        "workshopdepot": "3243190",
        "branches": {
            "public": {
                "buildid": "16858524",
                "timeupdated": "1735279014"
            }
        },
        "workshopdepotdecryptionkey": "c29e885d36f63facf840c5917c49e0da0c51ca6320b16bdaca78d313183bc6c8"
    }
}