{
    "appid": "3114330",
    "type": "Demo",
    "name": "Artifact Seeker Resurrection Demo",
    "schinese_name": "神器行者: 重生 DEMO",
    "isfreeapp": "0",
    "change_number": "26183469",
    "update_time": "2024-11-14 07:32:57",
    "depot": {
        "hasdepotsindlc": "0",
        "3114331": {
            "config": {
                "oslist": "windows",
                "osarch": "64"
            },
            "manifests": {
                "public": {
                    "gid": "2253366955416899341",
                    "size": "1031525528",
                    "download": "894123632"
                }
            },
            "decryptionkey": "863de24dfc9181d11947cf07ac8a91b39fb37c4ed296e0420699898ba4303ec6"
        },
        "branches": {
            "public": {
                "buildid": "15418988",
                "timeupdated": "1724067047"
            }
        },
        "privatebranches": "1"
    }
}