{
    "appid": "3142360",
    "type": "Demo",
    "name": "Hollow Home Demo",
    "schinese_name": "",
    "isfreeapp": "0",
    "change_number": "26183469",
    "update_time": "2024-11-14 07:34:43",
    "depot": {
        "baselanguages": "english,ukrainian",
        "3142361": {
            "config": {
                "oslist": "windows"
            },
            "manifests": {
                "public": {
                    "gid": "2957165658931273372",
                    "size": "1681896807",
                    "download": "502469552"
                }
            },
            "decryptionkey": "3fe472719c16eb1ebbcea9e1474840b964bfc345a6397b7e1de465875ef9ee10"
        },
        "branches": {
            "public": {
                "buildid": "15419852",
                "timeupdated": "1724083373"
            }
        },
        "privatebranches": "1"
    }
}