{
    "appid": "3252640",
    "type": "Demo",
    "name": "Milfy Way: Space Orgasm 🪐🔞 Demo",
    "schinese_name": "",
    "isfreeapp": "0",
    "change_number": "26506854",
    "update_time": "2024-12-05 20:16:55",
    "depot": {
        "3252641": {
            "config": {
                "oslist": "windows"
            },
            "manifests": {
                "public": {
                    "gid": "4430953909580955308",
                    "size": "527185523",
                    "download": "358679936"
                }
            },
            "decryptionkey": "f21c038b11571c1a072bc4d9a46f15ac59e382c092d13d844092d50700f415ad"
        },
        "3252642": {
            "config": {
                "oslist": "macos"
            }
        },
        "3252643": {
            "config": {
                "oslist": "linux"
            }
        },
        "branches": {
            "public": {
                "buildid": "15998570",
                "timeupdated": "1728585614"
            }
        }
    }
}