{
    "appid": "3074020",
    "type": "Game",
    "name": "异世界生存指南(美食猎人)",
    "schinese_name": "",
    "isfreeapp": "0",
    "change_number": "28914299",
    "update_time": "2025-05-10 13:32:48",
    "depot": {
        "228989": {
            "config": {
                "oslist": "windows"
            },
            "depotfromapp": "228980",
            "sharedinstall": "1"
        },
        "228990": {
            "config": {
                "oslist": "windows"
            },
            "depotfromapp": "228980",
            "sharedinstall": "1"
        },
        "3074021": {
            "manifests": {
                "public": {
                    "gid": "9079875503164549164",
                    "size": "17336813801",
                    "download": "12721947840"
                }
            },
            "decryptionkey": "c349fd0b61413ccd60be941cc56222d310ef992cc81982bd590b83f4d845b03b"
        },
        "baselanguages": "english,schinese",
        "branches": {
            "public": {
                "buildid": "18358173",
                "timeupdated": "1746528795"
            }
        }
    }
}