{
    "appid": "3014300",
    "type": "DLC",
    "name": "Fuga: Melodies of Steel 2 Little Tail Bronx Archives",
    "schinese_name": "",
    "isfreeapp": "0",
    "change_number": "26183469",
    "update_time": "2024-11-14 07:25:55",
    "depot": {
        "3014301": {
            "manifests": {
                "public": {
                    "gid": "5049232068563724105",
                    "size": "175778481",
                    "download": "178109968"
                }
            },
            "dlcappid": "3014300",
            "decryptionkey": "ccd6de2a7c3dd941677d788f07eed14c68ff2af3675cac8ae04967c4a909f733"
        },
        "3014302": {
            "dlcappid": "3014300"
        },
        "branches": {
            "public": {
                "buildid": "14892322",
                "timeupdated": "1719823016"
            }
        },
        "privatebranches": "1"
    }
}