{
    "appid": "3248510",
    "type": "Game",
    "name": "你的老婆哦",
    "schinese_name": "",
    "isfreeapp": "0",
    "change_number": "28328341",
    "update_time": "2025-04-06 09:11:07",
    "depot": {
        "3248511": {
            "manifests": {
                "public": {
                    "gid": "1032921804747649091",
                    "size": "1317888914",
                    "download": "587929904"
                }
            },
            "decryptionkey": "d0c11d23609412802e88507651aa8d63cdfc5aecfd8a97b5e787995a2ac707e5"
        },
        "branches": {
            "public": {
                "buildid": "15781444",
                "timeupdated": "1726929582"
            }
        }
    }
}