{
    "appid": "3163150",
    "type": "Demo",
    "name": "真空少女H Demo",
    "schinese_name": "",
    "isfreeapp": "0",
    "change_number": "26052746",
    "update_time": "2024-11-05 18:50:28",
    "depot": {
        "3163151": {
            "manifests": {
                "public": {
                    "gid": "8473671776990200336",
                    "size": "4068488307",
                    "download": "865999264"
                }
            },
            "decryptionkey": "c45760085d900b76d65b0101040ac97821171c84d4bf3383127d41a0b06f9d3a"
        },
        "branches": {
            "public": {
                "buildid": "16027190",
                "timeupdated": "1728834150"
            }
        }
    }
}