{
    "appid": "2954120",
    "type": "Demo",
    "name": "Tower Factory Demo",
    "schinese_name": "",
    "isfreeapp": "0",
    "change_number": "26994076",
    "update_time": "2025-01-15 01:35:07",
    "depot": {
        "baselanguages": "english",
        "2954121": {
            "manifests": {
                "public": {
                    "gid": "1346387508645376138",
                    "size": "215976913",
                    "download": "124772048"
                }
            },
            "decryptionkey": "b7751e623740c2f3145f65fbd114d53cc6189ccec19da126d77a965c4b69c800"
        },
        "branches": {
            "public": {
                "buildid": "17002895",
                "timeupdated": "1736876103"
            }
        },
        "privatebranches": "1"
    }
}