{
    "appid": "3281440",
    "type": "Demo",
    "name": "Galactic Getaway Demo",
    "schinese_name": "",
    "isfreeapp": "0",
    "change_number": "29040895",
    "update_time": "2025-05-17 22:43:57",
    "depot": {
        "3281441": {
            "config": {
                "oslist": "macos"
            },
            "manifests": {
                "public": {
                    "gid": "7725575952575306620",
                    "size": "1740771775",
                    "download": "618023648"
                },
                "indev": {
                    "gid": "8890702787565979546",
                    "size": "2045813861",
                    "download": "761695680"
                }
            }
        },
        "3281442": {
            "config": {
                "oslist": "windows"
            },
            "manifests": {
                "public": {
                    "gid": "1603233143095025895",
                    "size": "1601466440",
                    "download": "539758272"
                },
                "indev": {
                    "gid": "5309911960139154677",
                    "size": "1891549405",
                    "download": "674025408"
                }
            }
        },
        "2012391": {
            "config": {
                "oslist": "windows"
            },
            "manifests": {
                "public": {
                    "gid": "2934070228993540125",
                    "size": "1147133622",
                    "download": "538011488"
                },
                "indev": {
                    "gid": "2934070228993540125",
                    "size": "1147133622",
                    "download": "538011488"
                }
            },
            "depotfromapp": "2012390",
            "decryptionkey": "40d7b1e51194f9f2f672d0ceb4c32e8eeb75cc17eef0cd813a651afcd04eccdf"
        },
        "2012392": {
            "config": {
                "oslist": "macos"
            },
            "manifests": {
                "public": {
                    "gid": "7033217152037302769",
                    "size": "1266637801",
                    "download": "603352080"
                },
                "indev": {
                    "gid": "7033217152037302769",
                    "size": "1266637801",
                    "download": "603352080"
                }
            },
            "depotfromapp": "2012390"
        },
        "branches": {
            "public": {
                "buildid": "16041602",
                "timeupdated": "1728935976"
            },
            "indev": {
                "buildid": "17839796",
                "description": "ci builds",
                "timeupdated": "1742840184"
            }
        }
    }
}