{
    "appid": "3376740",
    "type": "Demo",
    "name": "Myrmidon Demo",
    "schinese_name": "",
    "isfreeapp": "0",
    "change_number": "27270890",
    "update_time": "2025-02-02 02:48:31",
    "depot": {
        "228989": {
            "config": {
                "oslist": "windows"
            },
            "depotfromapp": "228980",
            "sharedinstall": "1"
        },
        "228990": {
            "config": {
                "oslist": "windows"
            },
            "depotfromapp": "228980",
            "sharedinstall": "1"
        },
        "3376741": {
            "manifests": {
                "public": {
                    "gid": "1209487594100518718",
                    "size": "3262498391",
                    "download": "3112851984"
                }
            },
            "decryptionkey": "ad8ae34e7e76205b403905fddc83515defae12a7e8c1ebdd7d52faf5ebc1b126"
        },
        "branches": {
            "public": {
                "buildid": "17211220",
                "timeupdated": "1738435657"
            }
        },
        "privatebranches": "1"
    }
}