{
    "appid": "3152380",
    "type": "Game",
    "name": "Prison Notes",
    "schinese_name": "打工人铁窗笔记",
    "isfreeapp": "0",
    "change_number": "27842753",
    "update_time": "2025-03-08 04:09:31",
    "depot": {
        "baselanguages": "english,schinese",
        "228988": {
            "config": {
                "oslist": "windows"
            },
            "depotfromapp": "228980",
            "sharedinstall": "1"
        },
        "228990": {
            "config": {
                "oslist": "windows"
            },
            "depotfromapp": "228980",
            "sharedinstall": "1"
        },
        "3152381": {
            "manifests": {
                "public": {
                    "gid": "8465211909418884977",
                    "size": "3187205133",
                    "download": "777498240"
                }
            },
            "decryptionkey": "a2867c93e2c283ead7041835ba9510d51eaa29238833818d17b73c1eb2418f38"
        },
        "3152382": {},
        "branches": {
            "public": {
                "buildid": "17062059",
                "timeupdated": "1737362316"
            }
        }
    }
}