{
    "appid": "3193000",
    "type": "Demo",
    "name": "只因山的鸡脚 Demo",
    "schinese_name": "只因山的鸡脚 Demo",
    "isfreeapp": "0",
    "change_number": "27102243",
    "update_time": "2025-01-22 07:58:11",
    "depot": {
        "baselanguages": "schinese",
        "3193001": {
            "config": {
                "language": "schinese",
                "oslist": "windows",
                "osarch": "64"
            },
            "manifests": {
                "public": {
                    "gid": "1397950608760403891",
                    "size": "409063767",
                    "download": "215203392"
                }
            },
            "decryptionkey": "38202029b3812ef0004e6d13298d6687cd04018ff940614d5e896350338a882e"
        },
        "branches": {
            "public": {
                "buildid": "16653707",
                "timeupdated": "1733474551"
            }
        }
    }
}