{
    "appid": "3369850",
    "type": "Game",
    "name": "The Sushi Bar | 寿司バー",
    "schinese_name": "",
    "isfreeapp": "0",
    "change_number": "28851649",
    "update_time": "2025-05-07 08:09:30",
    "depot": {
        "228989": {
            "config": {
                "oslist": "windows"
            },
            "depotfromapp": "228980",
            "sharedinstall": "1"
        },
        "228990": {
            "config": {
                "oslist": "windows"
            },
            "depotfromapp": "228980",
            "sharedinstall": "1"
        },
        "3369851": {
            "config": {
                "oslist": "windows"
            },
            "manifests": {
                "public": {
                    "gid": "2395451105376814221",
                    "size": "957898853",
                    "download": "802516784"
                }
            },
            "decryptionkey": "c509b5a60fa04cca99765a13a27f9ca8b74e175d4e97c39bf62cef78307c00fd"
        },
        "branches": {
            "public": {
                "buildid": "16866334",
                "timeupdated": "1735398144"
            }
        }
    }
}