{
    "appid": "3412930",
    "type": "DLC",
    "name": "SMOKY WHITE ART BOOK",
    "schinese_name": "",
    "isfreeapp": "0",
    "change_number": "26865858",
    "update_time": "2025-01-05 13:35:59",
    "depot": {
        "3412930": {
            "config": {
                "oslist": "windows"
            },
            "dlcappid": "3412930",
            "manifests": {
                "public": {
                    "gid": "5655902502558760479",
                    "size": "485408640",
                    "download": "388735328"
                }
            },
            "decryptionkey": "d21626c6d9455d907d3d410d20277730fec3caa841263736e1b573fac48b6dea"
        },
        "branches": {
            "public": {
                "buildid": "16866067",
                "timeupdated": "1735393754"
            }
        }
    }
}