{
    "appid": "3122100",
    "type": "Game",
    "name": "The Ritual",
    "schinese_name": "",
    "isfreeapp": "0",
    "change_number": "28386593",
    "update_time": "2025-04-09 21:07:51",
    "depot": {
        "3122101": {
            "manifests": {
                "public": {
                    "gid": "3277109749048108563",
                    "size": "517086509",
                    "download": "397589360"
                }
            },
            "decryptionkey": "48aa0b3cbc4fa513afb87bd9e9fe51f2e4208ebffe17826e659510d3c86a5586"
        },
        "baselanguages": "english,german,french,schinese,japanese",
        "branches": {
            "public": {
                "buildid": "15283973",
                "timeupdated": "1722993188"
            }
        }
    }
}