{
    "appid": "3338660",
    "type": "Game",
    "name": "Something To Write About: Unbroken",
    "schinese_name": "",
    "isfreeapp": "0",
    "change_number": "28914734",
    "update_time": "2025-05-10 14:32:55",
    "depot": {
        "3338661": {
            "config": {
                "oslist": "windows"
            },
            "manifests": {
                "public": {
                    "gid": "5503831671693707512",
                    "size": "9129142233",
                    "download": "9082608944"
                }
            },
            "decryptionkey": "d26eb638b1e94e361d6d07cc67b269cb882d6e67e2fb2e5cae16e414ff01acb2"
        },
        "3338662": {
            "config": {
                "oslist": "macos"
            },
            "manifests": {
                "public": {
                    "gid": "396858193467482524",
                    "size": "9117741890",
                    "download": "9078531552"
                }
            }
        },
        "branches": {
            "public": {
                "buildid": "18218656",
                "timeupdated": "1745471118"
            }
        }
    }
}