{
    "appid": "3114650",
    "type": "Game",
    "name": "墙之恐惧: The Walls Still Stand",
    "schinese_name": "",
    "isfreeapp": "0",
    "change_number": "27295126",
    "update_time": "2025-02-04 03:32:54",
    "depot": {
        "3114651": {
            "manifests": {
                "public": {
                    "gid": "3804647804336559567",
                    "size": "1952628447",
                    "download": "688667904"
                }
            },
            "decryptionkey": "9101406f10ee55d5571496df799b19dafcc4188c9f277f09d0e33f4ca6e83c01"
        },
        "branches": {
            "public": {
                "buildid": "15378197",
                "timeupdated": "1723704960"
            }
        }
    }
}