{
    "appid": "3538880",
    "type": "Game",
    "name": "Leann sins",
    "schinese_name": "",
    "isfreeapp": "0",
    "change_number": "29048545",
    "update_time": "2025-05-18 20:16:18",
    "depot": {
        "3538881": {
            "config": {
                "oslist": "windows,linux"
            },
            "manifests": {
                "public": {
                    "gid": "6443779325979381365",
                    "size": "1998496029",
                    "download": "1659115968"
                }
            },
            "decryptionkey": "9a1ce6e81462a304d5ab1a762c286db81e815dda88e3f774520339581845c5b8"
        },
        "3538882": {
            "config": {
                "oslist": "macos"
            },
            "manifests": {
                "public": {
                    "gid": "8680396814172091498",
                    "size": "1986140353",
                    "download": "1661183200"
                }
            }
        },
        "branches": {
            "public": {
                "buildid": "17528511",
                "timeupdated": "1740648909"
            }
        }
    }
}