{
    "appid": "3296460",
    "type": "DLC",
    "name": "GESTALT: The Fifth Day DLC",
    "schinese_name": "",
    "isfreeapp": "0",
    "change_number": "29021129",
    "update_time": "2025-05-16 17:42:05",
    "depot": {
        "3296460": {
            "config": {
                "language": "english"
            },
            "dlcappid": "3296460",
            "manifests": {
                "public": {
                    "gid": "5445681764775692705",
                    "size": "9213564",
                    "download": "7251056"
                }
            },
            "decryptionkey": "2bf8a0724cd296118896d9e39b0f171aa1af73b65f1e35293feb158f3c705a0b"
        },
        "branches": {
            "public": {
                "buildid": "18488990",
                "timeupdated": "1747388521"
            }
        }
    }
}