{
    "appid": "3226820",
    "type": "Game",
    "name": "Mother's Home",
    "schinese_name": "",
    "isfreeapp": "0",
    "change_number": "27256033",
    "update_time": "2025-01-31 23:33:33",
    "depot": {
        "228989": {
            "config": {
                "oslist": "windows"
            },
            "depotfromapp": "228980",
            "sharedinstall": "1"
        },
        "228990": {
            "config": {
                "oslist": "windows"
            },
            "depotfromapp": "228980",
            "sharedinstall": "1"
        },
        "3226821": {
            "config": {
                "language": "english",
                "oslist": "windows"
            },
            "manifests": {
                "public": {
                    "gid": "6565487451048191396",
                    "size": "2305860922",
                    "download": "2175158544"
                }
            },
            "decryptionkey": "69202f16ca1b815569f6aa7d216d6106dec3f9849d10ae86a76db230904d2d6b"
        },
        "branches": {
            "public": {
                "buildid": "16546152",
                "timeupdated": "1732671629"
            }
        }
    }
}