{
    "appid": "3246140",
    "type": "Demo",
    "name": "Idle Tower Defense Demo",
    "schinese_name": "懒人塔防 Demo",
    "isfreeapp": "0",
    "change_number": "26793005",
    "update_time": "2024-12-27 10:02:13",
    "depot": {
        "3246141": {
            "manifests": {
                "public": {
                    "gid": "7271168255497988225",
                    "size": "606888431",
                    "download": "106363760"
                }
            },
            "decryptionkey": "0f8764bb7476b19117be0338b247b6cf37f9a42f9ba3eecebfc7b6e3d8901843"
        },
        "branches": {
            "public": {
                "buildid": "16023932",
                "timeupdated": "1728786052"
            }
        },
        "privatebranches": "1"
    }
}