{
    "appid": "3410880",
    "type": "Game",
    "name": "Train and Tame",
    "schinese_name": "驯养与训练",
    "isfreeapp": "0",
    "change_number": "29022797",
    "update_time": "2025-05-16 19:15:45",
    "depot": {
        "3410881": {
            "config": {
                "oslist": "windows,linux"
            },
            "manifests": {
                "public": {
                    "gid": "1214928724012221072",
                    "size": "690206828",
                    "download": "581501360"
                }
            },
            "decryptionkey": "1317f146f1f10a379bb88b1e8a02260174e016e770374ffd4905d398440583e4"
        },
        "3410882": {
            "config": {
                "oslist": "macos"
            },
            "manifests": {
                "public": {
                    "gid": "5583638688375716637",
                    "size": "677810436",
                    "download": "578322912"
                }
            },
            "decryptionkey": "bc71092824241bbeb272e8381ebd5febd8a1cfba03694e15a02874852067fd43"
        },
        "branches": {
            "public": {
                "buildid": "18008202",
                "timeupdated": "1744012482"
            }
        }
    }
}