{
    "appid": "3343620",
    "type": "Demo",
    "name": "Subversive Memories Demo",
    "schinese_name": "",
    "isfreeapp": "0",
    "change_number": "26728708",
    "update_time": "2024-12-20 15:28:03",
    "depot": {
        "3343621": {
            "manifests": {
                "public": {
                    "gid": "3675141712650468512",
                    "size": "641038594",
                    "download": "134803936"
                }
            },
            "decryptionkey": "f9f9cf19e6dc6b86ca758a75dbde5fbe91e985cc9dc1ff69ffcfba9f70c0035e"
        },
        "branches": {
            "public": {
                "buildid": "16810974",
                "timeupdated": "1734679639"
            }
        }
    }
}