{
    "appid": "2958970",
    "type": "Game",
    "name": "The Thing: Remastered",
    "schinese_name": "",
    "isfreeapp": "0",
    "change_number": "29044063",
    "update_time": "2025-05-18 06:15:33",
    "depot": {
        "228989": {
            "config": {
                "oslist": "windows"
            },
            "depotfromapp": "228980",
            "sharedinstall": "1"
        },
        "2958971": {
            "manifests": {
                "public": {
                    "gid": "2968358844784895996",
                    "size": "4788832165",
                    "download": "2228681648"
                },
                "old_version": {
                    "gid": "2574421567003023286",
                    "size": "4775367878",
                    "download": "2221013248"
                }
            },
            "decryptionkey": "6a77249e795dc23efaa8cc24bd18b87cd28f6707dc75eeb0e8f7a3170cd8e420"
        },
        "2958972": {
            "config": {
                "oslist": "windows",
                "osarch": "64"
            },
            "manifests": {
                "public": {
                    "gid": "8552566512058024132",
                    "size": "33250704",
                    "download": "9871920"
                },
                "old_version": {
                    "gid": "3633883499667521020",
                    "size": "32131993",
                    "download": "9832336"
                }
            },
            "decryptionkey": "8d1dc0c5fcf66fd80551e763fb9476517739447e5c617f42584661657027fcbc"
        },
        "branches": {
            "public": {
                "buildid": "17891232",
                "timeupdated": "1743125112"
            },
            "old_version": {
                "buildid": "16547990",
                "description": "The Thing Remastered - 1.02",
                "timeupdated": "1737571166"
            }
        },
        "privatebranches": "1"
    }
}