{
    "appid": "3473020",
    "type": "Game",
    "name": "I'd Lowkey Simp for that Bussin Femboy at Work",
    "schinese_name": "",
    "isfreeapp": "0",
    "change_number": "28993364",
    "update_time": "2025-05-15 10:12:03",
    "depot": {
        "3473021": {
            "manifests": {
                "public": {
                    "gid": "8845819481836508797",
                    "size": "161340804",
                    "download": "63993856"
                }
            },
            "decryptionkey": "6437dc0758b5aa22477bed53e80ed52b57c1863a14c8016d8b6f1442c00b126c"
        },
        "branches": {
            "public": {
                "buildid": "17227624",
                "timeupdated": "1738606673"
            }
        }
    }
}