{
    "appid": "3171670",
    "type": "Demo",
    "name": "Ronny's Climb Demo",
    "schinese_name": "",
    "isfreeapp": "0",
    "change_number": "27218286",
    "update_time": "2025-01-29 21:52:47",
    "depot": {
        "3171671": {
            "manifests": {
                "public": {
                    "gid": "8502366603179448158",
                    "size": "159488928",
                    "download": "76934688"
                }
            },
            "decryptionkey": "e3177ef3339c10865c958a1d6e15f785c93b0b0d49f4ed3bac36b7bbb8f67212"
        },
        "branches": {
            "public": {
                "buildid": "16910288",
                "timeupdated": "1736074275"
            }
        }
    }
}