{
    "appid": "3362140",
    "type": "Game",
    "name": "MIRAGE Episode：1",
    "schinese_name": "",
    "isfreeapp": "0",
    "change_number": "28270016",
    "update_time": "2025-04-02 22:21:05",
    "depot": {
        "baselanguages": "schinese",
        "3362142": {
            "config": {
                "oslist": "windows",
                "osarch": "64"
            },
            "manifests": {
                "public": {
                    "gid": "3374709702562444897",
                    "size": "1473749105",
                    "download": "1104201936"
                }
            },
            "decryptionkey": "f06db3b2261d02249c92aecaf5a7fe78fc19c7ed20c4198a69745de3cfe57fdb"
        },
        "3362141": {
            "config": {
                "oslist": "windows",
                "osarch": "64"
            },
            "manifests": {
                "public": {
                    "gid": "2289130792094496470",
                    "size": "1304282634",
                    "download": "919220960"
                }
            },
            "decryptionkey": ""
        },
        "branches": {
            "public": {
                "buildid": "17956010",
                "timeupdated": "1743603649"
            }
        }
    }
}