{
    "appid": "2993660",
    "type": "Game",
    "name": "Hentai Tales: Bunny Hole",
    "schinese_name": "",
    "isfreeapp": "0",
    "change_number": "27422746",
    "update_time": "2025-02-11 23:38:09",
    "depot": {
        "2993661": {
            "config": {
                "oslist": "windows"
            },
            "manifests": {
                "public": {
                    "gid": "4171662744480302822",
                    "size": "814216738",
                    "download": "196699328"
                }
            },
            "decryptionkey": "4c21a902c4d444062f2d35e633a0662f76b94563b2c87e4d189401eb5bac9f00"
        },
        "2993662": {
            "config": {
                "oslist": "macos"
            },
            "manifests": {
                "public": {
                    "gid": "1570368843470870116",
                    "size": "808472501",
                    "download": "195474672"
                }
            },
            "decryptionkey": ""
        },
        "2993663": {
            "config": {
                "oslist": "linux"
            },
            "manifests": {
                "public": {
                    "gid": "7562021805718599787",
                    "size": "855089336",
                    "download": "196679376"
                }
            },
            "decryptionkey": ""
        },
        "baselanguages": "english",
        "branches": {
            "public": {
                "buildid": "15416975",
                "timeupdated": "1724055858"
            }
        }
    }
}