{
    "appid": "3060900",
    "type": "Game",
    "name": "Dream Lust",
    "schinese_name": "欲之梦",
    "isfreeapp": "0",
    "change_number": "29015969",
    "update_time": "2025-05-16 11:30:51",
    "depot": {
        "baselanguages": "english,schinese",
        "3060901": {
            "config": {
                "oslist": "windows"
            },
            "manifests": {
                "public": {
                    "gid": "3211685379038535530",
                    "size": "15764870716",
                    "download": "1610571280"
                }
            },
            "decryptionkey": "ead4c9a8a43c73e6e396b2cf9d1b892e6b6322b2219ab77e02be03a366108053"
        },
        "3060902": {
            "config": {
                "oslist": "macos"
            },
            "manifests": {
                "public": {
                    "gid": "3874334593851718803",
                    "size": "15758376407",
                    "download": "1607079584"
                }
            },
            "decryptionkey": "c5add8e10019a0bd7199e30107b4ecf8b6bf348de6759c385dc6ba53cbf16414"
        },
        "branches": {
            "public": {
                "buildid": "16874117",
                "timeupdated": "1735624751"
            }
        },
        "privatebranches": "1"
    }
}