{
    "appid": "2982090",
    "type": "Demo",
    "name": "Fera Demo",
    "schinese_name": "",
    "isfreeapp": "0",
    "change_number": "25269390",
    "update_time": "2024-09-18 06:39:13",
    "depot": {
        "228989": {
            "config": {
                "oslist": "windows"
            },
            "depotfromapp": "228980",
            "sharedinstall": "1"
        },
        "228990": {
            "config": {
                "oslist": "windows"
            },
            "depotfromapp": "228980",
            "sharedinstall": "1"
        },
        "2982091": {
            "manifests": {
                "public": {
                    "gid": "8827626147744082062",
                    "size": "6194681574",
                    "download": "5500509904"
                }
            },
            "decryptionkey": "1353d9e6fcc5165430723afa2c429acb66e42fd00a8ad6cefff196bf135fba9a"
        },
        "branches": {
            "public": {
                "buildid": "14682869",
                "timeupdated": "1718141980"
            }
        },
        "privatebranches": "1"
    }
}