{
    "appid": "3129530",
    "type": "DLC",
    "name": "REYNATIS - Mini Art Book",
    "schinese_name": "",
    "isfreeapp": "0",
    "change_number": "28253205",
    "update_time": "2025-04-02 01:17:12",
    "depot": {
        "3129530": {
            "manifests": {
                "public": {
                    "gid": "3220683369504554194",
                    "size": "6833447",
                    "download": "6593808"
                }
            },
            "dlcappid": "3129530",
            "decryptionkey": "a247adcad5817ec3f49d84bfefa505bcc2d6a3750e6bce2670f939e752c811bc"
        },
        "branches": {
            "public": {
                "buildid": "15610148",
                "timeupdated": "1725585149"
            }
        }
    },
    "access_token": 3983366802017702124
}