{
    "appid": "3166520",
    "type": "Game",
    "name": "Frontier: Battle Royale",
    "schinese_name": "",
    "isfreeapp": "1",
    "change_number": "28447735",
    "update_time": "2025-04-13 04:08:44",
    "depot": {
        "228989": {
            "config": {
                "oslist": "windows"
            },
            "depotfromapp": "228980",
            "sharedinstall": "1"
        },
        "228990": {
            "config": {
                "oslist": "windows"
            },
            "depotfromapp": "228980",
            "sharedinstall": "1"
        },
        "3166521": {
            "manifests": {
                "public": {
                    "gid": "7053404222576945596",
                    "size": "4712981629",
                    "download": "4206432064"
                }
            },
            "decryptionkey": "14495825ef6848f744d426f6932a72ea8dcb8fcfe182cf37343e63fec22b640a"
        },
        "branches": {
            "public": {
                "buildid": "17965067",
                "timeupdated": "1743659529"
            }
        }
    }
}