{
    "appid": "3089070",
    "type": "Demo",
    "name": "PGA TOUR 2K25 First Look",
    "schinese_name": "PGA TOUR 2K25 抢先体验",
    "isfreeapp": "0",
    "change_number": "29048697",
    "update_time": "2025-05-18 20:36:09",
    "depot": {
        "228983": {
            "config": {
                "oslist": "windows"
            },
            "depotfromapp": "228980",
            "sharedinstall": "1"
        },
        "228988": {
            "config": {
                "oslist": "windows"
            },
            "depotfromapp": "228980",
            "sharedinstall": "1"
        },
        "3089071": {
            "manifests": {
                "public": {
                    "gid": "2552123620709580976",
                    "size": "29878867934",
                    "download": "27779952560"
                }
            },
            "decryptionkey": "cfd30bba743df834ad53f490daeb26ed12ce4c41c3e62bc7f9850bddfbb67315"
        },
        "baselanguages": "english,german,french,italian,koreana,spanish,schinese,tchinese,japanese",
        "branches": {
            "public": {
                "buildid": "17597382",
                "timeupdated": "1741363241"
            }
        },
        "privatebranches": "1"
    }
}