{
    "appid": "3099840",
    "type": "Game",
    "name": "君と彼女のリリィヴァガンザ",
    "schinese_name": "你与她的百合狂想曲",
    "isfreeapp": "0",
    "change_number": "28447222",
    "update_time": "2025-04-13 02:55:45",
    "depot": {
        "baselanguages": "english,japanese",
        "3099841": {
            "config": {
                "oslist": "windows",
                "language": "japanese"
            },
            "manifests": {
                "public": {
                    "gid": "1349030816290037287",
                    "size": "454358477",
                    "download": "314537408"
                }
            },
            "decryptionkey": ""
        },
        "3099843": {
            "config": {
                "language": "english",
                "oslist": "windows"
            },
            "manifests": {
                "public": {
                    "gid": "2230987374880947182",
                    "size": "450811570",
                    "download": "311463712"
                }
            },
            "decryptionkey": ""
        },
        "3099842": {
            "config": {
                "language": "schinese",
                "oslist": "windows"
            },
            "manifests": {
                "public": {
                    "gid": "1243181815395657372",
                    "size": "456494520",
                    "download": "317562960"
                }
            },
            "decryptionkey": "f1691229ddb3f95e7d36076e1023f33bdb765fd78188584c9c4acb7858d3c121"
        },
        "branches": {
            "public": {
                "buildid": "16143669",
                "timeupdated": "1729642371"
            }
        }
    }
}