{
    "appid": "3135930",
    "type": "Game",
    "name": "Milfylicious - Chapter I",
    "schinese_name": "",
    "isfreeapp": "0",
    "change_number": "29023821",
    "update_time": "2025-05-16 20:17:13",
    "depot": {
        "hasdepotsindlc": "0",
        "baselanguages": "english",
        "3135934": {
            "manifests": {
                "public": {
                    "gid": "2019257418290095855",
                    "size": "11264577538",
                    "download": "11171606256"
                }
            },
            "decryptionkey": "6432b62d9a6c62dcfb83dfac064f9e9731381259b6cc98fac6b3d4d38d748ff7"
        },
        "branches": {
            "public": {
                "buildid": "16654957",
                "timeupdated": "1733482717"
            },
            "testing": {
                "buildid": "15791330",
                "description": "includes save files",
                "timeupdated": "1727074440"
            }
        }
    }
}