{
    "appid": "3190970",
    "type": "Demo",
    "name": "Mayhemers Demo",
    "schinese_name": "",
    "isfreeapp": "0",
    "change_number": "27429209",
    "update_time": "2025-02-12 07:55:02",
    "depot": {
        "3190971": {
            "config": {
                "oslist": "windows",
                "osarch": "64"
            },
            "manifests": {
                "public": {
                    "gid": "5133764862873320114",
                    "size": "500147051",
                    "download": "241176624"
                }
            },
            "decryptionkey": "f7329bdda7d7f76bd0992cce2c2df72d5dc077082690917f064a0a491ee6569c"
        },
        "branches": {
            "public": {
                "buildid": "16411051",
                "timeupdated": "1731615673"
            }
        }
    }
}