{
    "appid": "3080100",
    "type": "Beta",
    "name": "Demon Hunt Playtest",
    "schinese_name": "",
    "isfreeapp": "0",
    "change_number": "27263405",
    "update_time": "2025-02-01 08:33:26",
    "depot": {
        "3080101": {
            "manifests": {
                "public": {
                    "gid": "3585895646081714241",
                    "size": "794644523",
                    "download": "137806240"
                }
            },
            "decryptionkey": "80e9b370c4ee0373ac624fdf8238607cb0ad12b3e26141130aeb6a4383a8dd55"
        },
        "branches": {
            "public": {
                "buildid": "17129723",
                "timeupdated": "1737803136"
            }
        },
        "privatebranches": "1"
    }
}