{
    "appid": "3438900",
    "type": "Game",
    "name": "Azazel Gamble",
    "schinese_name": "",
    "isfreeapp": "0",
    "change_number": "29018456",
    "update_time": "2025-05-16 15:16:14",
    "depot": {
        "3438901": {
            "manifests": {
                "public": {
                    "gid": "2004313059489956345",
                    "size": "3494742807",
                    "download": "1278493744"
                }
            },
            "decryptionkey": "3c580d1ba9e9aeb45e2036fa247dbac3b1543bb2424428d986658b7ded82e0ec"
        },
        "branches": {
            "public": {
                "buildid": "18487211",
                "timeupdated": "1747379740"
            }
        }
    }
}