{
    "appid": "3279660",
    "type": "Demo",
    "name": "相亲模拟器 Demo",
    "schinese_name": "",
    "isfreeapp": "0",
    "change_number": "27492965",
    "update_time": "2025-02-15 17:55:11",
    "depot": {
        "3279661": {
            "manifests": {
                "public": {
                    "gid": "7046862841019691456",
                    "size": "157238915",
                    "download": "43137200"
                }
            },
            "decryptionkey": "021cf46aaf7d0252c53d28deb47915cd27ecdada8157ad342de434894187b4aa"
        },
        "baselanguages": "schinese,tchinese",
        "branches": {
            "public": {
                "buildid": "15995932",
                "timeupdated": "1728572005"
            }
        }
    }
}