{
    "appid": "2978600",
    "type": "Game",
    "name": "That Level Again 3D",
    "schinese_name": "",
    "isfreeapp": "0",
    "change_number": "28812774",
    "update_time": "2025-05-05 03:29:42",
    "depot": {
        "2978601": {
            "manifests": {
                "public": {
                    "gid": "6554405731232913257",
                    "size": "154927675",
                    "download": "39550176"
                }
            },
            "decryptionkey": "34e0e5dbebfcf251362bfd7cba966627cb16dfebea9fcf53ef9648779a535709"
        },
        "branches": {
            "public": {
                "buildid": "14739975",
                "timeupdated": "1718614715"
            }
        }
    }
}