{
    "appid": "3347250",
    "type": "Game",
    "name": "尸潮汹涌",
    "schinese_name": "尸潮汹涌",
    "isfreeapp": "0",
    "change_number": "29041583",
    "update_time": "2025-05-18 00:13:13",
    "depot": {
        "228989": {
            "config": {
                "oslist": "windows"
            },
            "depotfromapp": "228980",
            "sharedinstall": "1"
        },
        "228990": {
            "config": {
                "oslist": "windows"
            },
            "depotfromapp": "228980",
            "sharedinstall": "1"
        },
        "hasdepotsindlc": "0",
        "baselanguages": "english",
        "3347251": {
            "config": {
                "oslist": "windows"
            },
            "manifests": {
                "public": {
                    "gid": "7945659924053798601",
                    "size": "741101083",
                    "download": "563409360"
                }
            },
            "decryptionkey": "81d2a8b29e4157abad95aedab0f0c612ac490ba7177bb33e712b1537de1a7560"
        },
        "3347252": {
            "config": {
                "oslist": "macos"
            },
            "manifests": {
                "public": {
                    "gid": "7687496484012491538",
                    "size": "772720607",
                    "download": "568214688"
                }
            }
        },
        "branches": {
            "public": {
                "buildid": "17410098",
                "timeupdated": "1739896350"
            }
        }
    }
}