{
    "appid": "3289030",
    "type": "Demo",
    "name": "Ahon - Short Demo",
    "schinese_name": "",
    "isfreeapp": "0",
    "change_number": "25808992",
    "update_time": "2024-10-21 00:01:02",
    "depot": {
        "228989": {
            "config": {
                "oslist": "windows"
            },
            "depotfromapp": "228980",
            "sharedinstall": "1"
        },
        "228990": {
            "config": {
                "oslist": "windows"
            },
            "depotfromapp": "228980",
            "sharedinstall": "1"
        },
        "3289031": {
            "manifests": {
                "public": {
                    "gid": "2485299474461079204",
                    "size": "9093342837",
                    "download": "7780834000"
                }
            },
            "decryptionkey": "751849ac493e644639b15a3a4f1302f85c1a249669189472f64828690da92322"
        },
        "branches": {
            "public": {
                "buildid": "15997057",
                "timeupdated": "1728597133"
            }
        }
    }
}