{
    "appid": "3104540",
    "type": "Game",
    "name": "SNAP SNAP",
    "schinese_name": "",
    "isfreeapp": "0",
    "change_number": "28207590",
    "update_time": "2025-03-30 00:17:13",
    "depot": {
        "228989": {
            "config": {
                "oslist": "windows"
            },
            "depotfromapp": "228980",
            "sharedinstall": "1"
        },
        "228990": {
            "config": {
                "oslist": "windows"
            },
            "depotfromapp": "228980",
            "sharedinstall": "1"
        },
        "3104541": {
            "manifests": {
                "public": {
                    "gid": "3087585458698494493",
                    "size": "4598533788",
                    "download": "4232654096"
                }
            },
            "decryptionkey": "c8ff53b0bfd016ae637f3a3b6753a4e2be959a7fb0155d9c064692482ea54350"
        },
        "branches": {
            "public": {
                "buildid": "17180618",
                "timeupdated": "1738228791"
            }
        },
        "privatebranches": "1"
    }
}