{
    "appid": "3151090",
    "type": "Demo",
    "name": "Son of a Gun Demo",
    "schinese_name": "孤胆佣兵 试玩版",
    "isfreeapp": "0",
    "change_number": "26389576",
    "update_time": "2024-12-04 23:50:12",
    "depot": {
        "3151091": {
            "manifests": {
                "public": {
                    "gid": "5984982057607012512",
                    "size": "1004409352",
                    "download": "187534496"
                }
            },
            "decryptionkey": "0f63b651a050b3035416d4c12e2bb87aa8c9c569001aa7ce02e3687b0f9c9ee4"
        },
        "branches": {
            "public": {
                "buildid": "15660333",
                "timeupdated": "1728032323"
            }
        },
        "privatebranches": "1"
    }
}