{
    "appid": "3304430",
    "type": "Game",
    "name": "Vasrak Kingdom: Battle on the frontier",
    "schinese_name": "巴沙王国：边境之战",
    "isfreeapp": "0",
    "change_number": "28785033",
    "update_time": "2025-05-02 20:18:25",
    "depot": {
        "baselanguages": "english,german,french,italian,koreana,spanish,schinese,russian,japanese,turkish,brazilian",
        "3304431": {
            "config": {
                "oslist": "windows"
            },
            "manifests": {
                "public": {
                    "gid": "3587164936011617478",
                    "size": "141270496",
                    "download": "73231328"
                }
            },
            "decryptionkey": "0a8659891d2decd158141229ec6a61504fe7801286f8a1fa77fdb9a398ec9287"
        },
        "3304432": {
            "config": {
                "oslist": "macos"
            },
            "manifests": {
                "public": {
                    "gid": "2608021014729770317",
                    "size": "218302811",
                    "download": "88311968"
                }
            },
            "decryptionkey": "3cb1abfd8aa472dbb291e2bc326549ba01f1b7bc29f81198f2999ff2613da0be"
        },
        "branches": {
            "public": {
                "buildid": "18321104",
                "timeupdated": "1746188301"
            }
        },
        "privatebranches": "1"
    }
}