{
    "appid": "3211270",
    "type": "Beta",
    "name": "Trizon Playtest",
    "schinese_name": "",
    "isfreeapp": "0",
    "change_number": "27506062",
    "update_time": "2025-02-17 04:30:59",
    "depot": {
        "3211271": {
            "config": {
                "oslist": "windows"
            },
            "manifests": {
                "public": {
                    "gid": "4519066662464327165",
                    "size": "325706080",
                    "download": "232187856"
                }
            },
            "decryptionkey": "d37b5077c032d7fcb08bfb8e256a5a3556ac66d29cc549b38c4efa9c9fead639"
        },
        "branches": {
            "public": {
                "buildid": "17385828",
                "timeupdated": "1739737851"
            }
        }
    }
}