{
    "appid": "3066910",
    "type": "Game",
    "name": "SEX Massage 2 🔞",
    "schinese_name": "",
    "isfreeapp": "0",
    "change_number": "29016036",
    "update_time": "2025-05-16 11:36:45",
    "depot": {
        "3066911": {
            "manifests": {
                "public": {
                    "gid": "1546741901507090328",
                    "size": "6577158642",
                    "download": "5398982768"
                }
            },
            "decryptionkey": "3f143da11f9026c5e617a58bb378a9efc344d746f97d2470c199e4672ff759ae"
        },
        "branches": {
            "public": {
                "buildid": "15472565",
                "timeupdated": "1724430883"
            }
        }
    }
}