{
    "appid": "3144130",
    "type": "Game",
    "name": "Pitty Meaty",
    "schinese_name": "",
    "isfreeapp": "0",
    "change_number": "28573589",
    "update_time": "2025-04-21 00:59:06",
    "depot": {
        "3144131": {
            "manifests": {
                "public": {
                    "gid": "3335566980471867203",
                    "size": "13591764",
                    "download": "8608192"
                }
            },
            "decryptionkey": "b39d4c506255c3a6428a1a433d2c9e81d6f2ad057560328e659d096e69e485eb"
        },
        "branches": {
            "public": {
                "buildid": "15458027",
                "timeupdated": "1724318734"
            }
        }
    }
}