{
    "appid": "3376170",
    "type": "Music",
    "name": "KLETKA Soundtrack",
    "schinese_name": "",
    "isfreeapp": "1",
    "change_number": "27274285",
    "update_time": "2025-02-02 12:19:16",
    "depot": {
        "3376171": {
            "manifests": {
                "public": {
                    "gid": "1850378261520941558",
                    "size": "122614030",
                    "download": "106288288"
                }
            },
            "decryptionkey": "dfc3d945444d68cb1f4bca48d6b68dc7b814c0a6270d1105e51698db708c8d27"
        },
        "branches": {
            "public": {
                "buildid": "17147286",
                "timeupdated": "1737994985"
            }
        }
    }
}