{
    "appid": "3207660",
    "type": "Demo",
    "name": "Kitchen Wars Demo",
    "schinese_name": "",
    "isfreeapp": "0",
    "change_number": "26258409",
    "update_time": "2024-11-19 17:13:06",
    "depot": {
        "3207661": {
            "manifests": {
                "public": {
                    "gid": "7176262633852112187",
                    "size": "480956779",
                    "download": "103743968"
                }
            },
            "decryptionkey": "b82c0586c31e6075a812b1de9d79e4ee23c0bc2ae9b8c3d1106f5d0acfd46b0d"
        },
        "branches": {
            "public": {
                "buildid": "16288981",
                "timeupdated": "1730733750"
            }
        },
        "privatebranches": "1"
    }
}