{
    "appid": "3200580",
    "type": "Game",
    "name": "Deathly Dominion",
    "schinese_name": "",
    "isfreeapp": "1",
    "change_number": "29040655",
    "update_time": "2025-05-17 22:13:24",
    "depot": {
        "228989": {
            "config": {
                "oslist": "windows"
            },
            "depotfromapp": "228980",
            "sharedinstall": "1"
        },
        "228990": {
            "config": {
                "oslist": "windows"
            },
            "depotfromapp": "228980",
            "sharedinstall": "1"
        },
        "3200581": {
            "config": {
                "oslist": "windows",
                "osarch": "64"
            },
            "manifests": {
                "public": {
                    "gid": "1112650167179976022",
                    "size": "5812229767",
                    "download": "5434231424"
                }
            },
            "decryptionkey": "43700c00515c1037d973830e14045f6ea18fc33c6bfb955a133d26641b37c7c1"
        },
        "branches": {
            "public": {
                "buildid": "15729486",
                "timeupdated": "1726579489"
            }
        }
    }
}