{
    "appid": "2994680",
    "type": "Game",
    "name": "Nobodies: Silent Blood",
    "schinese_name": "",
    "isfreeapp": "0",
    "change_number": "29045922",
    "update_time": "2025-05-18 12:12:50",
    "depot": {
        "2994681": {
            "config": {
                "oslist": "windows"
            },
            "manifests": {
                "public": {
                    "gid": "5637642366585436201",
                    "size": "275014415",
                    "download": "168620448"
                }
            },
            "decryptionkey": "b2bdf48f7787ecf60c1f75c1c99068a7c2eae44813bce91b79dbb700ae8963d2"
        },
        "2994682": {
            "config": {
                "oslist": "macos"
            },
            "manifests": {
                "public": {
                    "gid": "8674877285587291863",
                    "size": "281203518",
                    "download": "166477472"
                }
            }
        },
        "2994683": {
            "config": {
                "oslist": "linux"
            },
            "manifests": {
                "public": {
                    "gid": "794174954813144022",
                    "size": "407107227",
                    "download": "183749536"
                }
            }
        },
        "branches": {
            "public": {
                "buildid": "15953812",
                "timeupdated": "1728307365"
            }
        }
    }
}