{
    "appid": "3347740",
    "type": "Demo",
    "name": "Adventure With Succubus Demo",
    "schinese_name": "从魅魔开始的异世界冒险 Demo",
    "isfreeapp": "0",
    "change_number": "27251328",
    "update_time": "2025-01-31 18:39:33",
    "depot": {
        "baselanguages": "english,schinese,tchinese,japanese",
        "3347741": {
            "config": {
                "oslist": "windows",
                "osarch": "64"
            },
            "manifests": {
                "public": {
                    "gid": "195742023178021330",
                    "size": "1988886789",
                    "download": "522549296"
                }
            },
            "decryptionkey": "e43c3ab635c202446fa16f7927c955e7385069cc7e41c544ae196655a51df064"
        },
        "branches": {
            "public": {
                "buildid": "17197342",
                "timeupdated": "1738319967"
            }
        }
    }
}