{
    "appid": "3104440",
    "type": "Demo",
    "name": "The World 21 Demo",
    "schinese_name": "",
    "isfreeapp": "0",
    "change_number": "27450156",
    "update_time": "2025-02-13 09:19:42",
    "depot": {
        "3104441": {
            "manifests": {
                "public": {
                    "gid": "8768219858784929859",
                    "size": "1863184120",
                    "download": "305974192"
                }
            },
            "decryptionkey": "8c0ed31265f1a3f3a9968087cae1d37199f1705816e8dcd15855b51acfb99229"
        },
        "branches": {
            "public": {
                "buildid": "16180538",
                "timeupdated": "1729860105"
            }
        }
    }
}