{
    "appid": "3667230",
    "type": "Game",
    "name": "The Deadseat",
    "schinese_name": "",
    "isfreeapp": "0",
    "change_number": "29044412",
    "update_time": "2025-05-18 07:11:34",
    "depot": {
        "3667231": {
            "manifests": {
                "public": {
                    "gid": "4676999146357437846",
                    "size": "251479000",
                    "download": "179880704"
                }
            },
            "decryptionkey": "cc435ceb16e5e33c19898ce4f20e26601982c0760011b37d74bdbcf1f15d90d1"
        },
        "branches": {
            "public": {
                "buildid": "18486758",
                "timeupdated": "1747377076"
            }
        }
    }
}