{
    "appid": "3203520",
    "type": "Demo",
    "name": "Lynked: Banner of the Spark Demo",
    "schinese_name": "《Lynked: Banner of the Spark》体验版",
    "isfreeapp": "0",
    "change_number": "26183469",
    "update_time": "2024-11-14 07:38:15",
    "depot": {
        "3203521": {
            "manifests": {
                "public": {
                    "gid": "6570870454197027340",
                    "size": "10930661103",
                    "download": "10020813248"
                }
            },
            "decryptionkey": "ead8a60a4c0d869830f0a53d1250be69af7bfa62bdb787d15e5569a73f7714aa"
        },
        "branches": {
            "public": {
                "buildid": "16089238",
                "timeupdated": "1729227861"
            }
        },
        "privatebranches": "1"
    }
}