{
    "appid": "3191040",
    "type": "Demo",
    "name": "Five Nights at Restroom 2 Demo",
    "schinese_name": "",
    "isfreeapp": "0",
    "change_number": "25914026",
    "update_time": "2024-10-27 05:41:25",
    "depot": {
        "3191041": {
            "manifests": {
                "public": {
                    "gid": "7064686923027987707",
                    "size": "161929121",
                    "download": "124922128"
                }
            },
            "decryptionkey": "fba37d39a4d578756b5ad121300d5d68add093a21c8d2ba909789138499a9f3c"
        },
        "branches": {
            "public": {
                "buildid": "16056757",
                "timeupdated": "1729024205"
            }
        }
    }
}