{
    "appid": "2994530",
    "type": "Demo",
    "name": "Tokyo Mafia Simulator Demo",
    "schinese_name": "",
    "isfreeapp": "0",
    "change_number": "25482114",
    "update_time": "2024-10-02 01:44:02",
    "depot": {
        "2994531": {
            "manifests": {
                "public": {
                    "gid": "6878104669602271157",
                    "size": "5215927328",
                    "download": "1725369088"
                }
            },
            "decryptionkey": "1c367875cdbdcc082d9be6e84d0cd697c04418349881e1b554ec062177a9752d"
        },
        "branches": {
            "public": {
                "buildid": "14682855",
                "timeupdated": "1718138895"
            }
        }
    }
}