{
    "appid": "3616940",
    "type": "Game",
    "name": "Angry Bean",
    "schinese_name": "",
    "isfreeapp": "0",
    "change_number": "28946822",
    "update_time": "2025-05-13 04:00:53",
    "depot": {
        "3616941": {
            "config": {
                "oslist": "windows",
                "osarch": "64"
            },
            "manifests": {
                "public": {
                    "gid": "5390125625976377274",
                    "size": "146791407",
                    "download": "50326912"
                }
            },
            "decryptionkey": "584004bc56b9b694268440ad9b48e287e7c4a88f9f30eca4f9ffa19e3f21eefa"
        },
        "branches": {
            "public": {
                "buildid": "18194771",
                "timeupdated": "1745333602"
            }
        }
    }
}