{
    "appid": "2959670",
    "type": "Game",
    "name": "做你的猫",
    "schinese_name": "",
    "isfreeapp": "0",
    "change_number": "27872274",
    "update_time": "2025-03-10 21:52:15",
    "depot": {
        "baselanguages": "english,schinese,tchinese",
        "hasdepotsindlc": "0",
        "2959671": {
            "manifests": {
                "public": {
                    "gid": "3210864307989020217",
                    "size": "0",
                    "download": "0"
                }
            },
            "decryptionkey": "08957b726649fc2967a1e0590e3e9d1c749cdd782d259ae6e11262da91fa2064"
        },
        "2959672": {
            "config": {
                "oslist": "windows",
                "osarch": "64"
            },
            "manifests": {
                "public": {
                    "gid": "6146938179485254562",
                    "size": "35985064389",
                    "download": "36110260480"
                }
            },
            "decryptionkey": "e702bb40bc1540b86f7d5c8d9417b2645da2cbcedf43dd0271a4ebe702cf3509"
        },
        "branches": {
            "public": {
                "buildid": "15705240",
                "timeupdated": "1726379058"
            }
        }
    }
}