{
    "appid": "3361010",
    "type": "Demo",
    "name": "Corner Kitchen Fast Food Simulator Demo",
    "schinese_name": "",
    "isfreeapp": "0",
    "change_number": "27444656",
    "update_time": "2025-02-13 02:21:21",
    "depot": {
        "3361011": {
            "manifests": {
                "public": {
                    "gid": "5971656561706621278",
                    "size": "1987471029",
                    "download": "1695027776"
                }
            },
            "decryptionkey": "dc6a34c4a0f685efb770c3619d21e0063fbd06f21275f02ef43e78305e080e9b"
        },
        "branches": {
            "public": {
                "buildid": "17455665",
                "timeupdated": "1740145468"
            }
        }
    }
}