{
    "appid": "3165080",
    "type": "Music",
    "name": "Mika and The Witch's Mountain - OST",
    "schinese_name": "",
    "isfreeapp": "0",
    "change_number": "27919855",
    "update_time": "2025-03-13 05:36:02",
    "depot": {
        "3165081": {
            "manifests": {
                "public": {
                    "gid": "4812318632395188756",
                    "size": "37924321",
                    "download": "37233696"
                }
            },
            "decryptionkey": "3c8a20e7b9707e5939f20204e99e2284edb0b868ea84b6ca5764bb48c58337ab"
        },
        "branches": {
            "public": {
                "buildid": "15464851",
                "timeupdated": "1724362944"
            }
        }
    }
}