{
    "appid": "3116370",
    "type": "Game",
    "name": "破碎棱镜 Broken Prism",
    "schinese_name": "",
    "isfreeapp": "0",
    "change_number": "28700605",
    "update_time": "2025-04-28 14:51:41",
    "depot": {
        "3116371": {
            "manifests": {
                "public": {
                    "gid": "7851156189760404440",
                    "size": "2678758015",
                    "download": "1753302896"
                }
            },
            "decryptionkey": "9bd5d22e356c57e859e6eed2c0e05e32de42703c23756d7a90cf0a7f221ffc82"
        },
        "baselanguages": "schinese",
        "branches": {
            "public": {
                "buildid": "18081068",
                "timeupdated": "1744432904"
            }
        }
    }
}