{
    "appid": "3263500",
    "type": "Demo",
    "name": "你的老婆哦 Demo",
    "schinese_name": "",
    "isfreeapp": "0",
    "change_number": "25959487",
    "update_time": "2024-10-30 06:18:24",
    "depot": {
        "3263501": {
            "manifests": {
                "public": {
                    "gid": "2546574348507991830",
                    "size": "1317888402",
                    "download": "587929552"
                }
            },
            "decryptionkey": "4f5d42e6a32275bab4d73cb97799caea094b1a13f0faa8c38cada152a86ebbac"
        },
        "branches": {
            "public": {
                "buildid": "15865672",
                "timeupdated": "1727598328"
            }
        }
    }
}