{
    "appid": "3375440",
    "type": "Demo",
    "name": "Lingo 2 Demo",
    "schinese_name": "",
    "isfreeapp": "0",
    "change_number": "26611808",
    "update_time": "2024-12-12 21:43:30",
    "depot": {
        "3375441": {
            "manifests": {
                "public": {
                    "gid": "4679237673321865851",
                    "size": "111168776",
                    "download": "57638000"
                }
            },
            "decryptionkey": "848d2a82f39d62fb024185a5eec975f46061e199044a9344b4258c84e8989040"
        },
        "branches": {
            "public": {
                "buildid": "16543423",
                "timeupdated": "1732653485"
            }
        }
    }
}