{
    "appid": "3364650",
    "type": "Game",
    "name": "Exorcist",
    "schinese_name": "",
    "isfreeapp": "0",
    "change_number": "27126246",
    "update_time": "2025-01-23 15:47:19",
    "depot": {
        "baselanguages": "english,schinese,tchinese,japanese",
        "228989": {
            "config": {
                "oslist": "windows"
            },
            "depotfromapp": "228980",
            "sharedinstall": "1"
        },
        "228990": {
            "config": {
                "oslist": "windows"
            },
            "depotfromapp": "228980",
            "sharedinstall": "1"
        },
        "3364651": {
            "config": {
                "oslist": "windows",
                "osarch": "64"
            },
            "manifests": {
                "public": {
                    "gid": "2100869298708248239",
                    "size": "1024278594",
                    "download": "869272688"
                }
            },
            "decryptionkey": "667e11614d7d23bfb74a74d2d7b8b0621814190d9fe532bfd2d0944778b99ea1"
        },
        "branches": {
            "public": {
                "buildid": "17101951",
                "timeupdated": "1737618434"
            }
        }
    }
}