{
    "appid": "3373670",
    "type": "Game",
    "name": "Dice People",
    "schinese_name": "",
    "isfreeapp": "0",
    "change_number": "29016664",
    "update_time": "2025-05-16 12:42:43",
    "depot": {
        "3373671": {
            "manifests": {
                "public": {
                    "gid": "7882781839861057830",
                    "size": "22673413",
                    "download": "10199856"
                }
            },
            "decryptionkey": "e504276f1a5d47bd14e00a3824630c304f6827c342a49337dc9cc2e96796169f"
        },
        "branches": {
            "public": {
                "buildid": "17665716",
                "timeupdated": "1742578532"
            }
        }
    }
}