{
    "appid": "3120610",
    "type": "Demo",
    "name": "VR Harem Life ~ Your Room Became a Hang-Out for Girls!? ~ Demo",
    "schinese_name": "",
    "isfreeapp": "0",
    "change_number": "27361164",
    "update_time": "2025-02-07 17:45:06",
    "depot": {
        "3120611": {
            "manifests": {
                "public": {
                    "gid": "1389253693756227223",
                    "size": "507994928",
                    "download": "263796128"
                }
            },
            "decryptionkey": "01563104fc5b0fb32d1a17e2494a9f6d7a5a2b88fb8bbe16e43ef216bfee0b71"
        },
        "branches": {
            "public": {
                "buildid": "17278378",
                "timeupdated": "1738921497"
            }
        }
    }
}