{
    "appid": "3073220",
    "type": "Game",
    "name": "Deliberate",
    "schinese_name": "",
    "isfreeapp": "0",
    "change_number": "24642278",
    "update_time": "2024-08-04 22:51:20",
    "depot": {
        "3073221": {
            "manifests": {
                "public": {
                    "gid": "902349436802332349",
                    "size": "118584615",
                    "download": "37093936"
                }
            },
            "decryptionkey": "cc68bb7fa471bb7413feec540c9b1edae87cf9785289f1315d5cba61abbee688"
        },
        "branches": {
            "public": {
                "buildid": "14817668",
                "timeupdated": "1719231819"
            }
        }
    }
}