{
    "appid": "3602670",
    "type": "Music",
    "name": "Deep Cuts OST - Mad Monastery",
    "schinese_name": "",
    "isfreeapp": "0",
    "change_number": "28772265",
    "update_time": "2025-05-02 01:12:28",
    "depot": {
        "3602671": {
            "manifests": {
                "public": {
                    "gid": "7129054695960896819",
                    "size": "71309040",
                    "download": "70980736"
                }
            },
            "decryptionkey": "3e940c7591f83abdfdbe155ca68117c2af30e07dc3a2ca9b7732bf885cbe125e"
        },
        "3602672": {
            "config": {
                "highqualityaudio": "1"
            },
            "manifests": {
                "public": {
                    "gid": "5537251335698990132",
                    "size": "1081583694",
                    "download": "937689280"
                }
            },
            "decryptionkey": "b24b6f86ea01889e29cc74b1395af196279a8c1c4278f0f85450332cd7a4a8f0"
        },
        "branches": {
            "public": {
                "buildid": "17755131",
                "timeupdated": "1742233835"
            }
        }
    }
}