{
    "appid": "3241100",
    "type": "Game",
    "name": "幻面行者",
    "schinese_name": "",
    "isfreeapp": "0",
    "change_number": "28593146",
    "update_time": "2025-04-22 10:59:11",
    "depot": {
        "baselanguages": "schinese",
        "hasdepotsindlc": "0",
        "3241101": {
            "config": {
                "oslist": "windows",
                "osarch": "64"
            },
            "manifests": {
                "public": {
                    "gid": "1869772774169070168",
                    "size": "3300407012",
                    "download": "3134560208"
                }
            },
            "decryptionkey": "ab99c529e819a6eb8f619d7244c84932765a8d8abb1cf038d1bd01be400e6a25"
        },
        "3241102": {
            "config": {
                "oslist": "macos",
                "osarch": "64"
            },
            "manifests": {
                "public": {
                    "gid": "8086365325399072074",
                    "size": "3274653229",
                    "download": "3126934256"
                }
            },
            "decryptionkey": ""
        },
        "branches": {
            "public": {
                "buildid": "15865833",
                "timeupdated": "1727600719"
            }
        }
    }
}