{
    "appid": "3647480",
    "type": "Game",
    "name": "Unknown Host",
    "schinese_name": "",
    "isfreeapp": "0",
    "change_number": "29013895",
    "update_time": "2025-05-16 08:21:38",
    "depot": {
        "228989": {
            "config": {
                "oslist": "windows"
            },
            "depotfromapp": "228980",
            "sharedinstall": "1"
        },
        "228990": {
            "config": {
                "oslist": "windows"
            },
            "depotfromapp": "228980",
            "sharedinstall": "1"
        },
        "baselanguages": "english",
        "3647481": {
            "manifests": {
                "public": {
                    "gid": "9092403728465547111",
                    "size": "3141631060",
                    "download": "2793106720"
                }
            },
            "decryptionkey": "2491cc94dbb31679962e4190538d8ed21496a1773bd0d2c8aacf70df3d79ff60"
        },
        "branches": {
            "public": {
                "buildid": "18464355",
                "timeupdated": "1747244621"
            }
        }
    }
}