{
    "appid": "3570400",
    "type": "Game",
    "name": "Wall Town Wonders",
    "schinese_name": "",
    "isfreeapp": "0",
    "change_number": "29004130",
    "update_time": "2025-05-15 22:10:35",
    "depot": {
        "228989": {
            "config": {
                "oslist": "windows"
            },
            "depotfromapp": "228980",
            "sharedinstall": "1"
        },
        "228990": {
            "config": {
                "oslist": "windows"
            },
            "depotfromapp": "228980",
            "sharedinstall": "1"
        },
        "3570401": {
            "manifests": {
                "public": {
                    "gid": "1936137995234663235",
                    "size": "5767564217",
                    "download": "5575155648"
                },
                "alpha": {
                    "gid": "891464791113765859",
                    "size": "5766334191",
                    "download": "5572718192"
                },
                "beta": {
                    "gid": "1936137995234663235",
                    "size": "5767564217",
                    "download": "5575155648"
                }
            },
            "decryptionkey": "dc1362968e848bb2f099b2ba9bcd8cb100874db868ab0e552e769a06f7ca6b24"
        },
        "branches": {
            "public": {
                "buildid": "18446427",
                "timeupdated": "1747217063"
            },
            "alpha": {
                "buildid": "18446678",
                "description": "Highly experimental builds",
                "timeupdated": "1747148689"
            },
            "beta": {
                "buildid": "18446427",
                "description": "Branch used to test updates before sending them to production",
                "timeupdated": "1747147492"
            }
        },
        "privatebranches": "1"
    }
}