{
    "appid": "3594420",
    "type": "Music",
    "name": "叛逆神魂-原声音乐-【VOL1：共鸣】",
    "schinese_name": "",
    "isfreeapp": "0",
    "change_number": "28882701",
    "update_time": "2025-05-08 21:33:29",
    "depot": {
        "3594421": {
            "manifests": {
                "public": {
                    "gid": "4271435556953725842",
                    "size": "108993508",
                    "download": "107975968"
                }
            },
            "decryptionkey": "2d4945cfc45e9a87f2b95b5415d0dbcafca57d7cfc96c83e9c22dedfc1159e44"
        },
        "3594422": {
            "config": {
                "highqualityaudio": "1"
            },
            "manifests": {
                "public": {
                    "gid": "8033335571404251054",
                    "size": "785317172",
                    "download": "741834848"
                }
            },
            "decryptionkey": "32babec84669f8415aef06baadfd7362bb58ad6f674588bd0a157f1f729e8775"
        },
        "branches": {
            "public": {
                "buildid": "18318292",
                "timeupdated": "1746168681"
            }
        }
    }
}