{
    "appid": "3137610",
    "type": "Demo",
    "name": "I Am The Registered Environmental Engineer Demo",
    "schinese_name": "我是注册环境工程师 Demo",
    "isfreeapp": "0",
    "change_number": "25690801",
    "update_time": "2024-10-13 14:20:57",
    "depot": {
        "3137611": {
            "config": {
                "oslist": "windows"
            },
            "manifests": {
                "public": {
                    "gid": "7877207774029397317",
                    "size": "141999228",
                    "download": "78902352"
                }
            },
            "decryptionkey": "44a8f604053bbd6e96f1c9fb64718d3dd0623a1e7540e18170d149120fc252f6"
        },
        "3137612": {
            "config": {
                "oslist": "macos"
            },
            "manifests": {
                "public": {
                    "gid": "6560152394417051870",
                    "size": "106164886",
                    "download": "70802592"
                }
            },
            "decryptionkey": ""
        },
        "baselanguages": "english,french,koreana,spanish,schinese,tchinese,russian,japanese,portuguese,brazilian,latam",
        "branches": {
            "public": {
                "buildid": "16024783",
                "timeupdated": "1728800451"
            }
        }
    }
}