{
    "appid": "3527410",
    "type": "DLC",
    "name": "怦然心动的她们：好想再见你一面 剧情扩展DLC",
    "schinese_name": "",
    "isfreeapp": "0",
    "change_number": "27903079",
    "update_time": "2025-03-12 10:53:56",
    "depot": {
        "3527410": {
            "config": {
                "oslist": "windows",
                "osarch": "64"
            },
            "manifests": {
                "public": {
                    "gid": "1834516873105133597",
                    "size": "29029710114",
                    "download": "28258890960"
                }
            },
            "dlcappid": "3527410",
            "decryptionkey": "a6b757b89d8447056bb087290388bde63bf046cc0d4b2f1beae3d904f481ed24"
        },
        "branches": {
            "public": {
                "buildid": "17686673",
                "timeupdated": "1741748033"
            }
        }
    }
}