{
    "appid": "3341250",
    "type": "Beta",
    "name": "WoT Blitz Reforged Update",
    "schinese_name": "",
    "isfreeapp": "0",
    "change_number": "29008871",
    "update_time": "2025-05-16 02:08:23",
    "depot": {
        "228989": {
            "config": {
                "oslist": "windows"
            },
            "depotfromapp": "228980",
            "sharedinstall": "1"
        },
        "228990": {
            "config": {
                "oslist": "windows"
            },
            "depotfromapp": "228980",
            "sharedinstall": "1"
        },
        "3341251": {
            "config": {
                "oslist": "windows"
            },
            "manifests": {
                "public": {
                    "gid": "7330078321207141817",
                    "size": "767318570",
                    "download": "398951024"
                }
            },
            "decryptionkey": "d9e54e45120c44253288be4379eeb5543ff8597db00808d2d7a0ab0442a988cc"
        },
        "3341252": {
            "config": {
                "oslist": "macos"
            },
            "manifests": {}
        },
        "branches": {
            "public": {
                "buildid": "17237809",
                "timeupdated": "1738759805"
            }
        },
        "privatebranches": "1"
    }
}