{
    "appid": "3043140",
    "type": "Game",
    "name": "Ghost",
    "schinese_name": "",
    "isfreeapp": "0",
    "change_number": "24200925",
    "update_time": "2024-07-02 11:13:52",
    "depot": {
        "3043141": {
            "manifests": {
                "public": {
                    "gid": "7761198069485685978",
                    "size": "86303195",
                    "download": "38179280"
                }
            },
            "decryptionkey": "44b1253cee876189cdeae31ee5e73da701d45f83dd34e04859733b9f3701366f"
        },
        "branches": {
            "public": {
                "buildid": "14639325",
                "timeupdated": "1717763566"
            }
        }
    }
}