{
    "appid": "3179270",
    "type": "Demo",
    "name": "SNØ Demo",
    "schinese_name": "",
    "isfreeapp": "0",
    "change_number": "27541687",
    "update_time": "2025-02-19 04:15:10",
    "depot": {
        "3179271": {
            "config": {
                "oslist": "windows"
            },
            "manifests": {
                "public": {
                    "gid": "2437900220240454983",
                    "size": "491007810",
                    "download": "226963984"
                }
            },
            "decryptionkey": "c59737429fa452216529bc6a6e5201d710ed3cb549a93048786fcace8be06051"
        },
        "3179272": {
            "config": {
                "oslist": "macos"
            },
            "manifests": {
                "public": {
                    "gid": "9218686707325448975",
                    "size": "514113445",
                    "download": "234214816"
                }
            },
            "decryptionkey": ""
        },
        "branches": {
            "public": {
                "buildid": "17289598",
                "timeupdated": "1738999366"
            }
        },
        "privatebranches": "1"
    }
}