{
    "appid": "3361470",
    "type": "Game",
    "name": "Digseum",
    "schinese_name": "",
    "isfreeapp": "0",
    "change_number": "29016621",
    "update_time": "2025-05-16 12:36:48",
    "depot": {
        "3361471": {
            "manifests": {
                "public": {
                    "gid": "3703721826694153454",
                    "size": "121468687",
                    "download": "65312576"
                }
            },
            "decryptionkey": "3218add7ef414cf4584104b1c1232f01f465b37d96ff596927432d1b5e154459"
        },
        "branches": {
            "public": {
                "buildid": "17096143",
                "timeupdated": "1737577192"
            }
        }
    }
}