{
    "appid": "3350440",
    "type": "Game",
    "name": "Velvet's Veil",
    "schinese_name": "",
    "isfreeapp": "0",
    "change_number": "28922313",
    "update_time": "2025-05-11 10:33:17",
    "depot": {
        "228989": {
            "config": {
                "oslist": "windows"
            },
            "depotfromapp": "228980",
            "sharedinstall": "1"
        },
        "228990": {
            "config": {
                "oslist": "windows"
            },
            "depotfromapp": "228980",
            "sharedinstall": "1"
        },
        "3350441": {
            "manifests": {
                "public": {
                    "gid": "1423116956454414430",
                    "size": "4560594379",
                    "download": "4340921552"
                }
            },
            "decryptionkey": "75444495c97164298c7ab5bc623b59853514971b3f2c0fad10f46bd62bbe0799"
        },
        "branches": {
            "public": {
                "buildid": "17645769",
                "timeupdated": "1741426515"
            }
        }
    }
}