{
    "appid": "3036090",
    "type": "Demo",
    "name": "Hermit and Pig Demo",
    "schinese_name": "",
    "isfreeapp": "0",
    "change_number": "26038609",
    "update_time": "2024-11-04 22:45:01",
    "depot": {
        "3036091": {
            "config": {
                "oslist": "windows"
            },
            "manifests": {
                "public": {
                    "gid": "2826961681323129849",
                    "size": "243944593",
                    "download": "142782176"
                }
            },
            "decryptionkey": "ff25b3193dc99b455bb5e574f0e19f033f934b1fc56e1bd22103e297df064079"
        },
        "3036092": {
            "config": {
                "language": "english",
                "oslist": "macos"
            },
            "manifests": {
                "public": {
                    "gid": "7423994580499897288",
                    "size": "281807615",
                    "download": "150940384"
                }
            },
            "decryptionkey": ""
        },
        "branches": {
            "public": {
                "buildid": "16288575",
                "timeupdated": "1730731495"
            }
        }
    }
}