{
    "appid": "3321110",
    "type": "Music",
    "name": "Vasilisa And Baba Yaga Soundtrack",
    "schinese_name": "",
    "isfreeapp": "0",
    "change_number": "28918671",
    "update_time": "2025-05-11 00:33:12",
    "depot": {
        "3321111": {
            "manifests": {
                "public": {
                    "gid": "3726085066108446925",
                    "size": "167946132",
                    "download": "139640896"
                }
            },
            "decryptionkey": "369414674ccdf220d3aadffc807e70ffb95dc49f8cba58bb07e4b92901e2db97"
        },
        "3321112": {
            "config": {
                "highqualityaudio": "1"
            },
            "manifests": {
                "public": {
                    "gid": "4022751290082744876",
                    "size": "742139236",
                    "download": "632290224"
                }
            },
            "decryptionkey": "fd7329c003524e31a67318debf2996cd921c004c7757af43f0bc9c1cb6a5c704"
        },
        "branches": {
            "public": {
                "buildid": "16353739",
                "timeupdated": "1731178797"
            }
        }
    }
}