{
    "appid": "2968170",
    "type": "Game",
    "name": "Hazing - Night Shift",
    "schinese_name": "",
    "isfreeapp": "0",
    "change_number": "29015559",
    "update_time": "2025-05-16 10:54:46",
    "depot": {
        "228989": {
            "config": {
                "oslist": "windows"
            },
            "depotfromapp": "228980",
            "sharedinstall": "1"
        },
        "228990": {
            "config": {
                "oslist": "windows"
            },
            "depotfromapp": "228980",
            "sharedinstall": "1"
        },
        "2968171": {
            "config": {
                "oslist": "windows",
                "osarch": "64"
            },
            "manifests": {
                "public": {
                    "gid": "7972769463600509499",
                    "size": "4625035160",
                    "download": "4475887520"
                }
            },
            "decryptionkey": "c6ba1e902714b1ba26d8e072c17eba03fe81b610e55b5c1953c91689d1e8d773"
        },
        "branches": {
            "public": {
                "buildid": "14867715",
                "timeupdated": "1719553313"
            }
        }
    }
}