{
    "appid": "2993610",
    "type": "Demo",
    "name": "Dubio Demo",
    "schinese_name": "",
    "isfreeapp": "0",
    "change_number": "27153417",
    "update_time": "2025-01-25 01:11:43",
    "depot": {
        "2780791": {
            "config": {
                "oslist": "windows"
            },
            "manifests": {
                "public": {
                    "gid": "1486516507731376682",
                    "size": "545231062",
                    "download": "209913696"
                }
            },
            "depotfromapp": "2780790",
            "decryptionkey": "cb6a23fb1af09ca12915faa4db6a89bb34cc88cfb711dec760297763edf06ffd"
        },
        "2780792": {
            "config": {
                "oslist": "macos"
            },
            "manifests": {
                "public": {
                    "gid": "1988626360396688115",
                    "size": "736316176",
                    "download": "231870864"
                }
            },
            "depotfromapp": "2780790",
            "decryptionkey": ""
        },
        "2993611": {
            "config": {
                "oslist": "windows",
                "osarch": "64"
            },
            "manifests": {
                "public": {
                    "gid": "6990592306208997722",
                    "size": "545231062",
                    "download": "209940832"
                }
            },
            "decryptionkey": ""
        },
        "2993612": {
            "config": {
                "oslist": "macos"
            },
            "manifests": {
                "public": {
                    "gid": "5631133088678402723",
                    "size": "736316176",
                    "download": "231898032"
                }
            },
            "decryptionkey": ""
        },
        "branches": {
            "public": {
                "buildid": "17122611",
                "timeupdated": "1737738698"
            }
        },
        "privatebranches": "1"
    }
}