{
    "appid": "2980820",
    "type": "Demo",
    "name": "Escape Zombie Maze Demo",
    "schinese_name": "",
    "isfreeapp": "0",
    "change_number": "26270128",
    "update_time": "2024-11-20 07:26:25",
    "depot": {
        "baselanguages": "english",
        "hasdepotsindlc": "1",
        "2980821": {
            "config": {
                "language": "english",
                "oslist": "windows",
                "osarch": "64"
            },
            "manifests": {
                "public": {
                    "gid": "6725675877065439177",
                    "size": "3958982761",
                    "download": "1452051440"
                },
                "beta": {
                    "gid": "4304041414606446563",
                    "size": "3889569830",
                    "download": "1437974368"
                },
                "beta2": {
                    "gid": "4394493516136623126",
                    "size": "3612029722",
                    "download": "1312776224"
                },
                "firstversion": {
                    "gid": "1413571836773992501",
                    "size": "3701534254",
                    "download": "1331479360"
                }
            },
            "decryptionkey": "df88970c6043893e294a11286965a985080683eda6ba14bae8b97d7f7c7e9d7b"
        },
        "branches": {
            "public": {
                "buildid": "14973049",
                "timeupdated": "1720506461"
            },
            "beta": {
                "buildid": "14935434",
                "description": "beta",
                "timeupdated": "1720122597"
            },
            "beta2": {
                "buildid": "14974801",
                "description": "1.1.9",
                "timeupdated": "1720518332"
            },
            "firstversion": {
                "buildid": "14725759",
                "description": "firstversion",
                "timeupdated": "1720122691"
            }
        }
    }
}