{
    "appid": "3149840",
    "type": "Game",
    "name": "Скуф на рыбалке",
    "schinese_name": "",
    "isfreeapp": "0",
    "change_number": "29018464",
    "update_time": "2025-05-16 15:16:27",
    "depot": {
        "3149841": {
            "manifests": {
                "public": {
                    "gid": "4969065839337980368",
                    "size": "665782319",
                    "download": "267887424"
                }
            },
            "decryptionkey": "2f33b10d7294fd95579a4326817dd0dad7e062ebeaadd85abc56da16133b2df9"
        },
        "baselanguages": "english,russian",
        "branches": {
            "public": {
                "buildid": "18006929",
                "timeupdated": "1744003581"
            }
        },
        "privatebranches": "1"
    }
}