{
    "appid": "3241830",
    "type": "Demo",
    "name": "Velev Demo",
    "schinese_name": "",
    "isfreeapp": "0",
    "change_number": "28393149",
    "update_time": "2025-04-10 03:13:55",
    "depot": {
        "228989": {
            "config": {
                "oslist": "windows"
            },
            "depotfromapp": "228980",
            "sharedinstall": "1"
        },
        "3241831": {
            "config": {
                "oslist": "windows"
            },
            "manifests": {
                "public": {
                    "gid": "8734303031819239109",
                    "size": "4922643032",
                    "download": "1794236176"
                }
            },
            "decryptionkey": "bb20916ecb280e78b594265ffa701476280ef8d983018c33e74d0ba2d706b5f9"
        },
        "3241832": {
            "config": {
                "oslist": "macos"
            },
            "manifests": {
                "public": {
                    "gid": "6279225219737173639",
                    "size": "5039200324",
                    "download": "1812756976"
                }
            }
        },
        "branches": {
            "public": {
                "buildid": "16562630",
                "timeupdated": "1732778114"
            }
        }
    }
}