{
    "appid": "3032160",
    "type": "Game",
    "name": "Puzzle Scenery",
    "schinese_name": "",
    "isfreeapp": "0",
    "change_number": "24142468",
    "update_time": "2024-06-27 19:36:58",
    "depot": {
        "3032161": {
            "manifests": {
                "public": {
                    "gid": "5474260575962847898",
                    "size": "91927770",
                    "download": "33125168"
                }
            },
            "decryptionkey": "2532edba15eb5df1b2c0a2c0e97cda5fc7cae5c9de3cddc59ed241da44dea4cf"
        },
        "branches": {
            "public": {
                "buildid": "14585290",
                "timeupdated": "1717419928"
            }
        }
    }
}