{
    "appid": "3027020",
    "type": "Demo",
    "name": "Escape Party Demo",
    "schinese_name": "",
    "isfreeapp": "0",
    "change_number": "25164552",
    "update_time": "2024-09-11 06:22:51",
    "depot": {
        "3027021": {
            "manifests": {
                "public": {
                    "gid": "6010036895592897015",
                    "size": "5044830",
                    "download": "1374176"
                }
            },
            "decryptionkey": "b4bb44113d11d9f7bb7254a9a33a35325c255f02e734351ec7316ccb61b020d6"
        },
        "branches": {
            "public": {
                "buildid": "14538378",
                "timeupdated": "1717447007"
            }
        }
    }
}