{
    "appid": "2959620",
    "type": "Demo",
    "name": "UNYIELDER: PROLOGUE DEMO",
    "schinese_name": "",
    "isfreeapp": "0",
    "change_number": "27989620",
    "update_time": "2025-03-17 16:28:47",
    "depot": {
        "228989": {
            "config": {
                "oslist": "windows"
            },
            "depotfromapp": "228980",
            "sharedinstall": "1"
        },
        "228990": {
            "config": {
                "oslist": "windows"
            },
            "depotfromapp": "228980",
            "sharedinstall": "1"
        },
        "2959621": {
            "manifests": {
                "public": {
                    "gid": "105449894453251427",
                    "size": "7532866171",
                    "download": "6849924976"
                }
            },
            "decryptionkey": "027ee09e6b463550f397955c7f4390100a34f67ec458fd9ea06f0ee53331cc61"
        },
        "branches": {
            "public": {
                "buildid": "17504569",
                "timeupdated": "1740574318"
            }
        },
        "privatebranches": "1"
    }
}