{
    "appid": "3416450",
    "type": "Game",
    "name": "Hell of a Birthday",
    "schinese_name": "",
    "isfreeapp": "0",
    "change_number": "28827482",
    "update_time": "2025-05-06 02:08:54",
    "depot": {
        "3416451": {
            "manifests": {
                "public": {
                    "gid": "816693326991583235",
                    "size": "497262841",
                    "download": "229563296"
                }
            },
            "decryptionkey": "ffd241d487948b919aa4e791d36f4fa12e029e7ada399a1ad9398b2a0d766240"
        },
        "branches": {
            "public": {
                "buildid": "17536910",
                "timeupdated": "1740688810"
            }
        }
    }
}