{
    "appid": "3479130",
    "type": "Demo",
    "name": "Sex &amp;amp; Coffee ☕️🤎 Demo",
    "schinese_name": "",
    "isfreeapp": "0",
    "change_number": "27538837",
    "update_time": "2025-02-19 01:16:09",
    "depot": {
        "3479131": {
            "config": {
                "oslist": "windows"
            },
            "manifests": {
                "public": {
                    "gid": "369092871814714664",
                    "size": "3184031595",
                    "download": "2497029280"
                }
            },
            "decryptionkey": "eaac73ffbbdb1bdb21bea193c838b87e7928d7477adf636e0eeac2ab18266a52"
        },
        "3479132": {
            "config": {
                "oslist": "macos"
            },
            "manifests": {
                "public": {
                    "gid": "4647256129463964346",
                    "size": "3206566331",
                    "download": "2504003952"
                }
            },
            "decryptionkey": ""
        },
        "3479133": {
            "config": {
                "oslist": "linux"
            },
            "manifests": {
                "public": {
                    "gid": "6409342513564111613",
                    "size": "3180760026",
                    "download": "2497912704"
                }
            },
            "decryptionkey": ""
        },
        "branches": {
            "public": {
                "buildid": "17392045",
                "timeupdated": "1739821424"
            }
        }
    }
}