{
    "appid": "3012590",
    "type": "Demo",
    "name": "Parkitect Demo",
    "schinese_name": "",
    "isfreeapp": "0",
    "change_number": "26375805",
    "update_time": "2024-12-05 02:53:39",
    "depot": {
        "baselanguages": "",
        "3012591": {
            "config": {
                "oslist": "windows",
                "osarch": "32"
            },
            "manifests": {
                "public": {
                    "gid": "3951806864900047493",
                    "size": "1219979726",
                    "download": "698173440"
                }
            },
            "decryptionkey": ""
        },
        "3012592": {
            "config": {
                "oslist": "windows",
                "osarch": "64"
            },
            "manifests": {
                "public": {
                    "gid": "234519711083934614",
                    "size": "1245530300",
                    "download": "704758608"
                }
            },
            "decryptionkey": "4c0a6573c067b8b0e5beebd5e8098ccf0d70070573d550d167c6d35f7a869792"
        },
        "3012593": {
            "config": {
                "oslist": "macos"
            },
            "manifests": {
                "public": {
                    "gid": "7974436310844090003",
                    "size": "1235338270",
                    "download": "703299184"
                }
            },
            "decryptionkey": ""
        },
        "3012594": {
            "config": {
                "oslist": "linux"
            },
            "manifests": {
                "public": {
                    "gid": "5475477815658505945",
                    "size": "1303996159",
                    "download": "717269296"
                }
            },
            "decryptionkey": ""
        },
        "branches": {
            "public": {
                "buildid": "15261095",
                "timeupdated": "1722846707"
            }
        }
    }
}