{
    "appid": "3041110",
    "type": "Game",
    "name": "中传有戏",
    "schinese_name": "",
    "isfreeapp": "0",
    "change_number": "27934813",
    "update_time": "2025-03-13 22:22:59",
    "depot": {
        "baselanguages": "schinese",
        "228989": {
            "config": {
                "oslist": "windows"
            },
            "depotfromapp": "228980",
            "sharedinstall": "1"
        },
        "228990": {
            "config": {
                "oslist": "windows"
            },
            "depotfromapp": "228980",
            "sharedinstall": "1"
        },
        "3041111": {
            "manifests": {
                "public": {
                    "gid": "1662044017128518351",
                    "size": "18358929410",
                    "download": "17875506016"
                }
            },
            "decryptionkey": "9df2c0a2d5ecff68900b8794371cd330883dc244ac7a8ae5143d97083aa70229"
        },
        "branches": {
            "public": {
                "buildid": "17634270",
                "timeupdated": "1741352590"
            }
        }
    }
}