{
    "appid": "3187520",
    "type": "Demo",
    "name": "Happy Card Demo",
    "schinese_name": "欢乐牌 Demo",
    "isfreeapp": "0",
    "change_number": "27414163",
    "update_time": "2025-02-11 13:44:54",
    "depot": {
        "baselanguages": "english,schinese",
        "3187521": {
            "manifests": {
                "public": {
                    "gid": "1645920048758113977",
                    "size": "274634552",
                    "download": "125597216"
                }
            },
            "decryptionkey": "a03bbda95f82e250d00960b3eac776adf58e98c91e29e1f63cd1a6faae917ae0"
        },
        "branches": {
            "public": {
                "buildid": "16946449",
                "timeupdated": "1736391300"
            }
        },
        "privatebranches": "1"
    }
}