{
    "appid": "3206240",
    "type": "Game",
    "name": "Platform",
    "schinese_name": "",
    "isfreeapp": "0",
    "change_number": "29038875",
    "update_time": "2025-05-17 18:13:26",
    "depot": {
        "3206241": {
            "manifests": {
                "public": {
                    "gid": "2791524533344997563",
                    "size": "3888449152",
                    "download": "1315497344"
                }
            },
            "decryptionkey": "9295c379075098543b08e4fbe2bf80eda1c1d677f3044b935ef99085fef27a1d"
        },
        "branches": {
            "public": {
                "buildid": "16273511",
                "timeupdated": "1730540190"
            }
        }
    }
}