{
    "appid": "3127440",
    "type": "Game",
    "name": "101 Cats Hidden in Ireland",
    "schinese_name": "",
    "isfreeapp": "0",
    "change_number": "27984099",
    "update_time": "2025-03-17 04:57:32",
    "depot": {
        "3127441": {
            "manifests": {
                "public": {
                    "gid": "2237952456298799918",
                    "size": "585043716",
                    "download": "94392976"
                }
            },
            "decryptionkey": "38ad685438039703d1604f24ddc465f300e4a84d413965fe3d36b3032c34855f"
        },
        "branches": {
            "public": {
                "buildid": "15188481",
                "timeupdated": "1722269703"
            }
        }
    }
}