{
    "appid": "3056480",
    "type": "Game",
    "name": "Devil in my house",
    "schinese_name": "",
    "isfreeapp": "0",
    "change_number": "27540257",
    "update_time": "2025-02-19 02:42:21",
    "depot": {
        "228989": {
            "config": {
                "oslist": "windows"
            },
            "depotfromapp": "228980",
            "sharedinstall": "1"
        },
        "228990": {
            "config": {
                "oslist": "windows"
            },
            "depotfromapp": "228980",
            "sharedinstall": "1"
        },
        "baselanguages": "english",
        "3056481": {
            "config": {
                "oslist": "windows"
            },
            "manifests": {
                "public": {
                    "gid": "5749221379176341455",
                    "size": "2782426803",
                    "download": "2554643664"
                }
            },
            "decryptionkey": "92585bf56740e60d7370cbbcfdc75dd80fca45ee7be6381452e636ad9e757dc6"
        },
        "branches": {
            "public": {
                "buildid": "17411677",
                "timeupdated": "1739904137"
            }
        }
    }
}