{
    "appid": "3257360",
    "type": "Game",
    "name": "我靠双修拯救世界",
    "schinese_name": "",
    "isfreeapp": "0",
    "change_number": "29016528",
    "update_time": "2025-05-16 12:24:51",
    "depot": {
        "baselanguages": "english,koreana,schinese,tchinese,japanese",
        "3257361": {
            "config": {
                "oslist": "windows"
            },
            "manifests": {
                "public": {
                    "gid": "6841819037030750275",
                    "size": "133981781",
                    "download": "37737216"
                },
                "public_test": {
                    "gid": "6841819037030750275",
                    "size": "133981781",
                    "download": "37737216"
                }
            },
            "decryptionkey": "574d77bc13a510e1a037adf7fec9e04ba8d4314656c1746a722ff5819be9f06d"
        },
        "3257362": {
            "config": {
                "oslist": "windows"
            },
            "manifests": {
                "public": {
                    "gid": "5968577695529887369",
                    "size": "1371763496",
                    "download": "1117256016"
                },
                "public_test": {
                    "gid": "5968577695529887369",
                    "size": "1371763496",
                    "download": "1117256016"
                }
            },
            "decryptionkey": "864cd1b8ee5595a984e046391238740d20476da266232616b553f4cc1ed98496"
        },
        "3257363": {
            "config": {
                "oslist": "windows"
            },
            "manifests": {
                "public": {
                    "gid": "5583657283398967028",
                    "size": "2981309",
                    "download": "1194064"
                },
                "public_test": {
                    "gid": "5583657283398967028",
                    "size": "2981309",
                    "download": "1194064"
                }
            },
            "decryptionkey": "d88c99bf4a37a65a289c4be06fe2ad1125c6fc754d4b90e4bc5c796565b4337a"
        },
        "3257364": {
            "config": {
                "oslist": "windows"
            },
            "manifests": {
                "public": {
                    "gid": "1365546627108269619",
                    "size": "31386542539",
                    "download": "31534375664"
                },
                "public_test": {
                    "gid": "1365546627108269619",
                    "size": "31386542539",
                    "download": "31534375664"
                }
            },
            "decryptionkey": "1ff4a1b1b7df4029d1dfd2e58616632b23fce33cd72416b85a4a7544fc49ec7d"
        },
        "branches": {
            "public": {
                "buildid": "16731826",
                "timeupdated": "1734321522"
            },
            "public_test": {
                "buildid": "16731826",
                "description": "player test",
                "timeupdated": "1734076190"
            }
        },
        "privatebranches": "1"
    }
}