{
    "appid": "3358140",
    "type": "DLC",
    "name": "WARRIORS: Abyss - SAMURAI WARRIORS Western Japan Classic Costume Set",
    "schinese_name": "无双深渊 - 《战国无双》西国经典服装组合",
    "isfreeapp": "0",
    "change_number": "28658471",
    "update_time": "2025-04-25 12:14:02",
    "depot": {
        "3358140": {
            "manifests": {
                "public": {
                    "gid": "7538682689799024329",
                    "size": "12768916",
                    "download": "12740000"
                }
            },
            "dlcappid": "3358140",
            "decryptionkey": "5d84acaacba8f481033a57f86abbc5d6d025f677f8a05544851fcc83c47c11cc"
        },
        "branches": {
            "public": {
                "buildid": "17759108",
                "timeupdated": "1742260198"
            }
        }
    }
}