{
    "appid": "3107130",
    "type": "Game",
    "name": "Grit Porn Video Tapes",
    "schinese_name": "",
    "isfreeapp": "0",
    "change_number": "28235742",
    "update_time": "2025-04-01 04:37:10",
    "depot": {
        "3107131": {
            "manifests": {
                "public": {
                    "gid": "7407290108679176984",
                    "size": "29050868773",
                    "download": "10789337040"
                }
            },
            "decryptionkey": "8a1e66b153439efc601406237e9f279d1d9426f3ca3dc387659f146f1a8ebd9d"
        },
        "branches": {
            "public": {
                "buildid": "17930158",
                "timeupdated": "1743453421"
            }
        }
    }
}