{
    "appid": "3388870",
    "type": "Game",
    "name": "青鬼 ブルーベリー温泉の怪異",
    "schinese_name": "",
    "isfreeapp": "0",
    "change_number": "29039325",
    "update_time": "2025-05-17 19:13:10",
    "depot": {
        "baselanguages": "english,german,french,italian,koreana,spanish,schinese,tchinese,japanese,indonesian",
        "3388871": {
            "manifests": {
                "public": {
                    "gid": "3987216568532255315",
                    "size": "441802146",
                    "download": "293046016"
                }
            },
            "decryptionkey": "9ea2b45c022bc4860fa857fecc09a14c1e815f2c0fe0ace4ab6ba91da7aae96d"
        },
        "3388872": {
            "config": {
                "oslist": "windows",
                "osarch": "64"
            }
        },
        "branches": {
            "public": {
                "buildid": "18112020",
                "timeupdated": "1744712947"
            }
        },
        "privatebranches": "1"
    }
}