{
    "appid": "3019530",
    "type": "Demo",
    "name": "去码头整点薯条！ Demo",
    "schinese_name": "",
    "isfreeapp": "0",
    "change_number": "23891538",
    "update_time": "2024-07-16 02:47:08",
    "depot": {
        "baselanguages": "english,schinese",
        "228989": {
            "config": {
                "oslist": "windows"
            },
            "depotfromapp": "228980",
            "sharedinstall": "1"
        },
        "228990": {
            "config": {
                "oslist": "windows"
            },
            "depotfromapp": "228980",
            "sharedinstall": "1"
        },
        "3019531": {
            "config": {
                "oslist": "windows",
                "osarch": "64"
            },
            "manifests": {
                "public": {
                    "gid": "5566454256239115773",
                    "size": "593458256",
                    "download": "493119312"
                }
            },
            "decryptionkey": "c25cd84ef08c76551182a752666309e20631a13563e5180f43997458f82c90b6"
        },
        "branches": {
            "public": {
                "buildid": "14650868",
                "timeupdated": "1717861779"
            }
        }
    }
}