{
    "appid": "3319760",
    "type": "DLC",
    "name": "HUNDRED LINE -最終防衛学園- Artbook",
    "schinese_name": "百日战纪 -最终防卫学园- Artbook",
    "isfreeapp": "0",
    "change_number": "28982600",
    "update_time": "2025-05-14 22:46:37",
    "depot": {
        "3319760": {
            "config": {
                "oslist": "windows"
            },
            "manifests": {
                "public": {
                    "gid": "2992787271555217105",
                    "size": "1169525883",
                    "download": "809528064"
                }
            },
            "dlcappid": "3319760",
            "decryptionkey": "fe92de42a7232fcb703844d0f9644a24611561c408aa574d4dba47f3ee44b769"
        },
        "branches": {
            "public": {
                "buildid": "17895343",
                "timeupdated": "1743152797"
            }
        }
    }
}