{
    "appid": "3320480",
    "type": "Beta",
    "name": "All Will Fall Playtest",
    "schinese_name": "",
    "isfreeapp": "0",
    "change_number": "27498576",
    "update_time": "2025-02-16 07:15:05",
    "depot": {
        "baselanguages": "english,german,french,koreana,spanish,schinese,russian,japanese,brazilian",
        "3320481": {
            "manifests": {
                "public": {
                    "gid": "1029556896736080976",
                    "size": "2416398491",
                    "download": "944460688"
                },
                "staging": {
                    "gid": "1029556896736080976",
                    "size": "2416398491",
                    "download": "944460688"
                }
            },
            "decryptionkey": "ab9ae9a46340a8a3c4d32c933103c75b781db714993c36db0df0324c08b6cb29"
        },
        "branches": {
            "public": {
                "buildid": "17353175",
                "timeupdated": "1739457269"
            },
            "staging": {
                "buildid": "17353175",
                "description": "Prerelease branch",
                "timeupdated": "1739457068"
            }
        }
    }
}