{
    "appid": "3464750",
    "type": "Beta",
    "name": "Devil Slayer - Raksasi 2 / 斩妖Raksasi2 Playtest",
    "schinese_name": "斩妖Raksasi2 Playtest",
    "isfreeapp": "0",
    "change_number": "28333481",
    "update_time": "2025-04-06 23:45:13",
    "depot": {
        "3464751": {
            "manifests": {
                "public": {
                    "gid": "3437033288192203712",
                    "size": "1206456280",
                    "download": "959062400"
                }
            },
            "decryptionkey": "c527bc6ab5b7b9bf32a15a47638fc65236d84b20ec73a9d4b59a934e5364b815"
        },
        "branches": {
            "public": {
                "buildid": "17116153",
                "timeupdated": "1737708557"
            }
        },
        "privatebranches": "1"
    }
}