{
    "appid": "3247160",
    "type": "Demo",
    "name": "Relics Demo",
    "schinese_name": "",
    "isfreeapp": "0",
    "change_number": "25983510",
    "update_time": "2024-10-31 13:33:05",
    "depot": {
        "3247161": {
            "manifests": {
                "public": {
                    "gid": "9051753581144748809",
                    "size": "145794024",
                    "download": "96853328"
                }
            },
            "decryptionkey": "e0742bf8a959f5e8347f73c5ae695899cef6d97156b7e836716cbf935c9eb500"
        },
        "branches": {
            "public": {
                "buildid": "16247238",
                "timeupdated": "1730352781"
            }
        }
    }
}