{
    "appid": "2972440",
    "type": "DLC",
    "name": "Harvest Island - Expanded Ending",
    "schinese_name": "",
    "isfreeapp": "0",
    "change_number": "27977902",
    "update_time": "2025-03-16 11:16:44",
    "depot": {
        "2972441": {
            "manifests": {
                "public": {
                    "gid": "1048439429943796611",
                    "size": "997317760",
                    "download": "600187056"
                }
            },
            "dlcappid": "2972440",
            "decryptionkey": "7f05833c1aebcb562fed95cd8557bc11af775b8835508f1f29a61015c4f41eba"
        },
        "branches": {
            "public": {
                "buildid": "17740559",
                "timeupdated": "1742095000"
            }
        }
    }
}