{
    "appid": "3002760",
    "type": "Demo",
    "name": "Flying High Demo",
    "schinese_name": "",
    "isfreeapp": "0",
    "change_number": "23738466",
    "update_time": "2024-07-16 02:47:07",
    "depot": {
        "3002761": {
            "manifests": {
                "public": {
                    "gid": "496906950153630700",
                    "size": "1116906933",
                    "download": "933160128"
                }
            },
            "decryptionkey": "5bf1bd3acf2683d31e84ecb14c74b22354779a1e0b3010d7432f1a1f0c7a21d1"
        },
        "branches": {
            "public": {
                "buildid": "14398943",
                "timeupdated": "1715925147"
            }
        }
    }
}