{
    "appid": "3007250",
    "type": "Demo",
    "name": "Stonemachia Demo",
    "schinese_name": "",
    "isfreeapp": "0",
    "change_number": "27335149",
    "update_time": "2025-02-06 07:19:19",
    "depot": {
        "baselanguages": "english,italian",
        "228989": {
            "config": {
                "oslist": "windows"
            },
            "depotfromapp": "228980",
            "sharedinstall": "1"
        },
        "228990": {
            "config": {
                "oslist": "windows"
            },
            "depotfromapp": "228980",
            "sharedinstall": "1"
        },
        "3007251": {
            "config": {
                "oslist": "windows"
            },
            "manifests": {
                "public": {
                    "gid": "3893787898234937731",
                    "size": "5411069922",
                    "download": "5215753120"
                }
            },
            "decryptionkey": "b48e3fcc549af3b3bfe96331f64ee617660e5f76ae92d8784eb0e8ce5fdc8e81"
        },
        "branches": {
            "public": {
                "buildid": "17258640",
                "timeupdated": "1738797554"
            }
        }
    }
}