{
    "appid": "3308800",
    "type": "Game",
    "name": "银河先锋",
    "schinese_name": "银河先锋",
    "isfreeapp": "0",
    "change_number": "28351421",
    "update_time": "2025-04-08 02:16:32",
    "depot": {
        "3308801": {
            "manifests": {
                "public": {
                    "gid": "185074652075306856",
                    "size": "262980737",
                    "download": "42921168"
                }
            },
            "decryptionkey": "ada1839dd44154254504fde8b013689f3617e605e4c15b110b4d2799a0aec528"
        },
        "branches": {
            "public": {
                "buildid": "17942329",
                "timeupdated": "1743524523"
            }
        }
    }
}