{
    "appid": "3143470",
    "type": "Game",
    "name": "懒人也江湖",
    "schinese_name": "",
    "isfreeapp": "0",
    "change_number": "26183469",
    "update_time": "2024-11-14 07:34:49",
    "depot": {
        "3143471": {
            "manifests": {
                "public": {
                    "gid": "7782275767745381088",
                    "size": "199284314",
                    "download": "114588736"
                }
            },
            "decryptionkey": "1b883719b205f24435d4c21f6e8afe5fd679a3e477748198708478af688bad4c"
        },
        "branches": {
            "public": {
                "buildid": "15870045",
                "timeupdated": "1727658924"
            }
        },
        "privatebranches": "1"
    }
}