{
    "appid": "2963820",
    "type": "DLC",
    "name": "Project 13: Nightwatch - Canteen",
    "schinese_name": "",
    "isfreeapp": "0",
    "change_number": "23591175",
    "update_time": "2024-07-16 02:47:06",
    "depot": {
        "2963820": {
            "manifests": {
                "public": {
                    "gid": "1021684556663248837",
                    "size": "5381117563",
                    "download": "5031386272"
                }
            },
            "dlcappid": "2963820",
            "decryptionkey": "f2a6071136f72c312001b0118da459c8f3e04197d7db04513065ad164379e5c1"
        },
        "branches": {
            "public": {
                "buildid": "14324893",
                "timeupdated": "1715330963"
            }
        }
    }
}