{
    "appid": "3021020",
    "type": "Game",
    "name": "深渊食堂（AbyssalRestaurant）",
    "schinese_name": "",
    "isfreeapp": "0",
    "change_number": "28100148",
    "update_time": "2025-03-24 07:20:37",
    "depot": {
        "3021021": {
            "manifests": {
                "public": {
                    "gid": "1461434453140280766",
                    "size": "2806267320",
                    "download": "418952672"
                }
            },
            "decryptionkey": "387981f051ee87b476c499d69a77dace810131995f56cc617fc72822f0bf6836"
        },
        "baselanguages": "english,schinese",
        "branches": {
            "public": {
                "buildid": "15300877",
                "timeupdated": "1723103760"
            }
        }
    }
}