{
    "appid": "3285300",
    "type": "Game",
    "name": "Crowbar Climber",
    "schinese_name": "",
    "isfreeapp": "0",
    "change_number": "28594944",
    "update_time": "2025-04-22 14:08:15",
    "depot": {
        "3285301": {
            "config": {
                "oslist": "windows",
                "osarch": "64"
            },
            "manifests": {
                "public": {
                    "gid": "4598737365174493872",
                    "size": "1000999162",
                    "download": "207543904"
                }
            },
            "decryptionkey": "d51efd89027b5fdeeef81d6aa001a03a29760b9ce9d36874ea7c13336463e629"
        },
        "branches": {
            "public": {
                "buildid": "17867666",
                "timeupdated": "1743123707"
            }
        },
        "privatebranches": "1"
    }
}