{
    "appid": "3075710",
    "type": "Game",
    "name": "Nao's Love Triangle: Hentai Puzzle 18+",
    "schinese_name": "",
    "isfreeapp": "0",
    "change_number": "26807671",
    "update_time": "2024-12-29 08:59:59",
    "depot": {
        "3075711": {
            "config": {
                "oslist": "windows",
                "osarch": "64"
            },
            "manifests": {
                "public": {
                    "gid": "2029841726926650839",
                    "size": "2746244911",
                    "download": "246353344"
                },
                "beta": {
                    "gid": "2029841726926650839",
                    "size": "2746244911",
                    "download": "246353344"
                }
            },
            "decryptionkey": "34fa9675438431e391ee2794ffb0d0817a5dbf216992d63048ccab8fe3c47856"
        },
        "3075712": {
            "config": {
                "oslist": "macos"
            },
            "manifests": {
                "public": {
                    "gid": "2162184567079097196",
                    "size": "2760439205",
                    "download": "252440288"
                },
                "beta": {
                    "gid": "2162184567079097196",
                    "size": "2760439205",
                    "download": "252440288"
                }
            },
            "decryptionkey": ""
        },
        "3075713": {
            "config": {
                "oslist": "linux"
            },
            "manifests": {
                "public": {
                    "gid": "7220064224394923759",
                    "size": "2738982434",
                    "download": "243403264"
                },
                "beta": {
                    "gid": "7220064224394923759",
                    "size": "2738982434",
                    "download": "243403264"
                }
            },
            "decryptionkey": ""
        },
        "branches": {
            "public": {
                "buildid": "16867701",
                "timeupdated": "1735423883"
            },
            "beta": {
                "buildid": "16867701",
                "description": "For Beta",
                "timeupdated": "1735423791"
            }
        }
    }
}