{
    "appid": "3209860",
    "type": "Game",
    "name": "Stage Cleared",
    "schinese_name": "",
    "isfreeapp": "0",
    "change_number": "28047575",
    "update_time": "2025-03-20 16:56:43",
    "depot": {
        "baselanguages": "english",
        "hasdepotsindlc": "1",
        "3209862": {
            "config": {
                "language": "english",
                "oslist": "windows",
                "osarch": "64"
            },
            "manifests": {
                "public": {
                    "gid": "7809327831628042512",
                    "size": "1494162702",
                    "download": "394821856"
                }
            },
            "decryptionkey": "2664033d3d18bd193a559cf996d0e7f071e5dedf0e5eaa39ef98971e1f4a2b0a"
        },
        "3209863": {
            "config": {
                "language": "english",
                "oslist": "linux",
                "osarch": "64"
            },
            "manifests": {
                "public": {
                    "gid": "8183424501533473756",
                    "size": "1699692190",
                    "download": "400813392"
                }
            },
            "decryptionkey": ""
        },
        "branches": {
            "public": {
                "buildid": "17070600",
                "timeupdated": "1737414349"
            }
        }
    }
}