{
    "appid": "3477950",
    "type": "Game",
    "name": "Perfect Shot",
    "schinese_name": "",
    "isfreeapp": "0",
    "change_number": "28732132",
    "update_time": "2025-04-30 00:54:36",
    "depot": {
        "3477951": {
            "config": {
                "oslist": "windows,linux"
            },
            "manifests": {
                "public": {
                    "gid": "3129600128680698127",
                    "size": "653855129",
                    "download": "549705392"
                }
            },
            "decryptionkey": "13654dd3f9138d2acb1163af5a9ff88dfbc9268b61b5786a5acd055e69232461"
        },
        "3477952": {
            "config": {
                "oslist": "macos"
            },
            "manifests": {
                "public": {
                    "gid": "8123489445914778654",
                    "size": "641570364",
                    "download": "545645072"
                }
            }
        },
        "branches": {
            "public": {
                "buildid": "17796059",
                "timeupdated": "1742482871"
            }
        }
    }
}