{
    "appid": "3439530",
    "type": "Game",
    "name": "Tomboy: Annoying Childhood Friend",
    "schinese_name": "",
    "isfreeapp": "0",
    "change_number": "28923657",
    "update_time": "2025-05-11 15:33:05",
    "depot": {
        "3439531": {
            "manifests": {
                "public": {
                    "gid": "2128198917784586493",
                    "size": "436633533",
                    "download": "341219088"
                }
            },
            "decryptionkey": "f73be1a6eb07b6c1502ff857c768168760d5d9dd45022c87ed03ba06a661d143"
        },
        "branches": {
            "public": {
                "buildid": "17356689",
                "timeupdated": "1739474542"
            }
        }
    }
}