{
    "appid": "2994880",
    "type": "Game",
    "name": "Gimmick! 2",
    "schinese_name": "",
    "isfreeapp": "0",
    "change_number": "29015726",
    "update_time": "2025-05-16 11:06:52",
    "depot": {
        "baselanguages": "english,german,french,italian,koreana,spanish,schinese,tchinese,japanese",
        "228989": {
            "config": {
                "oslist": "windows"
            },
            "depotfromapp": "228980",
            "sharedinstall": "1"
        },
        "228990": {
            "config": {
                "oslist": "windows"
            },
            "depotfromapp": "228980",
            "sharedinstall": "1"
        },
        "2994881": {
            "config": {
                "oslist": "windows",
                "osarch": "64"
            },
            "manifests": {
                "public": {
                    "gid": "8528827340326708424",
                    "size": "726920880",
                    "download": "545004384"
                }
            },
            "decryptionkey": "269168fb3208f320727ee51fd74cecea578840ab62eedc110732134d09e9f29f"
        },
        "2994882": {
            "config": {
                "oslist": "linux"
            },
            "manifests": {
                "public": {
                    "gid": "4028921676303602670",
                    "size": "780040635",
                    "download": "528563152"
                }
            },
            "decryptionkey": ""
        },
        "branches": {
            "public": {
                "buildid": "16962594",
                "timeupdated": "1736515254"
            }
        },
        "privatebranches": "1"
    }
}