{
    "appid": "3270440",
    "type": "Game",
    "name": "Lewd Family",
    "schinese_name": "",
    "isfreeapp": "0",
    "change_number": "28319623",
    "update_time": "2025-04-05 10:05:20",
    "depot": {
        "3270441": {
            "manifests": {
                "public": {
                    "gid": "7046087764235305634",
                    "size": "297386501",
                    "download": "157090944"
                }
            },
            "decryptionkey": "9921080bafa23f9f94567aeab8e08ddbf30745fac27a0177a7988298a8398eab"
        },
        "branches": {
            "public": {
                "buildid": "17992823",
                "timeupdated": "1743818715"
            }
        }
    }
}