{
    "appid": "3016920",
    "type": "Game",
    "name": "Awaken: Hentai Dice",
    "schinese_name": "",
    "isfreeapp": "0",
    "change_number": "29015780",
    "update_time": "2025-05-16 11:12:49",
    "depot": {
        "hasdepotsindlc": "1",
        "3016921": {
            "manifests": {
                "public": {
                    "gid": "2612151924108508079",
                    "size": "3132189847",
                    "download": "763080864"
                }
            },
            "decryptionkey": "3f651ffe3e62f40c3a3359eeff2e7251707fe9367bbce65df51e287273255fad"
        },
        "branches": {
            "public": {
                "buildid": "17404929",
                "timeupdated": "1740380009"
            }
        },
        "privatebranches": "1"
    }
}