{
    "appid": "3012130",
    "type": "Game",
    "name": "Phantom of the Twilight",
    "schinese_name": "黄昏魅影",
    "isfreeapp": "0",
    "change_number": "28917957",
    "update_time": "2025-05-10 23:02:30",
    "depot": {
        "3012131": {
            "config": {
                "oslist": "windows"
            },
            "manifests": {
                "public": {
                    "gid": "5289711715147192109",
                    "size": "831864984",
                    "download": "635591360"
                }
            },
            "decryptionkey": "5ffccc9fede4773532f7cf7db599b12181f96b449f8c38b0ee0affd9f19e3647"
        },
        "baselanguages": "english,koreana,schinese,tchinese,japanese",
        "branches": {
            "public": {
                "buildid": "16852037",
                "timeupdated": "1735284739"
            }
        }
    }
}