{
    "appid": "3379880",
    "type": "Game",
    "name": "Countermeasure Pioneers: Modern Drone Battlefield",
    "schinese_name": "反制先锋：现代无人机战场",
    "isfreeapp": "0",
    "change_number": "26841727",
    "update_time": "2025-01-03 00:42:05",
    "depot": {
        "228989": {
            "config": {
                "oslist": "windows"
            },
            "depotfromapp": "228980",
            "sharedinstall": "1"
        },
        "228990": {
            "config": {
                "oslist": "windows"
            },
            "depotfromapp": "228980",
            "sharedinstall": "1"
        },
        "3379881": {
            "manifests": {
                "public": {
                    "gid": "3283259773378395988",
                    "size": "3533879497",
                    "download": "3106220176"
                }
            },
            "decryptionkey": "8d4fc5cd6294ab74f555e64c761077078c4c4a220cb6c707a5b404222ba4ad63"
        },
        "branches": {
            "public": {
                "buildid": "16892906",
                "timeupdated": "1735836119"
            }
        }
    }
}