{
    "appid": "3453360",
    "type": "Game",
    "name": "Tribute",
    "schinese_name": "",
    "isfreeapp": "0",
    "change_number": "28917371",
    "update_time": "2025-05-10 21:32:33",
    "depot": {
        "228989": {
            "config": {
                "oslist": "windows"
            },
            "depotfromapp": "228980",
            "sharedinstall": "1"
        },
        "228990": {
            "config": {
                "oslist": "windows"
            },
            "depotfromapp": "228980",
            "sharedinstall": "1"
        },
        "3453361": {
            "manifests": {
                "public": {
                    "gid": "9042387977188510780",
                    "size": "8386588525",
                    "download": "7916241136"
                }
            },
            "decryptionkey": "47efc1103e385a139c9e406c6cc566e5bf71df331cd91e580bf5977b3dd0b0b3"
        },
        "branches": {
            "public": {
                "buildid": "17586508",
                "timeupdated": "1741080373"
            }
        }
    }
}