{
    "appid": "3238410",
    "type": "Demo",
    "name": "Tower Invaders: Guardian of the Yew-Wand Demo",
    "schinese_name": "",
    "isfreeapp": "0",
    "change_number": "25712429",
    "update_time": "2024-10-15 00:39:27",
    "depot": {
        "hasdepotsindlc": "0",
        "3238411": {
            "config": {
                "oslist": "windows"
            },
            "manifests": {
                "public": {
                    "gid": "619655855486173663",
                    "size": "321521734",
                    "download": "74382192"
                }
            },
            "decryptionkey": "c0bbe47f5e7fd5476d437a2d0a0abab61216a6fd845542b3a8440f64e73b3bcf"
        },
        "branches": {
            "public": {
                "buildid": "16039501",
                "timeupdated": "1728923908"
            }
        }
    }
}