{
    "appid": "3316620",
    "type": "Game",
    "name": "Prove You Can Win",
    "schinese_name": "",
    "isfreeapp": "0",
    "change_number": "28987172",
    "update_time": "2025-05-15 02:15:02",
    "depot": {
        "baselanguages": "english,schinese",
        "3316621": {
            "config": {
                "oslist": "windows,linux"
            },
            "manifests": {
                "public": {
                    "gid": "6800150885880189653",
                    "size": "90844565",
                    "download": "42724624"
                }
            },
            "decryptionkey": "9e02597fbc3c69cd7081c2e48d929ea92947f81877dccc224141de03fb5738a6"
        },
        "3316622": {
            "config": {
                "oslist": "macos"
            },
            "manifests": {
                "public": {
                    "gid": "6891662904023878456",
                    "size": "158170408",
                    "download": "56626096"
                }
            },
            "decryptionkey": ""
        },
        "branches": {
            "public": {
                "buildid": "17974858",
                "timeupdated": "1743708184"
            }
        }
    }
}