{
    "appid": "3052230",
    "type": "DLC",
    "name": "CUSTOM ORDER MAID 3D2 Character EX Pack Gyaru",
    "schinese_name": "",
    "isfreeapp": "0",
    "change_number": "24172110",
    "update_time": "2024-07-16 02:47:10",
    "depot": {
        "3052231": {
            "config": {
                "oslist": "windows",
                "osarch": "64"
            },
            "manifests": {
                "public": {
                    "gid": "5094560144611875302",
                    "size": "4961813294",
                    "download": "1325945200"
                }
            },
            "dlcappid": "3052230",
            "decryptionkey": "4859496007c15b2c0ad0fb5f93d39244f00b56f4d09a3a9af04564c65911b3e6"
        },
        "branches": {
            "public": {
                "buildid": "14851094",
                "timeupdated": "1719451372"
            }
        }
    }
}