{
    "appid": "3195420",
    "type": "Demo",
    "name": "Barber Party PAX West 2024 Demo",
    "schinese_name": "",
    "isfreeapp": "0",
    "change_number": "26183469",
    "update_time": "2024-11-14 07:37:48",
    "depot": {
        "3195421": {
            "manifests": {
                "public": {
                    "gid": "5328447190154685714",
                    "size": "1493164095",
                    "download": "437663936"
                }
            },
            "decryptionkey": "c8ff4103133273731fbd58925b8e307154d41f34dbbfb6223161141d11eff7fe"
        },
        "branches": {
            "public": {
                "buildid": "15916593",
                "timeupdated": "1727969925"
            }
        },
        "privatebranches": "1"
    }
}