{
    "appid": "3267660",
    "type": "Demo",
    "name": "The Backrooms: Rescue Expedition",
    "schinese_name": "",
    "isfreeapp": "0",
    "change_number": "26937536",
    "update_time": "2025-01-10 16:19:34",
    "depot": {
        "228989": {
            "config": {
                "oslist": "windows"
            },
            "depotfromapp": "228980",
            "sharedinstall": "1"
        },
        "228990": {
            "config": {
                "oslist": "windows"
            },
            "depotfromapp": "228980",
            "sharedinstall": "1"
        },
        "3267661": {
            "config": {
                "oslist": "windows",
                "osarch": "64"
            },
            "manifests": {
                "public": {
                    "gid": "3650592919208221171",
                    "size": "4315513318",
                    "download": "3963645488"
                }
            },
            "decryptionkey": "cda4add68279344263a3368bcd3030d5ec70739f050444606abeb7aa4051213f"
        },
        "branches": {
            "public": {
                "buildid": "16189391",
                "timeupdated": "1729922407"
            }
        },
        "privatebranches": "1"
    }
}