{
    "appid": "3126470",
    "type": "Game",
    "name": "Ice World",
    "schinese_name": "冰封世界",
    "isfreeapp": "0",
    "change_number": "28974808",
    "update_time": "2025-05-14 22:37:03",
    "depot": {
        "228989": {
            "config": {
                "oslist": "windows"
            },
            "depotfromapp": "228980",
            "sharedinstall": "1"
        },
        "228990": {
            "config": {
                "oslist": "windows"
            },
            "depotfromapp": "228980",
            "sharedinstall": "1"
        },
        "3126471": {
            "manifests": {
                "public": {
                    "gid": "5074545420536388455",
                    "size": "4381457528",
                    "download": "4008709024"
                }
            },
            "decryptionkey": "f5674e6a4fc06d34a8eee7891aa12473f31c101960f355de3b82e60e159c3fed"
        },
        "branches": {
            "public": {
                "buildid": "18454616",
                "timeupdated": "1747205089"
            }
        }
    }
}