{
    "appid": "3450200",
    "type": "Demo",
    "name": "Death Ring: Second Impact Demo",
    "schinese_name": "死环：二次冲击 Demo",
    "isfreeapp": "0",
    "change_number": "27504735",
    "update_time": "2025-02-17 01:44:44",
    "depot": {
        "3450201": {
            "manifests": {
                "public": {
                    "gid": "3816200643798960042",
                    "size": "5288941584",
                    "download": "2869939024"
                }
            },
            "decryptionkey": "e1a769fe8e361f71f84bac4ccad6fe7fae5d8e9b887780e56919c004b2711437"
        },
        "branches": {
            "public": {
                "buildid": "17371277",
                "timeupdated": "1739561279"
            }
        }
    }
}