{
    "appid": "3052550",
    "type": "Game",
    "name": "NINJA HAYATE HD Remaster",
    "schinese_name": "忍者疾风 HD Remaster",
    "isfreeapp": "0",
    "change_number": "28397811",
    "update_time": "2025-04-10 09:20:36",
    "depot": {
        "3052551": {
            "manifests": {
                "public": {
                    "gid": "8122947847425247150",
                    "size": "749448839",
                    "download": "447877744"
                }
            },
            "decryptionkey": "72aa85076a90792a440e219ef457e59d1c6055ed17d6af6ccddd777ee89a58c1"
        },
        "baselanguages": "english,schinese,tchinese,japanese",
        "branches": {
            "public": {
                "buildid": "15301123",
                "timeupdated": "1723104210"
            }
        },
        "privatebranches": "1"
    }
}