{
    "appid": "3402070",
    "type": "DLC",
    "name": "Sheep Furry - DLC",
    "schinese_name": "",
    "isfreeapp": "0",
    "change_number": "26816743",
    "update_time": "2024-12-30 19:43:02",
    "depot": {
        "3402070": {
            "config": {
                "language": "english",
                "oslist": "windows"
            },
            "manifests": {
                "public": {
                    "gid": "2141567956615658808",
                    "size": "180420255",
                    "download": "178931728"
                }
            },
            "dlcappid": "3402070",
            "decryptionkey": "9a5d6e9b3786192aa5270a80fac0f30c9f72819f7db14071d48483dcb9917f20"
        },
        "branches": {
            "public": {
                "buildid": "16716777",
                "timeupdated": "1733980235"
            }
        }
    }
}