{
    "appid": "3135070",
    "type": "Game",
    "name": "Prop Hunt Planet",
    "schinese_name": "",
    "isfreeapp": "0",
    "change_number": "24772084",
    "update_time": "2024-08-14 03:46:02",
    "depot": {
        "228989": {
            "config": {
                "oslist": "windows"
            },
            "depotfromapp": "228980",
            "sharedinstall": "1"
        },
        "228990": {
            "config": {
                "oslist": "windows"
            },
            "depotfromapp": "228980",
            "sharedinstall": "1"
        },
        "3135071": {
            "manifests": {
                "public": {
                    "gid": "447043159721296279",
                    "size": "588179742",
                    "download": "405654864"
                }
            },
            "decryptionkey": "7d9648118325e4f9240cfaaa4d12cbd5b10084aa175b3bb20b5be0f078747f95"
        },
        "branches": {
            "public": {
                "buildid": "15359605",
                "timeupdated": "1723578356"
            }
        }
    }
}