{
    "appid": "3122260",
    "type": "Demo",
    "name": "Toonie Tennis Demo",
    "schinese_name": "",
    "isfreeapp": "0",
    "change_number": "26745662",
    "update_time": "2024-12-21 20:08:12",
    "depot": {
        "3122261": {
            "manifests": {
                "public": {
                    "gid": "7394926818458391020",
                    "size": "228083000",
                    "download": "86466688"
                }
            },
            "decryptionkey": "3ceade3c79aac3eba53284408fcd58993581890df08793d8d9c08098f5acae85"
        },
        "branches": {
            "public": {
                "buildid": "16823567",
                "timeupdated": "1734782889"
            }
        }
    }
}