{
    "appid": "3617430",
    "type": "Game",
    "name": "你的绿帽子",
    "schinese_name": "",
    "isfreeapp": "0",
    "change_number": "28486824",
    "update_time": "2025-04-15 20:36:45",
    "depot": {
        "baselanguages": "schinese,tchinese",
        "3617431": {
            "manifests": {
                "public": {
                    "gid": "2387965006129426239",
                    "size": "328064856",
                    "download": "37690064"
                }
            },
            "decryptionkey": "7af9bc0d159508017007cd04a4c3447db1af14144908856f9d909a37e39bb09f"
        },
        "3617432": {
            "config": {
                "language": "schinese",
                "oslist": "macos"
            },
            "manifests": {
                "public": {
                    "gid": "6436227332185442535",
                    "size": "317840268",
                    "download": "33822880"
                }
            }
        },
        "branches": {
            "public": {
                "buildid": "18113373",
                "timeupdated": "1744720597"
            }
        }
    }
}