{
    "appid": "3041990",
    "type": "Music",
    "name": "Voids Vigil Soundtrack",
    "schinese_name": "",
    "isfreeapp": "1",
    "change_number": "25771431",
    "update_time": "2024-10-18 01:09:38",
    "depot": {
        "3041991": {
            "manifests": {
                "public": {
                    "gid": "2323798641571895908",
                    "size": "61536127",
                    "download": "61281808"
                }
            },
            "decryptionkey": "ac9fb4a2f9e1caeb414f9fa4e5f3b5dc84f75a79c9f00a47055e20b6b7e1ef9b"
        },
        "branches": {
            "public": {
                "buildid": "15323599",
                "timeupdated": "1723237802"
            }
        }
    }
}