{
    "appid": "3136280",
    "type": "Demo",
    "name": "Forgotten Fears Demo",
    "schinese_name": "",
    "isfreeapp": "0",
    "change_number": "26653446",
    "update_time": "2024-12-16 07:25:26",
    "depot": {
        "baselanguages": "english",
        "228989": {
            "config": {
                "oslist": "windows"
            },
            "depotfromapp": "228980",
            "sharedinstall": "1"
        },
        "228990": {
            "config": {
                "oslist": "windows"
            },
            "depotfromapp": "228980",
            "sharedinstall": "1"
        },
        "3136282": {
            "config": {
                "osarch": "64"
            },
            "manifests": {
                "public": {
                    "gid": "8360335728717501280",
                    "size": "1797588487",
                    "download": "1690813952"
                }
            },
            "decryptionkey": "b69b4f95350aeb1b1d2e010da14e625876baa8de68a8b351c0a24079943d2d1d"
        },
        "branches": {
            "public": {
                "buildid": "15240710",
                "timeupdated": "1722606116"
            }
        },
        "privatebranches": "1"
    }
}