{
    "appid": "3006790",
    "type": "Demo",
    "name": "Project Castaway Demo",
    "schinese_name": "",
    "isfreeapp": "0",
    "change_number": "25376591",
    "update_time": "2024-09-25 07:02:37",
    "depot": {
        "3006791": {
            "manifests": {
                "public": {
                    "gid": "4894461251288461778",
                    "size": "2604805621",
                    "download": "2221438624"
                }
            },
            "decryptionkey": "005e6e9f74b895f778fdb58d6da51c69179e9554e450ec1c19cd928aa64501a4"
        },
        "branches": {
            "public": {
                "buildid": "14732689",
                "timeupdated": "1718517577"
            }
        }
    }
}