{
    "appid": "3256290",
    "type": "Game",
    "name": "Honey Trap",
    "schinese_name": "",
    "isfreeapp": "0",
    "change_number": "28810024",
    "update_time": "2025-05-04 21:29:07",
    "depot": {
        "3256291": {
            "config": {
                "oslist": "windows",
                "osarch": "64"
            },
            "manifests": {
                "public": {
                    "gid": "8799187466054726254",
                    "size": "683788370",
                    "download": "218246480"
                }
            },
            "decryptionkey": "ecd41c689a2b289b8147daf3092d3d0de8a9ab671dd9706218baeec8f1032d4d"
        },
        "branches": {
            "public": {
                "buildid": "16651623",
                "timeupdated": "1733464104"
            }
        }
    }
}