{
    "appid": "3372660",
    "type": "Demo",
    "name": "Inayah - Life after Gods Demo",
    "schinese_name": "",
    "isfreeapp": "0",
    "change_number": "27729863",
    "update_time": "2025-03-01 12:45:00",
    "depot": {
        "3372661": {
            "manifests": {
                "public": {
                    "gid": "3247994574991585590",
                    "size": "2259343347",
                    "download": "1793056384"
                }
            },
            "decryptionkey": "185b8804061e24b82cb680732da90ec790a56ac59ef0e9c3f7c0243ca9acf08e"
        },
        "branches": {
            "public": {
                "buildid": "17534189",
                "timeupdated": "1740674732"
            }
        }
    }
}