{
    "appid": "3009480",
    "type": "Game",
    "name": "IZON.",
    "schinese_name": "",
    "isfreeapp": "0",
    "change_number": "28945052",
    "update_time": "2025-05-13 02:06:30",
    "depot": {
        "228989": {
            "config": {
                "oslist": "windows"
            },
            "depotfromapp": "228980",
            "sharedinstall": "1"
        },
        "228990": {
            "config": {
                "oslist": "windows"
            },
            "depotfromapp": "228980",
            "sharedinstall": "1"
        },
        "3009481": {
            "manifests": {
                "public": {
                    "gid": "3709640255353742183",
                    "size": "9170799038",
                    "download": "9119866240"
                }
            },
            "decryptionkey": "a0ea24c20d5bc13af816fd5d9ef157ea2add504c3e489967570bd4e68fd95e8b"
        },
        "branches": {
            "public": {
                "buildid": "18307457",
                "timeupdated": "1746090492"
            }
        }
    }
}