{
    "appid": "3214810",
    "type": "Game",
    "name": "Archaeology - Medieval",
    "schinese_name": "",
    "isfreeapp": "0",
    "change_number": "28615536",
    "update_time": "2025-04-23 14:20:46",
    "depot": {
        "3214811": {
            "manifests": {
                "public": {
                    "gid": "4959223359470858594",
                    "size": "2248914294",
                    "download": "326370240"
                }
            },
            "decryptionkey": "95fa3998cac02e8927bd214147ad409c00911625d5ad1c1025e0a89c2a321983"
        },
        "branches": {
            "public": {
                "buildid": "17581455",
                "timeupdated": "1741046661"
            }
        }
    }
}