{
    "appid": "3119120",
    "type": "DLC",
    "name": "RPG Maker MZ - PearFinch’s Cybernetic Battle BGM",
    "schinese_name": "",
    "isfreeapp": "0",
    "change_number": "24696114",
    "update_time": "2024-08-08 12:14:57",
    "depot": {
        "3119120": {
            "manifests": {
                "public": {
                    "gid": "2442638224835028306",
                    "size": "578928144",
                    "download": "440571104"
                }
            },
            "dlcappid": "3119120",
            "decryptionkey": "7dc274e184cdd5432bc4becb4c02724eab0ff5c5fe41e05e32bda4184b9d5642"
        },
        "branches": {
            "public": {
                "buildid": "15261594",
                "timeupdated": "1722846626"
            }
        }
    }
}