{
    "appid": "3216040",
    "type": "DLC",
    "name": "さいはて駅 [黄昏電鐵]",
    "schinese_name": "终焉车站 [黄昏电鉄]",
    "isfreeapp": "0",
    "change_number": "29044141",
    "update_time": "2025-05-18 06:24:25",
    "depot": {
        "3216040": {
            "config": {
                "oslist": "windows"
            },
            "dlcappid": "3216040",
            "manifests": {
                "public": {
                    "gid": "946095849741062867",
                    "size": "1014045531",
                    "download": "622048496"
                }
            },
            "decryptionkey": "26255c51d6e5628fc23d56de7435d9f494135bc7ac03b5ef821e3fe4d7787626"
        },
        "3216041": {
            "config": {
                "oslist": "macos"
            },
            "manifests": {
                "public": {
                    "gid": "7333948976316069624",
                    "size": "1126344527",
                    "download": "607621904"
                }
            },
            "dlcappid": "3216040"
        },
        "branches": {
            "public": {
                "buildid": "18248223",
                "timeupdated": "1745654486"
            }
        },
        "privatebranches": "1"
    }
}