{
    "appid": "3547790",
    "type": "Game",
    "name": "My Wife",
    "schinese_name": "我的老婆",
    "isfreeapp": "0",
    "change_number": "29035197",
    "update_time": "2025-05-17 09:13:18",
    "depot": {
        "3547791": {
            "config": {
                "oslist": "windows"
            },
            "manifests": {
                "public": {
                    "gid": "5582930531813928317",
                    "size": "832217845",
                    "download": "104570352"
                }
            },
            "decryptionkey": "fdca45e5e4ad9e268edfc1e290cd7842c859dac626b2aa9cfa1bb53d7705614a"
        },
        "workshopdepot": "3547790",
        "branches": {
            "public": {
                "buildid": "18411078",
                "timeupdated": "1746844412"
            }
        },
        "privatebranches": "1",
        "workshopdepotdecryptionkey": "9ad70d70bdabf7cfc8129c24981c0a35b06eeb15c8a62f6622aaf04a88749564"
    }
}