{
    "appid": "3298590",
    "type": "Game",
    "name": "101 Cats Hidden in Tokyo",
    "schinese_name": "",
    "isfreeapp": "0",
    "change_number": "28950402",
    "update_time": "2025-05-13 08:36:25",
    "depot": {
        "3298591": {
            "manifests": {
                "public": {
                    "gid": "2211602351456862495",
                    "size": "583779354",
                    "download": "95614704"
                }
            },
            "decryptionkey": "7b3906b8b2a9ed0ff9af376038b4ec0591b92364c93ac32db531a389ac64cd6f"
        },
        "branches": {
            "public": {
                "buildid": "16489198",
                "timeupdated": "1732207127"
            }
        }
    }
}