{
    "appid": "3059500",
    "type": "Game",
    "name": "PORTRAIT OF A TORN",
    "schinese_name": "",
    "isfreeapp": "0",
    "change_number": "28317034",
    "update_time": "2025-04-05 05:28:31",
    "depot": {
        "228989": {
            "config": {
                "oslist": "windows"
            },
            "depotfromapp": "228980",
            "sharedinstall": "1"
        },
        "228990": {
            "config": {
                "oslist": "windows"
            },
            "depotfromapp": "228980",
            "sharedinstall": "1"
        },
        "3059501": {
            "manifests": {
                "public": {
                    "gid": "5654305372720943817",
                    "size": "7779733236",
                    "download": "7060148576"
                }
            },
            "decryptionkey": "f659102ff0a611d90dbf8a9e4b5137f42e5e9e5ef225ff01b779917632853033"
        },
        "branches": {
            "public": {
                "buildid": "16201699",
                "timeupdated": "1730091784"
            }
        }
    }
}