{
    "appid": "3375100",
    "type": "Demo",
    "name": "DuneCrawl Demo",
    "schinese_name": "",
    "isfreeapp": "0",
    "change_number": "27533798",
    "update_time": "2025-02-18 20:19:29",
    "depot": {
        "3375101": {
            "manifests": {
                "public": {
                    "gid": "3417124344518305163",
                    "size": "2831234808",
                    "download": "348576656"
                },
                "developer": {
                    "gid": "3417124344518305163",
                    "size": "2831234808",
                    "download": "348576656"
                }
            },
            "decryptionkey": "0d7a30fda3b53f4e86bd439fbb0fa712b8413ce6e7fc8f7324d6c2c17e389529"
        },
        "branches": {
            "public": {
                "buildid": "17340782",
                "timeupdated": "1739386504"
            },
            "developer": {
                "buildid": "17340782",
                "description": "test builds",
                "timeupdated": "1739385059"
            }
        }
    }
}