{
    "appid": "3225860",
    "type": "Game",
    "name": "Super Ricko’s Islands",
    "schinese_name": "",
    "isfreeapp": "1",
    "change_number": "26497074",
    "update_time": "2024-12-05 13:10:35",
    "depot": {
        "228989": {
            "config": {
                "oslist": "windows"
            },
            "depotfromapp": "228980",
            "sharedinstall": "1"
        },
        "228990": {
            "config": {
                "oslist": "windows"
            },
            "depotfromapp": "228980",
            "sharedinstall": "1"
        },
        "3225861": {
            "manifests": {
                "public": {
                    "gid": "8672558260492699992",
                    "size": "1685227687",
                    "download": "1136459088"
                }
            },
            "decryptionkey": "e42733340c988827accccc1dd1c3684406148587ebca429970c10357f9a20eaa"
        },
        "branches": {
            "public": {
                "buildid": "16464040",
                "timeupdated": "1732050748"
            }
        }
    }
}