{
    "appid": "3039720",
    "type": "Game",
    "name": "Sealed",
    "schinese_name": "",
    "isfreeapp": "0",
    "change_number": "26255590",
    "update_time": "2024-11-19 12:35:08",
    "depot": {
        "228989": {
            "config": {
                "oslist": "windows"
            },
            "depotfromapp": "228980",
            "sharedinstall": "1"
        },
        "228990": {
            "config": {
                "oslist": "windows"
            },
            "depotfromapp": "228980",
            "sharedinstall": "1"
        },
        "3039721": {
            "manifests": {
                "public": {
                    "gid": "5016334330330331313",
                    "size": "2187246118",
                    "download": "2045535888"
                }
            },
            "decryptionkey": "b1f476746cc5c79bb4245b3201dd785a308d354c61cb04ebf2e39a440ea31008"
        },
        "branches": {
            "public": {
                "buildid": "16453714",
                "timeupdated": "1731990904"
            }
        }
    }
}