{
    "appid": "3498390",
    "type": "Game",
    "name": "Astroloot",
    "schinese_name": "",
    "isfreeapp": "0",
    "change_number": "29028280",
    "update_time": "2025-05-17 00:15:36",
    "depot": {
        "3498391": {
            "config": {
                "oslist": "windows"
            },
            "manifests": {
                "public": {
                    "gid": "7475769219314473973",
                    "size": "280689377",
                    "download": "159874416"
                }
            },
            "decryptionkey": "2d60bf1cd65f860165590f233447aa54e1bb63ccb89b664ece9afb87bf4ba5b4"
        },
        "3498392": {
            "config": {
                "oslist": "linux"
            },
            "manifests": {
                "public": {
                    "gid": "5000473571585110955",
                    "size": "294957135",
                    "download": "161757920"
                }
            }
        },
        "3498393": {
            "config": {
                "oslist": "macos"
            },
            "manifests": {
                "public": {
                    "gid": "3055389233984712813",
                    "size": "285491781",
                    "download": "159823792"
                }
            }
        },
        "branches": {
            "public": {
                "buildid": "18363821",
                "timeupdated": "1746632665"
            }
        }
    }
}