{
    "appid": "3034540",
    "type": "Game",
    "name": "That's not your Neighbor",
    "schinese_name": "",
    "isfreeapp": "0",
    "change_number": "29015847",
    "update_time": "2025-05-16 11:19:19",
    "depot": {
        "3034542": {
            "manifests": {
                "public": {
                    "gid": "165686308525542283",
                    "size": "1721435649",
                    "download": "615482208"
                }
            },
            "decryptionkey": "069dba752c7d90427959bd122c11efc83067397232b33cc1ca539f6c64aec4a4"
        },
        "branches": {
            "public": {
                "buildid": "16919342",
                "timeupdated": "1736183618"
            }
        }
    }
}