{
    "appid": "3132920",
    "type": "Demo",
    "name": "Day of the Shell Demo",
    "schinese_name": "",
    "isfreeapp": "0",
    "change_number": "27385677",
    "update_time": "2025-02-09 16:27:20",
    "depot": {
        "baselanguages": "english",
        "3132921": {
            "config": {
                "oslist": "windows"
            },
            "manifests": {
                "public": {
                    "gid": "6708087974374434826",
                    "size": "878183806",
                    "download": "288202352"
                }
            },
            "decryptionkey": "bf34f2a9f925544c68c3824ab4777888610057becec26077ac6f7ccf09e22d12"
        },
        "3132922": {
            "config": {
                "oslist": "linux"
            }
        },
        "3132923": {
            "config": {
                "oslist": "macos"
            },
            "manifests": {
                "public": {
                    "gid": "8987193852942618999",
                    "size": "981965683",
                    "download": "291070784"
                }
            },
            "decryptionkey": ""
        },
        "branches": {
            "public": {
                "buildid": "16421916",
                "timeupdated": "1731682855"
            }
        },
        "privatebranches": "1"
    }
}