{
    "appid": "3416170",
    "type": "Music",
    "name": "Discolored 2 Soundtrack",
    "schinese_name": "",
    "isfreeapp": "0",
    "change_number": "26911553",
    "update_time": "2025-01-09 01:42:39",
    "depot": {
        "3416171": {
            "manifests": {
                "public": {
                    "gid": "7407641408611193090",
                    "size": "110684828",
                    "download": "110040784"
                }
            },
            "decryptionkey": "146e1bc9b23ec1727a76cdc0060434b1dcbc742b54e453b475844972846ff79e"
        },
        "branches": {
            "public": {
                "buildid": "16818401",
                "timeupdated": "1734724206"
            }
        }
    }
}