{
    "appid": "3051100",
    "type": "Game",
    "name": "Poisonous Abyss",
    "schinese_name": "",
    "isfreeapp": "0",
    "change_number": "24202251",
    "update_time": "2024-07-02 14:20:35",
    "depot": {
        "3051101": {
            "manifests": {
                "public": {
                    "gid": "7700662497304198852",
                    "size": "61535265",
                    "download": "17324848"
                }
            },
            "decryptionkey": "3d4d57f52538d366c574390a5c504f7a6f8ee72a559e39999e967ff41121fabb"
        },
        "branches": {
            "public": {
                "buildid": "14691215",
                "timeupdated": "1718193645"
            }
        }
    }
}