{
    "appid": "3262440",
    "type": "Game",
    "name": "Ladies I'm Ready",
    "schinese_name": "",
    "isfreeapp": "0",
    "change_number": "28774358",
    "update_time": "2025-05-02 03:36:19",
    "depot": {
        "baselanguages": "english",
        "3262441": {
            "config": {
                "oslist": "windows"
            },
            "manifests": {
                "public": {
                    "gid": "87678909423080280",
                    "size": "14965927225",
                    "download": "7341025520"
                }
            },
            "decryptionkey": "3488f90a40c45164d8067ed61f144065b19a4c2c681259af3810e893c55e3fd5"
        },
        "3262442": {
            "config": {
                "oslist": "macos"
            },
            "manifests": {
                "public": {
                    "gid": "4505100835711679740",
                    "size": "14986973537",
                    "download": "7346840928"
                }
            }
        },
        "branches": {
            "public": {
                "buildid": "17687134",
                "timeupdated": "1741753546"
            }
        }
    }
}