{
    "appid": "3464980",
    "type": "Music",
    "name": "Sounds of Torment",
    "schinese_name": "苦痛之声",
    "isfreeapp": "0",
    "change_number": "28885052",
    "update_time": "2025-05-08 23:30:47",
    "depot": {
        "3464981": {
            "manifests": {
                "public": {
                    "gid": "4580704927390214067",
                    "size": "59586039",
                    "download": "56548432"
                }
            },
            "decryptionkey": "066b6c2959e18d351286f1bbaa6f502288fd7d437597e8ca7b4e3bc47e937f33"
        },
        "3464982": {
            "config": {
                "highqualityaudio": "1"
            },
            "manifests": {
                "public": {
                    "gid": "9087114810019811696",
                    "size": "531701443",
                    "download": "538468304"
                }
            },
            "decryptionkey": "1c897247841820d0622680ef0485d378c6e1bbf3dc09b534b36496c876ca9a4e"
        },
        "branches": {
            "public": {
                "buildid": "17011416",
                "timeupdated": "1736935768"
            }
        }
    }
}