{
    "appid": "3372340",
    "type": "Music",
    "name": "FINAL FANTASY XV Original Soundtrack",
    "schinese_name": "",
    "isfreeapp": "0",
    "change_number": "28736706",
    "update_time": "2025-04-30 06:19:23",
    "depot": {
        "3372341": {
            "manifests": {
                "public": {
                    "gid": "5579186600670066646",
                    "size": "734111481",
                    "download": "665051648"
                }
            },
            "decryptionkey": "db1c488ab6037f4f1153200605cad9d9f22ea12d99387c441c2d7d8e18c8251c"
        },
        "branches": {
            "public": {
                "buildid": "16678861",
                "timeupdated": "1733739364"
            }
        }
    }
}