{
    "appid": "3601790",
    "type": "Game",
    "name": "不吃香菜",
    "schinese_name": "不吃香菜",
    "isfreeapp": "0",
    "change_number": "28398369",
    "update_time": "2025-04-10 10:10:06",
    "depot": {
        "3601791": {
            "manifests": {
                "public": {
                    "gid": "475348586324037014",
                    "size": "128268147",
                    "download": "22460208"
                }
            },
            "decryptionkey": "3b4488c19f2414b1dc87dfc545ba3835746cbc3b585434d1d3057d961771a163"
        },
        "branches": {
            "public": {
                "buildid": "18001770",
                "timeupdated": "1743944850"
            }
        }
    }
}