{
    "appid": "3062370",
    "type": "Demo",
    "name": "The Smurfs – Dreams Demo",
    "schinese_name": "蓝精灵：梦境 Demo",
    "isfreeapp": "0",
    "change_number": "28055803",
    "update_time": "2025-03-21 01:06:38",
    "depot": {
        "228989": {
            "config": {
                "oslist": "windows"
            },
            "depotfromapp": "228980",
            "sharedinstall": "1"
        },
        "228990": {
            "config": {
                "oslist": "windows"
            },
            "depotfromapp": "228980",
            "sharedinstall": "1"
        },
        "3062371": {
            "manifests": {
                "public": {
                    "gid": "7848002831487831129",
                    "size": "2935310310",
                    "download": "2049915408"
                }
            },
            "decryptionkey": "29e3f3e7f71e9a86951bb29b547f955df37c6e88370119ae94780b466bcb867f"
        },
        "branches": {
            "public": {
                "buildid": "15839529",
                "timeupdated": "1727446084"
            }
        },
        "privatebranches": "1"
    }
}