{
    "appid": "3179090",
    "type": "Music",
    "name": "RP7 Soundtrack",
    "schinese_name": "七键骑士 原声音乐集",
    "isfreeapp": "0",
    "change_number": "26934285",
    "update_time": "2025-01-10 10:59:04",
    "depot": {
        "3179091": {
            "manifests": {
                "public": {
                    "gid": "7948202959732410638",
                    "size": "26049312",
                    "download": "20857856"
                }
            },
            "decryptionkey": "1611e86e7ad96ca8d20f980af4d21829b878174a806665ea8d3807117c7ccb34"
        },
        "branches": {
            "public": {
                "buildid": "15671446",
                "timeupdated": "1726107031"
            }
        },
        "privatebranches": "1"
    }
}