{
    "appid": "3009960",
    "type": "Demo",
    "name": "幻想乡：有罪推定~夜明前的三色堇 Demo",
    "schinese_name": "",
    "isfreeapp": "0",
    "change_number": "27536674",
    "update_time": "2025-02-18 23:10:08",
    "depot": {
        "3009961": {
            "config": {
                "language": "schinese"
            },
            "manifests": {
                "public": {
                    "gid": "8855167224267367765",
                    "size": "2202805634",
                    "download": "474597712"
                },
                "live": {
                    "gid": "5192247201320647640",
                    "size": "2202803730",
                    "download": "474531248"
                }
            },
            "decryptionkey": "5e615cf4a3df7678c0eed3c1b1358690c9152f179191aa1fb40e8c2e98560ba6"
        },
        "baselanguages": "schinese",
        "branches": {
            "public": {
                "buildid": "17471514",
                "timeupdated": "1740287699"
            },
            "live": {
                "buildid": "17307862",
                "description": "直播和谐分支",
                "timeupdated": "1739197534"
            }
        },
        "privatebranches": "1"
    }
}