{
    "appid": "2946870",
    "type": "Game",
    "name": "Security Guard Sex - Episode 1",
    "schinese_name": "",
    "isfreeapp": "0",
    "change_number": "23340535",
    "update_time": "2024-05-27 07:12:12",
    "depot": {
        "2946871": {
            "config": {
                "oslist": "windows"
            },
            "manifests": {
                "public": {
                    "gid": "8694757018266898402",
                    "size": "614659860",
                    "download": "266035360"
                }
            },
            "decryptionkey": "2132a72e52e12cf9445a95c4485d82f28ba7d9468d79884548d3d2f327f0c115"
        },
        "2946872": {
            "config": {
                "oslist": "macos"
            },
            "manifests": {
                "public": {
                    "gid": "1308164708459031688",
                    "size": "598346765",
                    "download": "263012720"
                }
            },
            "decryptionkey": ""
        },
        "2946873": {
            "config": {
                "oslist": "linux"
            },
            "manifests": {
                "public": {
                    "gid": "4798545247258052378",
                    "size": "589578550",
                    "download": "245672256"
                }
            },
            "decryptionkey": ""
        },
        "branches": {
            "public": {
                "buildid": "14206432",
                "timeupdated": "1714380513"
            }
        }
    }
}