{
    "appid": "3185120",
    "type": "Music",
    "name": "Copycat Soundtrack",
    "schinese_name": "",
    "isfreeapp": "0",
    "change_number": "26441614",
    "update_time": "2024-12-05 09:08:34",
    "depot": {
        "3185121": {
            "manifests": {
                "public": {
                    "gid": "4959162610150085577",
                    "size": "103149115",
                    "download": "102636624"
                }
            },
            "decryptionkey": "322e04c98c08b7b465e950fbb7e4867ca24bedac212e1af088c66ed14283207e"
        },
        "3185122": {
            "config": {
                "highqualityaudio": "1"
            },
            "manifests": {
                "public": {
                    "gid": "4492401652968344224",
                    "size": "871978651",
                    "download": "882454560"
                }
            },
            "decryptionkey": "4272d40a31f011ce02cf6b3807472c4dff1c9506698374ff2c1a4c2e33ebed51"
        },
        "branches": {
            "public": {
                "buildid": "15671134",
                "timeupdated": "1726104672"
            }
        }
    }
}