{
    "appid": "3302650",
    "type": "Game",
    "name": "Conscience",
    "schinese_name": "",
    "isfreeapp": "1",
    "change_number": "28460399",
    "update_time": "2025-04-14 13:31:18",
    "depot": {
        "228989": {
            "config": {
                "oslist": "windows"
            },
            "depotfromapp": "228980",
            "sharedinstall": "1"
        },
        "228990": {
            "config": {
                "oslist": "windows"
            },
            "depotfromapp": "228980",
            "sharedinstall": "1"
        },
        "3302651": {
            "manifests": {
                "public": {
                    "gid": "6552748571706246201",
                    "size": "921626550",
                    "download": "686758848"
                }
            },
            "decryptionkey": "80100771e6ec8461325ec90ba9e366275a1693e9597896c666106afe4ba4c1f6"
        },
        "branches": {
            "public": {
                "buildid": "17690402",
                "timeupdated": "1741922134"
            }
        },
        "privatebranches": "1"
    }
}