{
    "appid": "2990430",
    "type": "DLC",
    "name": "Green Hell - Anniversary Edition Pack",
    "schinese_name": "",
    "isfreeapp": "0",
    "change_number": "25198173",
    "update_time": "2024-09-13 03:20:14",
    "depot": {
        "2990430": {
            "manifests": {
                "public": {
                    "gid": "1413785688298351171",
                    "size": "2118222664",
                    "download": "1944543040"
                }
            },
            "dlcappid": "2990430",
            "decryptionkey": "cc1e64d590434473930b6edd90d09027aa939a0d8b1fcc7d3ccd30f86ea21e1f"
        },
        "branches": {
            "public": {
                "buildid": "15472996",
                "timeupdated": "1724421511"
            }
        },
        "privatebranches": "1"
    }
}