{
    "appid": "3307890",
    "type": "Demo",
    "name": "Enigma do Medo Demo",
    "schinese_name": "",
    "isfreeapp": "0",
    "change_number": "26183469",
    "update_time": "2024-11-14 07:43:20",
    "depot": {
        "3307891": {
            "manifests": {
                "public": {
                    "gid": "8887010663665863112",
                    "size": "24576787263",
                    "download": "5071481104"
                }
            },
            "decryptionkey": "14d8c9fa2669c16e10df407c0ab912aeeea81d792b81a029c0b81ac7350dbd2f"
        },
        "branches": {
            "public": {
                "buildid": "16271129",
                "timeupdated": "1730510551"
            }
        },
        "privatebranches": "1"
    }
}