{
    "appid": "3404470",
    "type": "Game",
    "name": "Animal Spa",
    "schinese_name": "线条小狗：动物温泉",
    "isfreeapp": "0",
    "change_number": "29036557",
    "update_time": "2025-05-17 12:15:47",
    "depot": {
        "3404471": {
            "config": {
                "oslist": "windows"
            },
            "manifests": {
                "public": {
                    "gid": "6597503301602361432",
                    "size": "288274289",
                    "download": "229044272"
                }
            },
            "decryptionkey": "95548a5bfa59f05842b0af039e6b443ac8f005edb78e4875f2cbb62c7001407c"
        },
        "3404472": {
            "config": {
                "oslist": "macos"
            },
            "manifests": {
                "public": {
                    "gid": "118153477612305543",
                    "size": "313089456",
                    "download": "235462512"
                }
            }
        },
        "branches": {
            "public": {
                "buildid": "18487197",
                "timeupdated": "1747379563"
            }
        },
        "privatebranches": "1"
    }
}