{
    "appid": "2985900",
    "type": "Game",
    "name": "中医模拟传承人",
    "schinese_name": "",
    "isfreeapp": "0",
    "change_number": "28052274",
    "update_time": "2025-03-20 22:07:36",
    "depot": {
        "2985901": {
            "manifests": {
                "public": {
                    "gid": "845168714007574714",
                    "size": "358237119",
                    "download": "226109344"
                }
            },
            "decryptionkey": "367b2fadf1221a1bcd9e4a7692dc02a7f01cecfbcc316d6baf619077e39e2f32"
        },
        "branches": {
            "public": {
                "buildid": "15588966",
                "timeupdated": "1725446078"
            }
        }
    }
}