{
    "appid": "3022240",
    "type": "Demo",
    "name": "Villa Escape Demo",
    "schinese_name": "",
    "isfreeapp": "0",
    "change_number": "27287219",
    "update_time": "2025-02-03 18:40:47",
    "depot": {
        "baselanguages": "english,german,french,koreana,spanish,schinese,japanese,portuguese",
        "hasdepotsindlc": "1",
        "3022241": {
            "config": {
                "oslist": "windows",
                "osarch": "64"
            },
            "manifests": {
                "public": {
                    "gid": "7531160441383176789",
                    "size": "5400490023",
                    "download": "2291237728"
                }
            },
            "decryptionkey": "3164cd66df9dac291874037322743c10c5d2d5c3ae15d7216f197dd1f687b350"
        },
        "3022242": {
            "config": {
                "oslist": "macos",
                "osarch": "64"
            },
            "manifests": {
                "public": {
                    "gid": "7914535014271142908",
                    "size": "6395133413",
                    "download": "2492329552"
                }
            },
            "decryptionkey": ""
        },
        "branches": {
            "public": {
                "buildid": "15178062",
                "timeupdated": "1722174572"
            }
        }
    }
}