{
    "appid": "3260560",
    "type": "Demo",
    "name": "天际都市物语 Demo",
    "schinese_name": "",
    "isfreeapp": "0",
    "change_number": "26204616",
    "update_time": "2024-11-15 10:48:06",
    "depot": {
        "3260561": {
            "manifests": {
                "public": {
                    "gid": "732481687954222682",
                    "size": "260306528",
                    "download": "44389568"
                }
            },
            "decryptionkey": "49b254c2170fbcd6311f07732c0345f3ac1f17a026b6ab800af1646fa231f965"
        },
        "branches": {
            "public": {
                "buildid": "16090753",
                "timeupdated": "1729226805"
            }
        }
    }
}