{
    "appid": "3175730",
    "type": "Demo",
    "name": "六爻 Demo",
    "schinese_name": "六爻 Demo",
    "isfreeapp": "0",
    "change_number": "26183469",
    "update_time": "2024-11-14 07:36:46",
    "depot": {
        "228989": {
            "config": {
                "oslist": "windows"
            },
            "depotfromapp": "228980",
            "sharedinstall": "1"
        },
        "228990": {
            "config": {
                "oslist": "windows"
            },
            "depotfromapp": "228980",
            "sharedinstall": "1"
        },
        "229000": {
            "config": {
                "oslist": "windows"
            },
            "depotfromapp": "228980",
            "sharedinstall": "1"
        },
        "3175731": {
            "manifests": {
                "public": {
                    "gid": "4682201380351012004",
                    "size": "1759000247",
                    "download": "1499209376"
                }
            },
            "decryptionkey": "bb3bb39fe699bd2d12160ccff4b36562b73bc25b78dbdbcc66ad1f0b8039e492"
        },
        "branches": {
            "public": {
                "buildid": "16080831",
                "timeupdated": "1729167765"
            }
        },
        "privatebranches": "1"
    }
}