{
    "appid": "3050800",
    "type": "Game",
    "name": "Pico Pico Dungeon!",
    "schinese_name": "",
    "isfreeapp": "0",
    "change_number": "28495752",
    "update_time": "2025-04-16 05:25:03",
    "depot": {
        "3050801": {
            "config": {
                "oslist": "windows"
            },
            "manifests": {
                "public": {
                    "gid": "7711792396779160704",
                    "size": "347494870",
                    "download": "111543664"
                },
                "beta": {
                    "gid": "7711792396779160704",
                    "size": "347494870",
                    "download": "111543664"
                }
            },
            "decryptionkey": "fc037fc35614c0e4cb6627cfa734ce6310bab730ff4abd444b2f7f9f6a42ec52"
        },
        "baselanguages": "english,japanese",
        "branches": {
            "public": {
                "buildid": "14951341",
                "timeupdated": "1720262698"
            },
            "beta": {
                "buildid": "14951341",
                "description": "Beta Version",
                "timeupdated": "1720262489"
            }
        }
    }
}