{
    "appid": "2987410",
    "type": "Demo",
    "name": "狗与哥布林 Demo（Dog And Goblin Demo）",
    "schinese_name": "狗与哥布林 Demo",
    "isfreeapp": "0",
    "change_number": "26836314",
    "update_time": "2025-01-02 10:35:40",
    "depot": {
        "baselanguages": "english,schinese",
        "2987411": {
            "config": {
                "oslist": "windows"
            },
            "manifests": {
                "public": {
                    "gid": "7692350422383056946",
                    "size": "526753890",
                    "download": "271259952"
                }
            },
            "decryptionkey": "c7afe8f516253a2ac75259598bd5251c7424307dce9247cc8e94be200bb007c2"
        },
        "2666231": {
            "manifests": {
                "public": {
                    "gid": "646705709500268853",
                    "size": "1548755171",
                    "download": "368821696"
                }
            },
            "depotfromapp": "2666230",
            "decryptionkey": "f03c744fb52d86e8608d69a82ee4a1d00e7df88582fccd30752be00423ca5f95"
        },
        "branches": {
            "public": {
                "buildid": "16189449",
                "timeupdated": "1729925992"
            }
        },
        "privatebranches": "1"
    }
}