{
    "appid": "3354540",
    "type": "DLC",
    "name": "Beat Saber - Metallica - King Nothing",
    "schinese_name": "",
    "isfreeapp": "0",
    "change_number": "26577825",
    "update_time": "2024-12-10 23:44:41",
    "depot": {
        "3354540": {
            "manifests": {
                "public": {
                    "gid": "5928152599685888334",
                    "size": "18139535",
                    "download": "18387760"
                }
            },
            "dlcappid": "3354540",
            "decryptionkey": "b3616c6d174fc55806954b440ac06dae9ccd51ea95df214d12959dbc799a2d06"
        },
        "branches": {
            "public": {
                "buildid": "16539575",
                "timeupdated": "1732636547"
            }
        }
    }
}