{
    "appid": "3256020",
    "type": "Game",
    "name": "Electrician Simulator VR",
    "schinese_name": "",
    "isfreeapp": "0",
    "change_number": "29019670",
    "update_time": "2025-05-16 16:18:46",
    "depot": {
        "3256021": {
            "manifests": {
                "public": {
                    "gid": "572977498697002620",
                    "size": "6647621564",
                    "download": "2760055344"
                }
            },
            "decryptionkey": "ce6fd8f56262e17a4fc4a2441e49de4599c45a29d5f1022d0fe764686dba3184"
        },
        "branches": {
            "public": {
                "buildid": "18265941",
                "timeupdated": "1745851326"
            }
        },
        "privatebranches": "1"
    }
}