{
    "appid": "2984660",
    "type": "Demo",
    "name": "He is Coming Demo",
    "schinese_name": "试用版魔王将至 He is Coming Demo  ",
    "isfreeapp": "0",
    "change_number": "27522753",
    "update_time": "2025-02-18 04:33:01",
    "depot": {
        "2984661": {
            "manifests": {
                "public": {
                    "gid": "8120546012522924292",
                    "size": "259559192",
                    "download": "67815696"
                }
            },
            "decryptionkey": "55481fe24966d7d8f903155a7c1a0c2b76bbca6c75a0e4493c24e408a85b1393"
        },
        "branches": {
            "public": {
                "buildid": "17475603",
                "timeupdated": "1740339937"
            }
        },
        "privatebranches": "1"
    }
}