{
    "appid": "3601870",
    "type": "Tool",
    "name": "Project DeepWeb Artbook Legacy",
    "schinese_name": "",
    "isfreeapp": "0",
    "change_number": "28494065",
    "update_time": "2025-04-16 03:17:10",
    "depot": {
        "1466981": {
            "config": {
                "oslist": "windows",
                "language": ""
            },
            "dlcappid": "1466980",
            "manifests": {
                "public": {
                    "gid": "5690794397784427789",
                    "size": "1182844355",
                    "download": "1034852032"
                }
            },
            "depotfromapp": "1466980",
            "decryptionkey": "4a2bdca282438e71218eb4d09ccb6503ac77d130bf3f5d74ed74ef68a2aacc7a"
        },
        "1466982": {
            "config": {
                "oslist": "macos",
                "language": ""
            },
            "manifests": {
                "public": {
                    "gid": "2409720268116820829",
                    "size": "1180103732",
                    "download": "1015820016"
                }
            },
            "dlcappid": "1466980",
            "depotfromapp": "1466980"
        },
        "branches": {}
    }
}