{
    "appid": "2943650",
    "type": "Game",
    "name": "FragPunk",
    "schinese_name": "界外狂潮",
    "isfreeapp": "1",
    "change_number": "29041598",
    "update_time": "2025-05-18 00:15:42",
    "depot": {
        "228989": {
            "config": {
                "oslist": "windows"
            },
            "depotfromapp": "228980",
            "sharedinstall": "1"
        },
        "228990": {
            "config": {
                "oslist": "windows"
            },
            "depotfromapp": "228980",
            "sharedinstall": "1"
        },
        "229005": {
            "config": {
                "oslist": "windows"
            },
            "depotfromapp": "228980",
            "sharedinstall": "1"
        },
        "229007": {
            "config": {
                "oslist": "windows"
            },
            "depotfromapp": "228980",
            "sharedinstall": "1"
        },
        "2943651": {
            "manifests": {
                "public": {
                    "gid": "1916190184858564586",
                    "size": "41212597138",
                    "download": "38559791664"
                }
            },
            "decryptionkey": "e0df17b5ec01dc3ab91eaa828f723850723390079c285e6855f68cdd7d6aa7b6"
        },
        "2943652": {
            "manifests": {
                "public": {
                    "gid": "6884834939333675264",
                    "size": "41212597138",
                    "download": "38557835600"
                }
            }
        },
        "branches": {
            "public": {
                "buildid": "18486778",
                "timeupdated": "1747377034"
            }
        }
    }
}