{
    "appid": "3013060",
    "type": "Demo",
    "name": "Camper Van: Make it Home Demo",
    "schinese_name": "",
    "isfreeapp": "0",
    "change_number": "27424943",
    "update_time": "2025-02-12 01:46:48",
    "depot": {
        "baselanguages": "english,german,french,spanish",
        "hasdepotsindlc": "0",
        "3013061": {
            "manifests": {
                "public": {
                    "gid": "6322489788329877639",
                    "size": "1479615729",
                    "download": "391274432"
                }
            },
            "decryptionkey": "1a208e9a56e6947cd033c3af8f6d2ea2ec103ea2bba1899565f268913df2ea9d"
        },
        "3013062": {
            "config": {
                "oslist": "macos"
            },
            "manifests": {
                "public": {
                    "gid": "3131772321096610905",
                    "size": "1513668609",
                    "download": "399452992"
                }
            },
            "decryptionkey": ""
        },
        "branches": {
            "public": {
                "buildid": "17425400",
                "timeupdated": "1739982597"
            }
        }
    }
}