{
    "appid": "3334420",
    "type": "Beta",
    "name": "Star Fire Playtest",
    "schinese_name": "无尽星火 Playtest",
    "isfreeapp": "0",
    "change_number": "27925059",
    "update_time": "2025-03-13 11:23:18",
    "depot": {
        "3334421": {
            "config": {
                "oslist": "windows"
            },
            "manifests": {
                "public": {
                    "gid": "9193988980975729034",
                    "size": "5187695414",
                    "download": "1350543728"
                }
            },
            "decryptionkey": "3cd19321ba70ce31e0a707be3267baa2d9da9fd31aaa93d78cd05d36650f2646"
        },
        "branches": {
            "public": {
                "buildid": "17456736",
                "timeupdated": "1740150520"
            }
        },
        "privatebranches": "1"
    }
}