{
    "appid": "3621410",
    "type": "Game",
    "name": "The Expedition",
    "schinese_name": "",
    "isfreeapp": "0",
    "change_number": "28845210",
    "update_time": "2025-05-07 00:14:27",
    "depot": {
        "3621411": {
            "manifests": {
                "public": {
                    "gid": "8220069814554554106",
                    "size": "1323468222",
                    "download": "310775120"
                }
            },
            "decryptionkey": "794cfd03d96d6e1e1746e4c54c6981d64656af0ef93659eac2fced74295ad4a6"
        },
        "branches": {
            "public": {
                "buildid": "17910346",
                "timeupdated": "1743262619"
            }
        },
        "privatebranches": "1"
    }
}