{
    "appid": "2985910",
    "type": "Game",
    "name": "Survivors Of The Zombie World",
    "schinese_name": "枪手：丧尸幸存者",
    "isfreeapp": "0",
    "change_number": "28304315",
    "update_time": "2025-04-04 16:16:11",
    "depot": {
        "baselanguages": "english,koreana,schinese,tchinese,japanese",
        "2985911": {
            "manifests": {
                "public": {
                    "gid": "589992444785980315",
                    "size": "1169153011",
                    "download": "245911056"
                }
            },
            "decryptionkey": "4f27208bbde696c31fc2bca0b936fd0ad9f7d672c935707e19733b0bb05b07c0"
        },
        "branches": {
            "public": {
                "buildid": "17056645",
                "timeupdated": "1739639264"
            }
        }
    }
}