{
    "appid": "3328230",
    "type": "Game",
    "name": "Lyra Convolution",
    "schinese_name": "",
    "isfreeapp": "1",
    "change_number": "28654979",
    "update_time": "2025-04-25 07:13:53",
    "depot": {
        "228989": {
            "config": {
                "oslist": "windows"
            },
            "depotfromapp": "228980",
            "sharedinstall": "1"
        },
        "228990": {
            "config": {
                "oslist": "windows"
            },
            "depotfromapp": "228980",
            "sharedinstall": "1"
        },
        "229007": {
            "config": {
                "oslist": "windows"
            },
            "depotfromapp": "228980",
            "sharedinstall": "1"
        },
        "3328231": {
            "manifests": {
                "public": {
                    "gid": "1520060696660996221",
                    "size": "1584728403",
                    "download": "967282768"
                }
            },
            "decryptionkey": "ab1c1c9f5143b956d54547c6fa3177455f06292f91fc6c1d59e94f708f533008"
        },
        "branches": {
            "public": {
                "buildid": "16649053",
                "timeupdated": "1733434683"
            }
        }
    }
}