{
    "appid": "3177280",
    "type": "Game",
    "name": "Restaurant Owner: A Restaurant Simulator",
    "schinese_name": "",
    "isfreeapp": "0",
    "change_number": "29016408",
    "update_time": "2025-05-16 12:12:46",
    "depot": {
        "3177281": {
            "config": {
                "oslist": "windows"
            },
            "manifests": {
                "public": {
                    "gid": "1828535009990249685",
                    "size": "4687490916",
                    "download": "1621579136"
                }
            },
            "decryptionkey": "6c9133f012064d1f85a533bb0131a64ccbe4eb14146efffd74e6d9344e3aa52d"
        },
        "branches": {
            "public": {
                "buildid": "18443306",
                "timeupdated": "1747133924"
            }
        },
        "privatebranches": "1"
    }
}