{
    "appid": "3033640",
    "type": "Demo",
    "name": "BloodLight Demo",
    "schinese_name": "",
    "isfreeapp": "0",
    "change_number": "26302700",
    "update_time": "2024-11-22 02:17:18",
    "depot": {
        "3033641": {
            "config": {
                "oslist": "windows",
                "osarch": "64"
            },
            "manifests": {
                "public": {
                    "gid": "3303921962084573010",
                    "size": "2166190182",
                    "download": "1933294544"
                }
            },
            "decryptionkey": "2d424e86757c887fd389c70fcff61cd859cf322d2a195d088527ccf709be1e07"
        },
        "branches": {
            "public": {
                "buildid": "16489745",
                "timeupdated": "1732210339"
            }
        }
    }
}