{
    "appid": "3593600",
    "type": "Game",
    "name": "Starry Trace",
    "schinese_name": "星痕绘梦",
    "isfreeapp": "0",
    "change_number": "28500131",
    "update_time": "2025-04-16 11:42:17",
    "depot": {
        "3593601": {
            "config": {
                "oslist": "windows"
            },
            "manifests": {
                "public": {
                    "gid": "2620136829403115605",
                    "size": "109317440",
                    "download": "57732608"
                }
            },
            "decryptionkey": "20dd1120aa26643cf5da5dccf3a11f3a51a5e030339859bc4955c180945f1e78"
        },
        "baselanguages": "",
        "branches": {
            "public": {
                "buildid": "18122948",
                "timeupdated": "1744774932"
            }
        }
    }
}