{
    "appid": "3164660",
    "type": "Demo",
    "name": "Card of Legend Demo",
    "schinese_name": "",
    "isfreeapp": "0",
    "change_number": "27316086",
    "update_time": "2025-02-05 07:52:29",
    "depot": {
        "3164661": {
            "manifests": {
                "public": {
                    "gid": "8075706126141909753",
                    "size": "1114077485",
                    "download": "652967408"
                }
            },
            "decryptionkey": "8be6441a40e3daad5a5e060a544fe87a4325389ac0bf79d647c785ec4332c59a"
        },
        "baselanguages": "english,koreana",
        "branches": {
            "public": {
                "buildid": "16004176",
                "timeupdated": "1728621879"
            }
        },
        "privatebranches": "1"
    }
}