{
    "appid": "3309020",
    "type": "Game",
    "name": "幸运牌",
    "schinese_name": "",
    "isfreeapp": "0",
    "change_number": "27767437",
    "update_time": "2025-03-04 13:00:20",
    "depot": {
        "hasdepotsindlc": "0",
        "3309021": {
            "manifests": {
                "public": {
                    "gid": "7455286229946512528",
                    "size": "783235593",
                    "download": "114154640"
                }
            },
            "decryptionkey": "6b54f9501a8dc6d46a17cd3920398414e1bdc03d00260d48ad15e25f60229c28"
        },
        "3309022": {
            "config": {
                "language": "schinese",
                "oslist": "windows",
                "osarch": "64"
            }
        },
        "branches": {
            "public": {
                "buildid": "17583771",
                "timeupdated": "1741064415"
            }
        }
    }
}