{
    "appid": "2983250",
    "type": "Game",
    "name": "AIR",
    "schinese_name": "",
    "isfreeapp": "0",
    "change_number": "29015648",
    "update_time": "2025-05-16 11:00:44",
    "depot": {
        "2983251": {
            "manifests": {
                "public": {
                    "gid": "7116659383094204862",
                    "size": "2743772240",
                    "download": "2472458160"
                }
            },
            "decryptionkey": "1d2f3c4b812333c9525df635402db7ba20966dc65af74a25b60762dbdfc2691d"
        },
        "baselanguages": "english,schinese,japanese",
        "branches": {
            "public": {
                "buildid": "17721646",
                "timeupdated": "1741962298"
            }
        },
        "privatebranches": "1"
    }
}