{
    "appid": "3242950",
    "type": "Game",
    "name": "Outworld Station",
    "schinese_name": "",
    "isfreeapp": "0",
    "change_number": "29028280",
    "update_time": "2025-05-17 00:15:34",
    "depot": {
        "228989": {
            "config": {
                "oslist": "windows"
            },
            "depotfromapp": "228980",
            "sharedinstall": "1"
        },
        "228990": {
            "config": {
                "oslist": "windows"
            },
            "depotfromapp": "228980",
            "sharedinstall": "1"
        },
        "229005": {
            "config": {
                "oslist": "windows"
            },
            "depotfromapp": "228980",
            "sharedinstall": "1"
        },
        "229006": {
            "config": {
                "oslist": "windows"
            },
            "depotfromapp": "228980",
            "sharedinstall": "1"
        },
        "229007": {
            "config": {
                "oslist": "windows"
            },
            "depotfromapp": "228980",
            "sharedinstall": "1"
        },
        "3242951": {
            "config": {
                "oslist": "windows"
            },
            "manifests": {
                "public": {
                    "gid": "5846183397619358595",
                    "size": "2698409490",
                    "download": "2523890912"
                }
            },
            "decryptionkey": "c6743d91162c56cb7c1c418ee6b0471d533dc8560938f3506b810ec1f8774038"
        },
        "branches": {
            "public": {
                "buildid": "18401008",
                "timeupdated": "1746783712"
            }
        },
        "privatebranches": "1"
    }
}