{
    "appid": "3169750",
    "type": "Game",
    "name": "TIME TO STARⅡ偶像之路终极版",
    "schinese_name": "",
    "isfreeapp": "0",
    "change_number": "28793039",
    "update_time": "2025-05-03 05:31:22",
    "depot": {
        "baselanguages": "schinese",
        "3169751": {
            "config": {
                "language": "schinese",
                "oslist": "windows",
                "osarch": "64"
            },
            "manifests": {
                "public": {
                    "gid": "1644559552260600497",
                    "size": "600350296",
                    "download": "521642384"
                }
            },
            "decryptionkey": "51f55b7fb43af5d5c33ec6a9c86c1d4cfbdea7529e7789f4fe312d59a0ec5048"
        },
        "3169752": {
            "config": {
                "language": "schinese",
                "oslist": "macos"
            },
            "manifests": {
                "public": {
                    "gid": "4081972578978987961",
                    "size": "639989385",
                    "download": "532439776"
                }
            }
        },
        "branches": {
            "public": {
                "buildid": "16548362",
                "timeupdated": "1732688618"
            }
        }
    }
}