{
    "appid": "3052300",
    "type": "Demo",
    "name": "地球勇者 Earth Fighter Demo",
    "schinese_name": "",
    "isfreeapp": "0",
    "change_number": "27387580",
    "update_time": "2025-02-09 21:43:51",
    "depot": {
        "baselanguages": "english,schinese",
        "3052301": {
            "manifests": {
                "public": {
                    "gid": "8240279320602070636",
                    "size": "751201798",
                    "download": "151709024"
                }
            },
            "decryptionkey": "0141c0a87a18ad1194e1eb31a42eaf407935beb66b1565ecef2039669f884ac3"
        },
        "branches": {
            "public": {
                "buildid": "17297904",
                "timeupdated": "1739108627"
            }
        }
    }
}