{
    "appid": "3200010",
    "type": "DLC",
    "name": "The Sims™ 4 Kitchen Clutter Kit",
    "schinese_name": "《The Sims™ 4 厨房乱哄哄》套件包",
    "isfreeapp": "0",
    "change_number": "28772181",
    "update_time": "2025-05-02 01:08:18",
    "depot": {
        "3200010": {
            "manifests": {
                "public": {
                    "gid": "5931142229136592650",
                    "size": "25605173",
                    "download": "22690128"
                }
            },
            "dlcappid": "3200010",
            "decryptionkey": "841b82fb63ef6bb7e559aa0297c43e3ec49fbb30b2285abc9bf5aa0924816cb0"
        },
        "3200011": {
            "config": {
                "language": "english"
            },
            "manifests": {
                "public": {
                    "gid": "8926944142810805689",
                    "size": "3888",
                    "download": "3504"
                }
            },
            "dlcappid": "3200010",
            "decryptionkey": ""
        },
        "3200012": {
            "config": {
                "language": "german"
            },
            "manifests": {
                "public": {
                    "gid": "4378355737845046156",
                    "size": "4490",
                    "download": "4096"
                }
            },
            "dlcappid": "3200010",
            "decryptionkey": ""
        },
        "3200013": {
            "config": {
                "language": "french"
            },
            "manifests": {
                "public": {
                    "gid": "5159638646359421474",
                    "size": "4448",
                    "download": "4064"
                }
            },
            "dlcappid": "3200010",
            "decryptionkey": "434e60df17e225d82abdf1ae1ef63807ba8f784dbde1de8d74b0901e0de641a4"
        },
        "3200014": {
            "config": {
                "language": "italian"
            },
            "manifests": {
                "public": {
                    "gid": "3216796753170915808",
                    "size": "4288",
                    "download": "3904"
                }
            },
            "dlcappid": "3200010",
            "decryptionkey": ""
        },
        "3200015": {
            "config": {
                "language": "koreana"
            },
            "manifests": {
                "public": {
                    "gid": "2490712120544207490",
                    "size": "4289",
                    "download": "4016"
                }
            },
            "dlcappid": "3200010",
            "decryptionkey": ""
        },
        "3200016": {
            "config": {
                "language": "spanish"
            },
            "manifests": {
                "public": {
                    "gid": "727450434362364034",
                    "size": "4369",
                    "download": "3984"
                }
            },
            "dlcappid": "3200010",
            "decryptionkey": ""
        },
        "3200017": {
            "config": {
                "language": "schinese"
            },
            "manifests": {
                "public": {
                    "gid": "5210009810579031924",
                    "size": "3972",
                    "download": "3616"
                }
            },
            "dlcappid": "3200010",
            "decryptionkey": "c4f3b6c89af63f77319fa015803111ec057363be01005c8845afe424944157f5"
        },
        "3200018": {
            "config": {
                "language": "tchinese"
            },
            "manifests": {
                "public": {
                    "gid": "6651760177910416664",
                    "size": "3923",
                    "download": "3568"
                }
            },
            "dlcappid": "3200010",
            "decryptionkey": ""
        },
        "3200019": {
            "config": {
                "language": "russian"
            },
            "manifests": {
                "public": {
                    "gid": "7150933686860364669",
                    "size": "5064",
                    "download": "4672"
                }
            },
            "dlcappid": "3200010",
            "decryptionkey": ""
        },
        "3401290": {
            "config": {
                "language": "japanese"
            },
            "manifests": {
                "public": {
                    "gid": "7319942728007161494",
                    "size": "4555",
                    "download": "4240"
                }
            },
            "dlcappid": "3200010",
            "decryptionkey": ""
        },
        "3401291": {
            "config": {
                "language": "polish"
            },
            "manifests": {
                "public": {
                    "gid": "8336725255900468418",
                    "size": "4263",
                    "download": "3888"
                }
            },
            "dlcappid": "3200010",
            "decryptionkey": ""
        },
        "3401292": {
            "config": {
                "language": "danish"
            },
            "manifests": {
                "public": {
                    "gid": "673231870227213795",
                    "size": "4126",
                    "download": "3760"
                }
            },
            "dlcappid": "3200010",
            "decryptionkey": ""
        },
        "3401293": {
            "config": {
                "language": "dutch"
            },
            "manifests": {
                "public": {
                    "gid": "9119465183057218962",
                    "size": "3975",
                    "download": "3600"
                }
            },
            "dlcappid": "3200010",
            "decryptionkey": ""
        },
        "3401294": {
            "config": {
                "language": "finnish"
            },
            "manifests": {
                "public": {
                    "gid": "787187340692802410",
                    "size": "3648",
                    "download": "3312"
                }
            },
            "dlcappid": "3200010",
            "decryptionkey": ""
        },
        "3401295": {
            "config": {
                "language": "norwegian"
            },
            "manifests": {
                "public": {
                    "gid": "7500467184169896021",
                    "size": "3846",
                    "download": "3520"
                }
            },
            "dlcappid": "3200010",
            "decryptionkey": ""
        },
        "3401296": {
            "config": {
                "language": "swedish"
            },
            "manifests": {
                "public": {
                    "gid": "1486216998633051694",
                    "size": "4069",
                    "download": "3712"
                }
            },
            "dlcappid": "3200010",
            "decryptionkey": ""
        },
        "3401297": {
            "config": {
                "language": "czech"
            },
            "manifests": {
                "public": {
                    "gid": "6014174200681003748",
                    "size": "4776",
                    "download": "4336"
                }
            },
            "dlcappid": "3200010",
            "decryptionkey": ""
        },
        "3401298": {
            "config": {
                "language": "brazilian"
            },
            "manifests": {
                "public": {
                    "gid": "5641630905818272304",
                    "size": "4139",
                    "download": "3776"
                }
            },
            "dlcappid": "3200010",
            "decryptionkey": ""
        },
        "branches": {
            "public": {
                "buildid": "18145370",
                "timeupdated": "1746118550"
            }
        },
        "privatebranches": "1"
    }
}