{
    "appid": "2965270",
    "type": "Demo",
    "name": "A Fox Tale Demo",
    "schinese_name": "",
    "isfreeapp": "0",
    "change_number": "24551674",
    "update_time": "2024-07-29 15:28:49",
    "depot": {
        "baselanguages": "english,german,french,italian,spanish",
        "2965271": {
            "config": {
                "oslist": "windows"
            },
            "manifests": {
                "public": {
                    "gid": "4621326836777639407",
                    "size": "323301882",
                    "download": "90757168"
                }
            },
            "decryptionkey": "306e209d4615c383750b3f9697af74fddecfa8f9ee88532317cb8e0bef48d16e"
        },
        "2965272": {
            "config": {
                "oslist": "macos"
            },
            "manifests": {
                "public": {
                    "gid": "4634221778933923160",
                    "size": "347872953",
                    "download": "98360432"
                }
            },
            "decryptionkey": ""
        },
        "branches": {
            "public": {
                "buildid": "15182908",
                "timeupdated": "1722235696"
            }
        }
    }
}