{
    "appid": "3021170",
    "type": "Demo",
    "name": "Lords of Ravage Demo",
    "schinese_name": "",
    "isfreeapp": "0",
    "change_number": "27539844",
    "update_time": "2025-02-19 02:15:06",
    "depot": {
        "baselanguages": "english,schinese,tchinese,russian",
        "3021171": {
            "manifests": {
                "public": {
                    "gid": "6923892125115076688",
                    "size": "4895851779",
                    "download": "1081462432"
                }
            },
            "decryptionkey": "6b31c1a5cbed1f9eb4e9348a4c3b59fe296f6306facb72e7e66abfd121420bd5"
        },
        "branches": {
            "public": {
                "buildid": "17011326",
                "timeupdated": "1736935692"
            }
        }
    }
}