{
    "appid": "3029290",
    "type": "Demo",
    "name": "Zombiehood Demo",
    "schinese_name": "",
    "isfreeapp": "0",
    "change_number": "26076510",
    "update_time": "2024-11-07 02:31:02",
    "depot": {
        "3029291": {
            "manifests": {
                "public": {
                    "gid": "1641881080061557334",
                    "size": "314958469",
                    "download": "133011376"
                }
            },
            "decryptionkey": "e30c121daa010a17814997eb61d8e8c23cbfbca20cde55f588c00da6103a563d"
        },
        "branches": {
            "public": {
                "buildid": "16317834",
                "timeupdated": "1730917856"
            }
        }
    }
}