{
    "appid": "3235630",
    "type": "Demo",
    "name": "酆都战记 Demo",
    "schinese_name": "",
    "isfreeapp": "0",
    "change_number": "27238309",
    "update_time": "2025-01-31 00:20:04",
    "depot": {
        "3235631": {
            "manifests": {
                "public": {
                    "gid": "8652185311175286486",
                    "size": "727581744",
                    "download": "518736640"
                }
            },
            "decryptionkey": "3c02e1589c82dfda1ee49d2c6126d2dd74ab3b90a6abecc8c2e6a29491c3c3b2"
        },
        "baselanguages": "english,koreana,schinese,tchinese,russian,japanese",
        "branches": {
            "public": {
                "buildid": "16282318",
                "timeupdated": "1730680380"
            }
        }
    }
}