{
    "appid": "3133780",
    "type": "DLC",
    "name": "Dawn of Defiance - Supporter Pack",
    "schinese_name": "",
    "isfreeapp": "0",
    "change_number": "25445076",
    "update_time": "2024-09-29 17:33:02",
    "depot": {
        "3133780": {
            "manifests": {
                "public": {
                    "gid": "4653091559748901561",
                    "size": "2110566237",
                    "download": "1394594288"
                }
            },
            "dlcappid": "3133780",
            "decryptionkey": "a57f68c721271f5c0efa6464a1b48557ec1f3cb953f6f20b34fccc2494ba0116"
        },
        "branches": {
            "public": {
                "buildid": "15402617",
                "timeupdated": "1723868092"
            }
        }
    }
}