{
    "appid": "3272720",
    "type": "Demo",
    "name": "Phantom Breaker: Battle Grounds Ultimate Demo",
    "schinese_name": "",
    "isfreeapp": "0",
    "change_number": "28611967",
    "update_time": "2025-04-23 08:46:39",
    "depot": {
        "228989": {
            "config": {
                "oslist": "windows"
            },
            "depotfromapp": "228980",
            "sharedinstall": "1"
        },
        "228990": {
            "config": {
                "oslist": "windows"
            },
            "depotfromapp": "228980",
            "sharedinstall": "1"
        },
        "3272721": {
            "manifests": {
                "public": {
                    "gid": "4081744084429965007",
                    "size": "1342563179",
                    "download": "1043058048"
                }
            },
            "decryptionkey": "a3b0a669348d02e135363ede8bf8210212341dabd9aedfc28069460da5943641"
        },
        "baselanguages": "english,german,french,italian,koreana,schinese,tchinese,japanese,brazilian,latam",
        "branches": {
            "public": {
                "buildid": "16003113",
                "timeupdated": "1728614129"
            }
        }
    }
}