{
    "appid": "3246790",
    "type": "DLC",
    "name": "Peaks of Yore - The Great Alps",
    "schinese_name": "",
    "isfreeapp": "0",
    "change_number": "28020985",
    "update_time": "2025-03-19 04:57:20",
    "depot": {
        "3246790": {
            "manifests": {
                "public": {
                    "gid": "7905644829790968695",
                    "size": "2655284539",
                    "download": "1353151056"
                }
            },
            "dlcappid": "3246790",
            "decryptionkey": "8b8603831abb43f64f73502caff6792bfce2476614890797f1c09eee65408c64"
        },
        "branches": {
            "public": {
                "buildid": "16078329",
                "timeupdated": "1729243213"
            }
        },
        "privatebranches": "1"
    }
}