{
    "appid": "3553110",
    "type": "Game",
    "name": "Poop Killer - Flush or Die",
    "schinese_name": "",
    "isfreeapp": "0",
    "change_number": "28871658",
    "update_time": "2025-05-08 07:30:20",
    "depot": {
        "3553111": {
            "manifests": {
                "public": {
                    "gid": "2687909263223151354",
                    "size": "4229764603",
                    "download": "3203200544"
                }
            },
            "decryptionkey": "c17d6c68a344c7e944957b2a50d26313086348e2c7ffcd087628e6eba056fbf8"
        },
        "branches": {
            "public": {
                "buildid": "18035729",
                "timeupdated": "1744174710"
            }
        }
    }
}