{
    "appid": "3206200",
    "type": "Game",
    "name": "Magic Rune Stone",
    "schinese_name": "魔法符石",
    "isfreeapp": "0",
    "change_number": "29044412",
    "update_time": "2025-05-18 07:11:32",
    "depot": {
        "3206201": {
            "manifests": {
                "public": {
                    "gid": "3330480183017569320",
                    "size": "401937368",
                    "download": "159536688"
                }
            },
            "decryptionkey": "481e3c72ac2a28662516e387d1f758c8d44ec0f5b6d23a4d0c707989e7d60cd3"
        },
        "baselanguages": "english,schinese",
        "branches": {
            "public": {
                "buildid": "18470025",
                "timeupdated": "1747280131"
            }
        }
    }
}