{
    "appid": "3450810",
    "type": "Game",
    "name": "Sci-Futa",
    "schinese_name": "",
    "isfreeapp": "0",
    "change_number": "29032109",
    "update_time": "2025-05-17 04:15:53",
    "depot": {
        "3450811": {
            "manifests": {
                "public": {
                    "gid": "3243894981165938457",
                    "size": "513486174",
                    "download": "385355456"
                }
            },
            "decryptionkey": "0fecfa136c0fd0539b55b76864afcd12985d58043fcd9e0576864f5d721d93d3"
        },
        "branches": {
            "public": {
                "buildid": "17451801",
                "timeupdated": "1740127456"
            }
        }
    }
}