{
    "appid": "2949800",
    "type": "Demo",
    "name": "Milling machine simulator Demo",
    "schinese_name": "",
    "isfreeapp": "0",
    "change_number": "25746594",
    "update_time": "2024-10-16 20:38:51",
    "depot": {
        "2949801": {
            "manifests": {
                "public": {
                    "gid": "6236039666892347197",
                    "size": "4148601868",
                    "download": "1038402928"
                }
            },
            "decryptionkey": "398122efefd28825d94142d5927ba9e73429a27b3c39512b3053c872ce82bbca"
        },
        "branches": {
            "public": {
                "buildid": "15673494",
                "timeupdated": "1726123637"
            }
        },
        "privatebranches": "1"
    }
}