{
    "appid": "3406640",
    "type": "Game",
    "name": "永夜镇EternalNightTown",
    "schinese_name": "",
    "isfreeapp": "0",
    "change_number": "28573135",
    "update_time": "2025-04-20 23:46:39",
    "depot": {
        "baselanguages": "english,schinese",
        "228989": {
            "config": {
                "oslist": "windows"
            },
            "depotfromapp": "228980",
            "sharedinstall": "1"
        },
        "228990": {
            "config": {
                "oslist": "windows"
            },
            "depotfromapp": "228980",
            "sharedinstall": "1"
        },
        "3406641": {
            "manifests": {
                "public": {
                    "gid": "669105999927633318",
                    "size": "289920698",
                    "download": "189492816"
                }
            },
            "decryptionkey": "1352f9c407608ecfcbea2c3f16bfc7f51b784f4cefa27ca487b49edfe7421f5e"
        },
        "branches": {
            "public": {
                "buildid": "18173535",
                "timeupdated": "1745163995"
            }
        }
    }
}