{
    "appid": "3211210",
    "type": "Game",
    "name": "Hentai Castle",
    "schinese_name": "",
    "isfreeapp": "0",
    "change_number": "26726815",
    "update_time": "2024-12-20 11:53:06",
    "depot": {
        "3211211": {
            "manifests": {
                "public": {
                    "gid": "1892294041464564309",
                    "size": "137542504",
                    "download": "79628832"
                }
            },
            "decryptionkey": "15920b9d2618917d629a1e98b7d947169fd00f7fcba43f996978ccced9bd1150"
        },
        "3211212": {
            "config": {
                "oslist": "linux"
            },
            "manifests": {
                "public": {
                    "gid": "5933753270014819469",
                    "size": "131767568",
                    "download": "77439968"
                }
            },
            "decryptionkey": ""
        },
        "branches": {
            "public": {
                "buildid": "16465971",
                "timeupdated": "1732064997"
            }
        }
    }
}