{
    "appid": "3008090",
    "type": "Demo",
    "name": "Древние Русы Demo",
    "schinese_name": "",
    "isfreeapp": "0",
    "change_number": "24685702",
    "update_time": "2024-08-07 21:14:22",
    "depot": {
        "228988": {
            "config": {
                "oslist": "windows"
            },
            "depotfromapp": "228980",
            "sharedinstall": "1"
        },
        "228989": {
            "config": {
                "oslist": "windows"
            },
            "depotfromapp": "228980",
            "sharedinstall": "1"
        },
        "228990": {
            "config": {
                "oslist": "windows"
            },
            "depotfromapp": "228980",
            "sharedinstall": "1"
        },
        "229007": {
            "config": {
                "oslist": "windows"
            },
            "depotfromapp": "228980",
            "sharedinstall": "1"
        },
        "3008091": {
            "manifests": {
                "public": {
                    "gid": "376124336276650439",
                    "size": "7101188041",
                    "download": "6743676960"
                }
            },
            "decryptionkey": "05b7ccaa23c38015e167ddca4e13584f2a115e4340a667887bc2d35143c15db8"
        },
        "branches": {
            "public": {
                "buildid": "15215667",
                "timeupdated": "1722445571"
            }
        }
    }
}