{
    "appid": "3141890",
    "type": "Game",
    "name": "Night of The Black Goat",
    "schinese_name": "黑山羊之夜 ~与你共度的克苏鲁神话世界~",
    "isfreeapp": "0",
    "change_number": "28951563",
    "update_time": "2025-05-13 10:27:12",
    "depot": {
        "baselanguages": "english,tchinese,japanese",
        "hasdepotsindlc": "0",
        "3141891": {
            "config": {
                "language": "japanese",
                "oslist": "windows"
            },
            "manifests": {
                "public": {
                    "gid": "3402655135391737376",
                    "size": "3373075660",
                    "download": "3127513648"
                }
            },
            "decryptionkey": ""
        },
        "3141892": {
            "config": {
                "language": "tchinese",
                "oslist": "windows"
            },
            "manifests": {
                "public": {
                    "gid": "1523254154678674531",
                    "size": "3386831936",
                    "download": "3135204928"
                }
            },
            "decryptionkey": "30956106a730200480d1bdbaccc2ea8717e2dd12b640f292cffdd86c666de83e"
        },
        "3141893": {
            "config": {
                "language": "english",
                "oslist": "windows"
            },
            "manifests": {
                "public": {
                    "gid": "5896485410645470466",
                    "size": "3386085897",
                    "download": "3134104800"
                }
            },
            "decryptionkey": "85edd720b0c91c2ca0f819fe57d80b19bc370fc2a3eb794d990a2de312ca2a96"
        },
        "branches": {
            "public": {
                "buildid": "17059524",
                "timeupdated": "1737336569"
            }
        }
    }
}