{
    "appid": "3045620",
    "type": "Demo",
    "name": "The Seven Realms - Realm 3: High Lathión Demo",
    "schinese_name": "",
    "isfreeapp": "0",
    "change_number": "26421806",
    "update_time": "2024-12-05 07:46:09",
    "depot": {
        "baselanguages": "english",
        "hasdepotsindlc": "1",
        "3045621": {
            "manifests": {
                "public": {
                    "gid": "871178719529115484",
                    "size": "806132896",
                    "download": "672468704"
                }
            },
            "decryptionkey": "b4b66dde4ef5c20c3b9c29f1a5e118a1994ff7ca838cdcfd34513fb6dd1b5e81"
        },
        "branches": {
            "public": {
                "buildid": "16101434",
                "timeupdated": "1729284555"
            }
        }
    }
}