{
    "appid": "3057500",
    "type": "DLC",
    "name": "Succubus - Elysian Fields",
    "schinese_name": "",
    "isfreeapp": "0",
    "change_number": "28446816",
    "update_time": "2025-04-13 02:08:34",
    "depot": {
        "3057500": {
            "manifests": {
                "public": {
                    "gid": "1930164408404408896",
                    "size": "4000",
                    "download": "1312"
                }
            },
            "dlcappid": "3057500",
            "decryptionkey": "4343c0d630c8eded1acaa32860e412905537e3c0ce314ecc22b2bbc6f578e32d"
        },
        "branches": {
            "public": {
                "buildid": "15132277",
                "timeupdated": "1721828692"
            }
        }
    }
}