{
    "appid": "3125570",
    "type": "Game",
    "name": "Laundry Simulator : PowerWash It!",
    "schinese_name": "洗衣店模拟器：洗刷刷！",
    "isfreeapp": "0",
    "change_number": "28969915",
    "update_time": "2025-05-14 07:16:16",
    "depot": {
        "3125571": {
            "config": {
                "oslist": "windows",
                "osarch": "64"
            },
            "manifests": {
                "public": {
                    "gid": "7854612682216958801",
                    "size": "3418000039",
                    "download": "2525682544"
                }
            },
            "decryptionkey": "f0120aa244caeddda39251c1ccd4717bdc1a74eda70dad620f8fae943119cc18"
        },
        "branches": {
            "public": {
                "buildid": "18413044",
                "timeupdated": "1746865483"
            }
        },
        "privatebranches": "1"
    }
}