{
    "appid": "3170150",
    "type": "Demo",
    "name": "Cairn Demo",
    "schinese_name": "Cairn 孤山独影 Demo",
    "isfreeapp": "0",
    "change_number": "27537155",
    "update_time": "2025-02-18 23:33:48",
    "depot": {
        "3170151": {
            "manifests": {
                "public": {
                    "gid": "7095194955070778993",
                    "size": "3030441071",
                    "download": "2321128176"
                }
            },
            "decryptionkey": "f11ba1d870046810351e8844823b674eb5524511fee9806778efbde590f21e4c"
        },
        "baselanguages": "english,german,french,spanish,schinese,russian,japanese,brazilian",
        "branches": {
            "public": {
                "buildid": "16709207",
                "timeupdated": "1733931725"
            }
        },
        "privatebranches": "1"
    }
}