{
    "appid": "3004100",
    "type": "Game",
    "name": "FREEDOM WARS Remastered",
    "schinese_name": "自由战争 Remastered",
    "isfreeapp": "0",
    "change_number": "29015726",
    "update_time": "2025-05-16 11:06:46",
    "depot": {
        "228985": {
            "config": {
                "oslist": "windows"
            },
            "depotfromapp": "228980",
            "sharedinstall": "1"
        },
        "228988": {
            "config": {
                "oslist": "windows"
            },
            "depotfromapp": "228980",
            "sharedinstall": "1"
        },
        "228990": {
            "config": {
                "oslist": "windows"
            },
            "depotfromapp": "228980",
            "sharedinstall": "1"
        },
        "baselanguages": "english,german,french,italian,koreana,spanish,schinese,tchinese,japanese,brazilian",
        "3004101": {
            "manifests": {
                "public": {
                    "gid": "3592716292957443889",
                    "size": "11904071831",
                    "download": "11209105216"
                }
            },
            "decryptionkey": "a4dcf5fa4a35b461898f324cadee75e864b642d9e6e96bea6210671255187917"
        },
        "3004102": {
            "manifests": {}
        },
        "3242030": {
            "dlcappid": "3242030",
            "manifests": {
                "public": {
                    "gid": "1494139442965923124",
                    "size": "182565188",
                    "download": "68784512"
                }
            },
            "decryptionkey": "f64d6a873141ae5a82236b606f525357cb45d0798c054d52641c93dd5a52d2d5"
        },
        "3242020": {
            "dlcappid": "3242020",
            "manifests": {
                "public": {
                    "gid": "8683216468489462548",
                    "size": "900",
                    "download": "976"
                }
            },
            "decryptionkey": "a271f413ac140befa3d41901f62fdabf73c826aa8aed90f33d9a3ebc86694fc5"
        },
        "branches": {
            "public": {
                "buildid": "18126729",
                "timeupdated": "1745978403"
            }
        },
        "privatebranches": "1"
    }
}