{
    "appid": "3575860",
    "type": "Music",
    "name": "灵魂面甲(Soulmask) Soundtrack",
    "schinese_name": "灵魂面甲游戏原声音乐",
    "isfreeapp": "0",
    "change_number": "28736706",
    "update_time": "2025-04-30 06:18:36",
    "depot": {
        "3575861": {
            "manifests": {
                "public": {
                    "gid": "6545757078406129815",
                    "size": "43135028",
                    "download": "42951568"
                }
            },
            "decryptionkey": "7fe18a4c679cbad19cb1cc7ed1ed3e6414f8ee6b0f4f07c3af1d6770fc06c4e2"
        },
        "3575862": {
            "config": {
                "highqualityaudio": "1"
            },
            "manifests": {
                "public": {
                    "gid": "3972380635765981399",
                    "size": "642504782",
                    "download": "574648448"
                }
            },
            "decryptionkey": "38b94442be439d1407665360e024400bd01020f15c0179193d5da6866a6d4dda"
        },
        "branches": {
            "public": {
                "buildid": "18221196",
                "timeupdated": "1745485872"
            }
        }
    }
}