{
    "appid": "3558820",
    "type": "DLC",
    "name": "South of Midnight Digital Extras",
    "schinese_name": "",
    "isfreeapp": "0",
    "change_number": "28369121",
    "update_time": "2025-04-09 00:03:08",
    "depot": {
        "3558820": {
            "config": {
                "oslist": "windows",
                "osarch": "64"
            },
            "manifests": {
                "public": {
                    "gid": "2431488219338558653",
                    "size": "24270067439",
                    "download": "24273030736"
                }
            },
            "dlcappid": "3558820",
            "decryptionkey": "ab5ed1844b76e916ea4ee72419ba812c40aa5ee6454c80c008ce407bbb6c3787"
        },
        "branches": {
            "public": {
                "buildid": "17886775",
                "timeupdated": "1743097115"
            }
        }
    },
    "access_token": 17041046302464287435
}