{
    "appid": "3234700",
    "type": "Game",
    "name": "突破重围",
    "schinese_name": "突破重围",
    "isfreeapp": "0",
    "change_number": "29027444",
    "update_time": "2025-05-16 23:31:38",
    "depot": {
        "3234701": {
            "config": {
                "oslist": "windows"
            },
            "manifests": {
                "public": {
                    "gid": "2535961805811027441",
                    "size": "355820587",
                    "download": "96481584"
                },
                "old_ver": {
                    "gid": "6034048895571895172",
                    "size": "355598203",
                    "download": "94569168"
                }
            },
            "decryptionkey": "6df023d134893521f2bc184f1263815fc10a66a5e1f94d12e18fcd95c16007dd"
        },
        "3234702": {
            "config": {
                "oslist": "linux"
            },
            "manifests": {
                "public": {
                    "gid": "1360122374649767044",
                    "size": "356797913",
                    "download": "95426992"
                },
                "old_ver": {
                    "gid": "5822234940573707842",
                    "size": "356593897",
                    "download": "93519680"
                }
            }
        },
        "baselanguages": "",
        "branches": {
            "public": {
                "buildid": "18545941",
                "timeupdated": "1747815016"
            },
            "old_ver": {
                "buildid": "18391397",
                "description": "0ld_ver",
                "timeupdated": "1746851081"
            }
        },
        "privatebranches": "1"
    },
    "access_token": 12411220023888252205
}