{
    "appid": "3217940",
    "type": "Beta",
    "name": "Fate Trigger Playtest",
    "schinese_name": "Fate Trigger",
    "isfreeapp": "0",
    "change_number": "27338595",
    "update_time": "2025-02-06 12:27:22",
    "depot": {
        "228989": {
            "config": {
                "oslist": "windows"
            },
            "depotfromapp": "228980",
            "sharedinstall": "1"
        },
        "228990": {
            "config": {
                "oslist": "windows"
            },
            "depotfromapp": "228980",
            "sharedinstall": "1"
        },
        "3217941": {
            "manifests": {
                "public": {
                    "gid": "3854569412861341305",
                    "size": "28376199311",
                    "download": "27850245216"
                }
            },
            "decryptionkey": "0a82e156098902860aba1c0a9c3d4ef45d31f7c9f1d9fbddc4cfbe3389ec4c6a"
        },
        "branches": {
            "public": {
                "buildid": "15789127",
                "timeupdated": "1727058883"
            }
        },
        "privatebranches": "1"
    }
}