{
    "appid": "3288460",
    "type": "Game",
    "name": "ROLLING STAR",
    "schinese_name": "翻滚之星",
    "isfreeapp": "0",
    "change_number": "28986423",
    "update_time": "2025-05-15 01:31:52",
    "depot": {
        "3288461": {
            "manifests": {
                "public": {
                    "gid": "52889939908104408",
                    "size": "519805804",
                    "download": "442458816"
                }
            },
            "decryptionkey": "3d9f7674539c00e8712a9816b5ab990466dbd2526becbfe582e2380da779e9e5"
        },
        "baselanguages": "english,japanese",
        "branches": {
            "public": {
                "buildid": "18435954",
                "timeupdated": "1747088750"
            }
        }
    }
}