{
    "appid": "3329650",
    "type": "Game",
    "name": "Find Love or Die Trying: Til Death Do Us Part",
    "schinese_name": "寻爱或赴死：生死相约 / Find Love or Die Trying: Til Death Do Us Part",
    "isfreeapp": "0",
    "change_number": "28994635",
    "update_time": "2025-05-15 12:12:31",
    "depot": {
        "3329651": {
            "manifests": {
                "public": {
                    "gid": "8213644830427277850",
                    "size": "1829323833",
                    "download": "1473113536"
                }
            },
            "decryptionkey": "ee3d884b255d27196b012f6ef992ecf33e7d03b846060cc10cf9df663f1f39b1"
        },
        "3408080": {
            "dlcappid": "3408080",
            "manifests": {
                "public": {
                    "gid": "8080872857564279292",
                    "size": "280406417",
                    "download": "262377104"
                }
            },
            "decryptionkey": "bb7934b73e0c57cc14c1e6f0694c8444052d2c9e425da92dcb8d42f92832edca"
        },
        "baselanguages": "english,schinese",
        "branches": {
            "public": {
                "buildid": "17857784",
                "timeupdated": "1742935822"
            }
        }
    }
}