{
    "appid": "3076260",
    "type": "Demo",
    "name": "Candy Factory TD Demo",
    "schinese_name": "",
    "isfreeapp": "0",
    "change_number": "24921136",
    "update_time": "2024-08-24 09:42:51",
    "depot": {
        "228989": {
            "config": {
                "oslist": "windows"
            },
            "depotfromapp": "228980",
            "sharedinstall": "1"
        },
        "228990": {
            "config": {
                "oslist": "windows"
            },
            "depotfromapp": "228980",
            "sharedinstall": "1"
        },
        "3076261": {
            "manifests": {
                "public": {
                    "gid": "1387321770826480998",
                    "size": "12274753873",
                    "download": "11126605072"
                }
            },
            "decryptionkey": "382571e5d00678b2007b5512c646359b36d76f2ca53669814cb7a10481e049f3"
        },
        "branches": {
            "public": {
                "buildid": "14942386",
                "timeupdated": "1720180037"
            }
        }
    }
}