{
    "appid": "3190430",
    "type": "Game",
    "name": "Terror Diversion",
    "schinese_name": "恐怖迷途",
    "isfreeapp": "0",
    "change_number": "26954897",
    "update_time": "2025-01-11 21:59:06",
    "depot": {
        "3190431": {
            "manifests": {
                "public": {
                    "gid": "5256155337222499193",
                    "size": "170877224",
                    "download": "54736240"
                }
            },
            "decryptionkey": "ab86aebe973926a247441e3cece3eb6d3b6d2d52f614ed489924a2704fb754eb"
        },
        "branches": {
            "public": {
                "buildid": "16974725",
                "timeupdated": "1736603941"
            }
        }
    }
}