{
    "appid": "3617110",
    "type": "Game",
    "name": "我在西游开黑店（Black shop in Journey to the West）",
    "schinese_name": "",
    "isfreeapp": "0",
    "change_number": "28919853",
    "update_time": "2025-05-11 03:32:59",
    "depot": {
        "hasdepotsindlc": "0",
        "baselanguages": "schinese,japanese",
        "3617114": {
            "config": {
                "oslist": "windows",
                "osarch": "64"
            },
            "manifests": {
                "public": {
                    "gid": "5017693193313950415",
                    "size": "252492147",
                    "download": "70653568"
                }
            },
            "decryptionkey": "6077ccf1e0ec0bb6c1aef1d3af682ae469991b6cb4761bd02e8e23f42980d719"
        },
        "3617115": {
            "config": {
                "oslist": "macos"
            },
            "manifests": {
                "public": {
                    "gid": "5751882936688546900",
                    "size": "277063464",
                    "download": "78542976"
                }
            }
        },
        "3617116": {
            "config": {
                "oslist": "windows",
                "osarch": "32"
            },
            "manifests": {
                "public": {
                    "gid": "2088610394657405817",
                    "size": "242190701",
                    "download": "67527888"
                }
            },
            "decryptionkey": ""
        },
        "branches": {
            "public": {
                "buildid": "18180092",
                "timeupdated": "1745236631"
            }
        }
    }
}