{
    "appid": "2943340",
    "type": "DLC",
    "name": "Global Farmer - Central Europe",
    "schinese_name": "",
    "isfreeapp": "0",
    "change_number": "25569841",
    "update_time": "2024-10-07 23:04:19",
    "depot": {
        "2943340": {
            "manifests": {
                "public": {
                    "gid": "4232932357276971922",
                    "size": "9233466250",
                    "download": "9317071456"
                }
            },
            "dlcappid": "2943340",
            "decryptionkey": "38619ea7ce070878d7fff82d2a1a681c7912a53ba4e1e6c8e2b4183ce0b7661f"
        },
        "branches": {
            "public": {
                "buildid": "14975197",
                "timeupdated": "1720528540"
            }
        }
    }
}