{
    "appid": "2999510",
    "type": "Game",
    "name": "Care Bears: To The Rescue",
    "schinese_name": "",
    "isfreeapp": "0",
    "change_number": "25924899",
    "update_time": "2024-10-28 12:10:42",
    "depot": {
        "2999511": {
            "manifests": {
                "public": {
                    "gid": "8357492374104903708",
                    "size": "727565168",
                    "download": "460426320"
                }
            },
            "decryptionkey": "c932b5cad3dbddf2bafac130ed39a725608cdd7880cc1937e4d1ce68a1a51238"
        },
        "branches": {
            "public": {
                "buildid": "16079976",
                "timeupdated": "1729664598"
            }
        },
        "privatebranches": "1"
    }
}