{
    "appid": "3056150",
    "type": "Demo",
    "name": "The Violinist Demo",
    "schinese_name": "",
    "isfreeapp": "0",
    "change_number": "24695646",
    "update_time": "2024-08-08 11:10:23",
    "depot": {
        "baselanguages": "english,german,french,italian,koreana,spanish,schinese,russian,japanese,brazilian,latam",
        "3056151": {
            "config": {
                "oslist": "windows"
            },
            "manifests": {
                "public": {
                    "gid": "8438059133876377733",
                    "size": "873743377",
                    "download": "416050640"
                }
            },
            "decryptionkey": "318a9819c067a06f766dddcb10f40183d3ce5b8891396d33c8de01dd74c080c0"
        },
        "3056152": {
            "config": {
                "oslist": "macos"
            },
            "manifests": {
                "public": {
                    "gid": "2016887747674093564",
                    "size": "872096534",
                    "download": "415012240"
                }
            },
            "decryptionkey": ""
        },
        "3056153": {
            "config": {
                "oslist": "linux"
            },
            "manifests": {
                "public": {
                    "gid": "3983458639355320307",
                    "size": "879362728",
                    "download": "418040192"
                }
            },
            "decryptionkey": ""
        },
        "branches": {
            "public": {
                "buildid": "15020396",
                "timeupdated": "1720836239"
            }
        }
    }
}