{
    "appid": "3354490",
    "type": "DLC",
    "name": "Beat Saber - Metallica - Enter Sandman",
    "schinese_name": "",
    "isfreeapp": "0",
    "change_number": "26577814",
    "update_time": "2024-12-10 23:44:25",
    "depot": {
        "3354490": {
            "manifests": {
                "public": {
                    "gid": "2554487761863370185",
                    "size": "17737968",
                    "download": "17980528"
                }
            },
            "dlcappid": "3354490",
            "decryptionkey": "684cfef148c6863d0a434362a932ccdddea9f6f4ee623573894bbe4db073a40d"
        },
        "branches": {
            "public": {
                "buildid": "16539558",
                "timeupdated": "1732636476"
            }
        }
    }
}