{
    "appid": "3344750",
    "type": "Game",
    "name": "DEBUG DEADLINE",
    "schinese_name": "",
    "isfreeapp": "0",
    "change_number": "28519402",
    "update_time": "2025-04-17 09:12:40",
    "depot": {
        "3344751": {
            "manifests": {
                "public": {
                    "gid": "725228036056516300",
                    "size": "2471222268",
                    "download": "910516992"
                }
            },
            "decryptionkey": "16e2a1265df493a34a0fed585372529b4f5d62e46b82b11bcab5b284a1b3de0e"
        },
        "baselanguages": "english,koreana,schinese,japanese",
        "branches": {
            "public": {
                "buildid": "17860027",
                "timeupdated": "1743342296"
            }
        },
        "privatebranches": "1"
    }
}