{
    "appid": "3049990",
    "type": "Game",
    "name": "Phantom Brave: The Lost Hero",
    "schinese_name": "",
    "isfreeapp": "0",
    "change_number": "29031252",
    "update_time": "2025-05-17 03:14:00",
    "depot": {
        "228989": {
            "config": {
                "oslist": "windows"
            },
            "depotfromapp": "228980",
            "sharedinstall": "1"
        },
        "hasdepotsindlc": "1",
        "baselanguages": "english,french,japanese",
        "3049992": {
            "manifests": {
                "public": {
                    "gid": "449785237876940508",
                    "size": "5195218351",
                    "download": "4302986928"
                }
            },
            "decryptionkey": "c66837576c962858096fcd26377b1784c8096993a5841386af499b42446cd8b0"
        },
        "branches": {
            "public": {
                "buildid": "17990447",
                "timeupdated": "1744054395"
            }
        },
        "privatebranches": "1"
    }
}