{
    "appid": "3432350",
    "type": "Demo",
    "name": "浪尖舞动SurfDance Demo",
    "schinese_name": "",
    "isfreeapp": "0",
    "change_number": "27810921",
    "update_time": "2025-03-06 16:57:03",
    "depot": {
        "228989": {
            "config": {
                "oslist": "windows"
            },
            "depotfromapp": "228980",
            "sharedinstall": "1"
        },
        "228990": {
            "config": {
                "oslist": "windows"
            },
            "depotfromapp": "228980",
            "sharedinstall": "1"
        },
        "baselanguages": "",
        "3432351": {
            "config": {
                "oslist": "windows",
                "osarch": "64"
            },
            "manifests": {
                "public": {
                    "gid": "7226567612828719446",
                    "size": "1352607973",
                    "download": "866467488"
                }
            },
            "decryptionkey": "f602f1370f052b3a24250c1fa76889d5c138eb7cfb1ba8d83198d8db8a488741"
        },
        "branches": {
            "public": {
                "buildid": "17571089",
                "timeupdated": "1740987516"
            }
        }
    }
}