{
    "appid": "3378260",
    "type": "Game",
    "name": "鸭鸭大冒险 (Duck Duck Adventure)",
    "schinese_name": "",
    "isfreeapp": "0",
    "change_number": "27769447",
    "update_time": "2025-03-04 16:00:56",
    "depot": {
        "baselanguages": "english,schinese",
        "3378261": {
            "config": {
                "oslist": "windows"
            },
            "manifests": {
                "public": {
                    "gid": "1287473563793270411",
                    "size": "2736742217",
                    "download": "191179840"
                }
            },
            "decryptionkey": "d94b8cd204d1fd3273d50180d432419f2c026e8acbd5d71d8e6f6db0c589722b"
        },
        "branches": {
            "public": {
                "buildid": "17585336",
                "timeupdated": "1741075253"
            }
        },
        "privatebranches": "1"
    }
}