{
    "appid": "3180950",
    "type": "DLC",
    "name": "RPG Maker MZ - Demon Lord Army Set 2",
    "schinese_name": "",
    "isfreeapp": "0",
    "change_number": "27227604",
    "update_time": "2025-01-30 09:12:24",
    "depot": {
        "3180950": {
            "manifests": {
                "public": {
                    "gid": "6402504798972871203",
                    "size": "29934974",
                    "download": "30125168"
                }
            },
            "dlcappid": "3180950",
            "decryptionkey": "510d4ab2138e86e9b881fe1f69386102b614ac5779e8706aab08e3ba6bace900"
        },
        "branches": {
            "public": {
                "buildid": "17178526",
                "timeupdated": "1738199540"
            }
        }
    }
}