{
    "appid": "3251730",
    "type": "Demo",
    "name": "Business Odyssey Demo",
    "schinese_name": "",
    "isfreeapp": "0",
    "change_number": "26183469",
    "update_time": "2024-11-14 07:40:46",
    "depot": {
        "3251731": {
            "manifests": {
                "public": {
                    "gid": "3809762122778346658",
                    "size": "3750811467",
                    "download": "1256839376"
                }
            },
            "decryptionkey": "e2bc5e1bae84c62aa27d85048175b8e9770330f1e725b69e7127ab444e930dc0"
        },
        "branches": {
            "public": {
                "buildid": "16083004",
                "timeupdated": "1729266821"
            }
        },
        "privatebranches": "1"
    }
}