{
    "appid": "3525540",
    "type": "Demo",
    "name": "Lunarium Demo",
    "schinese_name": "星之旅Lunarium Demo",
    "isfreeapp": "0",
    "change_number": "27731276",
    "update_time": "2025-03-01 16:47:22",
    "depot": {
        "baselanguages": "english,koreana,schinese,japanese",
        "3525541": {
            "manifests": {
                "public": {
                    "gid": "814718909200718003",
                    "size": "3527646233",
                    "download": "1100003888"
                }
            },
            "decryptionkey": "7bb94bfc6ea22c6200b8fc88d71135ebc876da657d50ad56ff4a57f240492e53"
        },
        "branches": {
            "public": {
                "buildid": "17547960",
                "timeupdated": "1740752274"
            }
        },
        "privatebranches": "1"
    }
}