{
    "appid": "3421020",
    "type": "Demo",
    "name": "Clutchtime™: Basketball Deckbuilder Demo",
    "schinese_name": "篮下王朝：战术大师 试玩版",
    "isfreeapp": "0",
    "change_number": "27513372",
    "update_time": "2025-02-17 18:19:47",
    "depot": {
        "3421021": {
            "manifests": {
                "public": {
                    "gid": "6045345981874967485",
                    "size": "310362365",
                    "download": "246280336"
                }
            },
            "decryptionkey": "fa6458e9906e776d1b2dd8c62b06daf7a237a21db86a23742de44493759f09d7"
        },
        "branches": {
            "public": {
                "buildid": "17384430",
                "timeupdated": "1739787582"
            }
        },
        "privatebranches": "1"
    }
}