{
    "appid": "3274770",
    "type": "Game",
    "name": "The Gleaming Grill",
    "schinese_name": "",
    "isfreeapp": "0",
    "change_number": "26844937",
    "update_time": "2025-01-03 06:18:32",
    "depot": {
        "baselanguages": "english,spanish,latam",
        "3274771": {
            "config": {
                "oslist": "windows",
                "osarch": "64"
            },
            "manifests": {
                "public": {
                    "gid": "3902177753734439911",
                    "size": "1431571897",
                    "download": "337313168"
                }
            },
            "decryptionkey": "596e3df10e00aca0df1d5ba896951b9a724e0217bfbf1199a5afe832f66f3b49"
        },
        "branches": {
            "public": {
                "buildid": "16887767",
                "timeupdated": "1735765420"
            }
        }
    }
}