{
    "appid": "2973560",
    "type": "Game",
    "name": "3D PUZZLE - Old Sea Port",
    "schinese_name": "",
    "isfreeapp": "0",
    "change_number": "29036543",
    "update_time": "2025-05-17 12:13:55",
    "depot": {
        "2973561": {
            "manifests": {
                "public": {
                    "gid": "7205868248602931680",
                    "size": "669002410",
                    "download": "119356032"
                }
            },
            "decryptionkey": "9b1732c3a565311041a17f035b420b8e80b23ff1675b39f937e0df4bcb15a448"
        },
        "branches": {
            "public": {
                "buildid": "14422065",
                "timeupdated": "1716415813"
            }
        }
    }
}