{
    "appid": "2948310",
    "type": "Game",
    "name": "The House of Da Vinci VR",
    "schinese_name": "",
    "isfreeapp": "0",
    "change_number": "29015434",
    "update_time": "2025-05-16 10:42:47",
    "depot": {
        "2948311": {},
        "2948312": {
            "config": {
                "oslist": "windows",
                "osarch": "64"
            },
            "manifests": {
                "public": {
                    "gid": "2941120622882826150",
                    "size": "6625279906",
                    "download": "5868956928"
                }
            },
            "decryptionkey": "47ebaf168c8e72cd7fce30286c6d2dcfb572fdb3b18b93bd119046aec5c21c47"
        },
        "branches": {
            "public": {
                "buildid": "17264972",
                "timeupdated": "1738851427"
            }
        },
        "privatebranches": "1"
    }
}