{
    "appid": "3408020",
    "type": "Game",
    "name": "Succubus Forest",
    "schinese_name": "魅魔之森~我被魔物娘包围了~",
    "isfreeapp": "0",
    "change_number": "29016664",
    "update_time": "2025-05-16 12:42:44",
    "depot": {
        "3408021": {
            "manifests": {
                "public": {
                    "gid": "5529429549785869495",
                    "size": "293789791",
                    "download": "165466048"
                }
            },
            "decryptionkey": "06b203b03761769ea4747b17e56bb3c7fdee7ebb845c7097f5ca02824cd8a738"
        },
        "3408022": {
            "config": {
                "language": "schinese"
            },
            "manifests": {
                "public": {
                    "gid": "2494840266519243865",
                    "size": "212976583",
                    "download": "145750256"
                }
            },
            "decryptionkey": "ca07380d8b7779783d27129ff779aab8a6fe8ba9c2a61126f52ecdbda3c7067b"
        },
        "3408023": {
            "config": {
                "language": "japanese"
            },
            "manifests": {
                "public": {
                    "gid": "2807049169860509142",
                    "size": "209838087",
                    "download": "142550336"
                }
            },
            "decryptionkey": "8af839c1d8a7ec14cd075409a3f8d93b4206d4e4f09bcef4602696dda8f1526b"
        },
        "branches": {
            "public": {
                "buildid": "17522359",
                "timeupdated": "1740612456"
            }
        }
    }
}