{
    "appid": "3161190",
    "type": "Game",
    "name": "Hentai Mei",
    "schinese_name": "",
    "isfreeapp": "0",
    "change_number": "28946842",
    "update_time": "2025-05-13 04:03:29",
    "depot": {
        "3161191": {
            "manifests": {
                "public": {
                    "gid": "8608482284373206439",
                    "size": "167834597",
                    "download": "89688784"
                }
            },
            "decryptionkey": "095b4cad63191935b8801bf78ac473704b34ebec272031410ccc9c3233d6a2ee"
        },
        "branches": {
            "public": {
                "buildid": "17106119",
                "timeupdated": "1737641646"
            }
        }
    }
}