{
    "appid": "3487210",
    "type": "Music",
    "name": "Blood Bar Tycoon Soundtrack",
    "schinese_name": "",
    "isfreeapp": "0",
    "change_number": "27429209",
    "update_time": "2025-02-12 07:40:14",
    "depot": {
        "3487211": {
            "manifests": {
                "public": {
                    "gid": "1040230883740202760",
                    "size": "95893476",
                    "download": "95429600"
                },
                "beta": {
                    "gid": "1040230883740202760",
                    "size": "95893476",
                    "download": "95429600"
                }
            },
            "decryptionkey": "f2cc7ca03d2983013ad3398a9f7ae00fedcdc63ecd18e7ea1cf6e76545962f30"
        },
        "branches": {
            "public": {
                "buildid": "17261842",
                "timeupdated": "1738819661"
            },
            "beta": {
                "buildid": "17265267",
                "description": "Beta branch",
                "timeupdated": "1738840335"
            }
        }
    }
}