{
    "appid": "3078660",
    "type": "DLC",
    "name": "RPG Developer Bakin Ancient Ruins Music Pack",
    "schinese_name": "",
    "isfreeapp": "0",
    "change_number": "24502769",
    "update_time": "2024-07-25 13:42:29",
    "depot": {
        "3078660": {
            "manifests": {
                "public": {
                    "gid": "5891140545663105954",
                    "size": "63643229",
                    "download": "61593680"
                }
            },
            "dlcappid": "3078660",
            "decryptionkey": "ebfb8ce1be18fd8e3c34a1d472d9c35af2982609a56bf45157ebedd0595189f1"
        },
        "branches": {
            "public": {
                "buildid": "15122519",
                "timeupdated": "1721725595"
            }
        }
    }
}