{
    "appid": "3322850",
    "type": "Game",
    "name": "The Maze Survivor : First Entrants",
    "schinese_name": "怪奇迷宫：首批进入者",
    "isfreeapp": "1",
    "change_number": "28510847",
    "update_time": "2025-04-16 23:11:02",
    "depot": {
        "228989": {
            "config": {
                "oslist": "windows"
            },
            "depotfromapp": "228980",
            "sharedinstall": "1"
        },
        "228990": {
            "config": {
                "oslist": "windows"
            },
            "depotfromapp": "228980",
            "sharedinstall": "1"
        },
        "3322851": {
            "manifests": {
                "public": {
                    "gid": "3237440714541524751",
                    "size": "5293176541",
                    "download": "4772838272"
                }
            },
            "decryptionkey": "b792a12fd8f5dd2dbf4869fc35f5f197c762727bd24979eac50ecf50209c9120"
        },
        "branches": {
            "public": {
                "buildid": "17466699",
                "timeupdated": "1740224223"
            }
        }
    }
}