{
    "appid": "3227380",
    "type": "Game",
    "name": "Tanks Racing Sim",
    "schinese_name": "",
    "isfreeapp": "0",
    "change_number": "25562811",
    "update_time": "2024-10-07 14:46:28",
    "depot": {
        "3227381": {
            "manifests": {
                "public": {
                    "gid": "1510838655414135348",
                    "size": "289638151",
                    "download": "65950768"
                }
            },
            "decryptionkey": "e431989890256fd35d9990f5ca32248c14aec83bb8da8900a358f01e39c96cca"
        },
        "branches": {
            "public": {
                "buildid": "15687123",
                "timeupdated": "1726209815"
            }
        }
    }
}