{
    "appid": "3276400",
    "type": "Demo",
    "name": "Tentacular Playgrounds",
    "schinese_name": "",
    "isfreeapp": "0",
    "change_number": "26715329",
    "update_time": "2024-12-19 22:42:54",
    "depot": {
        "3276401": {
            "manifests": {
                "public": {
                    "gid": "6737000198610770108",
                    "size": "3424696293",
                    "download": "618317648"
                }
            },
            "decryptionkey": "88c81830bd60dad76b040351915e38fd183323c5878d55920779b6d5f81c2ec4"
        },
        "workshopdepot": "3276400",
        "branches": {
            "public": {
                "buildid": "16801901",
                "timeupdated": "1734618561"
            }
        },
        "privatebranches": "1",
        "workshopdepotdecryptionkey": ""
    }
}