{
    "appid": "3573260",
    "type": "Game",
    "name": "Lucky Hero Wanted",
    "schinese_name": "",
    "isfreeapp": "0",
    "change_number": "28519384",
    "update_time": "2025-04-17 09:12:00",
    "depot": {
        "228989": {
            "config": {
                "oslist": "windows"
            },
            "depotfromapp": "228980",
            "sharedinstall": "1"
        },
        "228990": {
            "config": {
                "oslist": "windows"
            },
            "depotfromapp": "228980",
            "sharedinstall": "1"
        },
        "3573261": {
            "manifests": {
                "public": {
                    "gid": "4800626992364053870",
                    "size": "1084315815",
                    "download": "881100400"
                },
                "fixed": {
                    "gid": "4800626992364053870",
                    "size": "1084315815",
                    "download": "881100400"
                }
            },
            "decryptionkey": "e55f3ac5309304b6c78add4f3abb655f31a2e10ddbb5590d0591d280fa4d7d32"
        },
        "branches": {
            "public": {
                "buildid": "18088473",
                "timeupdated": "1744531718"
            },
            "fixed": {
                "buildid": "18088473",
                "description": "bug fixed ver",
                "timeupdated": "1744531674"
            }
        }
    }
}