{
    "appid": "3380940",
    "type": "Game",
    "name": "Paw & Hop Jigsaw Quest",
    "schinese_name": "",
    "isfreeapp": "0",
    "change_number": "28620938",
    "update_time": "2025-04-23 19:41:34",
    "depot": {
        "3380941": {
            "config": {
                "language": "english",
                "oslist": "windows",
                "osarch": "64"
            },
            "manifests": {
                "public": {
                    "gid": "5193063406620066879",
                    "size": "361856461",
                    "download": "145124272"
                }
            },
            "decryptionkey": "0d4db173fc4dbca2d183de7ae96b1b89ae34607e0a25b365c134a61f2c89042c"
        },
        "3385630": {
            "dlcappid": "3385630",
            "config": {
                "language": "english",
                "oslist": "windows",
                "osarch": "64"
            },
            "manifests": {
                "public": {
                    "gid": "5218920009772573913",
                    "size": "365128870",
                    "download": "148615280"
                }
            },
            "decryptionkey": "c9821003ac07a5aa4dd378ddb386ba737d89beafb34fa227cd55596675af6bc0"
        },
        "3390400": {
            "dlcappid": "3390400",
            "config": {
                "language": "english",
                "oslist": "windows",
                "osarch": "64"
            },
            "manifests": {
                "public": {
                    "gid": "522557110615030892",
                    "size": "363060765",
                    "download": "145396768"
                }
            },
            "decryptionkey": "3efc71ef967a2469326b94ab80f97c4a243ab1e95ef4620887188769fed47fea"
        },
        "3392540": {
            "dlcappid": "3392540",
            "config": {
                "language": "english",
                "oslist": "windows",
                "osarch": "64"
            },
            "manifests": {
                "public": {
                    "gid": "3872336294041070814",
                    "size": "361581332",
                    "download": "143704400"
                }
            },
            "decryptionkey": "6104d3a4c162cfdf913a30b3b5198b6fdb2e401fc1b32c29ab093bab7906e28d"
        },
        "branches": {
            "public": {
                "buildid": "16653855",
                "timeupdated": "1733474835"
            }
        }
    }
}