{
    "appid": "3040730",
    "type": "Demo",
    "name": "All You Need is Help (Free Trial)",
    "schinese_name": "",
    "isfreeapp": "0",
    "change_number": "27512713",
    "update_time": "2025-02-17 17:33:59",
    "depot": {
        "3040731": {
            "config": {
                "oslist": "windows"
            },
            "manifests": {
                "public": {
                    "gid": "1371921949883323629",
                    "size": "5519853069",
                    "download": "3202668896"
                }
            },
            "decryptionkey": "42ac45322c2490def6801404054b18515dc46de3477332e5a011ee955c1183ea"
        },
        "3040732": {
            "config": {
                "oslist": "linux"
            },
            "manifests": {
                "public": {
                    "gid": "7090421019735473726",
                    "size": "5690003286",
                    "download": "3288099136"
                }
            },
            "decryptionkey": ""
        },
        "baselanguages": "english,german,french,italian,koreana,spanish,schinese,tchinese,russian,japanese,portuguese,polish,turkish,arabic,brazilian,ukrainian,latam",
        "branches": {
            "public": {
                "buildid": "17390823",
                "timeupdated": "1739944827"
            }
        },
        "privatebranches": "1"
    }
}