{
    "appid": "3155150",
    "type": "Demo",
    "name": "Miss Paint Demo",
    "schinese_name": "",
    "isfreeapp": "0",
    "change_number": "25864605",
    "update_time": "2024-10-24 04:16:28",
    "depot": {
        "3155151": {
            "config": {
                "oslist": "windows"
            },
            "manifests": {
                "public": {
                    "gid": "1012340833983860526",
                    "size": "106264712",
                    "download": "33453312"
                },
                "local": {
                    "gid": "6175139024619814737",
                    "size": "99730824",
                    "download": "28702832"
                }
            },
            "decryptionkey": "a10bc1c7813dd9985094a8166ac9ad4ea9093714026a1d8977037ffaeab5f4f1"
        },
        "3155152": {
            "config": {
                "oslist": "macos"
            },
            "manifests": {
                "public": {
                    "gid": "9200068939930406865",
                    "size": "180981438",
                    "download": "49321616"
                }
            },
            "decryptionkey": ""
        },
        "3155153": {
            "config": {
                "oslist": "linux"
            },
            "manifests": {
                "public": {
                    "gid": "7481843688552982554",
                    "size": "100709792",
                    "download": "31298960"
                }
            },
            "decryptionkey": ""
        },
        "branches": {
            "public": {
                "buildid": "16156180",
                "timeupdated": "1729714583"
            },
            "local": {
                "buildid": "15284735",
                "description": "Local Content Server",
                "lcsrequired": "1",
                "timeupdated": "1722998215"
            }
        }
    }
}