{
    "appid": "3255830",
    "type": "Game",
    "name": "Milf Selena and the Dungeon of Magic Stones",
    "schinese_name": "人妻瑟蕾娜与魔石迷宫",
    "isfreeapp": "0",
    "change_number": "28691254",
    "update_time": "2025-04-27 18:53:26",
    "depot": {
        "baselanguages": "english,schinese",
        "3255831": {
            "manifests": {
                "public": {
                    "gid": "7321360450992293861",
                    "size": "639608044",
                    "download": "473545616"
                }
            },
            "decryptionkey": "03cefda2182dea4a98c95c90c56bcec2c2aaf373feb8030ef9a4b46147a587be"
        },
        "3255832": {
            "config": {
                "language": "schinese"
            },
            "manifests": {
                "public": {
                    "gid": "4423153969176655076",
                    "size": "639605079",
                    "download": "473525296"
                }
            },
            "decryptionkey": ""
        },
        "branches": {
            "public": {
                "buildid": "16852098",
                "timeupdated": "1735185798"
            }
        }
    }
}