{
    "appid": "2987390",
    "type": "Demo",
    "name": "東方幻想麻雀 Demo",
    "schinese_name": "",
    "isfreeapp": "0",
    "change_number": "25376591",
    "update_time": "2024-09-25 07:01:20",
    "depot": {
        "baselanguages": "english,japanese",
        "2987391": {
            "config": {
                "oslist": "windows"
            },
            "manifests": {
                "public": {
                    "gid": "8780995975803796006",
                    "size": "368324136",
                    "download": "225579616"
                }
            },
            "decryptionkey": "52c297a6a20eaa15ea181e0badd112ef8b4207d8b9888e7a5323e0af4c943cc2"
        },
        "branches": {
            "public": {
                "buildid": "14745387",
                "timeupdated": "1718647404"
            }
        },
        "privatebranches": "1"
    }
}