{
    "appid": "3277420",
    "type": "Demo",
    "name": "协律01：新生活 Demo",
    "schinese_name": "",
    "isfreeapp": "0",
    "change_number": "27450156",
    "update_time": "2025-02-13 09:18:21",
    "depot": {
        "3277421": {
            "manifests": {
                "public": {
                    "gid": "3630193669091160135",
                    "size": "17829030255",
                    "download": "2300323296"
                }
            },
            "decryptionkey": "dcd650c29fa863623eb0bfe500e6c83c85e4fd2ca096d7f451118df7de069b80"
        },
        "branches": {
            "public": {
                "buildid": "16191004",
                "timeupdated": "1729942298"
            }
        },
        "privatebranches": "1"
    }
}