{
    "appid": "3176980",
    "type": "Game",
    "name": "魔力构造",
    "schinese_name": "魔力构造",
    "isfreeapp": "0",
    "change_number": "28970608",
    "update_time": "2025-05-14 08:14:12",
    "depot": {
        "3176981": {
            "manifests": {
                "public": {
                    "gid": "2095302136900424235",
                    "size": "643761825",
                    "download": "403450768"
                }
            },
            "decryptionkey": "d27d89ebe68c00f5e5a01e58ab09f5b944f200b27011bbc945ac8f2a2e09b91a"
        },
        "branches": {
            "public": {
                "buildid": "18391254",
                "timeupdated": "1746720525"
            }
        }
    }
}