{
    "appid": "3172180",
    "type": "Game",
    "name": "Hot And Lovely Waifu XXII",
    "schinese_name": "性感可爱的淫妻们 XXII",
    "isfreeapp": "0",
    "change_number": "28835714",
    "update_time": "2025-05-06 14:46:48",
    "depot": {
        "3172181": {
            "config": {
                "language": "english",
                "oslist": "windows"
            },
            "manifests": {
                "public": {
                    "gid": "6440981399535358461",
                    "size": "3136847421",
                    "download": "467836464"
                }
            },
            "decryptionkey": "3b0910532b942a88680dd71443b4402c55b1baaa7ead95d4af1fb15217537ac9"
        },
        "branches": {
            "public": {
                "buildid": "16019590",
                "timeupdated": "1728726067"
            }
        }
    }
}