{
    "appid": "3105840",
    "type": "Demo",
    "name": "Dwelling Demo",
    "schinese_name": "",
    "isfreeapp": "0",
    "change_number": "24841617",
    "update_time": "2024-08-19 12:30:49",
    "depot": {
        "3105841": {
            "manifests": {
                "public": {
                    "gid": "6984308195627078224",
                    "size": "4423078976",
                    "download": "4217675456"
                }
            },
            "decryptionkey": "66585e2661e1fa300283bfe56294aa81074246ed4affb6314b5a8c80a9800e63"
        },
        "branches": {
            "public": {
                "buildid": "15035491",
                "timeupdated": "1721103627"
            }
        }
    }
}