{
    "appid": "3097330",
    "type": "Game",
    "name": "ReMix",
    "schinese_name": "共鸣",
    "isfreeapp": "0",
    "change_number": "29016213",
    "update_time": "2025-05-16 11:54:45",
    "depot": {
        "3097331": {
            "manifests": {
                "public": {
                    "gid": "5799773499161996837",
                    "size": "1375500786",
                    "download": "532953232"
                }
            },
            "decryptionkey": "d3684ca05278743c2c7af0542517a0e2bd68d152b3f1b4f2ba7c2e8178da80bd"
        },
        "baselanguages": "english,german,french,koreana,schinese,tchinese,russian,japanese,portuguese",
        "branches": {
            "public": {
                "buildid": "15598148",
                "timeupdated": "1725506848"
            }
        }
    }
}