{
    "appid": "3192540",
    "type": "Game",
    "name": "Deep Sea Pursuit",
    "schinese_name": "",
    "isfreeapp": "0",
    "change_number": "25302003",
    "update_time": "2024-09-20 00:35:47",
    "depot": {
        "3192541": {
            "manifests": {
                "public": {
                    "gid": "5306313002909043310",
                    "size": "87524327",
                    "download": "27619200"
                }
            },
            "decryptionkey": "de4da02b2630fe766e4d120abe41696238231ee0e1cec19853a6b45d3cd659e0"
        },
        "branches": {
            "public": {
                "buildid": "15492073",
                "timeupdated": "1724667774"
            }
        }
    }
}