{
    "appid": "3167490",
    "type": "Demo",
    "name": "Kiosk Demo",
    "schinese_name": "",
    "isfreeapp": "0",
    "change_number": "27316086",
    "update_time": "2025-02-05 07:52:18",
    "depot": {
        "3167491": {
            "config": {
                "oslist": "windows"
            },
            "manifests": {
                "public": {
                    "gid": "4433287649295390859",
                    "size": "138705059",
                    "download": "43645040"
                }
            },
            "decryptionkey": "24b2a873d6bb5fa552d151bcca7f97ace572aaef2e6d6e1ff1720937e9cc1dca"
        },
        "3167492": {
            "config": {
                "oslist": "macos"
            },
            "manifests": {
                "public": {
                    "gid": "2479651412608927559",
                    "size": "163015877",
                    "download": "50974384"
                }
            },
            "decryptionkey": ""
        },
        "3167493": {
            "config": {
                "oslist": "linux"
            },
            "manifests": {
                "public": {
                    "gid": "2466478594215469603",
                    "size": "142896180",
                    "download": "44192864"
                }
            },
            "decryptionkey": ""
        },
        "baselanguages": "english",
        "branches": {
            "public": {
                "buildid": "15434450",
                "timeupdated": "1724157622"
            }
        }
    }
}