{
    "appid": "3264450",
    "type": "Demo",
    "name": "Intercolonies Demo",
    "schinese_name": "",
    "isfreeapp": "0",
    "change_number": "26609891",
    "update_time": "2024-12-12 19:42:30",
    "depot": {
        "3264451": {
            "manifests": {
                "public": {
                    "gid": "2863806995791837356",
                    "size": "8233406967",
                    "download": "2133653840"
                }
            },
            "decryptionkey": "5f280d6153a336f6685d1fb7c94048fdcf59187e97553ea2329b7f58905b3128"
        },
        "baselanguages": "english",
        "branches": {
            "public": {
                "buildid": "16343160",
                "timeupdated": "1731077258"
            }
        }
    }
}