{
    "appid": "3605460",
    "type": "Game",
    "name": "Bound Survivor",
    "schinese_name": "羁绊幸存者",
    "isfreeapp": "0",
    "change_number": "28852953",
    "update_time": "2025-05-07 10:09:06",
    "depot": {
        "3605461": {
            "manifests": {
                "public": {
                    "gid": "459783880780059943",
                    "size": "641129474",
                    "download": "89801840"
                }
            },
            "decryptionkey": "797e6163258884e0ec550186a9fea91c29f5c112d28c00ee0a20982bd25045d8"
        },
        "baselanguages": "english,german,french,koreana,spanish,schinese,japanese",
        "branches": {
            "public": {
                "buildid": "18228038",
                "timeupdated": "1745519107"
            }
        }
    }
}