{
    "appid": "3044800",
    "type": "Demo",
    "name": "默示錄獻祭 Demo",
    "schinese_name": "默示錄獻祭 Demo",
    "isfreeapp": "0",
    "change_number": "25905856",
    "update_time": "2024-10-26 08:55:29",
    "depot": {
        "baselanguages": "english,schinese,tchinese",
        "3044801": {
            "config": {
                "oslist": "windows"
            },
            "manifests": {
                "public": {
                    "gid": "3511708177787554296",
                    "size": "1851208877",
                    "download": "638043088"
                }
            },
            "decryptionkey": "2b5f8eef74e10d8f72c27fc3ed575e472a8460194989cb2b41ad2d40bae4bf24"
        },
        "branches": {
            "public": {
                "buildid": "16020252",
                "timeupdated": "1728733580"
            }
        }
    }
}