{
    "appid": "3549460",
    "type": "Music",
    "name": "Dark Deity 2 Soundtrack",
    "schinese_name": "",
    "isfreeapp": "0",
    "change_number": "28257225",
    "update_time": "2025-04-02 06:36:18",
    "depot": {
        "3549461": {
            "manifests": {
                "public": {
                    "gid": "9020321966881970854",
                    "size": "219950024",
                    "download": "218384928"
                }
            },
            "decryptionkey": "a004562894a56f171e66e42994b5c61febd254c5fc176a196afaf4a2844e2dd1"
        },
        "branches": {
            "public": {
                "buildid": "17505527",
                "timeupdated": "1740517636"
            }
        }
    }
}