{
    "appid": "3248280",
    "type": "Demo",
    "name": "Soccer in a Box Demo",
    "schinese_name": "盒中足球 Demo",
    "isfreeapp": "0",
    "change_number": "26051119",
    "update_time": "2024-11-05 17:05:17",
    "depot": {
        "3248281": {
            "manifests": {
                "public": {
                    "gid": "1512772009864284829",
                    "size": "144104424",
                    "download": "98779824"
                }
            },
            "decryptionkey": "6009c16791f713197206919ddab997f28cc6a3e7c166da1a0bdd8470df7782a8"
        },
        "branches": {
            "public": {
                "buildid": "16059982",
                "timeupdated": "1729047848"
            }
        }
    }
}