{
    "appid": "3151020",
    "type": "Game",
    "name": "Easy Ball Game",
    "schinese_name": "",
    "isfreeapp": "0",
    "change_number": "29039325",
    "update_time": "2025-05-17 19:13:11",
    "depot": {
        "228989": {
            "config": {
                "oslist": "windows"
            },
            "depotfromapp": "228980",
            "sharedinstall": "1"
        },
        "228990": {
            "config": {
                "oslist": "windows"
            },
            "depotfromapp": "228980",
            "sharedinstall": "1"
        },
        "3151021": {
            "manifests": {
                "public": {
                    "gid": "1378588533378662411",
                    "size": "2893018339",
                    "download": "2654471760"
                }
            },
            "decryptionkey": "d557891ebb35427b41efca3b1b4634a3a8e060bb67ea747884d2be91c3c2ef1a"
        },
        "3151022": {},
        "baselanguages": "english",
        "branches": {
            "public": {
                "buildid": "17050775",
                "timeupdated": "1737212408"
            }
        }
    }
}