{
    "appid": "2969220",
    "type": "Game",
    "name": "Dark Destruction",
    "schinese_name": "幽暗破坏",
    "isfreeapp": "0",
    "change_number": "23891200",
    "update_time": "2024-06-09 12:19:54",
    "depot": {
        "baselanguages": "english,german,french,koreana,spanish,schinese,tchinese,russian,thai,japanese,portuguese,turkish,vietnamese",
        "2969221": {
            "config": {
                "oslist": "windows"
            },
            "manifests": {
                "public": {
                    "gid": "1713629003794691926",
                    "size": "3023326625",
                    "download": "1637261904"
                }
            },
            "decryptionkey": "36697b1089f0ef683eb823c882721819aee6e5e9cf310576f2e71ff33f9be2e2"
        },
        "branches": {
            "public": {
                "buildid": "14653970",
                "timeupdated": "1717906242"
            }
        }
    }
}