{
    "appid": "3241370",
    "type": "Demo",
    "name": "Rivals of Aether II Demo",
    "schinese_name": "",
    "isfreeapp": "0",
    "change_number": "27824908",
    "update_time": "2025-03-07 07:08:33",
    "depot": {
        "228983": {
            "config": {
                "oslist": "windows"
            },
            "depotfromapp": "228980",
            "sharedinstall": "1"
        },
        "228984": {
            "config": {
                "oslist": "windows"
            },
            "depotfromapp": "228980",
            "sharedinstall": "1"
        },
        "228985": {
            "config": {
                "oslist": "windows"
            },
            "depotfromapp": "228980",
            "sharedinstall": "1"
        },
        "228989": {
            "config": {
                "oslist": "windows"
            },
            "depotfromapp": "228980",
            "sharedinstall": "1"
        },
        "228990": {
            "config": {
                "oslist": "windows"
            },
            "depotfromapp": "228980",
            "sharedinstall": "1"
        },
        "3241371": {
            "manifests": {
                "public": {
                    "gid": "6460093049971758589",
                    "size": "2188252567",
                    "download": "1894667456"
                }
            },
            "decryptionkey": "45c665222684fd54b4d3055f398c2e7e339dfd2d4a6ad9c3c124673bc49112a4"
        },
        "branches": {
            "public": {
                "buildid": "16092788",
                "timeupdated": "1729244383"
            }
        },
        "privatebranches": "1"
    }
}