{
    "appid": "3319180",
    "type": "Game",
    "name": "53X Homecoming",
    "schinese_name": "",
    "isfreeapp": "0",
    "change_number": "28946410",
    "update_time": "2025-05-13 03:35:43",
    "depot": {
        "3319181": {
            "config": {
                "oslist": "windows"
            },
            "manifests": {
                "public": {
                    "gid": "3356191594779076272",
                    "size": "768762262",
                    "download": "707794048"
                }
            },
            "decryptionkey": "1aaf7c00fe365099f43a3f34c389ba3538db53ff25d688afd59d4bf24a5eff56"
        },
        "3319182": {
            "config": {
                "oslist": "macos"
            },
            "manifests": {
                "public": {
                    "gid": "9147733926711101009",
                    "size": "756237439",
                    "download": "703225040"
                }
            }
        },
        "3319183": {
            "config": {
                "oslist": "linux"
            },
            "manifests": {
                "public": {
                    "gid": "3058372007085840189",
                    "size": "768762262",
                    "download": "707794048"
                }
            }
        },
        "branches": {
            "public": {
                "buildid": "16238359",
                "timeupdated": "1730299605"
            }
        }
    }
}