{
    "appid": "3071600",
    "type": "Game",
    "name": "Ghost fire",
    "schinese_name": "",
    "isfreeapp": "0",
    "change_number": "26253459",
    "update_time": "2024-11-21 01:02:20",
    "depot": {
        "3071601": {
            "manifests": {
                "public": {
                    "gid": "5861061354811972132",
                    "size": "85371598",
                    "download": "24314400"
                }
            },
            "decryptionkey": "69c5154db63b1910d3bedf62bfd86606191045bb443c07544d8dab27fda08d1d"
        },
        "branches": {
            "public": {
                "buildid": "14808986",
                "timeupdated": "1719133574"
            }
        }
    },
    "access_token": 15110196888307655499
}