{
    "appid": "3347730",
    "type": "Demo",
    "name": "FANTASIAN Neo Dimension DEMO",
    "schinese_name": "",
    "isfreeapp": "0",
    "change_number": "27246409",
    "update_time": "2025-01-31 11:01:10",
    "depot": {
        "baselanguages": "english,japanese",
        "228989": {
            "config": {
                "oslist": "windows"
            },
            "depotfromapp": "228980",
            "sharedinstall": "1"
        },
        "3347731": {
            "manifests": {
                "public": {
                    "gid": "1312104091490758709",
                    "size": "3666794043",
                    "download": "3062929200"
                }
            },
            "decryptionkey": "528819ea8eda8c6a85d5137b705af94c64cc5ae3f836e36dc769143e5da18b75"
        },
        "branches": {
            "public": {
                "buildid": "16998941",
                "timeupdated": "1738292463"
            }
        },
        "privatebranches": "1"
    }
}