{
    "appid": "3425700",
    "type": "Game",
    "name": "Little Robot",
    "schinese_name": "",
    "isfreeapp": "1",
    "change_number": "27326292",
    "update_time": "2025-02-05 21:30:03",
    "depot": {
        "228989": {
            "config": {
                "oslist": "windows"
            },
            "depotfromapp": "228980",
            "sharedinstall": "1"
        },
        "228990": {
            "config": {
                "oslist": "windows"
            },
            "depotfromapp": "228980",
            "sharedinstall": "1"
        },
        "baselanguages": "english",
        "3425701": {
            "config": {
                "language": "english",
                "oslist": "windows"
            },
            "manifests": {
                "public": {
                    "gid": "140431668427973076",
                    "size": "799305017",
                    "download": "663912000"
                }
            },
            "decryptionkey": "a4538798bd394cea9bc20e0c9b7c22c11a81b35e3b3e5371e1ab479ce7fd4385"
        },
        "branches": {
            "public": {
                "buildid": "16864102",
                "timeupdated": "1735535416"
            }
        }
    }
}