{
    "appid": "3230900",
    "type": "Game",
    "name": "Hidden Storehouse Top-Down 3D",
    "schinese_name": "",
    "isfreeapp": "0",
    "change_number": "28871025",
    "update_time": "2025-05-08 06:30:57",
    "depot": {
        "3230901": {
            "manifests": {
                "public": {
                    "gid": "3516909484181599952",
                    "size": "748825581",
                    "download": "160904288"
                }
            },
            "decryptionkey": "f923185a3215f4d89d5b59b468ff0b989027eb1ec352087b635f8216eb3ec58a"
        },
        "branches": {
            "public": {
                "buildid": "16211484",
                "timeupdated": "1730152560"
            }
        }
    }
}