{
    "appid": "3111680",
    "type": "Game",
    "name": "Can't revert",
    "schinese_name": "Can't revert",
    "isfreeapp": "0",
    "change_number": "28825050",
    "update_time": "2025-05-05 23:30:55",
    "depot": {
        "228989": {
            "config": {
                "oslist": "windows"
            },
            "depotfromapp": "228980",
            "sharedinstall": "1"
        },
        "228990": {
            "config": {
                "oslist": "windows"
            },
            "depotfromapp": "228980",
            "sharedinstall": "1"
        },
        "3111681": {
            "manifests": {
                "public": {
                    "gid": "2633600047034722047",
                    "size": "2717146800",
                    "download": "2595449456"
                }
            },
            "decryptionkey": "634163fef584284b6e47f63524287a04157c0c37363b2f375469fc4669e18001"
        },
        "branches": {
            "public": {
                "buildid": "15472593",
                "timeupdated": "1724419038"
            }
        }
    }
}