{
    "appid": "3328570",
    "type": "Demo",
    "name": "Crabs Dive In Crossway Demo",
    "schinese_name": "横行纵队 试用版",
    "isfreeapp": "0",
    "change_number": "28496382",
    "update_time": "2025-04-16 06:16:12",
    "depot": {
        "baselanguages": "english,schinese",
        "228990": {
            "config": {
                "oslist": "windows"
            },
            "depotfromapp": "228980",
            "sharedinstall": "1"
        },
        "3328571": {
            "manifests": {
                "public": {
                    "gid": "4623597000615483470",
                    "size": "275169431",
                    "download": "80902464"
                }
            },
            "decryptionkey": "4186c29f510f84ec928b96fbf86962b552a3d0a19584b659411f04225c272d71"
        },
        "branches": {
            "public": {
                "buildid": "17964633",
                "timeupdated": "1743655738"
            }
        }
    }
}