{
    "appid": "3214890",
    "type": "Demo",
    "name": "Nexus Knights Demo",
    "schinese_name": "",
    "isfreeapp": "0",
    "change_number": "26934719",
    "update_time": "2025-01-10 11:43:17",
    "depot": {
        "228989": {
            "config": {
                "oslist": "windows"
            },
            "depotfromapp": "228980",
            "sharedinstall": "1"
        },
        "228990": {
            "config": {
                "oslist": "windows"
            },
            "depotfromapp": "228980",
            "sharedinstall": "1"
        },
        "3214891": {
            "manifests": {
                "public": {
                    "gid": "5484176989310661571",
                    "size": "4405637692",
                    "download": "4192935632"
                }
            },
            "decryptionkey": "27cfd4d58d01cd0acd26295df65dcac165b87a3c77030292fe3b2b5b36023182"
        },
        "branches": {
            "public": {
                "buildid": "15978904",
                "timeupdated": "1728468561"
            }
        }
    }
}