{
    "appid": "3408110",
    "type": "Game",
    "name": "Cafemart Simulator",
    "schinese_name": "",
    "isfreeapp": "0",
    "change_number": "28598337",
    "update_time": "2025-04-22 17:57:50",
    "depot": {
        "228989": {
            "config": {
                "oslist": "windows"
            },
            "depotfromapp": "228980",
            "sharedinstall": "1"
        },
        "3408111": {
            "manifests": {
                "public": {
                    "gid": "3114528197298818245",
                    "size": "8043728833",
                    "download": "2931459456"
                },
                "developers": {
                    "gid": "3114528197298818245",
                    "size": "8043728833",
                    "download": "2931459456"
                },
                "previous": {
                    "gid": "3560488422681040826",
                    "size": "8043557128",
                    "download": "2931366272"
                }
            },
            "decryptionkey": "2aef89bb87db60712d3e2c4b11326e22d215f62e1d19aca2105194e14dc865ac"
        },
        "branches": {
            "public": {
                "buildid": "18077874",
                "timeupdated": "1744494019"
            },
            "developers": {
                "buildid": "18077874",
                "description": "Dev branch",
                "timeupdated": "1744405563"
            },
            "previous": {
                "buildid": "17696260",
                "description": "previous version",
                "timeupdated": "1744493996"
            }
        }
    }
}