{
    "appid": "2967320",
    "type": "Game",
    "name": "Grandpa High On Retro",
    "schinese_name": "",
    "isfreeapp": "0",
    "change_number": "29015559",
    "update_time": "2025-05-16 10:54:49",
    "depot": {
        "228989": {
            "config": {
                "oslist": "windows"
            },
            "depotfromapp": "228980",
            "sharedinstall": "1"
        },
        "228990": {
            "config": {
                "oslist": "windows"
            },
            "depotfromapp": "228980",
            "sharedinstall": "1"
        },
        "2967321": {
            "manifests": {
                "public": {
                    "gid": "4390110675852969480",
                    "size": "6180947095",
                    "download": "1810104944"
                }
            },
            "decryptionkey": "ac63d2f66a8b09b38cd9f20fc73240a077cc73a8b1437ccbb5cb15af25dc7381"
        },
        "branches": {
            "public": {
                "buildid": "17838067",
                "timeupdated": "1742831803"
            }
        }
    }
}