{
    "appid": "3331340",
    "type": "Demo",
    "name": "妖怪不懂談戀愛 Falling for Yaoguais Demo",
    "schinese_name": "妖怪不懂谈恋爱 Falling for Yaoguais Demo",
    "isfreeapp": "0",
    "change_number": "28242512",
    "update_time": "2025-04-01 14:38:49",
    "depot": {
        "228990": {
            "config": {
                "oslist": "windows"
            },
            "depotfromapp": "228980",
            "sharedinstall": "1"
        },
        "3331341": {
            "manifests": {
                "public": {
                    "gid": "5827107501829137612",
                    "size": "518589996",
                    "download": "345660128"
                }
            },
            "decryptionkey": "5a2cffc3c30c2315c41caf5e7d922fd70add7cbaa925185ba898523d5b0aff11"
        },
        "baselanguages": "english,schinese,tchinese",
        "branches": {
            "public": {
                "buildid": "17935218",
                "timeupdated": "1743489522"
            }
        }
    }
}