{
    "appid": "3426410",
    "type": "Game",
    "name": "我就是建-I just build",
    "schinese_name": "",
    "isfreeapp": "0",
    "change_number": "28288228",
    "update_time": "2025-04-03 20:17:16",
    "depot": {
        "3426411": {
            "manifests": {
                "public": {
                    "gid": "5979945567295738355",
                    "size": "538957273",
                    "download": "326892848"
                }
            },
            "decryptionkey": "a587150b45ccbe72d0eaa46d7258e0dfe56144fc07324efd464d4e4fbce987ec"
        },
        "baselanguages": "english,schinese",
        "branches": {
            "public": {
                "buildid": "17963120",
                "timeupdated": "1743643900"
            }
        }
    }
}