{
    "appid": "3100360",
    "type": "Demo",
    "name": "完蛋！我被美女包围了！前传 试用版",
    "schinese_name": "完蛋！我被美女包围了！前传 试用版",
    "isfreeapp": "0",
    "change_number": "26377661",
    "update_time": "2024-12-04 22:51:15",
    "depot": {
        "hasdepotsindlc": "1",
        "baselanguages": "schinese",
        "228989": {
            "config": {
                "oslist": "windows"
            },
            "depotfromapp": "228980",
            "sharedinstall": "1"
        },
        "3100361": {
            "config": {
                "oslist": "windows"
            },
            "manifests": {
                "public": {
                    "gid": "8017370274599086152",
                    "size": "5120767684",
                    "download": "4669783088"
                }
            },
            "decryptionkey": "fa4a1aac59c94142d76824ab0a8d5f943e6d8efb4adda1fb461d4fb1cd4186c4"
        },
        "3100362": {
            "config": {
                "oslist": "macos"
            },
            "manifests": {
                "public": {
                    "gid": "6404806892825440144",
                    "size": "5261520642",
                    "download": "4700701152"
                }
            },
            "decryptionkey": ""
        },
        "branches": {
            "public": {
                "buildid": "16034890",
                "timeupdated": "1728901993"
            }
        },
        "privatebranches": "1"
    }
}