{
    "appid": "3377940",
    "type": "Game",
    "name": "You reincarnated into the game world and fucked the NPCs!-Animation-",
    "schinese_name": "你重生到游戏世界，性交了NPC！ -动画-",
    "isfreeapp": "0",
    "change_number": "29046672",
    "update_time": "2025-05-18 15:01:13",
    "depot": {
        "baselanguages": "english,schinese,japanese",
        "hasdepotsindlc": "0",
        "3377941": {
            "config": {
                "oslist": "windows"
            },
            "manifests": {
                "public": {
                    "gid": "3713767599458944115",
                    "size": "1205521551",
                    "download": "1029393216"
                }
            },
            "decryptionkey": "06877a792507572e245eacfb70650eb1b28f91386958c94fe3bfe49d9929bacf"
        },
        "branches": {
            "public": {
                "buildid": "18507215",
                "timeupdated": "1747551669"
            }
        }
    }
}