{
    "appid": "3108690",
    "type": "Demo",
    "name": "Descendant Demo",
    "schinese_name": "",
    "isfreeapp": "0",
    "change_number": "24453963",
    "update_time": "2024-07-22 08:04:12",
    "depot": {
        "3108691": {
            "manifests": {
                "public": {
                    "gid": "7267320481436041481",
                    "size": "125355298",
                    "download": "26779584"
                }
            },
            "decryptionkey": "7e1dac7f3fb07602f3ab087b715d148c47c6668aebc51373db78fe720b3a488a"
        },
        "branches": {
            "public": {
                "buildid": "15106937",
                "timeupdated": "1721606648"
            }
        }
    }
}