{
    "appid": "2981870",
    "type": "Demo",
    "name": "City Bus Simulator 2024 Demo",
    "schinese_name": "",
    "isfreeapp": "0",
    "change_number": "25484296",
    "update_time": "2024-10-02 04:26:27",
    "depot": {
        "2981871": {
            "config": {
                "oslist": "windows",
                "osarch": "64"
            },
            "manifests": {
                "public": {
                    "gid": "4663825416583759647",
                    "size": "20649951623",
                    "download": "6560283392"
                }
            },
            "decryptionkey": "4187b0c02960880b68237f6a2ad68cbdd66d9780d9a627a25ea8d31de3f4ffd2"
        },
        "baselanguages": "english",
        "branches": {
            "public": {
                "buildid": "14577138",
                "timeupdated": "1717341354"
            }
        }
    }
}