{
    "appid": "3260630",
    "type": "DLC",
    "name": "FINAL FANTASY VII REBIRTH Digital Mini Soundtrack & Digital Art Book",
    "schinese_name": "FINAL FANTASY VII REBIRTH 数字迷你原声带 & 数字美术画册",
    "isfreeapp": "0",
    "change_number": "27131503",
    "update_time": "2025-01-23 21:57:25",
    "depot": {
        "3260630": {
            "manifests": {
                "public": {
                    "gid": "2312058563762645934",
                    "size": "41",
                    "download": "96"
                }
            },
            "dlcappid": "3260630",
            "decryptionkey": "39c8633805b12cb219e18d1665139d9ff5dd2a8ad30517ce3b29f1f935641f61"
        },
        "branches": {
            "public": {
                "buildid": "17104813",
                "timeupdated": "1737633720"
            }
        }
    }
}