{
    "appid": "3112510",
    "type": "Demo",
    "name": "Lust Theory Season 3 Demo",
    "schinese_name": "",
    "isfreeapp": "0",
    "change_number": "24974563",
    "update_time": "2024-08-28 19:42:06",
    "depot": {
        "3112511": {
            "manifests": {
                "public": {
                    "gid": "1000837721320815945",
                    "size": "1651372157",
                    "download": "1464722928"
                }
            },
            "decryptionkey": "cd7fd9a9d031f432ba2fa1cf234e3e6cbf1c0e25ce89f98980dc071406e332b9"
        },
        "branches": {
            "public": {
                "buildid": "15111002",
                "timeupdated": "1721645906"
            }
        }
    }
}