{
    "appid": "3358190",
    "type": "Demo",
    "name": "Pick Me Pick Me Demo",
    "schinese_name": "",
    "isfreeapp": "0",
    "change_number": "27727418",
    "update_time": "2025-03-01 07:47:16",
    "depot": {
        "3358191": {
            "config": {
                "oslist": "windows"
            },
            "manifests": {
                "public": {
                    "gid": "7640951593908505722",
                    "size": "351035778",
                    "download": "209247968"
                }
            },
            "decryptionkey": "ca81a66a392ede65a1dc48b848eda49ec2cb6cddc3a96e211665dd463c268ce2"
        },
        "3358192": {
            "config": {
                "oslist": "macos"
            },
            "manifests": {
                "public": {
                    "gid": "3236475231921502886",
                    "size": "409653201",
                    "download": "227138128"
                }
            },
            "decryptionkey": ""
        },
        "branches": {
            "public": {
                "buildid": "16704483",
                "timeupdated": "1733904544"
            }
        }
    }
}