{
    "appid": "3021010",
    "type": "Demo",
    "name": "Malware Demo",
    "schinese_name": "流氓软件 Demo",
    "isfreeapp": "0",
    "change_number": "24675684",
    "update_time": "2024-08-07 06:37:29",
    "depot": {
        "228989": {
            "config": {
                "oslist": "windows"
            },
            "depotfromapp": "228980",
            "sharedinstall": "1"
        },
        "228990": {
            "config": {
                "oslist": "windows"
            },
            "depotfromapp": "228980",
            "sharedinstall": "1"
        },
        "229007": {
            "config": {
                "oslist": "windows"
            },
            "depotfromapp": "228980",
            "sharedinstall": "1"
        },
        "3021011": {
            "manifests": {
                "public": {
                    "gid": "6901948732170504632",
                    "size": "70739728",
                    "download": "20182880"
                }
            },
            "decryptionkey": "20545db64e3a034931e0fb2fae54bb5e2a52f29c9e6b94fd81133441debf75ad"
        },
        "branches": {
            "public": {
                "buildid": "14529132",
                "timeupdated": "1716964024"
            }
        }
    }
}