{
    "appid": "3659180",
    "type": "Game",
    "name": "?? Movie Theater",
    "schinese_name": "",
    "isfreeapp": "0",
    "change_number": "29048541",
    "update_time": "2025-05-18 20:16:05",
    "depot": {
        "3659181": {
            "manifests": {
                "public": {
                    "gid": "279857848432401479",
                    "size": "7292902664",
                    "download": "3378385232"
                }
            },
            "decryptionkey": "f2bd12ca475c39a70c61e39b606ddf5f9901171a6aa4092fa860e5b8916e7431"
        },
        "baselanguages": "english,japanese",
        "branches": {
            "public": {
                "buildid": "18505820",
                "timeupdated": "1747527677"
            }
        }
    }
}