{
    "appid": "3077130",
    "type": "Game",
    "name": "PROJECT 13 Perception Test",
    "schinese_name": "",
    "isfreeapp": "0",
    "change_number": "28329631",
    "update_time": "2025-04-06 13:17:29",
    "depot": {
        "228989": {
            "config": {
                "oslist": "windows"
            },
            "depotfromapp": "228980",
            "sharedinstall": "1"
        },
        "228990": {
            "config": {
                "oslist": "windows"
            },
            "depotfromapp": "228980",
            "sharedinstall": "1"
        },
        "3077131": {
            "manifests": {
                "public": {
                    "gid": "6541965281733115592",
                    "size": "5150663118",
                    "download": "4753581488"
                }
            },
            "decryptionkey": "05ba87135d15b2713755588f2edf04970881d1f449badc285dba3020ac32296f"
        },
        "branches": {
            "public": {
                "buildid": "15149237",
                "timeupdated": "1721904399"
            }
        }
    }
}