{
    "appid": "3105370",
    "type": "Demo",
    "name": "The Casting of Frank Stone Demo",
    "schinese_name": "",
    "isfreeapp": "0",
    "change_number": "26183469",
    "update_time": "2024-11-14 07:32:23",
    "depot": {
        "228988": {
            "config": {
                "oslist": "windows"
            },
            "depotfromapp": "228980",
            "sharedinstall": "1"
        },
        "228989": {
            "config": {
                "oslist": "windows"
            },
            "depotfromapp": "228980",
            "sharedinstall": "1"
        },
        "228990": {
            "config": {
                "oslist": "windows"
            },
            "depotfromapp": "228980",
            "sharedinstall": "1"
        },
        "229006": {
            "config": {
                "oslist": "windows"
            },
            "depotfromapp": "228980",
            "sharedinstall": "1"
        },
        "229007": {
            "config": {
                "oslist": "windows"
            },
            "depotfromapp": "228980",
            "sharedinstall": "1"
        },
        "229033": {
            "config": {
                "oslist": "windows"
            },
            "depotfromapp": "228980",
            "sharedinstall": "1"
        },
        "3105371": {
            "manifests": {
                "public": {
                    "gid": "2279113232114394222",
                    "size": "13080819255",
                    "download": "12459123232"
                }
            },
            "decryptionkey": "31d0281eb4d7984c7b88025a70255e72d76728f8320e58826b8f9cf64dbe5a89"
        },
        "baselanguages": "english,german,french,italian,koreana,spanish,schinese,tchinese,russian,thai,japanese,polish,turkish,brazilian,latam",
        "branches": {
            "public": {
                "buildid": "15474035",
                "timeupdated": "1724428516"
            }
        },
        "privatebranches": "1"
    }
}