{
    "appid": "3104480",
    "type": "Demo",
    "name": "Cupiclaw Demo",
    "schinese_name": "",
    "isfreeapp": "0",
    "change_number": "26183469",
    "update_time": "2024-11-14 07:32:20",
    "depot": {
        "3104481": {
            "config": {
                "oslist": "windows"
            },
            "manifests": {
                "public": {
                    "gid": "708264396762202074",
                    "size": "105250007",
                    "download": "51633264"
                }
            },
            "decryptionkey": "b3a92e27ebe615045ca1db4b3b722b988d81406d72fbb2a1f0760bff8a639613"
        },
        "branches": {
            "public": {
                "buildid": "15743549",
                "timeupdated": "1726671951"
            }
        },
        "privatebranches": "1"
    }
}