{
    "appid": "3023630",
    "type": "Demo",
    "name": "Golden Lap Demo",
    "schinese_name": "",
    "isfreeapp": "0",
    "change_number": "24014682",
    "update_time": "2024-07-16 02:47:08",
    "depot": {
        "3023631": {
            "config": {
                "oslist": "windows"
            },
            "manifests": {
                "public": {
                    "gid": "1306622758230472320",
                    "size": "378259993",
                    "download": "185308672"
                }
            },
            "decryptionkey": "15d18bd7b9c4237ff7980c2f1a01b03f35ecf95c1160d035f2e193cb480613a5"
        },
        "branches": {
            "public": {
                "buildid": "14681002",
                "timeupdated": "1718126106"
            }
        }
    }
}