{
    "appid": "2957980",
    "type": "Game",
    "name": "恋色ぱれっと - Love Palette -",
    "schinese_name": "",
    "isfreeapp": "0",
    "change_number": "23847524",
    "update_time": "2024-06-06 08:42:48",
    "depot": {
        "2957981": {
            "manifests": {
                "public": {
                    "gid": "4225348566163257712",
                    "size": "320066219",
                    "download": "311480880"
                }
            },
            "decryptionkey": "bd7c39285e0c730ee17eb8135876fd17a8243843e909b3e6f44c38458d9104b5"
        },
        "baselanguages": "english,japanese",
        "branches": {
            "public": {
                "buildid": "14153154",
                "timeupdated": "1713921314"
            }
        }
    }
}