{
    "appid": "3239490",
    "type": "Demo",
    "name": "Dorpie Demo",
    "schinese_name": "",
    "isfreeapp": "0",
    "change_number": "26323073",
    "update_time": "2024-12-04 23:08:20",
    "depot": {
        "3239491": {
            "manifests": {
                "public": {
                    "gid": "2308763903340709169",
                    "size": "259398327",
                    "download": "110661360"
                }
            },
            "decryptionkey": "d8b393674ddd036aafaaeb989ec1c57c3813189d65b2334971a66e596b4dc3e7"
        },
        "branches": {
            "public": {
                "buildid": "16504538",
                "timeupdated": "1732306162"
            }
        },
        "privatebranches": "1"
    }
}