{
    "appid": "3000350",
    "type": "Demo",
    "name": "Claws & Chaos Demo",
    "schinese_name": "利爪大乱斗 Claws & Chaos Demo",
    "isfreeapp": "0",
    "change_number": "26183469",
    "update_time": "2024-11-14 07:24:48",
    "depot": {
        "3000351": {
            "manifests": {
                "public": {
                    "gid": "2637543009129989878",
                    "size": "923036483",
                    "download": "170438096"
                }
            },
            "decryptionkey": "ad28e076ea4e90fbdcf46c12fbac899eb29302007a72b2e7649399a81f068cde"
        },
        "branches": {
            "public": {
                "buildid": "15828169",
                "timeupdated": "1727361963"
            }
        },
        "privatebranches": "1"
    }
}