{
    "appid": "3031150",
    "type": "Game",
    "name": "Secret Hot Springs Girl",
    "schinese_name": "秘汤女孩",
    "isfreeapp": "0",
    "change_number": "29015847",
    "update_time": "2025-05-16 11:19:17",
    "depot": {
        "baselanguages": "",
        "3031151": {
            "config": {
                "oslist": "windows"
            },
            "manifests": {
                "public": {
                    "gid": "7204635553935107776",
                    "size": "468836950",
                    "download": "112515008"
                }
            },
            "decryptionkey": "a7ffe0371f100ed4777fbd4fd39e0f4d25c826d7a75461db5e5c0648c0d8d476"
        },
        "branches": {
            "public": {
                "buildid": "17219619",
                "timeupdated": "1738551247"
            }
        }
    }
}