{
    "appid": "3129010",
    "type": "Game",
    "name": "Format",
    "schinese_name": "",
    "isfreeapp": "0",
    "change_number": "24760861",
    "update_time": "2024-08-13 14:05:07",
    "depot": {
        "3129011": {
            "manifests": {
                "public": {
                    "gid": "8971752745963813598",
                    "size": "75921046",
                    "download": "19329008"
                }
            },
            "decryptionkey": "c40b5e9a628be0e3ab2eb809499a0bc34061e5c2414854588a632ef4880b7661"
        },
        "branches": {
            "public": {
                "buildid": "15138428",
                "timeupdated": "1721832150"
            }
        }
    }
}