{
    "appid": "3408620",
    "type": "Demo",
    "name": "Cafemart Simulator Demo",
    "schinese_name": "",
    "isfreeapp": "0",
    "change_number": "28982600",
    "update_time": "2025-05-14 22:51:43",
    "depot": {
        "228989": {
            "config": {
                "oslist": "windows"
            },
            "depotfromapp": "228980",
            "sharedinstall": "1"
        },
        "3408621": {
            "manifests": {
                "public": {
                    "gid": "7129550067779421475",
                    "size": "8043728822",
                    "download": "2931602496"
                },
                "developers": {
                    "gid": "7129550067779421475",
                    "size": "8043728822",
                    "download": "2931602496"
                }
            },
            "decryptionkey": "b9779ae1d1cf8f10545b37fe8f5c3399595ee0fb8295bc183922bc354b8f7b73"
        },
        "branches": {
            "public": {
                "buildid": "18077885",
                "timeupdated": "1744494024"
            },
            "developers": {
                "buildid": "18077885",
                "description": "Dev branch",
                "timeupdated": "1744405633"
            }
        }
    }
}