{
    "appid": "2946000",
    "type": "Demo",
    "name": "Hannah’s Day Demo",
    "schinese_name": "",
    "isfreeapp": "0",
    "change_number": "24579276",
    "update_time": "2024-07-31 06:25:29",
    "depot": {
        "228989": {
            "config": {
                "oslist": "windows"
            },
            "depotfromapp": "228980",
            "sharedinstall": "1"
        },
        "228990": {
            "config": {
                "oslist": "windows"
            },
            "depotfromapp": "228980",
            "sharedinstall": "1"
        },
        "2946001": {
            "manifests": {
                "public": {
                    "gid": "4348407681403636198",
                    "size": "10602764496",
                    "download": "5443280864"
                }
            },
            "decryptionkey": "4dc91183dc074e79694c2b4d4f82ac275f484263102eaf91c78d216ca0d4826a"
        },
        "branches": {
            "public": {
                "buildid": "14068871",
                "timeupdated": "1715588940"
            }
        }
    }
}