{
    "appid": "3314340",
    "type": "Game",
    "name": "Burgie's cozy kitchen",
    "schinese_name": "",
    "isfreeapp": "0",
    "change_number": "29044412",
    "update_time": "2025-05-18 07:11:31",
    "depot": {
        "hasdepotsindlc": "0",
        "3314342": {
            "config": {
                "oslist": "windows"
            },
            "manifests": {
                "public": {
                    "gid": "9007307384104168310",
                    "size": "263369872",
                    "download": "73876272"
                }
            },
            "decryptionkey": "4a553b925ea338f09b056513e1f0feeb7aea85a2ae975aa82cbc38b5019bf985"
        },
        "branches": {
            "public": {
                "buildid": "18505313",
                "timeupdated": "1747520430"
            }
        }
    }
}