{
    "appid": "3240920",
    "type": "Demo",
    "name": "Pleasure Delving Demo",
    "schinese_name": "",
    "isfreeapp": "0",
    "change_number": "26685919",
    "update_time": "2024-12-18 07:48:14",
    "depot": {
        "228989": {
            "config": {
                "oslist": "windows"
            },
            "depotfromapp": "228980",
            "sharedinstall": "1"
        },
        "228990": {
            "config": {
                "oslist": "windows"
            },
            "depotfromapp": "228980",
            "sharedinstall": "1"
        },
        "3240921": {
            "manifests": {
                "public": {
                    "gid": "2171953458566525191",
                    "size": "590308250",
                    "download": "451465968"
                }
            },
            "decryptionkey": "64b741910ffa30b9689f89da4f48879cd11e4c7a5c5403ec3703b199dbece8de"
        },
        "branches": {
            "public": {
                "buildid": "16037672",
                "timeupdated": "1728915387"
            }
        }
    }
}