{
    "appid": "3001080",
    "type": "DLC",
    "name": "Cat's Kiss - ArtBook",
    "schinese_name": "",
    "isfreeapp": "0",
    "change_number": "26399356",
    "update_time": "2024-12-05 06:10:51",
    "depot": {
        "3001080": {
            "config": {
                "oslist": "windows"
            },
            "dlcappid": "3001080",
            "manifests": {
                "public": {
                    "gid": "7359962323203424658",
                    "size": "104695764",
                    "download": "97316176"
                }
            },
            "decryptionkey": "7df367d17bdc49e855f3e87857a323fe74bdd009da4085a3cff74aac3f7a6423"
        },
        "branches": {
            "public": {
                "buildid": "14587250",
                "timeupdated": "1717430384"
            }
        }
    }
}