{
    "appid": "2990260",
    "type": "Demo",
    "name": "CatffeeTime Demo",
    "schinese_name": "猫咖时间到！Demo",
    "isfreeapp": "0",
    "change_number": "24085721",
    "update_time": "2024-07-16 02:47:07",
    "depot": {
        "2990261": {
            "config": {
                "oslist": "windows"
            },
            "manifests": {
                "public": {
                    "gid": "1355475646139458365",
                    "size": "786408839",
                    "download": "127680752"
                }
            },
            "decryptionkey": "6ce4efa4fbe56f2c1de34b700abd588f0ff9f61b41334f91e789fe2f765f1d84"
        },
        "baselanguages": "english,schinese",
        "branches": {
            "public": {
                "buildid": "14736403",
                "timeupdated": "1718574197"
            }
        }
    }
}