{
    "appid": "3186310",
    "type": "Demo",
    "name": "FUR Squadron Phoenix Demo",
    "schinese_name": "",
    "isfreeapp": "0",
    "change_number": "25205368",
    "update_time": "2024-09-13 14:54:42",
    "depot": {
        "3186311": {
            "manifests": {
                "public": {
                    "gid": "5735624580728519552",
                    "size": "2555299796",
                    "download": "981349376"
                }
            },
            "decryptionkey": "7859efbfc5f306db94281b325722b3435ecead60a10ebf39f690c786354bc085"
        },
        "hasdepotsindlc": "1",
        "branches": {
            "public": {
                "buildid": "15580561",
                "timeupdated": "1725383324"
            }
        }
    }
}