{
    "appid": "3121610",
    "type": "Game",
    "name": "NTR Loop",
    "schinese_name": "",
    "isfreeapp": "0",
    "change_number": "28222256",
    "update_time": "2025-03-31 13:15:33",
    "depot": {
        "3121611": {
            "manifests": {
                "public": {
                    "gid": "695555853966388698",
                    "size": "388434129",
                    "download": "195644416"
                }
            },
            "decryptionkey": "2e18d3a779f9c81e8905eaaffdd21536dc355ba5415faab798f6364bcf3e299c"
        },
        "branches": {
            "public": {
                "buildid": "15107167",
                "timeupdated": "1721610643"
            }
        }
    }
}