{
    "appid": "3515440",
    "type": "Game",
    "name": "Death Delivery",
    "schinese_name": "",
    "isfreeapp": "0",
    "change_number": "29040185",
    "update_time": "2025-05-17 21:13:52",
    "depot": {
        "baselanguages": "english",
        "3515441": {
            "config": {
                "language": "english",
                "oslist": "windows",
                "osarch": "64"
            },
            "manifests": {
                "public": {
                    "gid": "3824901486393035321",
                    "size": "1073290056",
                    "download": "915546512"
                }
            },
            "decryptionkey": "0f29d9d61a3f7855779dc9ddf981553a3b1ecffa6c5aef30a92e6ec6fa170041"
        },
        "branches": {
            "public": {
                "buildid": "17560514",
                "timeupdated": "1740854611"
            }
        }
    }
}