{
    "appid": "3402770",
    "type": "Demo",
    "name": "Badlands Crew Demo",
    "schinese_name": "恶土小队 / Badlands Crew Demo",
    "isfreeapp": "0",
    "change_number": "27731274",
    "update_time": "2025-03-01 16:47:05",
    "depot": {
        "3402771": {
            "manifests": {
                "public": {
                    "gid": "3920769243549332304",
                    "size": "6282265879",
                    "download": "859213248"
                }
            },
            "decryptionkey": "46b9eb6a39a74db8e6c069067f2451324d6fa53ce74e640d0bdb22b8583fd739"
        },
        "branches": {
            "public": {
                "buildid": "17405779",
                "timeupdated": "1739976888"
            }
        },
        "privatebranches": "1"
    }
}