{
    "appid": "3045280",
    "type": "Demo",
    "name": "都市小面馆 Demo",
    "schinese_name": "",
    "isfreeapp": "0",
    "change_number": "26685919",
    "update_time": "2024-12-18 07:56:38",
    "depot": {
        "3045281": {
            "manifests": {
                "public": {
                    "gid": "3745972390242348351",
                    "size": "552740683",
                    "download": "282922352"
                }
            },
            "decryptionkey": "39030ee150dc295803ddff13653dc330ca513bd1e8b8666700c6a76eba441fcd"
        },
        "branches": {
            "public": {
                "buildid": "16401761",
                "timeupdated": "1731562405"
            }
        }
    }
}