{
    "appid": "3227630",
    "type": "Demo",
    "name": "鸡从天降：联合出鸡 Demo",
    "schinese_name": "鸡从天降：联合出鸡 Demo",
    "isfreeapp": "0",
    "change_number": "25344693",
    "update_time": "2024-09-23 13:19:02",
    "depot": {
        "3227631": {
            "manifests": {
                "public": {
                    "gid": "5832336528375100196",
                    "size": "141466936",
                    "download": "84285552"
                }
            },
            "decryptionkey": "eef70868d6da726c7b4c6ad0cea52498ba3c4de314e6992e682380c5978c2d91"
        },
        "branches": {
            "public": {
                "buildid": "15751315",
                "timeupdated": "1726718322"
            }
        }
    }
}