{
    "appid": "3023190",
    "type": "Game",
    "name": "Deduce Together",
    "schinese_name": "",
    "isfreeapp": "0",
    "change_number": "29048192",
    "update_time": "2025-05-18 19:14:28",
    "depot": {
        "baselanguages": "japanese",
        "228989": {
            "config": {
                "oslist": "windows"
            },
            "depotfromapp": "228980",
            "sharedinstall": "1"
        },
        "3023191": {
            "config": {
                "oslist": "windows",
                "osarch": "64"
            },
            "manifests": {
                "public": {
                    "gid": "826097758176967437",
                    "size": "314720254",
                    "download": "93526544"
                }
            },
            "decryptionkey": "03a84ec9238c4bc03114f70e0c53f778349e5b4c19320de613a7e3d680bc9b31"
        },
        "3023192": {
            "config": {
                "oslist": "macos"
            },
            "manifests": {
                "public": {
                    "gid": "8285189410485159393",
                    "size": "469510331",
                    "download": "140503152"
                }
            }
        },
        "branches": {
            "public": {
                "buildid": "18398286",
                "timeupdated": "1746766171"
            }
        },
        "privatebranches": "1"
    }
}