{
    "appid": "3335880",
    "type": "Game",
    "name": "NIGHT STORE SIMULATOR",
    "schinese_name": "",
    "isfreeapp": "0",
    "change_number": "28094498",
    "update_time": "2025-03-23 17:07:17",
    "depot": {
        "3335881": {
            "manifests": {
                "public": {
                    "gid": "7233120844529241128",
                    "size": "266571933",
                    "download": "48236768"
                }
            },
            "decryptionkey": "7aa775b9176b111e7d06ce245aee7d5a647b331ef876bfac490e535533b90436"
        },
        "branches": {
            "public": {
                "buildid": "17825463",
                "timeupdated": "1742720830"
            }
        }
    }
}