{
    "appid": "2990290",
    "type": "Demo",
    "name": "Undead Onslaught Demo",
    "schinese_name": "",
    "isfreeapp": "0",
    "change_number": "24087609",
    "update_time": "2024-07-16 02:47:07",
    "depot": {
        "2990291": {
            "config": {
                "language": "english",
                "oslist": "windows"
            },
            "manifests": {
                "public": {
                    "gid": "6792266676840098156",
                    "size": "961909041",
                    "download": "175845936"
                }
            },
            "decryptionkey": "6a032eeddf7c3e12c0eb3fa7b329b065645773ca1f6d45c7dc2dab34a762f631"
        },
        "branches": {
            "public": {
                "buildid": "14799522",
                "timeupdated": "1719005901"
            }
        }
    }
}