{
    "appid": "3062870",
    "type": "DLC",
    "name": "RPG Maker MZ - KR Desert Kingdom Tileset",
    "schinese_name": "",
    "isfreeapp": "0",
    "change_number": "24418527",
    "update_time": "2024-07-19 00:17:34",
    "depot": {
        "3062870": {
            "manifests": {
                "public": {
                    "gid": "2273955391565085068",
                    "size": "4551455",
                    "download": "4523072"
                }
            },
            "dlcappid": "3062870",
            "decryptionkey": "eacd47a16a8625efe0f4802d233d109088c2315180b93c1064692e9993310e37"
        },
        "branches": {
            "public": {
                "buildid": "15077934",
                "timeupdated": "1721317950"
            }
        }
    }
}