{
    "appid": "3183860",
    "type": "Game",
    "name": "Warship",
    "schinese_name": "",
    "isfreeapp": "0",
    "change_number": "25139462",
    "update_time": "2024-09-09 20:11:43",
    "depot": {
        "3183861": {
            "manifests": {
                "public": {
                    "gid": "4097214670375606127",
                    "size": "55703209",
                    "download": "12148160"
                }
            },
            "decryptionkey": "e0ee8c3e3dbde09ea0988798810ea5cfff4d4d67bf0614edad7d2ef679576907"
        },
        "branches": {
            "public": {
                "buildid": "15447773",
                "timeupdated": "1724244875"
            }
        }
    }
}