{
    "appid": "3201880",
    "type": "Game",
    "name": "Tescaris  -  A Soothing Cute Puzzle Game",
    "schinese_name": "软糖方块  -  一款治愈系解谜游戏",
    "isfreeapp": "0",
    "change_number": "27735862",
    "update_time": "2025-03-02 03:32:27",
    "depot": {
        "3201881": {
            "manifests": {
                "public": {
                    "gid": "6649301828930466636",
                    "size": "308673982",
                    "download": "50438976"
                }
            },
            "decryptionkey": "03f51492241c99a7638aebddcfbc0c87940c9cc9e52a20a4d6dc1ae74387b3b5"
        },
        "branches": {
            "public": {
                "buildid": "17558705",
                "timeupdated": "1740857541"
            }
        }
    }
}