{
    "appid": "3155880",
    "type": "Demo",
    "name": "FUNKO FUSION Demo",
    "schinese_name": "",
    "isfreeapp": "0",
    "change_number": "26183469",
    "update_time": "2024-11-14 07:35:37",
    "depot": {
        "228989": {
            "config": {
                "oslist": "windows"
            },
            "depotfromapp": "228980",
            "sharedinstall": "1"
        },
        "228990": {
            "config": {
                "oslist": "windows"
            },
            "depotfromapp": "228980",
            "sharedinstall": "1"
        },
        "3155881": {
            "manifests": {
                "public": {
                    "gid": "3376698689034124327",
                    "size": "15063825277",
                    "download": "12787328640"
                }
            },
            "decryptionkey": "6532d5964534ae762a852425fceae48fff12a8584a302de3079ca6cf7aee868a"
        },
        "branches": {
            "public": {
                "buildid": "15458705",
                "timeupdated": "1724332284"
            }
        },
        "privatebranches": "1"
    }
}