{
    "appid": "3147000",
    "type": "Demo",
    "name": "Wish Upon A Llama Demo",
    "schinese_name": "",
    "isfreeapp": "0",
    "change_number": "26739107",
    "update_time": "2024-12-21 03:59:49",
    "depot": {
        "3147001": {
            "config": {
                "oslist": "windows,linux"
            },
            "manifests": {
                "public": {
                    "gid": "7249079797288325111",
                    "size": "693541639",
                    "download": "92222704"
                }
            },
            "decryptionkey": "7382cc056d7a328ea769e5fdfe7c72ed70dde944b06befa39eb0296cdd1b503a"
        },
        "3147002": {
            "config": {
                "oslist": "macos"
            },
            "manifests": {
                "public": {
                    "gid": "8978934066070534347",
                    "size": "694753812",
                    "download": "92282032"
                }
            },
            "decryptionkey": ""
        },
        "baselanguages": "english",
        "branches": {
            "public": {
                "buildid": "16747688",
                "timeupdated": "1734212928"
            }
        },
        "privatebranches": "1"
    }
}