{
    "appid": "3056580",
    "type": "Game",
    "name": "HEXAROMA",
    "schinese_name": "桃花源物语：建造小镇",
    "isfreeapp": "0",
    "change_number": "29016106",
    "update_time": "2025-05-16 11:42:44",
    "depot": {
        "3056581": {
            "config": {
                "oslist": "windows"
            },
            "manifests": {
                "public": {
                    "gid": "7106076938830484676",
                    "size": "680631108",
                    "download": "152100880"
                }
            },
            "decryptionkey": "b0356baaaf926fe9395c4eea611a9b4c1fd3e3a46325bf29c4522188faea319a"
        },
        "3056582": {
            "config": {
                "oslist": "macos"
            },
            "manifests": {
                "public": {
                    "gid": "4187977114042276457",
                    "size": "706715625",
                    "download": "160146880"
                }
            }
        },
        "3056583": {
            "config": {
                "oslist": "linux"
            },
            "manifests": {
                "public": {
                    "gid": "3224743982799267167",
                    "size": "693274337",
                    "download": "159276000"
                }
            }
        },
        "branches": {
            "public": {
                "buildid": "17701266",
                "timeupdated": "1741826146"
            }
        }
    }
}