{
    "appid": "3282520",
    "type": "Game",
    "name": "GARDEN&BIRD",
    "schinese_name": "花园与鸟",
    "isfreeapp": "0",
    "change_number": "28999663",
    "update_time": "2025-05-15 18:12:57",
    "depot": {
        "3282521": {
            "manifests": {
                "public": {
                    "gid": "5873500436590969931",
                    "size": "552852121",
                    "download": "129924896"
                }
            },
            "decryptionkey": "0a5454454b269380e45a9f23e3c3d6cb45070190b80b3d97654c501ad9ed5ea5"
        },
        "baselanguages": "english,schinese",
        "branches": {
            "public": {
                "buildid": "18399195",
                "timeupdated": "1746773648"
            }
        },
        "privatebranches": "1"
    }
}