{
    "appid": "3064420",
    "type": "Game",
    "name": "Innocence Or Money | Season 2 | Episode 1",
    "schinese_name": "",
    "isfreeapp": "0",
    "change_number": "28843437",
    "update_time": "2025-05-06 22:31:47",
    "depot": {
        "hasdepotsindlc": "1",
        "3064421": {
            "manifests": {
                "public": {
                    "gid": "4869280466545227257",
                    "size": "2067977716",
                    "download": "1964046480"
                }
            },
            "decryptionkey": "61618550785084e1ee20f29109f30b884ccbd8e21c82de83342fe64a11775729"
        },
        "branches": {
            "public": {
                "buildid": "15052007",
                "timeupdated": "1721148764"
            }
        }
    }
}