{
    "appid": "3039350",
    "type": "Game",
    "name": "The Mythical City 4",
    "schinese_name": "",
    "isfreeapp": "0",
    "change_number": "26074700",
    "update_time": "2024-11-07 00:26:23",
    "depot": {
        "3039351": {
            "manifests": {
                "public": {
                    "gid": "7593196498118908484",
                    "size": "218027545",
                    "download": "51418320"
                }
            },
            "decryptionkey": "6eabb1ab921fe317e1b791c636a4363737a15d49be627e83adb28a16730c0ba4"
        },
        "branches": {
            "public": {
                "buildid": "14675810",
                "timeupdated": "1718099770"
            }
        }
    }
}