{
    "appid": "3500070",
    "type": "Demo",
    "name": "PianoGlow Demo",
    "schinese_name": "",
    "isfreeapp": "0",
    "change_number": "27542309",
    "update_time": "2025-02-19 05:05:44",
    "depot": {
        "hasdepotsindlc": "0",
        "3500071": {
            "manifests": {
                "public": {
                    "gid": "533388394120367287",
                    "size": "278589839",
                    "download": "134514272"
                }
            },
            "decryptionkey": "e00ab79eb86de3f3efc5fc41f8bdb6ef9d72dcfe45ea692833af5a9c30817beb"
        },
        "branches": {
            "public": {
                "buildid": "17476782",
                "timeupdated": "1740350907"
            }
        }
    }
}