{
    "appid": "3650550",
    "type": "Game",
    "name": "PhaRaBis",
    "schinese_name": "",
    "isfreeapp": "0",
    "change_number": "28924697",
    "update_time": "2025-05-11 18:33:18",
    "depot": {
        "3650551": {
            "config": {
                "oslist": "windows",
                "osarch": "64"
            },
            "manifests": {
                "public": {
                    "gid": "3552086882989026983",
                    "size": "719650910",
                    "download": "309200960"
                }
            },
            "decryptionkey": "6fa4db918f92c2bc80bec590a1a7c1e9f871f40a7a13950f67a6d486a9bd193d"
        },
        "branches": {
            "public": {
                "buildid": "18011891",
                "timeupdated": "1744032554"
            }
        }
    }
}