{
    "appid": "3075370",
    "type": "Game",
    "name": "Crazy Islands",
    "schinese_name": "",
    "isfreeapp": "0",
    "change_number": "29006391",
    "update_time": "2025-05-16 00:01:04",
    "depot": {
        "baselanguages": "english,schinese",
        "3075379": {
            "config": {
                "oslist": "windows",
                "osarch": "64"
            },
            "manifests": {
                "public": {
                    "gid": "5738544433876877981",
                    "size": "10690515397",
                    "download": "5038199552"
                }
            },
            "decryptionkey": "5137d54b97faece43a2397dbe2bc0332b3a3a4bbd413b5641b19f4ee9d6f0832"
        },
        "branches": {
            "public": {
                "buildid": "18478663",
                "timeupdated": "1747324860"
            }
        }
    }
}