{
    "appid": "3508160",
    "type": "Demo",
    "name": "暗夜游侠 Demo",
    "schinese_name": "",
    "isfreeapp": "0",
    "change_number": "27496349",
    "update_time": "2025-02-16 02:07:00",
    "depot": {
        "3508161": {
            "manifests": {
                "public": {
                    "gid": "3017279262375786377",
                    "size": "332669213",
                    "download": "72174896"
                }
            },
            "decryptionkey": "6ec0ae0c16a41812ed95b5ea24eefec48bb20e7759aed254cc88c8d7d30d1fab"
        },
        "branches": {
            "public": {
                "buildid": "17379089",
                "timeupdated": "1739642812"
            }
        }
    }
}