{
    "appid": "3617320",
    "type": "Game",
    "name": "31 Room",
    "schinese_name": "",
    "isfreeapp": "0",
    "change_number": "28847028",
    "update_time": "2025-05-07 01:57:11",
    "depot": {
        "baselanguages": "english",
        "hasdepotsindlc": "0",
        "3617321": {
            "config": {
                "language": "english",
                "oslist": "windows",
                "osarch": "64"
            },
            "manifests": {
                "public": {
                    "gid": "5907970165501295996",
                    "size": "1640542149",
                    "download": "345619152"
                }
            },
            "decryptionkey": "b2fa95a52a2936f1f2aa6aca7b0483ab1e9ef23b608b45ede100472724339f57"
        },
        "branches": {
            "public": {
                "buildid": "18363032",
                "timeupdated": "1746553677"
            }
        }
    }
}