{
    "appid": "3126100",
    "type": "DLC",
    "name": "No More Money - Season 3",
    "schinese_name": "",
    "isfreeapp": "0",
    "change_number": "28582607",
    "update_time": "2025-04-21 19:59:10",
    "depot": {
        "3126100": {
            "config": {
                "language": "english",
                "oslist": "windows"
            },
            "dlcappid": "3126100",
            "manifests": {
                "public": {
                    "gid": "4463990761283976592",
                    "size": "2631242916",
                    "download": "2652107520"
                }
            },
            "decryptionkey": "57ab6dbc2f321409dd886084b43019685ba6c8a4733520e1d54d25d5715519cf"
        },
        "branches": {
            "public": {
                "buildid": "15458442",
                "timeupdated": "1724321294"
            }
        }
    }
}