{
    "appid": "3346800",
    "type": "Music",
    "name": "Absolute-Full-Life Soundtrack",
    "schinese_name": "",
    "isfreeapp": "0",
    "change_number": "26270128",
    "update_time": "2024-11-20 07:23:56",
    "depot": {
        "3346801": {
            "manifests": {
                "public": {
                    "gid": "5681699396727898929",
                    "size": "33956729",
                    "download": "32187504"
                }
            },
            "decryptionkey": "b88ac2d51742424e8aea2ef465b46f875cf3c14044c7fce3564feab70525f77f"
        },
        "branches": {
            "public": {
                "buildid": "16403850",
                "timeupdated": "1731576180"
            }
        }
    }
}