{
    "appid": "3400650",
    "type": "Game",
    "name": "Creepy Shift: House For Sale",
    "schinese_name": "",
    "isfreeapp": "0",
    "change_number": "29045922",
    "update_time": "2025-05-18 12:12:53",
    "depot": {
        "3400651": {
            "manifests": {
                "public": {
                    "gid": "5931662316535768478",
                    "size": "7332629174",
                    "download": "3065179088"
                }
            },
            "decryptionkey": "41d5afdb2760edcd2ed7f80f42b61c145fa9ce711b43f9fcd56ff9d63ab5587e"
        },
        "branches": {
            "public": {
                "buildid": "18158326",
                "timeupdated": "1744987685"
            }
        },
        "privatebranches": "1"
    }
}