{
    "appid": "3037410",
    "type": "Game",
    "name": "Fish Idle 2: Underwater Mystery",
    "schinese_name": "",
    "isfreeapp": "0",
    "change_number": "27425764",
    "update_time": "2025-02-12 02:38:19",
    "depot": {
        "3037411": {
            "manifests": {
                "public": {
                    "gid": "1834025347480851986",
                    "size": "167480123",
                    "download": "70296704"
                }
            },
            "decryptionkey": "9eed10fe299d3828e23f2b2bccb218676a85d92a15f24f79617985a1fe344101"
        },
        "branches": {
            "public": {
                "buildid": "16570607",
                "timeupdated": "1732821409"
            }
        },
        "privatebranches": "1"
    }
}