{
    "appid": "3008300",
    "type": "Game",
    "name": "Scotophobia",
    "schinese_name": "",
    "isfreeapp": "0",
    "change_number": "28812290",
    "update_time": "2025-05-05 02:31:59",
    "depot": {
        "3008301": {
            "manifests": {
                "public": {
                    "gid": "5557240914027877279",
                    "size": "2910749020",
                    "download": "1258703200"
                }
            },
            "decryptionkey": "d919a0047ea37e0840437a96fab8625296f47a70c125945d8c514a0fed833cb7"
        },
        "branches": {
            "public": {
                "buildid": "16182719",
                "timeupdated": "1729871627"
            }
        }
    }
}