{
    "appid": "3054620",
    "type": "DLC",
    "name": "Tavern Talk: Digital Tarot Cards - Major Arcana",
    "schinese_name": "",
    "isfreeapp": "0",
    "change_number": "24055231",
    "update_time": "2024-07-16 02:47:10",
    "depot": {
        "3054620": {
            "manifests": {
                "public": {
                    "gid": "8559985694358317510",
                    "size": "962164281",
                    "download": "961390960"
                }
            },
            "dlcappid": "3054620",
            "decryptionkey": "b059d133733f91db18eec276a0bd307e56d64efcb4341a12b8fb9a8e4d911da3"
        },
        "branches": {
            "public": {
                "buildid": "14781403",
                "timeupdated": "1718887404"
            }
        }
    }
}