{
    "appid": "3173560",
    "type": "Game",
    "name": "Anomalous Coffee Machine",
    "schinese_name": "",
    "isfreeapp": "0",
    "change_number": "29016408",
    "update_time": "2025-05-16 12:12:46",
    "depot": {
        "3173561": {
            "manifests": {
                "public": {
                    "gid": "2128070602598476264",
                    "size": "1590250472",
                    "download": "1510050032"
                }
            },
            "decryptionkey": "9cf5d3ea5288b1451038e7e924d155b3dae10b231ef5a02b19828ea14f86c7b8"
        },
        "branches": {
            "public": {
                "buildid": "18274937",
                "timeupdated": "1745944094"
            }
        }
    }
}