{
    "appid": "3130530",
    "type": "Game",
    "name": "Flame",
    "schinese_name": "",
    "isfreeapp": "0",
    "change_number": "26253459",
    "update_time": "2024-11-21 01:02:26",
    "depot": {
        "3130531": {
            "manifests": {
                "public": {
                    "gid": "4196817631595610045",
                    "size": "72369915",
                    "download": "21194928"
                }
            },
            "decryptionkey": "68fb2e4c312f58ebfc681cef51cc4d1f8c48aa8d060f922fba8b71b0ca873739"
        },
        "branches": {
            "public": {
                "buildid": "15149887",
                "timeupdated": "1721908377"
            }
        }
    },
    "access_token": 12488710570127265491
}