{
    "appid": "3555640",
    "type": "Music",
    "name": "Wings of Endless Soundtrack",
    "schinese_name": "",
    "isfreeapp": "0",
    "change_number": "28885110",
    "update_time": "2025-05-08 23:33:14",
    "depot": {
        "3555641": {
            "manifests": {
                "public": {
                    "gid": "2280432759051672081",
                    "size": "131764084",
                    "download": "129505520"
                }
            },
            "decryptionkey": "22da90e4ced1606ca41f5a1fa3d16953f0841e3ce7fb91204ae7f74fe12020e2"
        },
        "branches": {
            "public": {
                "buildid": "17484072",
                "timeupdated": "1740404552"
            }
        }
    }
}