{
    "appid": "3107900",
    "type": "Game",
    "name": "LiminalCore",
    "schinese_name": "",
    "isfreeapp": "0",
    "change_number": "29016213",
    "update_time": "2025-05-16 11:54:51",
    "depot": {
        "228989": {
            "config": {
                "oslist": "windows"
            },
            "depotfromapp": "228980",
            "sharedinstall": "1"
        },
        "228990": {
            "config": {
                "oslist": "windows"
            },
            "depotfromapp": "228980",
            "sharedinstall": "1"
        },
        "3107901": {
            "manifests": {
                "public": {
                    "gid": "3972553323386664832",
                    "size": "3495699025",
                    "download": "3348437088"
                }
            },
            "decryptionkey": "e0723f8c9636b7d5f93aec64c72a517a59620110fc343891aa0e6f1ae5c1d7fa"
        },
        "branches": {
            "public": {
                "buildid": "16274898",
                "timeupdated": "1730560240"
            }
        },
        "privatebranches": "1"
    }
}