{
    "appid": "3221140",
    "type": "Demo",
    "name": "Mini City: Mayhem Demo",
    "schinese_name": "迷你城市 试玩版",
    "isfreeapp": "0",
    "change_number": "27511490",
    "update_time": "2025-02-17 16:05:42",
    "depot": {
        "3221141": {
            "manifests": {
                "public": {
                    "gid": "8504767900092862088",
                    "size": "1080107475",
                    "download": "387347600"
                }
            },
            "decryptionkey": "4dc72e462700b3dfb234c6b63670ace5beec716ab5f30c7096be66f0ecb41431"
        },
        "3221142": {
            "config": {
                "oslist": "macos"
            },
            "manifests": {
                "public": {
                    "gid": "1194232530470880703",
                    "size": "1104386367",
                    "download": "394543024"
                }
            },
            "decryptionkey": ""
        },
        "3221143": {
            "config": {
                "oslist": "linux"
            },
            "manifests": {
                "public": {
                    "gid": "2238432180025464145",
                    "size": "1081648666",
                    "download": "387542704"
                }
            },
            "decryptionkey": ""
        },
        "branches": {
            "public": {
                "buildid": "17346621",
                "timeupdated": "1739422043"
            }
        }
    }
}