{
    "appid": "3088410",
    "type": "Game",
    "name": "7th Domain:Tree of Chaos",
    "schinese_name": "七度荒域：混沌之树",
    "isfreeapp": "0",
    "change_number": "28927120",
    "update_time": "2025-05-12 00:35:31",
    "depot": {
        "3088411": {
            "manifests": {
                "public": {
                    "gid": "6873379253025870342",
                    "size": "1963802933",
                    "download": "1397068784"
                }
            },
            "decryptionkey": "2d535f711e664042597e20630e89eaac1bf116c7f1aa74098c9bb939f366ee6c"
        },
        "branches": {
            "public": {
                "buildid": "18050505",
                "timeupdated": "1744255980"
            }
        }
    }
}