{
    "appid": "3427620",
    "type": "Game",
    "name": "Locked in Temptation",
    "schinese_name": "",
    "isfreeapp": "0",
    "change_number": "29016664",
    "update_time": "2025-05-16 12:42:47",
    "depot": {
        "3427621": {
            "manifests": {
                "public": {
                    "gid": "6971981775118530302",
                    "size": "1030431269",
                    "download": "891101216"
                }
            },
            "decryptionkey": "80c213b42de11f37c994633ad9882cd7f2d37ae3bfd332d851c4dda7cc034283"
        },
        "3456670": {
            "dlcappid": "3456670",
            "manifests": {
                "public": {
                    "gid": "5923593362232321389",
                    "size": "516474",
                    "download": "372256"
                }
            },
            "decryptionkey": ""
        },
        "3456430": {
            "dlcappid": "3456430",
            "manifests": {
                "public": {
                    "gid": "7549275676600611251",
                    "size": "419622236",
                    "download": "414555632"
                }
            },
            "decryptionkey": ""
        },
        "branches": {
            "public": {
                "buildid": "18026961",
                "timeupdated": "1744120669"
            }
        },
        "privatebranches": "1"
    }
}