{
    "appid": "3079420",
    "type": "Game",
    "name": "3D PUZZLE - Flooded Grounds",
    "schinese_name": "",
    "isfreeapp": "0",
    "change_number": "28366689",
    "update_time": "2025-04-08 21:44:34",
    "depot": {
        "3079421": {
            "manifests": {
                "public": {
                    "gid": "8352578521272220551",
                    "size": "2849346750",
                    "download": "357664512"
                }
            },
            "decryptionkey": "b9c4a1cbbf813531ce6add0c3a425226e35d190cde5ede94ed046c08e3e3b350"
        },
        "branches": {
            "public": {
                "buildid": "15042406",
                "timeupdated": "1721083845"
            }
        }
    }
}