{
    "appid": "3500560",
    "type": "Music",
    "name": "PERIOD SURVIVAL Soundtrack",
    "schinese_name": "",
    "isfreeapp": "0",
    "change_number": "27299838",
    "update_time": "2025-02-04 10:14:07",
    "depot": {
        "3500561": {
            "manifests": {
                "public": {
                    "gid": "1964680904449975254",
                    "size": "246474217",
                    "download": "241099072"
                }
            },
            "decryptionkey": "9b8671b80b419d31bdb3b6982c513b4c7f8cc67fa0ba1e1a2671d3b91e814051"
        },
        "branches": {
            "public": {
                "buildid": "17192795",
                "timeupdated": "1738288241"
            }
        }
    }
}