{
    "appid": "3133040",
    "type": "Demo",
    "name": "Lost Lullabies: The Orphanage Chronicles Demo",
    "schinese_name": "",
    "isfreeapp": "0",
    "change_number": "27037881",
    "update_time": "2025-01-17 14:53:42",
    "depot": {
        "baselanguages": "english",
        "3133041": {
            "config": {
                "language": "english"
            },
            "manifests": {
                "public": {
                    "gid": "8104727808545670066",
                    "size": "3875019025",
                    "download": "1525865552"
                }
            },
            "decryptionkey": "37e5eaf3a4a72dddb720454ca44f7303b605ba6b5ebcfb994bba580a52b722b3"
        },
        "branches": {
            "public": {
                "buildid": "16423037",
                "timeupdated": "1731688875"
            }
        },
        "privatebranches": "1"
    }
}