{
    "appid": "2994170",
    "type": "Demo",
    "name": "Undusted: Letters from the Past Demo",
    "schinese_name": "",
    "isfreeapp": "0",
    "change_number": "27341375",
    "update_time": "2025-02-06 16:58:48",
    "depot": {
        "2994171": {
            "config": {
                "oslist": "windows,linux"
            },
            "manifests": {
                "public": {
                    "gid": "4445297557130557950",
                    "size": "455530813",
                    "download": "117736320"
                }
            },
            "decryptionkey": "87fd96ddc75298549ae69c5e0c16e71c958a3f6fd09696b5887e6d8e64c65606"
        },
        "2994172": {
            "config": {
                "oslist": "macos"
            },
            "manifests": {
                "public": {
                    "gid": "8670535473424297285",
                    "size": "477610182",
                    "download": "123916224"
                }
            },
            "decryptionkey": ""
        },
        "branches": {
            "public": {
                "buildid": "15428715",
                "timeupdated": "1724121087"
            }
        },
        "privatebranches": "1"
    }
}