{
    "appid": "3116270",
    "type": "Beta",
    "name": "WarKlinika Playtest",
    "schinese_name": "",
    "isfreeapp": "0",
    "change_number": "25490247",
    "update_time": "2024-10-02 14:16:18",
    "depot": {
        "3116271": {
            "manifests": {
                "public": {
                    "gid": "7877549527734144285",
                    "size": "179850998",
                    "download": "36287696"
                }
            },
            "decryptionkey": "4ec52d5456dfa2dc9fa64b4f2328eee88ce82bf7fd3c89ae1efd62c390a5f1c8"
        },
        "baselanguages": "english",
        "branches": {
            "public": {
                "buildid": "15803986",
                "timeupdated": "1727156070"
            }
        }
    }
}