{
    "appid": "2943280",
    "type": "Game",
    "name": "Dustland Delivery",
    "schinese_name": "",
    "isfreeapp": "0",
    "change_number": "29015434",
    "update_time": "2025-05-16 10:42:45",
    "depot": {
        "workshopdepot": "2943280",
        "2943281": {
            "manifests": {
                "public": {
                    "gid": "8809954385861274704",
                    "size": "2082814783",
                    "download": "221003408"
                }
            },
            "decryptionkey": "21e8caf4a1bbff8f83e2f1d46bdf17045d0466e7c9a319a99094e0bcd945b6d6"
        },
        "3404490": {
            "dlcappid": "3404490",
            "manifests": {
                "public": {
                    "gid": "7445555900968182339",
                    "size": "2082814783",
                    "download": "221080224"
                }
            },
            "decryptionkey": "631ba94966307eed6f069d2207d3148395e38f7ae53b2bf8b5e55e4d422062c6"
        },
        "3559340": {
            "dlcappid": "3559340",
            "manifests": {
                "public": {
                    "gid": "6079575378212555848",
                    "size": "2082814783",
                    "download": "221047584"
                }
            },
            "decryptionkey": "f02790760e408469ab1876819a79a8c300be8458df2bf791add6694342e7f3b3"
        },
        "branches": {
            "public": {
                "buildid": "18400505",
                "timeupdated": "1746781877"
            }
        },
        "privatebranches": "1",
        "workshopdepotdecryptionkey": "3fd6706679ae960de6f43fda378d858ab1639ffa64e05d927c43530ced5b6a58"
    }
}