{
    "appid": "3190470",
    "type": "Music",
    "name": "二战前线合集 Soundtrack",
    "schinese_name": "二战前线合集原声音乐集",
    "isfreeapp": "0",
    "change_number": "28138716",
    "update_time": "2025-03-26 06:36:16",
    "depot": {
        "3190471": {
            "manifests": {
                "public": {
                    "gid": "7612976403167082249",
                    "size": "34821537",
                    "download": "34142704"
                }
            },
            "decryptionkey": "1e99918419d4bb9fe95bdeaed7233f0c7804aa47710a271ba30c9f7ce09a80bf"
        },
        "branches": {
            "public": {
                "buildid": "15613957",
                "timeupdated": "1725613818"
            }
        }
    }
}