{
    "appid": "3354680",
    "type": "DLC",
    "name": "Beat Saber - Metallica - One",
    "schinese_name": "",
    "isfreeapp": "0",
    "change_number": "26577848",
    "update_time": "2024-12-10 23:45:25",
    "depot": {
        "3354680": {
            "manifests": {
                "public": {
                    "gid": "2810401808092777158",
                    "size": "26147835",
                    "download": "26505664"
                }
            },
            "dlcappid": "3354680",
            "decryptionkey": "db60d605031c25897883d11ce16cd83a4e7f1870accc42c3032b4f2e28c62827"
        },
        "branches": {
            "public": {
                "buildid": "16579884",
                "timeupdated": "1732891106"
            }
        }
    }
}