{
    "appid": "3069120",
    "type": "Game",
    "name": "不恋爱就完蛋了Love Curse: Find Your Soulmate",
    "schinese_name": "不恋爱就完蛋了",
    "isfreeapp": "0",
    "change_number": "29016036",
    "update_time": "2025-05-16 11:36:51",
    "depot": {
        "baselanguages": "english,schinese",
        "3069121": {
            "manifests": {
                "public": {
                    "gid": "1510800488924231450",
                    "size": "1184397153",
                    "download": "888538992"
                }
            },
            "decryptionkey": "6c732b4ed048dcfd3e6058463893d907004b54c5ebcd916c9e3088778a62070d"
        },
        "branches": {
            "public": {
                "buildid": "18453168",
                "timeupdated": "1747187111"
            }
        }
    }
}