{
    "appid": "3585210",
    "type": "Game",
    "name": "你的老奶",
    "schinese_name": "你的老奶",
    "isfreeapp": "0",
    "change_number": "28708819",
    "update_time": "2025-04-28 23:08:43",
    "depot": {
        "3585211": {
            "manifests": {
                "public": {
                    "gid": "5426143256879907815",
                    "size": "619160503",
                    "download": "509264368"
                }
            },
            "decryptionkey": "d06c8a512aa857710484e5b952e85b3b0885ec68009e4037c53a471eee2ea901"
        },
        "branches": {
            "public": {
                "buildid": "18088201",
                "timeupdated": "1745852919"
            }
        }
    }
}