{
    "appid": "2976560",
    "type": "Demo",
    "name": "Innocent Grape Demo",
    "schinese_name": "",
    "isfreeapp": "0",
    "change_number": "24070971",
    "update_time": "2024-07-16 02:47:06",
    "depot": {
        "2976561": {
            "manifests": {
                "public": {
                    "gid": "7055458830121850680",
                    "size": "240633063",
                    "download": "183094896"
                }
            },
            "decryptionkey": "90e2b4eb3c0943a41ec5e5c5e02b4690d1f9fed54cc7bd2b66ff2a528ece3dba"
        },
        "branches": {
            "public": {
                "buildid": "14663794",
                "timeupdated": "1718021256"
            }
        }
    }
}