{
    "appid": "3002840",
    "type": "Game",
    "name": "荒古战纪",
    "schinese_name": "",
    "isfreeapp": "0",
    "change_number": "27268868",
    "update_time": "2025-02-01 21:58:27",
    "depot": {
        "baselanguages": "schinese",
        "3376090": {
            "dlcappid": "3376090"
        },
        "3002841": {
            "manifests": {
                "public": {
                    "gid": "5943634284002385029",
                    "size": "906709525",
                    "download": "748950992"
                }
            },
            "decryptionkey": "57fd236558f445c8fe3d0673a0d476bc2633a0e29ed3b80bf6a5a11243b0c535"
        },
        "3002844": {
            "manifests": {
                "public": {
                    "gid": "5134521319041713536",
                    "size": "906710311",
                    "download": "748951024"
                }
            },
            "decryptionkey": "00522ae04e42a428399b6dac84dd753311ce72d213ccbb54e3dd6aeb30bd130c"
        },
        "3002842": {
            "manifests": {
                "public": {
                    "gid": "6112118499851454334",
                    "size": "917675309",
                    "download": "758778544"
                }
            },
            "decryptionkey": "5df9dfa525fea7370c26350d27b023fc61b9a22f79f828fa727c7c2feaefc6c9"
        },
        "3002843": {
            "manifests": {
                "public": {
                    "gid": "5207643083071780280",
                    "size": "917675481",
                    "download": "758778544"
                }
            },
            "decryptionkey": "10d14b7c5fd13083e01c8772113e2a211485f70a07accf69d86d053576e6c802"
        },
        "branches": {
            "public": {
                "buildid": "17210256",
                "timeupdated": "1738418303"
            }
        }
    }
}