{
    "appid": "3145520",
    "type": "Game",
    "name": "Look or Die",
    "schinese_name": "",
    "isfreeapp": "0",
    "change_number": "27112455",
    "update_time": "2025-01-22 21:27:52",
    "depot": {
        "3145521": {
            "config": {
                "oslist": "windows"
            },
            "manifests": {
                "public": {
                    "gid": "1808367726696501601",
                    "size": "2344450052",
                    "download": "840770256"
                }
            },
            "decryptionkey": "a5904b4821ed99aabff42c504bcc57a2229d9a70c95c87f183c30c12f61abe5e"
        },
        "branches": {
            "public": {
                "buildid": "16973739",
                "timeupdated": "1736588552"
            }
        }
    }
}