{
    "appid": "3090080",
    "type": "Game",
    "name": "与美女合租的99种死法",
    "schinese_name": "",
    "isfreeapp": "0",
    "change_number": "29031252",
    "update_time": "2025-05-17 03:13:58",
    "depot": {
        "baselanguages": "schinese",
        "hasdepotsindlc": "0",
        "3090081": {
            "config": {
                "oslist": "windows"
            },
            "manifests": {
                "public": {
                    "gid": "4534910067840613473",
                    "size": "35121926906",
                    "download": "35392463088"
                }
            },
            "decryptionkey": "adcba58ecfd597611114c32dc3b3bc16220ca21ad91d1e39086760ec809eb433"
        },
        "3090082": {
            "config": {
                "oslist": "macos"
            },
            "manifests": {
                "public": {
                    "gid": "277930223877151426",
                    "size": "36016023201",
                    "download": "35434778528"
                }
            },
            "decryptionkey": "b24027a72013c63c904c6f1bb5ba9665ef670dc78cd9b83d45e78ee575caac17"
        },
        "3090083": {
            "config": {
                "oslist": "windows"
            },
            "manifests": {
                "public": {
                    "gid": "230878767491146704",
                    "size": "35121926906",
                    "download": "35392380352"
                }
            },
            "decryptionkey": ""
        },
        "3090084": {
            "config": {
                "oslist": "macos"
            },
            "manifests": {
                "public": {
                    "gid": "5384569342073310578",
                    "size": "36016023201",
                    "download": "35434786656"
                }
            }
        },
        "branches": {
            "public": {
                "buildid": "18254143",
                "timeupdated": "1745734901"
            }
        },
        "privatebranches": "1"
    }
}