{
    "appid": "3201360",
    "type": "Game",
    "name": "Miss！Don't Affect my Rank",
    "schinese_name": "小姐！别耽误我上分！",
    "isfreeapp": "0",
    "change_number": "28967695",
    "update_time": "2025-05-14 04:02:43",
    "depot": {
        "baselanguages": "english,german,french,italian,koreana,spanish,schinese,tchinese,russian,japanese,turkish,arabic",
        "3201361": {
            "config": {
                "oslist": "windows"
            },
            "manifests": {
                "public": {
                    "gid": "1227519559801707542",
                    "size": "6786453606",
                    "download": "1605704144"
                }
            },
            "decryptionkey": "804bd2d633af4561c3aca312d1b02d20058ab0f23421179886c81a8657cea48d"
        },
        "3201362": {
            "config": {
                "oslist": "macos"
            },
            "manifests": {
                "public": {
                    "gid": "948972126985275796",
                    "size": "6777572202",
                    "download": "881569008"
                }
            },
            "decryptionkey": "b9ee9b14dfe8f90ed197ee8a65334198fced4378e87ff8b054632427b94e1492"
        },
        "hasdepotsindlc": "0",
        "branches": {
            "public": {
                "buildid": "17892096",
                "timeupdated": "1743142676"
            }
        },
        "privatebranches": "1"
    }
}