{
    "appid": "3424640",
    "type": "Music",
    "name": "ENDER MAGNOLIA: Bloom in the Mist Soundtrack",
    "schinese_name": "",
    "isfreeapp": "0",
    "change_number": "28886168",
    "update_time": "2025-05-09 00:30:51",
    "depot": {
        "3424641": {
            "manifests": {
                "public": {
                    "gid": "2861483265822082219",
                    "size": "256234047",
                    "download": "256287312"
                }
            },
            "decryptionkey": "1b146a452619aa3d68065cfed55c65076107684de35d6068978676706ed2a50d"
        },
        "3424642": {
            "config": {
                "highqualityaudio": "1"
            },
            "manifests": {
                "public": {
                    "gid": "7955387393728224548",
                    "size": "1436886094",
                    "download": "1209879840"
                }
            },
            "decryptionkey": "5d45581c14f35a81d73c38d8e575827335a8c071de0f48541ed28cf67cc4b3b9"
        },
        "branches": {
            "public": {
                "buildid": "17026283",
                "timeupdated": "1737030253"
            }
        }
    }
}