{
    "appid": "3511030",
    "type": "Game",
    "name": "Mini Cozy Room: Lo-Fi",
    "schinese_name": "迷你舒适房间：Lo-Fi",
    "isfreeapp": "0",
    "change_number": "29038073",
    "update_time": "2025-05-17 16:12:07",
    "depot": {
        "3511031": {
            "config": {
                "oslist": "windows"
            },
            "manifests": {
                "public": {
                    "gid": "1394111652370661826",
                    "size": "1407320352",
                    "download": "905033776"
                }
            },
            "decryptionkey": "63addeb1d4c130a0b8466195c15f7c8def157b2fa9b87d815b009f6e1f3b3f54"
        },
        "baselanguages": "english,german,french,italian,koreana,spanish,schinese,tchinese,russian,japanese,brazilian",
        "branches": {
            "public": {
                "buildid": "18445007",
                "timeupdated": "1747143950"
            }
        },
        "privatebranches": "1"
    }
}