{
    "appid": "2945990",
    "type": "Game",
    "name": "Mr. Hopp's Playhouse HD",
    "schinese_name": "",
    "isfreeapp": "0",
    "change_number": "28425473",
    "update_time": "2025-04-11 17:10:14",
    "depot": {
        "2945991": {
            "config": {
                "oslist": "windows",
                "osarch": "64"
            },
            "manifests": {
                "public": {
                    "gid": "8883535614672867259",
                    "size": "121910595",
                    "download": "114613840"
                }
            },
            "decryptionkey": "2f003a6f8510c33eba2870c825dcae9b5b882fff569e0deaa33334a0c962902c"
        },
        "branches": {
            "public": {
                "buildid": "14440999",
                "timeupdated": "1716290580"
            }
        }
    }
}