{
    "appid": "3123800",
    "type": "Game",
    "name": "Tempest Tower",
    "schinese_name": "风暴要塞",
    "isfreeapp": "0",
    "change_number": "29025863",
    "update_time": "2025-05-16 22:08:23",
    "depot": {
        "3123801": {
            "manifests": {
                "public": {
                    "gid": "6656004351094626534",
                    "size": "723080522",
                    "download": "442472544"
                }
            },
            "decryptionkey": "d4d07961d30d611a21bbf1f251a1a767510bf612179f9babf07d25da543f4c46"
        },
        "branches": {
            "public": {
                "buildid": "18322397",
                "timeupdated": "1746203556"
            }
        },
        "privatebranches": "1"
    }
}