{
    "appid": "3415760",
    "type": "Game",
    "name": "Reincarnation in another world going to rape All NPCs VR",
    "schinese_name": "",
    "isfreeapp": "0",
    "change_number": "29044776",
    "update_time": "2025-05-18 08:15:42",
    "depot": {
        "3415761": {
            "manifests": {
                "public": {
                    "gid": "6665019695298157125",
                    "size": "1071741098",
                    "download": "247860016"
                }
            },
            "decryptionkey": "5289120faeec6c3c1995ca97a33e6faf436384ec03790498075988e2aab30274"
        },
        "branches": {
            "public": {
                "buildid": "18309970",
                "timeupdated": "1746108042"
            }
        }
    }
}