{
    "appid": "3070140",
    "type": "Demo",
    "name": "Red Door, Yellow Door Demo",
    "schinese_name": "",
    "isfreeapp": "0",
    "change_number": "24431393",
    "update_time": "2024-07-19 20:04:23",
    "depot": {
        "3070141": {
            "manifests": {
                "public": {
                    "gid": "638747177499245791",
                    "size": "654192663",
                    "download": "561541392"
                }
            },
            "decryptionkey": "94c8e962316164ad4a457f02dec31c9e40b7c288d81787cdbd89ecdff738f4bb"
        },
        "baselanguages": "english,latam",
        "branches": {
            "public": {
                "buildid": "14805232",
                "timeupdated": "1719073922"
            }
        }
    }
}