{
    "appid": "3259820",
    "type": "Demo",
    "name": "Alice's World Demo",
    "schinese_name": "",
    "isfreeapp": "0",
    "change_number": "27420092",
    "update_time": "2025-02-11 20:58:52",
    "depot": {
        "3259821": {
            "manifests": {
                "public": {
                    "gid": "6946705972529352084",
                    "size": "1455994697",
                    "download": "999469344"
                }
            },
            "decryptionkey": "b507966f06d52a4a501908ed16f7abdc87305dc68d9ce6ccb525f68c6771e890"
        },
        "branches": {
            "public": {
                "buildid": "16174861",
                "timeupdated": "1729827572"
            }
        }
    }
}