{
    "appid": "2959700",
    "type": "Demo",
    "name": "みんなと街コロ Demo",
    "schinese_name": "大家一起 骰子街 Demo",
    "isfreeapp": "0",
    "change_number": "24565132",
    "update_time": "2024-07-30 09:55:45",
    "depot": {
        "2959701": {
            "manifests": {
                "public": {
                    "gid": "5807029314450838935",
                    "size": "1766006760",
                    "download": "429348960"
                }
            },
            "decryptionkey": "4ed0b9e44bbd3992cedf402029f5b8f27134c05a18f222483ac9832115c2397e"
        },
        "branches": {
            "public": {
                "buildid": "14463177",
                "timeupdated": "1716435578"
            }
        },
        "privatebranches": "1"
    }
}