{
    "appid": "3043540",
    "type": "Game",
    "name": "Mazzle",
    "schinese_name": "",
    "isfreeapp": "0",
    "change_number": "28628428",
    "update_time": "2025-04-24 02:42:05",
    "depot": {
        "3043541": {
            "manifests": {
                "public": {
                    "gid": "109755577863409466",
                    "size": "764555318",
                    "download": "763585408"
                }
            },
            "decryptionkey": "4155068577743e8384233f85dbf789457a578b7e91f6d4c3ac043a6f4a2d8e97"
        },
        "baselanguages": "english",
        "branches": {
            "public": {
                "buildid": "15030896",
                "timeupdated": "1720995456"
            }
        }
    }
}