{
    "appid": "3430220",
    "type": "DLC",
    "name": "Hentai Stories - Hot Animations Pack",
    "schinese_name": "",
    "isfreeapp": "0",
    "change_number": "27482486",
    "update_time": "2025-02-14 23:52:34",
    "depot": {
        "3430220": {
            "manifests": {
                "public": {
                    "gid": "4529926821017645888",
                    "size": "2284519555",
                    "download": "2313995856"
                }
            },
            "dlcappid": "3430220",
            "decryptionkey": "280149ac8a063c5ef08cfb592a699a092ec6ddaa977512503e7a6187931fd0ab"
        },
        "branches": {
            "public": {
                "buildid": "17322558",
                "timeupdated": "1739284183"
            }
        }
    }
}