{
    "appid": "3359370",
    "type": "Game",
    "name": "Lands of Rumour",
    "schinese_name": "",
    "isfreeapp": "0",
    "change_number": "28638038",
    "update_time": "2025-04-24 14:57:10",
    "depot": {
        "3359371": {
            "manifests": {
                "public": {
                    "gid": "453982436213792727",
                    "size": "178848535",
                    "download": "72807584"
                }
            },
            "decryptionkey": "b078ae84f2aaf7782c8db7545ab013a735e480db935fbf4cf325fbbdc4027461"
        },
        "branches": {
            "public": {
                "buildid": "17971196",
                "timeupdated": "1743689313"
            }
        },
        "privatebranches": "1"
    }
}