{
    "appid": "3164420",
    "type": "Demo",
    "name": "Skill Legends Royale Demo",
    "schinese_name": "选技大乱斗 Demo",
    "isfreeapp": "0",
    "change_number": "26183469",
    "update_time": "2024-11-14 07:36:02",
    "depot": {
        "baselanguages": "english",
        "3164421": {
            "config": {
                "oslist": "windows",
                "osarch": "64"
            },
            "manifests": {
                "public": {
                    "gid": "4083201909493935465",
                    "size": "451447912",
                    "download": "341539248"
                }
            },
            "decryptionkey": "4add4cd81c15e55bbc2bd00ef8bc0088c4f96df1749911b8fe21f3b9ce2622e5"
        },
        "branches": {
            "public": {
                "buildid": "16285482",
                "timeupdated": "1730772032"
            }
        },
        "privatebranches": "1"
    }
}