{
    "appid": "3340480",
    "type": "Demo",
    "name": "Let's Build a Dungeon Demo",
    "schinese_name": "",
    "isfreeapp": "0",
    "change_number": "27181776",
    "update_time": "2025-01-27 19:27:42",
    "depot": {
        "3340481": {
            "manifests": {
                "public": {
                    "gid": "7880322209175875206",
                    "size": "1942266395",
                    "download": "1101716944"
                },
                "linux": {
                    "gid": "2899290282447583698",
                    "size": "1860589056",
                    "download": "1051873088"
                }
            },
            "decryptionkey": "4248ad4d4357506ffc7c6d4cb707c2334ad26ddfb0e5702bf01cd7b003363231"
        },
        "3340482": {
            "config": {
                "steamdeck": "1"
            },
            "manifests": {
                "public": {
                    "gid": "6784749600594534179",
                    "size": "571794493",
                    "download": "553603120"
                },
                "linux": {
                    "gid": "6784749600594534179",
                    "size": "571794493",
                    "download": "553603120"
                }
            },
            "decryptionkey": ""
        },
        "branches": {
            "public": {
                "buildid": "16719160",
                "timeupdated": "1733997189"
            },
            "linux": {
                "buildid": "16831749",
                "description": "linux branch",
                "timeupdated": "1734919385"
            }
        },
        "privatebranches": "1"
    }
}