{
    "appid": "3268100",
    "type": "Demo",
    "name": "Finnish Cabin Mayhem Demo",
    "schinese_name": "",
    "isfreeapp": "0",
    "change_number": "26240657",
    "update_time": "2024-11-18 16:17:48",
    "depot": {
        "228989": {
            "config": {
                "oslist": "windows"
            },
            "depotfromapp": "228980",
            "sharedinstall": "1"
        },
        "228990": {
            "config": {
                "oslist": "windows"
            },
            "depotfromapp": "228980",
            "sharedinstall": "1"
        },
        "3268101": {
            "manifests": {
                "public": {
                    "gid": "697821931825140029",
                    "size": "4583539743",
                    "download": "4382369984"
                }
            },
            "decryptionkey": "e18fa82c012de75adb0a9a3ee036a0b17f74ef3d3bedb89b5d17783df18fab48"
        },
        "branches": {
            "public": {
                "buildid": "16441336",
                "timeupdated": "1731917866"
            }
        },
        "privatebranches": "1"
    }
}