{
    "appid": "3422670",
    "type": "Demo",
    "name": "FlowerBots Demo",
    "schinese_name": "",
    "isfreeapp": "0",
    "change_number": "27530045",
    "update_time": "2025-02-18 16:15:13",
    "depot": {
        "3422671": {
            "manifests": {
                "public": {
                    "gid": "6724782756451480120",
                    "size": "193911911",
                    "download": "52456688"
                }
            },
            "decryptionkey": "0b847c336b25be24b12ab97d0938ed7e35720f755f14a7d9249681a51c6b59d6"
        },
        "branches": {
            "public": {
                "buildid": "17474387",
                "timeupdated": "1740326491"
            }
        },
        "privatebranches": "1"
    }
}