{
    "appid": "3274450",
    "type": "Demo",
    "name": "An Other Golf Game Demo",
    "schinese_name": "",
    "isfreeapp": "0",
    "change_number": "26063137",
    "update_time": "2024-11-06 07:20:00",
    "depot": {
        "3274451": {
            "manifests": {
                "public": {
                    "gid": "5083552520973383791",
                    "size": "3563387770",
                    "download": "1113245808"
                }
            },
            "decryptionkey": "ac0244e02466197d1507d4dca8b1e93f86d4a4537b583b3803685a55395526ad"
        },
        "branches": {
            "public": {
                "buildid": "16076106",
                "timeupdated": "1729143609"
            }
        }
    }
}