{
    "appid": "3125830",
    "type": "Game",
    "name": "The Killer",
    "schinese_name": "",
    "isfreeapp": "0",
    "change_number": "28457894",
    "update_time": "2025-04-14 08:06:33",
    "depot": {
        "3125831": {
            "manifests": {
                "public": {
                    "gid": "875820947964732335",
                    "size": "605870888",
                    "download": "218888912"
                }
            },
            "decryptionkey": "50b79b562cdedfcef808ab8c1ec01d1a67793e9626dd565c42982db1394dc054"
        },
        "branches": {
            "public": {
                "buildid": "15301667",
                "timeupdated": "1723106613"
            }
        }
    }
}