{
    "appid": "2969040",
    "type": "Game",
    "name": "Roulette Simulator 2025",
    "schinese_name": "",
    "isfreeapp": "0",
    "change_number": "23550223",
    "update_time": "2024-05-27 08:09:11",
    "depot": {
        "2969041": {
            "manifests": {
                "public": {
                    "gid": "5456111593286186140",
                    "size": "1620245163",
                    "download": "680062352"
                }
            },
            "decryptionkey": "7501909d69280100ad77d6da5c054faf5eff823bf3d020be9c77136e3ed43c57"
        },
        "baselanguages": "english",
        "branches": {
            "public": {
                "buildid": "14353902",
                "timeupdated": "1715631393"
            }
        }
    }
}