{
    "appid": "3089910",
    "type": "Music",
    "name": "Ready or Not: Official Soundtrack",
    "schinese_name": "",
    "isfreeapp": "0",
    "change_number": "28545272",
    "update_time": "2025-04-18 16:01:07",
    "depot": {
        "3089911": {
            "manifests": {
                "public": {
                    "gid": "6229163073173979005",
                    "size": "398322021",
                    "download": "269993776"
                }
            },
            "decryptionkey": "ad6e74ede75aba32203a011af40c506a771be84256f15775efce310170c4676c"
        },
        "3089912": {
            "config": {
                "highqualityaudio": "1"
            },
            "manifests": {
                "public": {
                    "gid": "1071123769281934173",
                    "size": "1463190771",
                    "download": "1479900080"
                }
            },
            "decryptionkey": "cd045276bbdda167270fd46f0b129a781e705003f2af095fe71bec217d065b95"
        },
        "branches": {
            "public": {
                "buildid": "15131499",
                "timeupdated": "1721782580"
            }
        }
    }
}