{
    "appid": "2977520",
    "type": "Demo",
    "name": "Big Helmet Heroes Demo",
    "schinese_name": "",
    "isfreeapp": "0",
    "change_number": "28127314",
    "update_time": "2025-03-25 18:34:18",
    "depot": {
        "228989": {
            "config": {
                "oslist": "windows"
            },
            "depotfromapp": "228980",
            "sharedinstall": "1"
        },
        "228990": {
            "config": {
                "oslist": "windows"
            },
            "depotfromapp": "228980",
            "sharedinstall": "1"
        },
        "2977521": {
            "manifests": {
                "public": {
                    "gid": "6436404434250074148",
                    "size": "3583587509",
                    "download": "3176135456"
                }
            },
            "decryptionkey": "9aa296f8f00d78996eeb6c2e211570a9ccf1a8f6f378a65f2d8d97129b4a74fc"
        },
        "branches": {
            "public": {
                "buildid": "17520405",
                "timeupdated": "1740672040"
            }
        },
        "privatebranches": "1"
    }
}