{
    "appid": "3129540",
    "type": "Music",
    "name": "REYNATIS - Soundtrack",
    "schinese_name": "",
    "isfreeapp": "0",
    "change_number": "28257225",
    "update_time": "2025-04-02 06:47:13",
    "depot": {
        "3129541": {
            "manifests": {
                "public": {
                    "gid": "1848737527836492973",
                    "size": "34134255",
                    "download": "33932880"
                }
            },
            "decryptionkey": "53018f92153d7f2af370aa5f7a096c630696dfe9e2feb6d1052a505a5de32d32"
        },
        "3129542": {
            "config": {
                "highqualityaudio": "1"
            },
            "manifests": {
                "public": {
                    "gid": "6769613233641080639",
                    "size": "355719145",
                    "download": "360363040"
                }
            },
            "decryptionkey": "c0cc048169e0837a77301df6e1860d89281eac075b89d61358bbeebcdc42880e"
        },
        "branches": {
            "public": {
                "buildid": "15524127",
                "timeupdated": "1724883562"
            }
        }
    },
    "access_token": 9059495116188881920
}