{
    "appid": "3075280",
    "type": "Beta",
    "name": "Backrooms Media Playtest",
    "schinese_name": "",
    "isfreeapp": "0",
    "change_number": "27980487",
    "update_time": "2025-03-16 19:56:28",
    "depot": {
        "228989": {
            "config": {
                "oslist": "windows"
            },
            "depotfromapp": "228980",
            "sharedinstall": "1"
        },
        "228990": {
            "config": {
                "oslist": "windows"
            },
            "depotfromapp": "228980",
            "sharedinstall": "1"
        },
        "229007": {
            "config": {
                "oslist": "windows"
            },
            "depotfromapp": "228980",
            "sharedinstall": "1"
        },
        "3075281": {
            "config": {
                "oslist": "windows",
                "osarch": "64"
            },
            "manifests": {
                "public": {
                    "gid": "5119360300735374022",
                    "size": "2144981393",
                    "download": "1796654944"
                }
            },
            "decryptionkey": "ad6c4f3d8e2bb49dded3141d6a804b43ba21690c85453246430c577812cd26d8"
        },
        "branches": {
            "public": {
                "buildid": "17580035",
                "timeupdated": "1741037590"
            }
        }
    }
}