{
    "appid": "3309240",
    "type": "Game",
    "name": "Creeping Clark",
    "schinese_name": "",
    "isfreeapp": "0",
    "change_number": "28806174",
    "update_time": "2025-05-04 11:30:06",
    "depot": {
        "baselanguages": "english",
        "3309241": {
            "config": {
                "language": "english",
                "oslist": "windows"
            },
            "manifests": {
                "public": {
                    "gid": "8285480109487249907",
                    "size": "5882435979",
                    "download": "1506103664"
                }
            },
            "decryptionkey": "72e301acf87cadf7b756347e073297a354d6369f1bf1ccc56393cc7ec7ce78dd"
        },
        "branches": {
            "public": {
                "buildid": "17854446",
                "timeupdated": "1742918956"
            }
        }
    }
}