{
    "appid": "2998290",
    "type": "Game",
    "name": "Weirdo",
    "schinese_name": "异人",
    "isfreeapp": "0",
    "change_number": "29015726",
    "update_time": "2025-05-16 11:06:52",
    "depot": {
        "baselanguages": "english",
        "hasdepotsindlc": "1",
        "2998291": {
            "config": {
                "oslist": "windows",
                "osarch": "64"
            },
            "manifests": {
                "public": {
                    "gid": "5520765404022414090",
                    "size": "1637894388",
                    "download": "379694592"
                }
            },
            "decryptionkey": "446c76053bf016bf6d54b3d27a5bad60b5773234362ea74e39b22ec41e3ed53b"
        },
        "2998292": {
            "config": {
                "oslist": "linux",
                "osarch": "64"
            },
            "manifests": {
                "public": {
                    "gid": "2181402548865415428",
                    "size": "1637727477",
                    "download": "378317248"
                }
            },
            "decryptionkey": "10fc5182bcf36a3b7c08afece23fdc2b25218722d389d489ae5b0678d8fef283"
        },
        "2998293": {
            "config": {
                "oslist": "macos",
                "osarch": "64"
            },
            "manifests": {
                "public": {
                    "gid": "2338790519878969823",
                    "size": "1661955679",
                    "download": "387562480"
                }
            },
            "decryptionkey": "06553e9711fbd2d034841f41cdcff258766ba5d3d763d271a53365f01f7f74fa"
        },
        "branches": {
            "public": {
                "buildid": "18289981",
                "timeupdated": "1745986901"
            }
        }
    }
}