{
    "appid": "3012840",
    "type": "Demo",
    "name": "Parking World: Build & Manage Demo",
    "schinese_name": "",
    "isfreeapp": "0",
    "change_number": "26165717",
    "update_time": "2024-11-13 07:36:49",
    "depot": {
        "228990": {
            "config": {
                "oslist": "windows"
            },
            "depotfromapp": "228980",
            "sharedinstall": "1"
        },
        "3012841": {
            "manifests": {
                "public": {
                    "gid": "2637498006116793179",
                    "size": "6045202214",
                    "download": "2971915088"
                }
            },
            "decryptionkey": "dfd71610002a4ced905aa302509019430d98f92b5f19eda16da7060d1b50ed2c"
        },
        "branches": {
            "public": {
                "buildid": "15999597",
                "timeupdated": "1728591435"
            }
        }
    }
}