{
    "appid": "3262620",
    "type": "Game",
    "name": "剑武玄幻之旅",
    "schinese_name": "",
    "isfreeapp": "0",
    "change_number": "27289455",
    "update_time": "2025-02-03 21:33:42",
    "depot": {
        "3262621": {
            "manifests": {
                "public": {
                    "gid": "8336480432837556661",
                    "size": "312261271",
                    "download": "77329856"
                }
            },
            "decryptionkey": "f9d2943911e1ac8323cd85a4f15d8cc425c1c4c44b0722ad33c95f99558d7b97"
        },
        "baselanguages": "schinese",
        "branches": {
            "public": {
                "buildid": "16375480",
                "timeupdated": "1731399545"
            }
        }
    }
}