{
    "appid": "3061070",
    "type": "Game",
    "name": "Valet Simulator",
    "schinese_name": "",
    "isfreeapp": "0",
    "change_number": "29015969",
    "update_time": "2025-05-16 11:30:50",
    "depot": {
        "3061071": {
            "config": {
                "oslist": "windows"
            },
            "manifests": {
                "public": {
                    "gid": "6584544644735136030",
                    "size": "3901879357",
                    "download": "1526743120"
                }
            },
            "decryptionkey": "675fc995f60e2ded16969056df49dad0a4271f2034923ad3e10d451b09cad679"
        },
        "branches": {
            "public": {
                "buildid": "18380552",
                "timeupdated": "1746659647"
            }
        },
        "privatebranches": "1"
    }
}