{
    "appid": "2968020",
    "type": "Game",
    "name": "Deep Inside",
    "schinese_name": "",
    "isfreeapp": "0",
    "change_number": "28809324",
    "update_time": "2025-05-04 19:32:42",
    "depot": {
        "2968021": {
            "config": {
                "oslist": "windows",
                "osarch": "64"
            },
            "manifests": {
                "public": {
                    "gid": "5381789250710334523",
                    "size": "3456179135",
                    "download": "2599092256"
                }
            },
            "decryptionkey": "80b16f281e0f91fef21e68f77d07d25d900e7be9a4f51d2f66ac67a87ce48804"
        },
        "branches": {
            "public": {
                "buildid": "17155915",
                "timeupdated": "1738056976"
            }
        }
    }
}