{
    "appid": "2946080",
    "type": "Demo",
    "name": "我在末日捡垃圾 Demo",
    "schinese_name": "",
    "isfreeapp": "0",
    "change_number": "23634434",
    "update_time": "2024-07-16 02:47:05",
    "depot": {
        "baselanguages": "english,schinese",
        "2946081": {
            "manifests": {
                "public": {
                    "gid": "5053171814477299295",
                    "size": "383427336",
                    "download": "108662768"
                }
            },
            "decryptionkey": "fa2c00a603fb62bbc42f44a2c95a19f4964c383c614fb72a86b36f878de88c47"
        },
        "branches": {
            "public": {
                "buildid": "14118273",
                "timeupdated": "1713595480"
            }
        }
    }
}