{
    "appid": "3167970",
    "type": "Game",
    "name": "Starless Abyss",
    "schinese_name": "无星深渊：克苏鲁选集",
    "isfreeapp": "0",
    "change_number": "29016345",
    "update_time": "2025-05-16 12:06:49",
    "depot": {
        "3167971": {
            "config": {
                "oslist": "windows"
            },
            "manifests": {
                "public": {
                    "gid": "320687392991491082",
                    "size": "2702607457",
                    "download": "475167904"
                },
                "beta": {
                    "gid": "320687392991491082",
                    "size": "2702607457",
                    "download": "475167904"
                }
            },
            "decryptionkey": "f8df432c3fa05eb9edf6d4347e12168ebda47b1630a44b66987a600ea0630d6a"
        },
        "branches": {
            "public": {
                "buildid": "18385344",
                "timeupdated": "1746710991"
            },
            "beta": {
                "buildid": "18385344",
                "description": "Beta Branch. Still in Development.",
                "timeupdated": "1746692434"
            }
        },
        "privatebranches": "1"
    }
}