{
    "appid": "3203300",
    "type": "Game",
    "name": "Giggle Night: Trixie's Trial",
    "schinese_name": "",
    "isfreeapp": "0",
    "change_number": "29016468",
    "update_time": "2025-05-16 12:19:13",
    "depot": {
        "3203301": {
            "manifests": {
                "public": {
                    "gid": "2292207496961665034",
                    "size": "2176598502",
                    "download": "1984547376"
                }
            },
            "decryptionkey": "3afcdb72fa0843e78c55563bd7f874c6c7aa64fcfedfdd9cbc537acb035f09b3"
        },
        "branches": {
            "public": {
                "buildid": "16200698",
                "timeupdated": "1730078533"
            }
        }
    }
}