{
    "appid": "3101670",
    "type": "Game",
    "name": "The Midnight Bus",
    "schinese_name": "",
    "isfreeapp": "0",
    "change_number": "28349519",
    "update_time": "2025-04-08 00:19:38",
    "depot": {
        "228989": {
            "config": {
                "oslist": "windows"
            },
            "depotfromapp": "228980",
            "sharedinstall": "1"
        },
        "228990": {
            "config": {
                "oslist": "windows"
            },
            "depotfromapp": "228980",
            "sharedinstall": "1"
        },
        "229007": {
            "config": {
                "oslist": "windows"
            },
            "depotfromapp": "228980",
            "sharedinstall": "1"
        },
        "3101671": {
            "manifests": {
                "public": {
                    "gid": "4272985542659964275",
                    "size": "1187788823",
                    "download": "1011337632"
                }
            },
            "decryptionkey": "1cc2ca81f211a3fed710263552861d83a3725137eb382c0c9621b96ab1bf8ecb"
        },
        "branches": {
            "public": {
                "buildid": "15069343",
                "timeupdated": "1721264846"
            }
        }
    }
}