{
    "appid": "3440830",
    "type": "Game",
    "name": "New Year Home",
    "schinese_name": "春归",
    "isfreeapp": "0",
    "change_number": "28862106",
    "update_time": "2025-05-07 21:11:28",
    "depot": {
        "baselanguages": "english,french,koreana,spanish,schinese,russian,japanese,portuguese",
        "228989": {
            "config": {
                "oslist": "windows"
            },
            "depotfromapp": "228980",
            "sharedinstall": "1"
        },
        "228990": {
            "config": {
                "oslist": "windows"
            },
            "depotfromapp": "228980",
            "sharedinstall": "1"
        },
        "3440831": {
            "config": {
                "oslist": "windows",
                "osarch": "64"
            },
            "manifests": {
                "public": {
                    "gid": "3108883922961418653",
                    "size": "3667182902",
                    "download": "3471820976"
                }
            },
            "decryptionkey": "203d351f1270f495d55a9c8797ed286c8a7ed2a6b5de70a8989077a3e462793e"
        },
        "branches": {
            "public": {
                "buildid": "18283203",
                "timeupdated": "1745945040"
            }
        }
    }
}