{
    "appid": "2971340",
    "type": "Demo",
    "name": "Russian Village Simulator on Mars Demo",
    "schinese_name": "",
    "isfreeapp": "0",
    "change_number": "28738384",
    "update_time": "2025-04-30 08:35:39",
    "depot": {
        "228989": {
            "config": {
                "oslist": "windows"
            },
            "depotfromapp": "228980",
            "sharedinstall": "1"
        },
        "228990": {
            "config": {
                "oslist": "windows"
            },
            "depotfromapp": "228980",
            "sharedinstall": "1"
        },
        "229007": {
            "config": {
                "oslist": "windows"
            },
            "depotfromapp": "228980",
            "sharedinstall": "1"
        },
        "229012": {
            "config": {
                "oslist": "windows"
            },
            "depotfromapp": "228980",
            "sharedinstall": "1"
        },
        "229030": {
            "config": {
                "oslist": "windows"
            },
            "depotfromapp": "228980",
            "sharedinstall": "1"
        },
        "2971341": {
            "config": {
                "oslist": "windows",
                "osarch": "64"
            },
            "manifests": {
                "public": {
                    "gid": "4506145525236989617",
                    "size": "11071371727",
                    "download": "10774730320"
                }
            },
            "decryptionkey": "d137af6ee4232c3e3d52bce550e12387f19ec110cb25462e0828e86a157ac368"
        },
        "branches": {
            "public": {
                "buildid": "14873948",
                "timeupdated": "1720602912"
            }
        }
    }
}