{
    "appid": "3261690",
    "type": "Demo",
    "name": "Silly Polly Beast Demo",
    "schinese_name": "",
    "isfreeapp": "0",
    "change_number": "26961389",
    "update_time": "2025-01-12 19:16:53",
    "depot": {
        "3261691": {
            "manifests": {
                "public": {
                    "gid": "5947348038493587212",
                    "size": "1754949745",
                    "download": "917453232"
                }
            },
            "decryptionkey": "0b086432f7029e05f31cd46e0d180f4aa302bbefc4f3ee3718689a04f2194107"
        },
        "branches": {
            "public": {
                "buildid": "16709146",
                "timeupdated": "1733929828"
            }
        }
    }
}