{
    "appid": "3088180",
    "type": "Game",
    "name": "Waffle Cone Willie",
    "schinese_name": "",
    "isfreeapp": "0",
    "change_number": "28094168",
    "update_time": "2025-03-23 16:19:48",
    "depot": {
        "baselanguages": "english,german,french,spanish,schinese,russian,japanese,polish,brazilian",
        "3088181": {
            "config": {
                "oslist": "windows"
            },
            "manifests": {
                "public": {
                    "gid": "7105532782466451117",
                    "size": "5696626405",
                    "download": "4829574208"
                }
            },
            "decryptionkey": "99015bafd561801327eb801d2a9c9fbf112cc3b563a8f55c23201130d13f7710"
        },
        "3088182": {
            "config": {
                "oslist": "linux"
            },
            "manifests": {
                "public": {
                    "gid": "1904937804734328121",
                    "size": "6203122460",
                    "download": "5177542960"
                }
            },
            "decryptionkey": ""
        },
        "branches": {
            "public": {
                "buildid": "16304468",
                "timeupdated": "1730829932"
            }
        }
    }
}