{
    "appid": "3143560",
    "type": "Game",
    "name": "Another Way of Gettin' Paid",
    "schinese_name": "循环支付",
    "isfreeapp": "0",
    "change_number": "28371875",
    "update_time": "2025-04-09 02:44:53",
    "depot": {
        "3143561": {
            "manifests": {
                "public": {
                    "gid": "3460520073342625741",
                    "size": "424622513",
                    "download": "402853504"
                }
            },
            "decryptionkey": "c5f86521d21370c54bbcd29b140b8bb4850f1b56de005aba445de8278ddc1c5f"
        },
        "branches": {
            "public": {
                "buildid": "15817842",
                "timeupdated": "1727242173"
            }
        }
    }
}