{
    "appid": "3245740",
    "type": "Game",
    "name": "100 Hidden Kooky & Hiking Boots",
    "schinese_name": "",
    "isfreeapp": "0",
    "change_number": "28971785",
    "update_time": "2025-05-14 10:05:59",
    "depot": {
        "3245741": {
            "config": {
                "oslist": "windows"
            },
            "manifests": {
                "public": {
                    "gid": "353505997498036798",
                    "size": "485737194",
                    "download": "61965216"
                }
            },
            "decryptionkey": "ce22b48e1cb606578bd51033c60769ac4415c0de659cc042d755e9e00982a949"
        },
        "3245744": {
            "config": {
                "oslist": "macos"
            },
            "manifests": {
                "public": {
                    "gid": "5123630139406140800",
                    "size": "503348653",
                    "download": "68372464"
                }
            }
        },
        "3245742": {
            "config": {
                "oslist": "windows"
            },
            "manifests": {
                "public": {
                    "gid": "847523642371395669",
                    "size": "485737194",
                    "download": "61965216"
                }
            },
            "decryptionkey": ""
        },
        "3245743": {
            "config": {
                "oslist": "macos"
            },
            "manifests": {
                "public": {
                    "gid": "3973122117422031822",
                    "size": "503348653",
                    "download": "68372464"
                }
            }
        },
        "branches": {
            "public": {
                "buildid": "16074712",
                "timeupdated": "1729131780"
            }
        }
    }
}