{
    "appid": "3338380",
    "type": "Game",
    "name": "The Cursed Moon ~The Girl Trapped in the Haunted House~",
    "schinese_name": "邪祟之月 ~被囚禁在幽冥之馆的少女~",
    "isfreeapp": "0",
    "change_number": "29016621",
    "update_time": "2025-05-16 12:36:47",
    "depot": {
        "baselanguages": "english,schinese,tchinese,japanese",
        "3338381": {
            "config": {
                "language": "japanese",
                "oslist": "windows"
            },
            "manifests": {
                "public": {
                    "gid": "4988601213436533408",
                    "size": "603631071",
                    "download": "462709600"
                }
            },
            "decryptionkey": "4a2d86e772675dce237f66ebe8c00ff5cb1e8a7123c0a4bc627fac5e81e5564b"
        },
        "3338382": {
            "config": {
                "language": "english",
                "oslist": "windows"
            },
            "manifests": {
                "public": {
                    "gid": "7217388513868013080",
                    "size": "618073058",
                    "download": "471195056"
                }
            },
            "decryptionkey": "e4cd045683080fb847465de12c9a3ac71e6b9052eb7c88d670f42485cccbbbec"
        },
        "3338383": {
            "config": {
                "language": "tchinese",
                "oslist": "windows"
            },
            "manifests": {
                "public": {
                    "gid": "3903273047852070695",
                    "size": "618032690",
                    "download": "471198704"
                }
            },
            "decryptionkey": "59621e91ff205124dcac9f106063b302a3e1438789cba491c75bd71b1099c407"
        },
        "3338384": {
            "config": {
                "language": "schinese",
                "oslist": "windows"
            },
            "manifests": {
                "public": {
                    "gid": "2527267326321319840",
                    "size": "618027575",
                    "download": "471193696"
                }
            },
            "decryptionkey": "80251c68cf212735e33ac12be28578577b1de2c9234ac67c49a34adc0929fa78"
        },
        "branches": {
            "public": {
                "buildid": "17365238",
                "timeupdated": "1739529947"
            }
        }
    }
}