{
    "appid": "2993780",
    "type": "Game",
    "name": "FANTASY LIFE i: The Girl Who Steals Time",
    "schinese_name": "幻想生活ｉ 转圈圈的龙和偷取时间的少女",
    "isfreeapp": "0",
    "change_number": "29048603",
    "update_time": "2025-05-18 20:23:24",
    "depot": {
        "228989": {
            "config": {
                "oslist": "windows"
            },
            "depotfromapp": "228980",
            "sharedinstall": "1"
        },
        "228990": {
            "config": {
                "oslist": "windows"
            },
            "depotfromapp": "228980",
            "sharedinstall": "1"
        },
        "229007": {
            "config": {
                "oslist": "windows"
            },
            "depotfromapp": "228980",
            "sharedinstall": "1"
        },
        "2993781": {
            "manifests": {
                "public": {
                    "gid": "8768032056566898202",
                    "size": "13314664037",
                    "download": "10862326352"
                }
            },
            "decryptionkey": "ad98d2baa7c277a9a3d59599e17cb30eb75781386d8c475317d4570b8dc72aaf"
        },
        "baselanguages": "english,german,french,italian,koreana,spanish,schinese,tchinese,japanese",
        "branches": {
            "public": {
                "buildid": "18508198",
                "timeupdated": "1747571000"
            }
        },
        "privatebranches": "1"
    }
}