{
    "appid": "2941580",
    "type": "Game",
    "name": "Journey of Wrestling",
    "schinese_name": "",
    "isfreeapp": "0",
    "change_number": "29015434",
    "update_time": "2025-05-16 10:42:44",
    "depot": {
        "2941581": {
            "config": {
                "oslist": "windows",
                "osarch": "64"
            },
            "manifests": {
                "public": {
                    "gid": "6857832958298862926",
                    "size": "403042626",
                    "download": "199996480"
                },
                "development": {
                    "gid": "2614336021632446890",
                    "size": "402968735",
                    "download": "199989120"
                }
            },
            "decryptionkey": "4cb8a29fbbbfbfc50393e33ddb82b534d8aef247b9823eee85712c63385c6918"
        },
        "branches": {
            "public": {
                "buildid": "15097794",
                "timeupdated": "1721582209"
            },
            "development": {
                "buildid": "14612246",
                "description": "for testing before deployment",
                "timeupdated": "1717590444"
            }
        },
        "privatebranches": "1"
    }
}