{
    "appid": "3502000",
    "type": "Game",
    "name": "全部試せば開く！",
    "schinese_name": "",
    "isfreeapp": "0",
    "change_number": "28773046",
    "update_time": "2025-05-02 01:59:56",
    "depot": {
        "228989": {
            "config": {
                "oslist": "windows"
            },
            "depotfromapp": "228980",
            "sharedinstall": "1"
        },
        "228990": {
            "config": {
                "oslist": "windows"
            },
            "depotfromapp": "228980",
            "sharedinstall": "1"
        },
        "3502001": {
            "manifests": {
                "public": {
                    "gid": "5471206649632536618",
                    "size": "665895775",
                    "download": "501718096"
                }
            },
            "decryptionkey": "31db9a2f319dc25762c6cd69bed9aefd17e6e4eff92ca094ba7e64164ec63526"
        },
        "branches": {
            "public": {
                "buildid": "18312139",
                "timeupdated": "1746122392"
            }
        }
    }
}