{
    "appid": "3028280",
    "type": "Game",
    "name": "Drag and Drop Medieval",
    "schinese_name": "",
    "isfreeapp": "0",
    "change_number": "28495740",
    "update_time": "2025-04-16 05:23:40",
    "depot": {
        "3028281": {
            "manifests": {
                "public": {
                    "gid": "511833047973690120",
                    "size": "46885693",
                    "download": "20231728"
                }
            },
            "decryptionkey": "fb8aaa9c68f194aeec22d350bc42cc9a8c98be0e4f98b0efea5b105c2d49217d"
        },
        "branches": {
            "public": {
                "buildid": "14840702",
                "timeupdated": "1719381953"
            }
        }
    }
}