{
    "appid": "3027670",
    "type": "Game",
    "name": " I took away my idol friend's virginity,and did something similar to NTR",
    "schinese_name": "破处了身为偶像的好友,做了类似NTR的事",
    "isfreeapp": "0",
    "change_number": "28001130",
    "update_time": "2025-03-18 03:56:39",
    "depot": {
        "hasdepotsindlc": "0",
        "3027672": {
            "manifests": {
                "public": {
                    "gid": "7375020487501344205",
                    "size": "1262599081",
                    "download": "276857184"
                }
            },
            "decryptionkey": "c5fd09f87869781bd32d8c78c8acf9e458a3e5e6b9a1a7c0a28b521e10be3c57"
        },
        "baselanguages": "english",
        "branches": {
            "public": {
                "buildid": "16472089",
                "timeupdated": "1732104964"
            }
        }
    }
}