{
    "appid": "3109780",
    "type": "Demo",
    "name": "Last Outpost Demo",
    "schinese_name": "",
    "isfreeapp": "0",
    "change_number": "27500633",
    "update_time": "2025-02-16 14:15:02",
    "depot": {
        "baselanguages": "english,german,french,italian,koreana,spanish,schinese,tchinese,russian,turkish,brazilian",
        "hasdepotsindlc": "0",
        "3109781": {
            "config": {
                "oslist": "windows"
            },
            "manifests": {
                "public": {
                    "gid": "2629697263870102975",
                    "size": "653937681",
                    "download": "197233024"
                }
            },
            "decryptionkey": "bac0e8d4164ce005b8014e88f09ff590ed70bc0abffade3ab509cb46ef8634c0"
        },
        "branches": {
            "public": {
                "buildid": "17149727",
                "timeupdated": "1738009894"
            }
        }
    }
}