{
    "appid": "3025800",
    "type": "Game",
    "name": "Demon Slayer",
    "schinese_name": "",
    "isfreeapp": "0",
    "change_number": "28694025",
    "update_time": "2025-04-28 00:53:47",
    "depot": {
        "3025801": {
            "manifests": {
                "public": {
                    "gid": "8069856096115341039",
                    "size": "48714071",
                    "download": "38281648"
                }
            },
            "decryptionkey": "5e56826263fa337ee9425a5ce78fe923f7d7c14d3542c74fbe95c3b987bd7e60"
        },
        "branches": {
            "public": {
                "buildid": "14660102",
                "timeupdated": "1717995046"
            }
        }
    }
}