{
    "appid": "3009520",
    "type": "Demo",
    "name": "Money Simulator Prologue",
    "schinese_name": "",
    "isfreeapp": "0",
    "change_number": "27294294",
    "update_time": "2025-02-04 02:35:25",
    "depot": {
        "3009521": {
            "config": {
                "oslist": "windows"
            },
            "manifests": {
                "public": {
                    "gid": "7586740486006770301",
                    "size": "1329060414",
                    "download": "1083145136"
                }
            },
            "decryptionkey": "57839474da56af3093c8de536583b2bc8f552d41f98dca37c9e584f07a3b8c74"
        },
        "baselanguages": "english,german,french,italian,koreana,spanish,schinese,russian,japanese,portuguese,arabic,latam",
        "branches": {
            "public": {
                "buildid": "16190739",
                "timeupdated": "1729938288"
            }
        }
    }
}