{
    "appid": "3366040",
    "type": "Demo",
    "name": "Bagdex Demo",
    "schinese_name": "",
    "isfreeapp": "0",
    "change_number": "26913631",
    "update_time": "2025-01-09 04:41:34",
    "depot": {
        "3366041": {
            "manifests": {
                "public": {
                    "gid": "3519536214841906892",
                    "size": "2540294429",
                    "download": "1304529360"
                }
            },
            "decryptionkey": "52f26ed12c8c2e20f79880a89bff702a58e6b96ded72a74fa98dd38add509f59"
        },
        "baselanguages": "english,brazilian,latam",
        "branches": {
            "public": {
                "buildid": "16943765",
                "timeupdated": "1736368890"
            }
        },
        "privatebranches": "1"
    }
}