{
    "appid": "2955220",
    "type": "Game",
    "name": "卡牌迷境",
    "schinese_name": "",
    "isfreeapp": "0",
    "change_number": "29015759",
    "update_time": "2025-05-16 11:10:30",
    "depot": {
        "baselanguages": "english,koreana,spanish,schinese,tchinese,japanese,brazilian",
        "hasdepotsindlc": "0",
        "228988": {
            "config": {
                "oslist": "windows"
            },
            "depotfromapp": "228980",
            "sharedinstall": "1"
        },
        "228990": {
            "config": {
                "oslist": "windows"
            },
            "depotfromapp": "228980",
            "sharedinstall": "1"
        },
        "2955221": {
            "config": {
                "oslist": "windows",
                "osarch": "64"
            },
            "manifests": {
                "public": {
                    "gid": "2739663326125789225",
                    "size": "2125704813",
                    "download": "760442816"
                }
            },
            "decryptionkey": "63cc6e9f8a8495eb736d6c4553de0767af9893c46a806b6cb0e667f86abc01e1"
        },
        "2955222": {
            "config": {
                "oslist": "macos",
                "osarch": "64"
            },
            "manifests": {
                "public": {
                    "gid": "273061627538216152",
                    "size": "806791716",
                    "download": "618457328"
                }
            },
            "decryptionkey": ""
        },
        "branches": {
            "public": {
                "buildid": "17629632",
                "timeupdated": "1741318863"
            }
        }
    }
}