{
    "appid": "3174600",
    "type": "Demo",
    "name": "Gearbits Demo",
    "schinese_name": "",
    "isfreeapp": "0",
    "change_number": "28414430",
    "update_time": "2025-04-11 02:48:39",
    "depot": {
        "hasdepotsindlc": "1",
        "baselanguages": "english",
        "3174601": {
            "config": {
                "oslist": "windows"
            },
            "manifests": {
                "public": {
                    "gid": "3165451433955435575",
                    "size": "755368689",
                    "download": "359502272"
                },
                "patchtesting": {
                    "gid": "3165451433955435575",
                    "size": "755368689",
                    "download": "359502272"
                }
            }
        },
        "2989881": {
            "config": {
                "oslist": "linux"
            },
            "manifests": {
                "public": {
                    "gid": "1748330112215331018",
                    "size": "804231668",
                    "download": "363630912"
                },
                "patchtesting": {
                    "gid": "1748330112215331018",
                    "size": "804231668",
                    "download": "363630912"
                }
            },
            "decryptionkey": "9c51f44bcb1031e78d04a8e4b95f0bf0bb4644df69cfb6150227ea84bd30cba6"
        },
        "2989882": {
            "config": {
                "oslist": "macos"
            },
            "manifests": {
                "public": {
                    "gid": "2701501292820081860",
                    "size": "778585807",
                    "download": "367107600"
                },
                "patchtesting": {
                    "gid": "2701501292820081860",
                    "size": "778585807",
                    "download": "367107600"
                }
            },
            "decryptionkey": "ce505763a9f22e8e422c473800ad7b9711661fcd3b3f73704ede3d2d48d7380e"
        },
        "branches": {
            "public": {
                "buildid": "18060127",
                "timeupdated": "1744310913"
            },
            "patchtesting": {
                "buildid": "18060127",
                "description": "Branch for testing patches before they go public.",
                "timeupdated": "1744310088"
            }
        }
    }
}