{
    "appid": "3156310",
    "type": "Demo",
    "name": "Skygard Arena Demo",
    "schinese_name": "",
    "isfreeapp": "0",
    "change_number": "26251944",
    "update_time": "2024-11-19 06:29:22",
    "depot": {
        "3156311": {
            "manifests": {
                "public": {
                    "gid": "8894250509024684541",
                    "size": "7219913039",
                    "download": "1410313856"
                }
            },
            "decryptionkey": "98fd9c4f85482291bd11da3ca16d637ea363023db4e91dfa16fb560c94743b1c"
        },
        "branches": {
            "public": {
                "buildid": "16236272",
                "timeupdated": "1730290652"
            }
        },
        "privatebranches": "1"
    }
}