{
    "appid": "3389710",
    "type": "Game",
    "name": "Philomel",
    "schinese_name": "",
    "isfreeapp": "0",
    "change_number": "29016664",
    "update_time": "2025-05-16 12:42:45",
    "depot": {
        "3389711": {
            "manifests": {
                "public": {
                    "gid": "3823370640272429034",
                    "size": "1162862640",
                    "download": "862334928"
                }
            },
            "decryptionkey": "ca9eff214156c35df0314779a5a150ec7ffe3f559950ac1bf4bd54d9935e9976"
        },
        "baselanguages": "english,schinese,tchinese,japanese",
        "branches": {
            "public": {
                "buildid": "17486969",
                "timeupdated": "1740416327"
            }
        }
    }
}