{
    "appid": "3086180",
    "type": "Tool",
    "name": "Proton Voice Files",
    "schinese_name": "",
    "isfreeapp": "0",
    "change_number": "26514198",
    "update_time": "2024-12-06 03:22:52",
    "depot": {
        "3086181": {
            "manifests": {
                "public": {
                    "gid": "5425960452485799204",
                    "size": "78601148",
                    "download": "72407136"
                }
            },
            "decryptionkey": "e1378664aca0448f83d2f3f08e9929e238f4a2cd4049bb0f216025a62b05a2cd"
        },
        "branches": {
            "public": {
                "buildid": "14894574",
                "timeupdated": "1719836714"
            }
        }
    },
    "access_token": 2128634173563397220
}