{
    "appid": "3194110",
    "type": "Game",
    "name": "Doujin Fever!! Night Assault!",
    "schinese_name": "",
    "isfreeapp": "0",
    "change_number": "28998584",
    "update_time": "2025-05-15 17:14:35",
    "depot": {
        "baselanguages": "english,japanese",
        "3194111": {
            "config": {
                "oslist": "windows"
            },
            "manifests": {
                "public": {
                    "gid": "5903450902081243111",
                    "size": "228740130",
                    "download": "139276880"
                }
            },
            "decryptionkey": "28f8fa8fc5b91d12d6f9fa294320c4b7242ce632f3ba6f95fad317606c8d1a0e"
        },
        "branches": {
            "public": {
                "buildid": "17816405",
                "timeupdated": "1742602762"
            }
        }
    }
}