{
    "appid": "2945490",
    "type": "DLC",
    "name": "RPG Maker MZ - Gothic Castle Music DLC",
    "schinese_name": "",
    "isfreeapp": "0",
    "change_number": "23468549",
    "update_time": "2024-07-16 02:47:05",
    "depot": {
        "2945490": {
            "manifests": {
                "public": {
                    "gid": "6555994747089323497",
                    "size": "59256999",
                    "download": "51913712"
                }
            },
            "dlcappid": "2945490",
            "decryptionkey": "dac84bfcb38c38f65053a0bc06988298432b02ac27ba51205b89a6c143a2cba9"
        },
        "branches": {
            "public": {
                "buildid": "14154962",
                "timeupdated": "1713934889"
            }
        }
    }
}