{
    "appid": "3240220",
    "type": "Game",
    "name": "Grand Theft Auto V Enhanced",
    "schinese_name": "Grand Theft Auto V 增强版",
    "isfreeapp": "0",
    "change_number": "29045933",
    "update_time": "2025-05-18 12:15:54",
    "depot": {
        "baselanguages": "english,german,french,italian,koreana,spanish,schinese,tchinese,russian,japanese,polish,brazilian,latam",
        "3240221": {
            "manifests": {
                "public": {
                    "gid": "7738940149188702855",
                    "size": "600",
                    "download": "480"
                }
            },
            "decryptionkey": "61fc2e176574df29022e435d489e10efa92e38b3297e1f0c641e63b11df58a8a"
        },
        "3240222": {
            "manifests": {
                "public": {
                    "gid": "4350559530310904502",
                    "size": "34313900309",
                    "download": "33815839408"
                }
            },
            "decryptionkey": "a90ba98205062c9ae855344794a6a3e0e9e59d825595f0508d7276e4d26da852"
        },
        "3240223": {
            "manifests": {
                "public": {
                    "gid": "6109028520665039655",
                    "size": "9159647232",
                    "download": "8844713904"
                }
            },
            "decryptionkey": "46bece69b70a0f45bc94213cabf17a5a8e0546fe5b42c9d71f357f9fd7eaa605"
        },
        "3240224": {
            "manifests": {
                "public": {
                    "gid": "7685752356389857811",
                    "size": "51505903616",
                    "download": "49638657232"
                }
            },
            "decryptionkey": "3ff530fbca5308cf7d55f33334770b536834d48139880615673f26e3569b99d9"
        },
        "3240225": {
            "manifests": {
                "public": {
                    "gid": "4918152757606902987",
                    "size": "3248180280",
                    "download": "3086176400"
                }
            },
            "decryptionkey": "8951f7eb7724cc2b407c9170e8bf5ce6792f8d6a7ad6a42c460a74abacac719a"
        },
        "1899671": {
            "manifests": {
                "public": {
                    "gid": "4177720964978853031",
                    "size": "230627596",
                    "download": "187200304"
                }
            },
            "depotfromapp": "1899670",
            "decryptionkey": "b7921da5e50d00b2238d0fe870a354cb572bc5d397955fef02a439103f62827b"
        },
        "branches": {
            "public": {
                "buildid": "18241369",
                "timeupdated": "1746522138"
            }
        },
        "privatebranches": "1"
    }
}