{
    "appid": "3040760",
    "type": "Demo",
    "name": "Taiko no Tatsujin: Rhythm Festival Demo",
    "schinese_name": "太鼓之达人 咚咚雷音祭 体验版",
    "isfreeapp": "0",
    "change_number": "27086342",
    "update_time": "2025-01-21 11:00:14",
    "depot": {
        "228989": {
            "config": {
                "oslist": "windows"
            },
            "depotfromapp": "228980",
            "sharedinstall": "1"
        },
        "228990": {
            "config": {
                "oslist": "windows"
            },
            "depotfromapp": "228980",
            "sharedinstall": "1"
        },
        "3040761": {
            "manifests": {
                "public": {
                    "gid": "3641527092810475880",
                    "size": "2294931309",
                    "download": "1756477152"
                }
            },
            "decryptionkey": "fc7431d730724e7a9b189c923a3683d555e23f6af2c6d302c158638d741358ff"
        },
        "baselanguages": "english,german,french,italian,koreana,spanish,schinese,tchinese,japanese",
        "branches": {
            "public": {
                "buildid": "16832326",
                "timeupdated": "1737428404"
            }
        },
        "privatebranches": "1"
    }
}