{
    "appid": "2990380",
    "type": "Demo",
    "name": "EMPTY SHELL: THE LOOP Demo",
    "schinese_name": "",
    "isfreeapp": "0",
    "change_number": "25516319",
    "update_time": "2024-10-03 22:34:50",
    "depot": {
        "2990381": {
            "manifests": {
                "public": {
                    "gid": "3062048230528873771",
                    "size": "342953098",
                    "download": "114891008"
                }
            },
            "decryptionkey": "b274d88da138255363934b277c3add8a74c9f5b68bc37fac372d68622fce5780"
        },
        "branches": {
            "public": {
                "buildid": "15520146",
                "timeupdated": "1724858409"
            }
        }
    }
}