{
    "appid": "3366110",
    "type": "Demo",
    "name": "Sil and the Fading World Demo",
    "schinese_name": "",
    "isfreeapp": "0",
    "change_number": "27416187",
    "update_time": "2025-02-11 16:37:34",
    "depot": {
        "3366111": {
            "manifests": {
                "public": {
                    "gid": "3719422142985040816",
                    "size": "5085222238",
                    "download": "1432363408"
                }
            },
            "decryptionkey": "7b8e6f812c58f5a2a5ca609deface75d691eb222b2724369554d7f273c93e3c6"
        },
        "branches": {
            "public": {
                "buildid": "16752272",
                "timeupdated": "1734288932"
            }
        }
    }
}