{
    "appid": "3359390",
    "type": "Game",
    "name": "Wendigo Blue",
    "schinese_name": "",
    "isfreeapp": "0",
    "change_number": "28969915",
    "update_time": "2025-05-14 07:16:16",
    "depot": {
        "3359391": {
            "config": {
                "oslist": "windows"
            },
            "manifests": {
                "public": {
                    "gid": "5525888012860267765",
                    "size": "708573173",
                    "download": "281387344"
                }
            },
            "decryptionkey": "0c4865bbcf47d141888837fc70e1e185f0d58386aa18c75c327939c8db4693a2"
        },
        "baselanguages": "english",
        "branches": {
            "public": {
                "buildid": "18006578",
                "timeupdated": "1743998905"
            }
        },
        "privatebranches": "1"
    }
}