{
    "appid": "2999090",
    "type": "Game",
    "name": "Survivor World",
    "schinese_name": "",
    "isfreeapp": "0",
    "change_number": "28266919",
    "update_time": "2025-04-02 19:19:02",
    "depot": {
        "2999091": {
            "manifests": {
                "public": {
                    "gid": "695317795257591393",
                    "size": "910879426",
                    "download": "177763248"
                }
            },
            "decryptionkey": "792809abad754a42907116ed6ecbd1d00f1d8b4ae16b85d88cabb182228f4f8c"
        },
        "hasdepotsindlc": "1",
        "branches": {
            "public": {
                "buildid": "17010742",
                "timeupdated": "1736932149"
            }
        }
    }
}