{
    "appid": "3111790",
    "type": "Demo",
    "name": "Cyberpunk Sister Demo",
    "schinese_name": "赛博姐妹",
    "isfreeapp": "0",
    "change_number": "26296253",
    "update_time": "2024-11-21 18:56:36",
    "depot": {
        "228989": {
            "config": {
                "oslist": "windows"
            },
            "depotfromapp": "228980",
            "sharedinstall": "1"
        },
        "228990": {
            "config": {
                "oslist": "windows"
            },
            "depotfromapp": "228980",
            "sharedinstall": "1"
        },
        "3111791": {
            "manifests": {
                "public": {
                    "gid": "1387548381692925415",
                    "size": "3556336476",
                    "download": "3350279904"
                }
            },
            "decryptionkey": "959f6b4afed42ec25bab260da1a93b5b6cc402e3a2626fb1bb27e6ed0adce733"
        },
        "branches": {
            "public": {
                "buildid": "16083469",
                "timeupdated": "1729179548"
            }
        }
    }
}