{
    "appid": "2945500",
    "type": "DLC",
    "name": "RPG Maker MZ - Demon Lord Army Set 1",
    "schinese_name": "",
    "isfreeapp": "0",
    "change_number": "23468554",
    "update_time": "2024-07-16 02:47:05",
    "depot": {
        "2945500": {
            "manifests": {
                "public": {
                    "gid": "7190546915390536074",
                    "size": "16404135",
                    "download": "16489024"
                }
            },
            "dlcappid": "2945500",
            "decryptionkey": "3ce0d98ce1e891b88ee64176a3619c79c7e635352dec88c91607688c22e794a1"
        },
        "branches": {
            "public": {
                "buildid": "14155087",
                "timeupdated": "1713935684"
            }
        }
    }
}