{
    "appid": "2942930",
    "type": "Game",
    "name": "Hentai Tales: Another Fairy Tales",
    "schinese_name": "",
    "isfreeapp": "0",
    "change_number": "26473262",
    "update_time": "2024-12-05 11:42:59",
    "depot": {
        "2942931": {
            "config": {
                "oslist": "windows"
            },
            "manifests": {
                "public": {
                    "gid": "3286723922084131581",
                    "size": "820129827",
                    "download": "192749664"
                }
            },
            "decryptionkey": "796b7a712f58b63ff75f19026d8c3dca66ac213967bcf244e5e2aae6085a6f41"
        },
        "2942932": {
            "config": {
                "oslist": "macos"
            },
            "manifests": {
                "public": {
                    "gid": "6469823738893358294",
                    "size": "814256980",
                    "download": "191401392"
                }
            },
            "decryptionkey": ""
        },
        "2942933": {
            "config": {
                "oslist": "linux"
            },
            "manifests": {
                "public": {
                    "gid": "8296005417629725151",
                    "size": "861001078",
                    "download": "192738240"
                }
            },
            "decryptionkey": ""
        },
        "baselanguages": "english",
        "branches": {
            "public": {
                "buildid": "14856492",
                "timeupdated": "1719480997"
            }
        }
    }
}