{
    "appid": "3250980",
    "type": "Game",
    "name": "Imperial Knightess Wein's Irregular Life",
    "schinese_name": "近卫骑士薇茵的(非)日常",
    "isfreeapp": "0",
    "change_number": "29016528",
    "update_time": "2025-05-16 12:24:47",
    "depot": {
        "baselanguages": "english,schinese,tchinese,japanese",
        "3250981": {
            "config": {
                "language": "english",
                "oslist": "windows"
            },
            "manifests": {
                "public": {
                    "gid": "8718684797402859564",
                    "size": "581781016",
                    "download": "436659616"
                }
            },
            "decryptionkey": "7968aca74ab3969bc91e55d2b03cbd8021c7a9a55cd8e420919b98a3435487e7"
        },
        "3250982": {
            "config": {
                "language": "schinese",
                "oslist": "windows"
            },
            "manifests": {
                "public": {
                    "gid": "7570797692919222109",
                    "size": "581756898",
                    "download": "436620336"
                }
            },
            "decryptionkey": "48b2b3324381b556dc251697ad21b3e191f299351fae4dbd771013d951c23dcc"
        },
        "3250983": {
            "config": {
                "language": "tchinese",
                "oslist": "windows"
            },
            "manifests": {
                "public": {
                    "gid": "6472767453220074452",
                    "size": "581758285",
                    "download": "436625104"
                }
            },
            "decryptionkey": "80bc12509eae48bb1457ec0a8e87c120f8a8e94f53ff5268f5a2cdf06fe9cf9d"
        },
        "3250984": {
            "config": {
                "language": "japanese",
                "oslist": "windows"
            },
            "manifests": {
                "public": {
                    "gid": "6029539285602750832",
                    "size": "567228401",
                    "download": "427764064"
                }
            },
            "decryptionkey": ""
        },
        "branches": {
            "public": {
                "buildid": "16702749",
                "timeupdated": "1733889496"
            }
        }
    }
}