{
    "appid": "3464590",
    "type": "DLC",
    "name": "Scroll Of Taiwu - 碧霄蛇影",
    "schinese_name": "",
    "isfreeapp": "0",
    "change_number": "28955118",
    "update_time": "2025-05-13 15:32:53",
    "depot": {
        "3464590": {
            "config": {
                "oslist": "windows",
                "osarch": "64",
                "language": "schinese"
            },
            "dlcappid": "3464590",
            "manifests": {
                "public": {
                    "gid": "473470663804741431",
                    "size": "19569963",
                    "download": "18572416"
                }
            },
            "decryptionkey": "34a15558cad10dbf91bbb3f82e56f56bfdce3e80ca105b90fb69296f4c94d94f"
        },
        "branches": {
            "public": {
                "buildid": "18154128",
                "timeupdated": "1744961205"
            }
        }
    }
}