{
    "appid": "2993070",
    "type": "Game",
    "name": "Candy Roller",
    "schinese_name": "",
    "isfreeapp": "0",
    "change_number": "29042797",
    "update_time": "2025-05-18 02:59:59",
    "depot": {
        "228989": {
            "config": {
                "oslist": "windows"
            },
            "depotfromapp": "228980",
            "sharedinstall": "1"
        },
        "228990": {
            "config": {
                "oslist": "windows"
            },
            "depotfromapp": "228980",
            "sharedinstall": "1"
        },
        "229000": {
            "config": {
                "oslist": "windows"
            },
            "depotfromapp": "228980",
            "sharedinstall": "1"
        },
        "2993071": {
            "manifests": {
                "public": {
                    "gid": "4758356576067446815",
                    "size": "403751370",
                    "download": "294585408"
                }
            },
            "decryptionkey": "8e0be633421cc742e0e60f1b25ac505dc3c471dfee5e74de929c6c025e2e4bea"
        },
        "branches": {
            "public": {
                "buildid": "14345748",
                "timeupdated": "1715580688"
            }
        }
    }
}