{
    "appid": "3056430",
    "type": "Game",
    "name": "Steel Warrior",
    "schinese_name": "",
    "isfreeapp": "0",
    "change_number": "29042787",
    "update_time": "2025-05-18 02:58:50",
    "depot": {
        "228989": {
            "config": {
                "oslist": "windows"
            },
            "depotfromapp": "228980",
            "sharedinstall": "1"
        },
        "228990": {
            "config": {
                "oslist": "windows"
            },
            "depotfromapp": "228980",
            "sharedinstall": "1"
        },
        "229000": {
            "config": {
                "oslist": "windows"
            },
            "depotfromapp": "228980",
            "sharedinstall": "1"
        },
        "3056431": {
            "manifests": {
                "public": {
                    "gid": "5968225422889872558",
                    "size": "12912214346",
                    "download": "12148822976"
                }
            },
            "decryptionkey": "fb1224232ef2aa45a678131a4234a11d6129d4e182e3340d98ca75c6003b3d93"
        },
        "branches": {
            "public": {
                "buildid": "14832429",
                "timeupdated": "1719323898"
            }
        }
    }
}