{
    "appid": "3160730",
    "type": "Game",
    "name": "Bunnies Huddled Together",
    "schinese_name": "挤在一起的兔兔",
    "isfreeapp": "0",
    "change_number": "27855918",
    "update_time": "2025-03-09 11:09:28",
    "depot": {
        "3160731": {
            "manifests": {
                "public": {
                    "gid": "2071321832263597863",
                    "size": "611991731",
                    "download": "463582288"
                }
            },
            "decryptionkey": "e5be3eefa3152d31e0772f3e5c834bb30c33a71e48147d04dc4bc7661156c3ca"
        },
        "branches": {
            "public": {
                "buildid": "15513564",
                "timeupdated": "1724815608"
            }
        }
    }
}