{
    "appid": "3374280",
    "type": "Game",
    "name": "P.I.",
    "schinese_name": "",
    "isfreeapp": "0",
    "change_number": "28827821",
    "update_time": "2025-05-06 02:30:33",
    "depot": {
        "baselanguages": "english,japanese",
        "hasdepotsindlc": "0",
        "228989": {
            "config": {
                "oslist": "windows"
            },
            "depotfromapp": "228980",
            "sharedinstall": "1"
        },
        "228990": {
            "config": {
                "oslist": "windows"
            },
            "depotfromapp": "228980",
            "sharedinstall": "1"
        },
        "3374281": {
            "config": {
                "oslist": "windows",
                "language": "japanese"
            },
            "manifests": {
                "public": {
                    "gid": "1058624517458947669",
                    "size": "3473564200",
                    "download": "3223952208"
                }
            },
            "decryptionkey": "d0b40d2ec2c28597d7ec9410860c466e4e988f6a55c713bb7ab03bcf7a069a9e"
        },
        "3374282": {
            "config": {
                "oslist": "macos",
                "language": "japanese"
            },
            "manifests": {
                "public": {
                    "gid": "282493830336275338",
                    "size": "3598434080",
                    "download": "3092453136"
                }
            }
        },
        "3374283": {
            "config": {
                "language": "english",
                "oslist": "windows"
            },
            "manifests": {
                "public": {
                    "gid": "3399580230901401068",
                    "size": "3473556008",
                    "download": "3225040288"
                }
            },
            "decryptionkey": ""
        },
        "3374284": {
            "config": {
                "language": "english",
                "oslist": "macos"
            },
            "manifests": {
                "public": {
                    "gid": "8156654251649442954",
                    "size": "3595786653",
                    "download": "3088720672"
                }
            }
        },
        "branches": {
            "public": {
                "buildid": "17247358",
                "timeupdated": "1738733330"
            }
        }
    }
}