{
    "appid": "3264050",
    "type": "Game",
    "name": "IN THE FACADE WE TRUST™",
    "schinese_name": "",
    "isfreeapp": "0",
    "change_number": "28210152",
    "update_time": "2025-03-30 06:16:37",
    "depot": {
        "228989": {
            "config": {
                "oslist": "windows"
            },
            "depotfromapp": "228980",
            "sharedinstall": "1"
        },
        "228990": {
            "config": {
                "oslist": "windows"
            },
            "depotfromapp": "228980",
            "sharedinstall": "1"
        },
        "3264051": {
            "manifests": {
                "public": {
                    "gid": "740253794215509243",
                    "size": "2029668304",
                    "download": "1698192416"
                }
            },
            "decryptionkey": "b7549833b764b6556847f0e311bac067ba9290b94f46232662ba432e9d9dc119"
        },
        "branches": {
            "public": {
                "buildid": "17656369",
                "timeupdated": "1741573160"
            }
        }
    }
}