{
    "appid": "3487310",
    "type": "Demo",
    "name": "Bongo Cat Demo",
    "schinese_name": "",
    "isfreeapp": "0",
    "change_number": "27727287",
    "update_time": "2025-03-01 07:34:00",
    "depot": {
        "3487311": {
            "manifests": {
                "public": {
                    "gid": "936100043883345734",
                    "size": "155283425",
                    "download": "25556528"
                }
            },
            "decryptionkey": "3443582fb063a46c6f5d12159c0e9dea841401549bf17e2ff2ebbcd104c3b786"
        },
        "branches": {
            "public": {
                "buildid": "17553697",
                "timeupdated": "1740785634"
            }
        }
    }
}