{
    "appid": "3053460",
    "type": "Demo",
    "name": "Evil Corporation Demo",
    "schinese_name": "",
    "isfreeapp": "0",
    "change_number": "24626636",
    "update_time": "2024-08-03 01:18:27",
    "depot": {
        "228989": {
            "config": {
                "oslist": "windows"
            },
            "depotfromapp": "228980",
            "sharedinstall": "1"
        },
        "228990": {
            "config": {
                "oslist": "windows"
            },
            "depotfromapp": "228980",
            "sharedinstall": "1"
        },
        "3053461": {
            "config": {
                "oslist": "windows",
                "osarch": "64"
            },
            "manifests": {
                "public": {
                    "gid": "4254096513171400946",
                    "size": "5097812497",
                    "download": "4798485472"
                }
            },
            "decryptionkey": "2c713255c25425efc67aac9d58e781081de9bb9799a0252388ffa900152b2a94"
        },
        "baselanguages": "english,german,french,koreana,spanish,schinese,russian,japanese",
        "branches": {
            "public": {
                "buildid": "15139562",
                "timeupdated": "1721838722"
            }
        }
    }
}