{
    "appid": "3410010",
    "type": "Demo",
    "name": "Tabletop Tavern Demo",
    "schinese_name": "",
    "isfreeapp": "0",
    "change_number": "27482040",
    "update_time": "2025-02-14 23:25:37",
    "depot": {
        "3410011": {
            "manifests": {
                "public": {
                    "gid": "6511653345575415773",
                    "size": "2143485370",
                    "download": "434772784"
                }
            },
            "decryptionkey": "4475be38537c0e25d78d8f7aca979c9e5b01cec5df3502e934eda4eba5c069e3"
        },
        "branches": {
            "public": {
                "buildid": "17474065",
                "timeupdated": "1740322249"
            }
        }
    }
}