{
    "appid": "3029880",
    "type": "Game",
    "name": "无法抗拒的他们",
    "schinese_name": "无法抗拒的他们",
    "isfreeapp": "0",
    "change_number": "28746327",
    "update_time": "2025-04-30 18:15:04",
    "depot": {
        "hasdepotsindlc": "1",
        "baselanguages": "schinese",
        "228989": {
            "config": {
                "oslist": "windows"
            },
            "depotfromapp": "228980",
            "sharedinstall": "1"
        },
        "3029881": {
            "config": {
                "oslist": "windows"
            },
            "manifests": {
                "public": {
                    "gid": "6380784871163722810",
                    "size": "17695334525",
                    "download": "17665757616"
                }
            },
            "decryptionkey": "fdf54637a14e1dee6ae33def3aa7a414f4d9f0c0a0873035ce2a704a9fe8a0a6"
        },
        "3029882": {
            "config": {
                "oslist": "macos"
            },
            "manifests": {
                "public": {
                    "gid": "8785474761263844566",
                    "size": "17835549515",
                    "download": "17696414448"
                }
            },
            "decryptionkey": ""
        },
        "branches": {
            "public": {
                "buildid": "16771923",
                "timeupdated": "1734432969"
            }
        },
        "privatebranches": "1"
    }
}