{
    "appid": "3126130",
    "type": "Demo",
    "name": "信中囚徒 试玩版",
    "schinese_name": "",
    "isfreeapp": "0",
    "change_number": "25220904",
    "update_time": "2024-09-14 11:15:51",
    "depot": {
        "baselanguages": "english,schinese",
        "3126131": {
            "config": {
                "oslist": "windows"
            },
            "manifests": {
                "public": {
                    "gid": "2648663739650800946",
                    "size": "5355641275",
                    "download": "1558990032"
                },
                "dark_hardcore_originalversion": {
                    "gid": "916745626975115571",
                    "size": "5287627395",
                    "download": "1547875856"
                }
            },
            "decryptionkey": "c7e77581522e2bbf9e9a1bfe791cabb2c4bd8301c0b4e2e7c8d4d9ddfecb81ea"
        },
        "branches": {
            "public": {
                "buildid": "15226263",
                "timeupdated": "1722513928"
            },
            "dark_hardcore_originalversion": {
                "buildid": "15228679",
                "description": "黑暗硬核的原版",
                "timeupdated": "1722526599"
            }
        }
    }
}