{
    "appid": "3077310",
    "type": "Demo",
    "name": "上古河图 Demo",
    "schinese_name": "",
    "isfreeapp": "0",
    "change_number": "26916873",
    "update_time": "2025-01-09 10:01:56",
    "depot": {
        "3077311": {
            "manifests": {
                "public": {
                    "gid": "2475422421596760626",
                    "size": "1395325151",
                    "download": "971996336"
                }
            },
            "decryptionkey": "97340f1b114f3fd8e0022597bba3c0e4e2fa2d6527252e4740cc6290a53ee919"
        },
        "baselanguages": "english,schinese,tchinese",
        "branches": {
            "public": {
                "buildid": "16929762",
                "timeupdated": "1736266146"
            }
        },
        "privatebranches": "1"
    }
}