{
    "appid": "3283090",
    "type": "DLC",
    "name": "MILF's Plaza - Beach Episode",
    "schinese_name": "",
    "isfreeapp": "0",
    "change_number": "29047829",
    "update_time": "2025-05-18 18:15:19",
    "depot": {
        "3283090": {
            "config": {
                "oslist": "windows,linux"
            },
            "dlcappid": "3283090",
            "manifests": {
                "public": {
                    "gid": "1477609026355607465",
                    "size": "411861692",
                    "download": "218548400"
                }
            },
            "decryptionkey": "ff57df5770f283685d2d085d99d75a442a8b8ce5ddd8ca2830cfa6122c6e7e12"
        },
        "3283091": {
            "config": {
                "oslist": "macos"
            },
            "manifests": {
                "public": {
                    "gid": "5108947559828910283",
                    "size": "411873988",
                    "download": "218549296"
                }
            },
            "dlcappid": "3283090"
        },
        "branches": {
            "public": {
                "buildid": "18447599",
                "timeupdated": "1747152854"
            }
        }
    }
}