{
    "appid": "2981640",
    "type": "Demo",
    "name": "Sumerian Six Demo",
    "schinese_name": "苏美尔六人组 Demo",
    "isfreeapp": "0",
    "change_number": "28614247",
    "update_time": "2025-04-23 12:20:30",
    "depot": {
        "228989": {
            "config": {
                "oslist": "windows"
            },
            "depotfromapp": "228980",
            "sharedinstall": "1"
        },
        "228990": {
            "config": {
                "oslist": "windows"
            },
            "depotfromapp": "228980",
            "sharedinstall": "1"
        },
        "2981641": {
            "manifests": {
                "public": {
                    "gid": "5763772406140626907",
                    "size": "16849827029",
                    "download": "8311407472"
                }
            },
            "decryptionkey": "1ef19dfc52261feff8d025e60de609c03523a374c55c75d4b090870aefa7953b"
        },
        "2981649": {
            "manifests": {}
        },
        "branches": {
            "public": {
                "buildid": "15518321",
                "timeupdated": "1725289488"
            }
        },
        "privatebranches": "1"
    }
}