{
    "appid": "3288380",
    "type": "Game",
    "name": "SEX CLUB Simulator 🔞🍓",
    "schinese_name": "",
    "isfreeapp": "0",
    "change_number": "29016574",
    "update_time": "2025-05-16 12:30:47",
    "depot": {
        "3288381": {
            "config": {
                "oslist": "windows"
            },
            "manifests": {
                "public": {
                    "gid": "8302780844987419950",
                    "size": "1117723448",
                    "download": "1006447664"
                }
            },
            "decryptionkey": "68a3b14dbffc2718e6170795002b89646a27177d5e27cfcb3b9700c8c08fb88a"
        },
        "3288382": {
            "config": {
                "oslist": "macos"
            },
            "manifests": {
                "public": {
                    "gid": "7174933261187440018",
                    "size": "1142466696",
                    "download": "1014189952"
                }
            },
            "decryptionkey": ""
        },
        "3288383": {
            "config": {
                "oslist": "linux"
            },
            "manifests": {
                "public": {
                    "gid": "332898085488920206",
                    "size": "1119440680",
                    "download": "1005551584"
                }
            },
            "decryptionkey": ""
        },
        "branches": {
            "public": {
                "buildid": "17076088",
                "timeupdated": "1737461694"
            }
        }
    }
}