{
    "appid": "3020880",
    "type": "Tool",
    "name": "Esports Godfather: Mod Tool",
    "schinese_name": "电竞教父：开发工具",
    "isfreeapp": "0",
    "change_number": "26860567",
    "update_time": "2025-01-04 19:29:57",
    "depot": {
        "3020881": {
            "manifests": {
                "public": {
                    "gid": "2624210469594394456",
                    "size": "190685520",
                    "download": "57274240"
                }
            },
            "decryptionkey": "f4696de159a06ef272a40d8ccd393ca326fc8bbac1730487ae5819aae027c666"
        },
        "branches": {
            "public": {
                "buildid": "16905867",
                "timeupdated": "1735990191"
            }
        }
    }
}