{
    "appid": "3228930",
    "type": "Game",
    "name": "Short NTR Stories",
    "schinese_name": "",
    "isfreeapp": "0",
    "change_number": "29023242",
    "update_time": "2025-05-16 19:40:43",
    "depot": {
        "3228931": {
            "manifests": {
                "public": {
                    "gid": "2861347200418821986",
                    "size": "506549308",
                    "download": "377578352"
                }
            },
            "decryptionkey": "4b5f0cfd0495116b4e2f1116f192e508e7d5af50f8714dd8bcea43d3b181c240"
        },
        "branches": {
            "public": {
                "buildid": "18490575",
                "timeupdated": "1747395639"
            }
        }
    }
}