{
    "appid": "3147910",
    "type": "Music",
    "name": "Dustborn (Orginal Game Soundtrack)",
    "schinese_name": "",
    "isfreeapp": "0",
    "change_number": "25111276",
    "update_time": "2024-09-06 23:35:55",
    "depot": {
        "3147911": {
            "manifests": {
                "public": {
                    "gid": "4441874695829598998",
                    "size": "101512346",
                    "download": "101633936"
                }
            },
            "decryptionkey": "4e9201518fe5f8d7e905db19a2008a87191890f338adfb805ba16650f6d74ab0"
        },
        "3147912": {
            "config": {
                "highqualityaudio": "1"
            },
            "manifests": {
                "public": {
                    "gid": "4687380539613426351",
                    "size": "1223406120",
                    "download": "1149121952"
                }
            },
            "decryptionkey": "bc6a66c9b9c15c1e2fa47c2de2ed0aaa458d09403ade25bd7ab3822fbb2c8710"
        },
        "branches": {
            "public": {
                "buildid": "15435228",
                "timeupdated": "1724161818"
            }
        }
    }
}