{
    "appid": "3193810",
    "type": "Music",
    "name": "Commandos: Origins - Original Soundtrack",
    "schinese_name": "",
    "isfreeapp": "0",
    "change_number": "28496382",
    "update_time": "2025-04-16 06:16:42",
    "depot": {
        "3193811": {
            "manifests": {
                "public": {
                    "gid": "1987733506382615523",
                    "size": "102046376",
                    "download": "101718800"
                }
            },
            "decryptionkey": "13bb24aec83dd1d97fb89aa9cde9ec167fe8b5725e5fa5cfd190dbfaf483f85d"
        },
        "3193812": {
            "config": {
                "highqualityaudio": "1"
            },
            "manifests": {
                "public": {
                    "gid": "2912969025784508134",
                    "size": "699025102",
                    "download": "649023440"
                }
            },
            "decryptionkey": "1da5b04d5bf13510469f27a0d3e622897963d54b82e34d39a2330fc0153b6f49"
        },
        "branches": {
            "public": {
                "buildid": "17408539",
                "timeupdated": "1739888730"
            }
        },
        "privatebranches": "1"
    }
}