{
    "appid": "3516390",
    "type": "Demo",
    "name": "Slice & Dice: Pizza Shop Simulator Demo",
    "schinese_name": "",
    "isfreeapp": "0",
    "change_number": "28162485",
    "update_time": "2025-03-27 11:37:40",
    "depot": {
        "baselanguages": "english",
        "228989": {
            "config": {
                "oslist": "windows"
            },
            "depotfromapp": "228980",
            "sharedinstall": "1"
        },
        "228990": {
            "config": {
                "oslist": "windows"
            },
            "depotfromapp": "228980",
            "sharedinstall": "1"
        },
        "3516391": {
            "manifests": {
                "public": {
                    "gid": "6503936028205680307",
                    "size": "923181542",
                    "download": "769985280"
                }
            },
            "decryptionkey": "caa081e34762c8ba0aa43270c5b773b5720cb22bf601cedae0a71dc48475f8c4"
        },
        "branches": {
            "public": {
                "buildid": "17876963",
                "timeupdated": "1743046655"
            }
        }
    }
}