{
    "appid": "3392670",
    "type": "Game",
    "name": "Christmas Drift - Delivery Simulator",
    "schinese_name": "",
    "isfreeapp": "0",
    "change_number": "27470038",
    "update_time": "2025-02-14 08:37:18",
    "depot": {
        "3392671": {
            "config": {
                "oslist": "windows"
            },
            "manifests": {
                "public": {
                    "gid": "208548674000205167",
                    "size": "1333323673",
                    "download": "375499120"
                }
            },
            "decryptionkey": "8684c566a7e2ce22aa6f4f4d4105ff2feb59d8e80be4630fd4aaed6bf7da7a69"
        },
        "branches": {
            "public": {
                "buildid": "16882496",
                "timeupdated": "1735660786"
            }
        }
    }
}