{
    "appid": "3206580",
    "type": "Game",
    "name": "Remorse",
    "schinese_name": "",
    "isfreeapp": "0",
    "change_number": "25308789",
    "update_time": "2024-09-20 09:50:57",
    "depot": {
        "3206581": {
            "manifests": {
                "public": {
                    "gid": "3203474816398346935",
                    "size": "89010511",
                    "download": "19146976"
                }
            },
            "decryptionkey": "908af857835e320228054a11b2517f23c3a56406243c9f78fd0b212e11fe7804"
        },
        "branches": {
            "public": {
                "buildid": "15554590",
                "timeupdated": "1725113591"
            }
        }
    }
}