{
    "appid": "3497990",
    "type": "Demo",
    "name": "Office Simulator Demo",
    "schinese_name": "",
    "isfreeapp": "0",
    "change_number": "27437536",
    "update_time": "2025-02-12 18:51:44",
    "depot": {
        "3497991": {
            "config": {
                "oslist": "windows"
            },
            "manifests": {
                "public": {
                    "gid": "125396132183753792",
                    "size": "794250628",
                    "download": "310578064"
                }
            },
            "decryptionkey": "a5c252529f8b6486d16e9fc7d8c7677a8423a853e3979c1a0f2e52015d38fbb6"
        },
        "branches": {
            "public": {
                "buildid": "17328923",
                "timeupdated": "1739357500"
            }
        },
        "privatebranches": "1"
    }
}