{
    "appid": "3250860",
    "type": "Game",
    "name": "祛魅·化始（祛魅4） - Disenchantment Initializtion",
    "schinese_name": "",
    "isfreeapp": "0",
    "change_number": "28805199",
    "update_time": "2025-05-04 08:28:24",
    "depot": {
        "3250861": {
            "manifests": {
                "public": {
                    "gid": "1774995850619627196",
                    "size": "608546124",
                    "download": "442039072"
                }
            },
            "decryptionkey": "127ee2b28fe4805784d7edc6e269bcc8a5a0f9d017fe70b3f6051773f1602a76"
        },
        "3450330": {
            "dlcappid": "3450330",
            "manifests": {
                "public": {
                    "gid": "8835328006859785521",
                    "size": "250871661",
                    "download": "248962816"
                }
            },
            "decryptionkey": "de8e6ca4d0a212e17fb01b14d97493ccb25ab36c92e05488ea1f5b55f1a0efac"
        },
        "3450350": {
            "dlcappid": "3450350",
            "manifests": {
                "public": {
                    "gid": "4453686716201057257",
                    "size": "607514359",
                    "download": "440989200"
                }
            },
            "decryptionkey": "872211eb2b5922419afa507fe8ebf82a44415774110cebe4086f8ef369a75906"
        },
        "baselanguages": "english",
        "hasdepotsindlc": "0",
        "branches": {
            "public": {
                "buildid": "17979008",
                "timeupdated": "1743735419"
            }
        }
    }
}