{
    "appid": "3586100",
    "type": "Music",
    "name": "叛逆神魂-原声音乐-【VOL2：觉醒】",
    "schinese_name": "",
    "isfreeapp": "0",
    "change_number": "28882689",
    "update_time": "2025-05-08 21:32:41",
    "depot": {
        "3586101": {
            "manifests": {
                "public": {
                    "gid": "2927030229635175574",
                    "size": "42856090",
                    "download": "42600528"
                }
            },
            "decryptionkey": "b9bc7797c0b239a0f5a6e8f05b71e27546944899e9a89db67ee3b5bdf5a6da38"
        },
        "3586103": {
            "config": {
                "highqualityaudio": "1"
            },
            "manifests": {
                "public": {
                    "gid": "7886224183370768368",
                    "size": "295244556",
                    "download": "288387712"
                }
            },
            "decryptionkey": "823cdf96fb9eeaed94674a47fe10dbbac49be1283cc27f5e61b0e6e3bc306b1c"
        },
        "branches": {
            "public": {
                "buildid": "18317291",
                "timeupdated": "1746163265"
            }
        }
    }
}