{
    "appid": "3223600",
    "type": "Demo",
    "name": "CROWDED. FOLLOWED. Demo",
    "schinese_name": "",
    "isfreeapp": "0",
    "change_number": "26183469",
    "update_time": "2024-11-14 07:39:18",
    "depot": {
        "3223601": {
            "manifests": {
                "public": {
                    "gid": "9063145022242227361",
                    "size": "1251260839",
                    "download": "870538368"
                }
            },
            "decryptionkey": "ca93edff4861a5f241841b4cafb7b063e19af23255730eea3c7ba1b6e6c66aab"
        },
        "branches": {
            "public": {
                "buildid": "16037960",
                "timeupdated": "1728916818"
            }
        },
        "privatebranches": "1"
    }
}