{
    "appid": "3064750",
    "type": "Game",
    "name": "Wrong Bullet",
    "schinese_name": "",
    "isfreeapp": "0",
    "change_number": "28104530",
    "update_time": "2025-03-24 16:19:13",
    "depot": {
        "3064751": {
            "manifests": {
                "public": {
                    "gid": "7984451257007023003",
                    "size": "14328154",
                    "download": "9918800"
                }
            },
            "decryptionkey": "c0b1236b1bf2aaf53d6eb01671392fc5e8c9a55e64cbc12c67192e25f085f643"
        },
        "branches": {
            "public": {
                "buildid": "14847019",
                "timeupdated": "1719416679"
            }
        }
    }
}