{
    "appid": "3182460",
    "type": "Demo",
    "name": "Warlord: Awaji Demo",
    "schinese_name": "",
    "isfreeapp": "0",
    "change_number": "27503789",
    "update_time": "2025-02-16 23:41:34",
    "depot": {
        "3182461": {
            "config": {
                "oslist": "windows"
            },
            "manifests": {
                "public": {
                    "gid": "6741759622105694712",
                    "size": "2094583784",
                    "download": "683260080"
                }
            },
            "decryptionkey": "35cf7963b4285e73f40d29869a607744cf2c0430cdf8cc19a2addc9db94ce4b0"
        },
        "branches": {
            "public": {
                "buildid": "16038106",
                "timeupdated": "1728924735"
            }
        },
        "privatebranches": "1"
    }
}