{
    "appid": "3350030",
    "type": "Game",
    "name": "The Permanent Residence : Souls Kept",
    "schinese_name": "",
    "isfreeapp": "1",
    "change_number": "28973241",
    "update_time": "2025-05-14 12:14:57",
    "depot": {
        "228989": {
            "config": {
                "oslist": "windows"
            },
            "depotfromapp": "228980",
            "sharedinstall": "1"
        },
        "228990": {
            "config": {
                "oslist": "windows"
            },
            "depotfromapp": "228980",
            "sharedinstall": "1"
        },
        "3350031": {
            "manifests": {
                "public": {
                    "gid": "7613218324305987006",
                    "size": "3037425083",
                    "download": "2829715216"
                }
            },
            "decryptionkey": "59c695f77d04989e7e44537c879a020165a99fb228c301bc82f898426824198c"
        },
        "branches": {
            "public": {
                "buildid": "16648264",
                "timeupdated": "1733429650"
            }
        }
    }
}