{
    "appid": "3341550",
    "type": "Music",
    "name": "Neptunia Riders VS Dogoos Soundtrack",
    "schinese_name": "",
    "isfreeapp": "0",
    "change_number": "28754407",
    "update_time": "2025-05-01 01:02:20",
    "depot": {
        "3341551": {
            "manifests": {
                "public": {
                    "gid": "31255770214105954",
                    "size": "53742980",
                    "download": "53319856"
                }
            },
            "decryptionkey": "0dacc4e5ae9e36bcea4fcd25c2d4f1639e4ff6bfe6a1d3fc5f8772f0537bcb37"
        },
        "3341552": {
            "config": {
                "highqualityaudio": "1"
            },
            "manifests": {
                "public": {
                    "gid": "3484339521490444718",
                    "size": "238822152",
                    "download": "207970880"
                }
            },
            "decryptionkey": "75652cfcf3179bef96fbab3ae402e68faeb2c12030c8be7009ef23a9fcdc4c78"
        },
        "branches": {
            "public": {
                "buildid": "17193307",
                "timeupdated": "1738291813"
            }
        }
    }
}