{
    "appid": "3143240",
    "type": "Demo",
    "name": "To The Grave: The Wildlands of Faenora Demo",
    "schinese_name": "",
    "isfreeapp": "0",
    "change_number": "27372509",
    "update_time": "2025-02-08 07:11:46",
    "depot": {
        "3143241": {
            "config": {
                "oslist": "windows"
            },
            "manifests": {
                "public": {
                    "gid": "1691690146290315434",
                    "size": "678269646",
                    "download": "215792368"
                }
            },
            "decryptionkey": "7f604d6c6bd3f6dcdcb7259f5e8e5f41aa6747b5d3cda85b643763cb65e392bd"
        },
        "3143242": {
            "config": {
                "oslist": "macos"
            },
            "manifests": {
                "public": {
                    "gid": "238730695988237618",
                    "size": "703166702",
                    "download": "223731664"
                }
            },
            "decryptionkey": ""
        },
        "branches": {
            "public": {
                "buildid": "17286628",
                "timeupdated": "1738969248"
            }
        }
    }
}