{
    "appid": "3181590",
    "type": "DLC",
    "name": "Beat Saber - Britney Spears - Toxic",
    "schinese_name": "",
    "isfreeapp": "0",
    "change_number": "25588359",
    "update_time": "2024-10-08 22:48:50",
    "depot": {
        "3181590": {
            "manifests": {
                "public": {
                    "gid": "6159433136628421423",
                    "size": "12055227",
                    "download": "12220208"
                }
            },
            "dlcappid": "3181590",
            "decryptionkey": "88e81b37f695e06ce5fc17a56c4dd72a25172908b29ff8ba9543c35cd1f494ae"
        },
        "branches": {
            "public": {
                "buildid": "15689360",
                "timeupdated": "1726484330"
            }
        }
    }
}