{
    "appid": "3099530",
    "type": "Demo",
    "name": "Forest Heroes Demo",
    "schinese_name": "绿林英雄 (Forest Heroes) 试用版",
    "isfreeapp": "0",
    "change_number": "27462953",
    "update_time": "2025-02-14 00:18:13",
    "depot": {
        "3099531": {
            "config": {
                "oslist": "windows,linux"
            },
            "manifests": {
                "public": {
                    "gid": "8874758480239290986",
                    "size": "783837596",
                    "download": "192418592"
                }
            },
            "decryptionkey": "8137a0ae0eb513c0bb5383d6467229310967130adfa6aa224cd4f630c1a62d65"
        },
        "3099532": {
            "config": {
                "oslist": "macos"
            },
            "manifests": {
                "public": {
                    "gid": "5750455733213209834",
                    "size": "978531642",
                    "download": "283200912"
                }
            },
            "decryptionkey": ""
        },
        "branches": {
            "public": {
                "buildid": "16680018",
                "timeupdated": "1733746249"
            }
        },
        "privatebranches": "1"
    }
}