{
    "appid": "3181570",
    "type": "DLC",
    "name": "Beat Saber - Britney Spears x Will.I.AM - Scream and Shout (Will.I.AM)",
    "schinese_name": "",
    "isfreeapp": "0",
    "change_number": "25588380",
    "update_time": "2024-10-08 22:49:17",
    "depot": {
        "3181570": {
            "manifests": {
                "public": {
                    "gid": "4150878172514984012",
                    "size": "15875144",
                    "download": "16092464"
                }
            },
            "dlcappid": "3181570",
            "decryptionkey": "6500895d30a9017f105483e3293b4494bd68f6b0a30c39f752401132aedaa5fa"
        },
        "branches": {
            "public": {
                "buildid": "15793296",
                "timeupdated": "1727089614"
            }
        }
    }
}