{
    "appid": "2956280",
    "type": "Game",
    "name": "花恋月依",
    "schinese_name": "",
    "isfreeapp": "0",
    "change_number": "28564495",
    "update_time": "2025-04-20 00:04:36",
    "depot": {
        "2956281": {
            "manifests": {
                "public": {
                    "gid": "9200828729630103450",
                    "size": "3561619543",
                    "download": "1147885776"
                }
            },
            "decryptionkey": "316f169e6300ff7a1ceae59c56527357424ec2acfe840a63d1afca51c3ea6c9c"
        },
        "baselanguages": "schinese",
        "branches": {
            "public": {
                "buildid": "15341050",
                "timeupdated": "1723461328"
            }
        }
    }
}