{
    "appid": "3326970",
    "type": "Game",
    "name": "Lustful Victor",
    "schinese_name": "",
    "isfreeapp": "0",
    "change_number": "28983831",
    "update_time": "2025-05-14 23:15:06",
    "depot": {
        "3326971": {
            "manifests": {
                "public": {
                    "gid": "6314369167770327372",
                    "size": "569474737",
                    "download": "142298736"
                }
            },
            "decryptionkey": "7f738cf99d45c1291750c76c19e6f0d64ecde00ba6cd374d85ae2e8ad4a2412c"
        },
        "branches": {
            "public": {
                "buildid": "18399153",
                "timeupdated": "1746773106"
            }
        },
        "privatebranches": "1"
    }
}