{
    "appid": "3389760",
    "type": "Game",
    "name": "HoloRun",
    "schinese_name": "",
    "isfreeapp": "0",
    "change_number": "29016664",
    "update_time": "2025-05-16 12:42:43",
    "depot": {
        "228988": {
            "config": {
                "oslist": "windows"
            },
            "depotfromapp": "228980",
            "sharedinstall": "1"
        },
        "228990": {
            "config": {
                "oslist": "windows"
            },
            "depotfromapp": "228980",
            "sharedinstall": "1"
        },
        "229007": {
            "config": {
                "oslist": "windows"
            },
            "depotfromapp": "228980",
            "sharedinstall": "1"
        },
        "3389761": {
            "config": {
                "oslist": "windows",
                "osarch": "64"
            },
            "manifests": {
                "public": {
                    "gid": "6310363920132979203",
                    "size": "1602869110",
                    "download": "1296288480"
                }
            },
            "decryptionkey": "6b1aca8f951780b377547eb8d52023ae8a22c823a8c146af57d915dd60359a34"
        },
        "branches": {
            "public": {
                "buildid": "17622628",
                "timeupdated": "1741278765"
            }
        }
    }
}