{
    "appid": "3045310",
    "type": "Demo",
    "name": "Beatblock Demo",
    "schinese_name": "",
    "isfreeapp": "0",
    "change_number": "27499176",
    "update_time": "2025-02-16 08:58:42",
    "depot": {
        "3045311": {
            "config": {
                "oslist": "windows"
            },
            "manifests": {
                "public": {
                    "gid": "4157806994531593795",
                    "size": "89735834",
                    "download": "82872624"
                }
            },
            "decryptionkey": "03a16187e588dc14a7364b077640ae2f40a7008edcc2d6a3d38d1e1abb828f9d"
        },
        "3045312": {
            "config": {
                "oslist": "macos",
                "osarch": "64"
            },
            "manifests": {
                "public": {
                    "gid": "1576067644524497029",
                    "size": "113487543",
                    "download": "89098784"
                }
            },
            "decryptionkey": ""
        },
        "3045313": {
            "config": {
                "oslist": "linux"
            },
            "manifests": {
                "public": {
                    "gid": "8190803217730710884",
                    "size": "93256404",
                    "download": "83708448"
                }
            },
            "decryptionkey": ""
        },
        "branches": {
            "public": {
                "buildid": "17470064",
                "timeupdated": "1740266564"
            }
        }
    }
}