{
    "appid": "3059390",
    "type": "Game",
    "name": "Hexagod",
    "schinese_name": "",
    "isfreeapp": "0",
    "change_number": "28444600",
    "update_time": "2025-04-12 21:12:44",
    "depot": {
        "3059391": {
            "config": {
                "oslist": "windows"
            },
            "manifests": {
                "public": {
                    "gid": "820453326798363744",
                    "size": "157207328",
                    "download": "79913520"
                }
            },
            "decryptionkey": "2cd2af1c86f4c1bc6e65342bc82bedc923dfb4989258a14c5ee5f2a2304a6164"
        },
        "3059392": {
            "config": {
                "oslist": "linux"
            },
            "manifests": {
                "public": {
                    "gid": "5671850861404422579",
                    "size": "129939318",
                    "download": "74434400"
                }
            }
        },
        "3059393": {
            "config": {
                "oslist": "macos"
            },
            "manifests": {
                "public": {
                    "gid": "5920855868288738842",
                    "size": "236845401",
                    "download": "96204944"
                }
            }
        },
        "3059394": {
            "config": {
                "oslist": "linux",
                "steamdeck": "1"
            }
        },
        "branches": {
            "public": {
                "buildid": "18083618",
                "timeupdated": "1744463560"
            }
        }
    }
}