{
    "appid": "3516810",
    "type": "DLC",
    "name": "Gal Guardians: Servants of the Dark - Demon Maid's Trusty Tools Set",
    "schinese_name": "少女魔役 - 恶魔女仆的工作道具组",
    "isfreeapp": "0",
    "change_number": "28160367",
    "update_time": "2025-03-27 08:54:06",
    "depot": {
        "3516810": {
            "config": {
                "oslist": "windows"
            },
            "manifests": {
                "public": {
                    "gid": "6289752543490862339",
                    "size": "125",
                    "download": "192"
                }
            },
            "dlcappid": "3516810",
            "decryptionkey": "0b1f569f2d6f8baaa94874a6a7df7588513d66a0189da1614d808a5a497db914"
        },
        "branches": {
            "public": {
                "buildid": "17848780",
                "timeupdated": "1742892478"
            }
        }
    }
}