{
    "appid": "3512220",
    "type": "Demo",
    "name": "Metal Hunter Demo",
    "schinese_name": "",
    "isfreeapp": "0",
    "change_number": "27537445",
    "update_time": "2025-02-18 23:50:58",
    "depot": {
        "3512221": {
            "manifests": {
                "public": {
                    "gid": "9080035432905182933",
                    "size": "1952202624",
                    "download": "91761376"
                }
            },
            "decryptionkey": "65717a0d71ab79e908b8e17eb7aaacb0ea7821bed564842f346a6065527513f6"
        },
        "branches": {
            "public": {
                "buildid": "17474191",
                "timeupdated": "1740379546"
            }
        }
    }
}