{
    "appid": "3191360",
    "type": "Demo",
    "name": "Space Survivors Demo",
    "schinese_name": "",
    "isfreeapp": "0",
    "change_number": "27057721",
    "update_time": "2025-01-19 02:02:02",
    "depot": {
        "3191361": {
            "config": {
                "oslist": "windows"
            },
            "manifests": {
                "public": {
                    "gid": "2051890527357639829",
                    "size": "146864904",
                    "download": "79908000"
                }
            },
            "decryptionkey": "a8c7387f7bc2987ed0189edb0e1210b5b31e0fe1abe7df6661df2e1a2b867b54"
        },
        "baselanguages": "english",
        "branches": {
            "public": {
                "buildid": "17051500",
                "timeupdated": "1737223318"
            }
        }
    }
}