{
    "appid": "3241700",
    "type": "Game",
    "name": "Hentai Ami",
    "schinese_name": "",
    "isfreeapp": "0",
    "change_number": "28946842",
    "update_time": "2025-05-13 04:03:32",
    "depot": {
        "3241701": {
            "manifests": {
                "public": {
                    "gid": "1795216044298586109",
                    "size": "171658131",
                    "download": "94434064"
                }
            },
            "decryptionkey": "f5480175bb4c41041110c49fcf844f988cbf05559d0fa5f59f3c35e08583b0f5"
        },
        "branches": {
            "public": {
                "buildid": "16979513",
                "timeupdated": "1736697071"
            }
        }
    }
}