{
    "appid": "3326630",
    "type": "Demo",
    "name": "铜刀银剑 Demo",
    "schinese_name": "",
    "isfreeapp": "0",
    "change_number": "26753001",
    "update_time": "2024-12-22 20:23:40",
    "depot": {
        "baselanguages": "schinese",
        "3326631": {
            "manifests": {
                "public": {
                    "gid": "2511839716931494543",
                    "size": "1394089796",
                    "download": "1009497840"
                }
            },
            "decryptionkey": "c82d45a423c91f44b5acc72b82729736434233afef52aeb0a1de5cd7fecbece7"
        },
        "branches": {
            "public": {
                "buildid": "16814142",
                "timeupdated": "1734698582"
            }
        }
    }
}