{
    "appid": "3126600",
    "type": "Demo",
    "name": "The Depths of Despair Demo",
    "schinese_name": "",
    "isfreeapp": "0",
    "change_number": "26001807",
    "update_time": "2024-11-01 14:00:48",
    "depot": {
        "228989": {
            "config": {
                "oslist": "windows"
            },
            "depotfromapp": "228980",
            "sharedinstall": "1"
        },
        "228990": {
            "config": {
                "oslist": "windows"
            },
            "depotfromapp": "228980",
            "sharedinstall": "1"
        },
        "3126601": {
            "manifests": {
                "public": {
                    "gid": "4123008297073728144",
                    "size": "6772007082",
                    "download": "6397737536"
                }
            },
            "decryptionkey": "601b9f2ca8c05c44c754f07769573c6ca6ed68177f43f0e68a24841ce711a5c9"
        },
        "baselanguages": "english",
        "branches": {
            "public": {
                "buildid": "15920348",
                "timeupdated": "1727982516"
            }
        }
    }
}