{
    "appid": "3094740",
    "type": "Game",
    "name": "Second Rate Superheroes",
    "schinese_name": "",
    "isfreeapp": "0",
    "change_number": "29046160",
    "update_time": "2025-05-18 13:06:39",
    "depot": {
        "baselanguages": "english",
        "3094741": {
            "config": {
                "language": "english",
                "oslist": "windows"
            },
            "manifests": {
                "public": {
                    "gid": "5947191682998191363",
                    "size": "430223361",
                    "download": "223875920"
                }
            },
            "decryptionkey": "918d9250a54e0467b743c5a820d3d6c47e448f8ed5012655fc32bc3f3bf89205"
        },
        "branches": {
            "public": {
                "buildid": "18501898",
                "timeupdated": "1747477063"
            }
        }
    }
}