{
    "appid": "3446850",
    "type": "Game",
    "name": "Skufs VS Quadrobers",
    "schinese_name": "斯库夫 对决 夸德罗伯 Skufs VS Quadrobers",
    "isfreeapp": "0",
    "change_number": "28904685",
    "update_time": "2025-05-09 23:32:58",
    "depot": {
        "228989": {
            "config": {
                "oslist": "windows"
            },
            "depotfromapp": "228980",
            "sharedinstall": "1"
        },
        "228990": {
            "config": {
                "oslist": "windows"
            },
            "depotfromapp": "228980",
            "sharedinstall": "1"
        },
        "3446851": {
            "config": {
                "oslist": "windows"
            },
            "manifests": {
                "public": {
                    "gid": "6050134517721602030",
                    "size": "5915372546",
                    "download": "5723229520"
                }
            },
            "decryptionkey": "9971739238be7f6f5a9d2fa1717819e11d4141c0c4053276656a3bf15721867d"
        },
        "branches": {
            "public": {
                "buildid": "17610761",
                "timeupdated": "1741215461"
            }
        }
    }
}