{
    "appid": "2960770",
    "type": "Game",
    "name": "The Anomaly Project",
    "schinese_name": "",
    "isfreeapp": "0",
    "change_number": "28801773",
    "update_time": "2025-05-04 00:31:34",
    "depot": {
        "228989": {
            "config": {
                "oslist": "windows"
            },
            "depotfromapp": "228980",
            "sharedinstall": "1"
        },
        "228990": {
            "config": {
                "oslist": "windows"
            },
            "depotfromapp": "228980",
            "sharedinstall": "1"
        },
        "229007": {
            "config": {
                "oslist": "windows"
            },
            "depotfromapp": "228980",
            "sharedinstall": "1"
        },
        "2960771": {
            "manifests": {
                "public": {
                    "gid": "7317478042329565161",
                    "size": "6331094068",
                    "download": "5915181088"
                },
                "test": {
                    "gid": "7317478042329565161",
                    "size": "6331094068",
                    "download": "5915181088"
                }
            },
            "decryptionkey": "c754869c3fe7c99d217c5062703d4ebea5445911727691bb5fcc44129c45f4aa"
        },
        "branches": {
            "public": {
                "buildid": "17910082",
                "timeupdated": "1743412694"
            },
            "test": {
                "buildid": "17910082",
                "description": "Test server",
                "timeupdated": "1743259541"
            }
        }
    }
}