{
    "appid": "3430230",
    "type": "DLC",
    "name": "Hentai Stories - Supporter Art Pack",
    "schinese_name": "",
    "isfreeapp": "0",
    "change_number": "27482499",
    "update_time": "2025-02-14 23:53:05",
    "depot": {
        "3430230": {
            "manifests": {
                "public": {
                    "gid": "7262363795015172405",
                    "size": "1443619548",
                    "download": "1294481600"
                }
            },
            "dlcappid": "3430230",
            "decryptionkey": "e3b37d0e2c43e9c753a3c8e27261557118be46361db78662fd1e9cdab5f1e766"
        },
        "branches": {
            "public": {
                "buildid": "17305436",
                "timeupdated": "1739183922"
            }
        }
    }
}