{
    "appid": "3412390",
    "type": "DLC",
    "name": "MIYO for Tower! Simulator 3",
    "schinese_name": "",
    "isfreeapp": "0",
    "change_number": "26700598",
    "update_time": "2024-12-19 02:42:00",
    "depot": {
        "3412390": {
            "config": {
                "oslist": "windows",
                "osarch": "64"
            },
            "manifests": {
                "public": {
                    "gid": "5637267186622276311",
                    "size": "45047024",
                    "download": "5023792"
                }
            },
            "dlcappid": "3412390",
            "decryptionkey": "37e17674a05b51d07bbd80281c5d2d375fd403c39f888e847d32366b1bd099a6"
        },
        "branches": {
            "public": {
                "buildid": "16789230",
                "timeupdated": "1734538604"
            }
        }
    }
}