{
    "appid": "3133390",
    "type": "Game",
    "name": "Bouncing Agency",
    "schinese_name": "",
    "isfreeapp": "0",
    "change_number": "28346289",
    "update_time": "2025-04-07 21:18:29",
    "depot": {
        "baselanguages": "english,french,italian,schinese,russian",
        "3133391": {
            "manifests": {
                "public": {
                    "gid": "1365027598719314720",
                    "size": "2963926713",
                    "download": "2777322432"
                },
                "beta": {
                    "gid": "1365027598719314720",
                    "size": "2963926713",
                    "download": "2777322432"
                }
            },
            "decryptionkey": "d63adaf2027ed48a09ee298a961c1f2b6e0b0d4ce1c03554b58d6dacdb1acaa2"
        },
        "3133392": {},
        "branches": {
            "public": {
                "buildid": "17011864",
                "timeupdated": "1736938441"
            },
            "beta": {
                "buildid": "17011864",
                "description": "beta",
                "timeupdated": "1736938492"
            }
        }
    }
}