{
    "appid": "3161920",
    "type": "Game",
    "name": "You Are Grounded",
    "schinese_name": "",
    "isfreeapp": "0",
    "change_number": "28985011",
    "update_time": "2025-05-15 00:15:07",
    "depot": {
        "228989": {
            "config": {
                "oslist": "windows"
            },
            "depotfromapp": "228980",
            "sharedinstall": "1"
        },
        "228990": {
            "config": {
                "oslist": "windows"
            },
            "depotfromapp": "228980",
            "sharedinstall": "1"
        },
        "3161921": {
            "config": {
                "oslist": "windows",
                "osarch": "64"
            },
            "manifests": {
                "public": {
                    "gid": "5339728819869498342",
                    "size": "9436657034",
                    "download": "3162158528"
                }
            },
            "decryptionkey": "99983d719172fef83e4c716fdf7eb070ea1cab9a734b68dc1e23e8394ba87417"
        },
        "branches": {
            "public": {
                "buildid": "16665975",
                "timeupdated": "1733561605"
            }
        }
    }
}