{
    "appid": "3077400",
    "type": "Game",
    "name": "代号肉鸽：流放之地（WhatRogue：Exile Land）",
    "schinese_name": "代号肉鸽：流放之地",
    "isfreeapp": "0",
    "change_number": "27525163",
    "update_time": "2025-02-18 08:18:25",
    "depot": {
        "3077401": {
            "manifests": {
                "public": {
                    "gid": "3500851227848222902",
                    "size": "701022334",
                    "download": "239815776"
                }
            },
            "decryptionkey": "da77e403122e1d282aa69c5a6e69f5c0d556d1b0b1fd5de5fe2e7feb49b794c2"
        },
        "baselanguages": "english,schinese",
        "branches": {
            "public": {
                "buildid": "16872804",
                "timeupdated": "1735527923"
            }
        },
        "privatebranches": "1"
    }
}