{
    "appid": "3381170",
    "type": "Game",
    "name": "Backrooms: What's Next",
    "schinese_name": "",
    "isfreeapp": "0",
    "change_number": "29015864",
    "update_time": "2025-05-16 11:19:51",
    "depot": {
        "3381171": {
            "manifests": {
                "public": {
                    "gid": "8882382927266598167",
                    "size": "1756964083",
                    "download": "790862208"
                }
            },
            "decryptionkey": "5fdc307e852ea2d176f88f0e597219ba1121205459be19d6bccc2b5615db4f11"
        },
        "baselanguages": "english,german,italian,russian,portuguese,polish,swedish,ukrainian,latam",
        "branches": {
            "public": {
                "buildid": "17930704",
                "timeupdated": "1743456996"
            }
        },
        "privatebranches": "1"
    }
}