{
    "appid": "3180240",
    "type": "Game",
    "name": "Tetris® Forever",
    "schinese_name": "",
    "isfreeapp": "0",
    "change_number": "29016408",
    "update_time": "2025-05-16 12:12:46",
    "depot": {
        "228989": {
            "config": {
                "oslist": "windows"
            },
            "depotfromapp": "228980",
            "sharedinstall": "1"
        },
        "3180241": {
            "manifests": {
                "public": {
                    "gid": "4743493654870636636",
                    "size": "5560564140",
                    "download": "5618620240"
                }
            },
            "decryptionkey": "07212c3fa4398f303f3a308f7ff9253dc060d732095cf5725710525cd3a9dcc7"
        },
        "baselanguages": "english,german,french,italian,koreana,spanish,tchinese,japanese",
        "branches": {
            "public": {
                "buildid": "18065491",
                "timeupdated": "1745352010"
            }
        },
        "privatebranches": "1"
    }
}