{
    "appid": "3102000",
    "type": "Game",
    "name": "Madness inside",
    "schinese_name": "",
    "isfreeapp": "0",
    "change_number": "28695805",
    "update_time": "2025-04-28 04:54:28",
    "depot": {
        "228989": {
            "config": {
                "oslist": "windows"
            },
            "depotfromapp": "228980",
            "sharedinstall": "1"
        },
        "228990": {
            "config": {
                "oslist": "windows"
            },
            "depotfromapp": "228980",
            "sharedinstall": "1"
        },
        "3102001": {
            "manifests": {
                "public": {
                    "gid": "8650055465552291375",
                    "size": "7125704231",
                    "download": "6533344912"
                }
            },
            "decryptionkey": "79d5dd1dc27a4e8f7e0b1b85a349931f99ac0b937635a42d6dfc82926a4fecd3"
        },
        "branches": {
            "public": {
                "buildid": "16632509",
                "timeupdated": "1733333225"
            }
        }
    }
}