{
    "appid": "2992440",
    "type": "Demo",
    "name": "桂花落 Demo",
    "schinese_name": "",
    "isfreeapp": "0",
    "change_number": "27037876",
    "update_time": "2025-01-17 14:53:30",
    "depot": {
        "baselanguages": "schinese",
        "2992441": {
            "manifests": {
                "public": {
                    "gid": "3372185881880140790",
                    "size": "1295966325",
                    "download": "311389584"
                }
            },
            "decryptionkey": "d77ff41cadf5ee3fc8e3ef903f9a0eab9552f7a98692ab7150638a797585673a"
        },
        "branches": {
            "public": {
                "buildid": "15228139",
                "timeupdated": "1722523896"
            }
        }
    }
}