{
    "appid": "3134840",
    "type": "Game",
    "name": "LightRay",
    "schinese_name": "",
    "isfreeapp": "0",
    "change_number": "26724878",
    "update_time": "2024-12-20 09:10:54",
    "depot": {
        "228989": {
            "config": {
                "oslist": "windows"
            },
            "depotfromapp": "228980",
            "sharedinstall": "1"
        },
        "228990": {
            "config": {
                "oslist": "windows"
            },
            "depotfromapp": "228980",
            "sharedinstall": "1"
        },
        "3134841": {
            "manifests": {
                "public": {
                    "gid": "128071609244867082",
                    "size": "4642764902",
                    "download": "4464021376"
                }
            },
            "decryptionkey": "04bb66ccf590407b5242285266a53e94d29125a8b472c310262dbd380176b41f"
        },
        "branches": {
            "public": {
                "buildid": "16754029",
                "timeupdated": "1734312085"
            }
        }
    }
}