{
    "appid": "3259940",
    "type": "Beta",
    "name": "舒舒服服小岛时光 Playtest",
    "schinese_name": "",
    "isfreeapp": "0",
    "change_number": "25684323",
    "update_time": "2024-10-12 20:33:52",
    "depot": {
        "3259941": {
            "manifests": {
                "public": {
                    "gid": "2702160685427707719",
                    "size": "434528540",
                    "download": "87417888"
                }
            },
            "decryptionkey": "37c1547e88a1e93604a1b26335ceedfd0f5b3b24479c1cc93d12916579286fbf"
        },
        "branches": {
            "public": {
                "buildid": "16020454",
                "timeupdated": "1728736429"
            }
        }
    }
}