{
    "appid": "3136220",
    "type": "Game",
    "name": "GIRLS VS TENTACLES",
    "schinese_name": "",
    "isfreeapp": "0",
    "change_number": "28827821",
    "update_time": "2025-05-06 02:30:34",
    "depot": {
        "3136221": {
            "manifests": {
                "public": {
                    "gid": "4332884180266122119",
                    "size": "321229506",
                    "download": "160219088"
                }
            },
            "decryptionkey": "c8eeceed5c11d6d010fc8231464a4fadf39c0ac8f47e2150fb620b9b1571127c"
        },
        "branches": {
            "public": {
                "buildid": "15585562",
                "timeupdated": "1725423933"
            }
        }
    }
}