{
    "appid": "2947740",
    "type": "Game",
    "name": "3D PUZZLE - Pirates",
    "schinese_name": "",
    "isfreeapp": "0",
    "change_number": "27032362",
    "update_time": "2025-01-17 05:55:38",
    "depot": {
        "2947741": {
            "manifests": {
                "public": {
                    "gid": "6002695309616876003",
                    "size": "479960900",
                    "download": "70135712"
                }
            },
            "decryptionkey": "4e4210f76bef476245df5e97a830a7fc189272ef1bb6fe904ff3d63afab03e63"
        },
        "branches": {
            "public": {
                "buildid": "14356029",
                "timeupdated": "1715648702"
            }
        }
    }
}