{
    "appid": "3385440",
    "type": "Game",
    "name": "Archaeology - Sand Japanese",
    "schinese_name": "",
    "isfreeapp": "0",
    "change_number": "27763888",
    "update_time": "2025-03-04 07:51:35",
    "depot": {
        "3385441": {
            "manifests": {
                "public": {
                    "gid": "194451504696273371",
                    "size": "1350458087",
                    "download": "244405328"
                }
            },
            "decryptionkey": "7b7e40dd9afc703a25f169e3901d450d74376b599fe11393dac943cde640b15c"
        },
        "branches": {
            "public": {
                "buildid": "17581272",
                "timeupdated": "1741045891"
            }
        }
    }
}