{
    "appid": "2994340",
    "type": "Demo",
    "name": "Sengoku:Battle Royal Demo",
    "schinese_name": "战国：大逃杀 Demo",
    "isfreeapp": "0",
    "change_number": "24412103",
    "update_time": "2024-07-18 18:11:21",
    "depot": {
        "baselanguages": "english,koreana,schinese,tchinese,japanese",
        "228981": {
            "config": {
                "oslist": "windows"
            },
            "depotfromapp": "228980",
            "sharedinstall": "1"
        },
        "228982": {
            "config": {
                "oslist": "windows"
            },
            "depotfromapp": "228980",
            "sharedinstall": "1"
        },
        "228983": {
            "config": {
                "oslist": "windows"
            },
            "depotfromapp": "228980",
            "sharedinstall": "1"
        },
        "228984": {
            "config": {
                "oslist": "windows"
            },
            "depotfromapp": "228980",
            "sharedinstall": "1"
        },
        "228985": {
            "config": {
                "oslist": "windows"
            },
            "depotfromapp": "228980",
            "sharedinstall": "1"
        },
        "228988": {
            "config": {
                "oslist": "windows"
            },
            "depotfromapp": "228980",
            "sharedinstall": "1"
        },
        "228989": {
            "config": {
                "oslist": "windows"
            },
            "depotfromapp": "228980",
            "sharedinstall": "1"
        },
        "228990": {
            "config": {
                "oslist": "windows"
            },
            "depotfromapp": "228980",
            "sharedinstall": "1"
        },
        "229020": {
            "config": {
                "oslist": "windows"
            },
            "depotfromapp": "228980",
            "sharedinstall": "1"
        },
        "2994341": {
            "manifests": {
                "public": {
                    "gid": "4204554219446484970",
                    "size": "2144435343",
                    "download": "1894167152"
                }
            },
            "decryptionkey": "daf9818370202d7933284991fd05b9daf3d2accc954db573060d765047d2e37d"
        },
        "branches": {
            "public": {
                "buildid": "14637497",
                "timeupdated": "1717754020"
            }
        }
    }
}