{
    "appid": "3274590",
    "type": "Demo",
    "name": "Sidewards Demo",
    "schinese_name": "",
    "isfreeapp": "0",
    "change_number": "26444798",
    "update_time": "2024-12-05 09:24:33",
    "depot": {
        "228989": {
            "config": {
                "oslist": "windows"
            },
            "depotfromapp": "228980",
            "sharedinstall": "1"
        },
        "228990": {
            "config": {
                "oslist": "windows"
            },
            "depotfromapp": "228980",
            "sharedinstall": "1"
        },
        "3274591": {
            "manifests": {
                "public": {
                    "gid": "5888351350846925442",
                    "size": "3814344109",
                    "download": "3407673200"
                }
            },
            "decryptionkey": "d6125787f0500d6ff41e71244a57ea0d21f57864f2848668c2c9fca49fb31926"
        },
        "branches": {
            "public": {
                "buildid": "16000854",
                "timeupdated": "1728598645"
            }
        }
    }
}