{
    "appid": "3423550",
    "type": "Game",
    "name": "ComicKingdom",
    "schinese_name": "漫画共和国",
    "isfreeapp": "0",
    "change_number": "28746166",
    "update_time": "2025-04-30 18:05:35",
    "depot": {
        "baselanguages": "schinese",
        "3423551": {
            "manifests": {
                "public": {
                    "gid": "6631979626409586463",
                    "size": "1211624102",
                    "download": "265849296"
                }
            },
            "decryptionkey": "413d2b25270176a26c0db1179cadc4954a7437bc162e2f530b0cdd2de8ba026c"
        },
        "branches": {
            "public": {
                "buildid": "18138364",
                "timeupdated": "1744860615"
            }
        }
    }
}