{
    "appid": "3703930",
    "type": "Game",
    "name": "Balls Gone Wild",
    "schinese_name": "",
    "isfreeapp": "0",
    "change_number": "29048192",
    "update_time": "2025-05-18 19:14:30",
    "depot": {
        "3703931": {
            "manifests": {
                "public": {
                    "gid": "1218369117973970447",
                    "size": "77023037",
                    "download": "35166672"
                }
            },
            "decryptionkey": "c4fc3df701228f79d52b047b460085f5f7dadab9d3ace37f3bfe4f3cdf36c686"
        },
        "branches": {
            "public": {
                "buildid": "18249704",
                "timeupdated": "1745671939"
            }
        }
    }
}