{
    "appid": "3061920",
    "type": "Game",
    "name": "Instinct",
    "schinese_name": "",
    "isfreeapp": "0",
    "change_number": "28812774",
    "update_time": "2025-05-05 03:29:40",
    "depot": {
        "228989": {
            "config": {
                "oslist": "windows"
            },
            "depotfromapp": "228980",
            "sharedinstall": "1"
        },
        "228990": {
            "config": {
                "oslist": "windows"
            },
            "depotfromapp": "228980",
            "sharedinstall": "1"
        },
        "229007": {
            "config": {
                "oslist": "windows"
            },
            "depotfromapp": "228980",
            "sharedinstall": "1"
        },
        "229012": {
            "config": {
                "oslist": "windows"
            },
            "depotfromapp": "228980",
            "sharedinstall": "1"
        },
        "229020": {
            "config": {
                "oslist": "windows"
            },
            "depotfromapp": "228980",
            "sharedinstall": "1"
        },
        "baselanguages": "english,russian,polish",
        "3061921": {
            "config": {
                "language": "english",
                "oslist": "windows"
            },
            "manifests": {
                "public": {
                    "gid": "3228826854825036114",
                    "size": "3822624956",
                    "download": "1492129968"
                }
            },
            "decryptionkey": ""
        },
        "3061922": {
            "config": {
                "language": "russian",
                "oslist": "windows"
            },
            "manifests": {
                "public": {
                    "gid": "3021169174502881546",
                    "size": "3815798963",
                    "download": "1525308032"
                }
            },
            "decryptionkey": ""
        },
        "3061923": {
            "config": {
                "language": "polish",
                "oslist": "windows"
            },
            "manifests": {
                "public": {
                    "gid": "6268881796225904799",
                    "size": "3873388893",
                    "download": "1528075456"
                }
            },
            "decryptionkey": ""
        },
        "3061924": {
            "config": {
                "language": "czech",
                "oslist": "windows"
            },
            "manifests": {
                "public": {
                    "gid": "5481427794408880281",
                    "size": "3834436710",
                    "download": "1516279856"
                }
            },
            "decryptionkey": "958c90c2a74e601ca37f507f8f1bdde0d863dce6aadd7d85f161364504109e46"
        },
        "3061925": {
            "config": {
                "language": "german",
                "oslist": "windows"
            },
            "manifests": {
                "public": {
                    "gid": "4385967746925428769",
                    "size": "3846819792",
                    "download": "1526442144"
                }
            },
            "decryptionkey": ""
        },
        "branches": {
            "public": {
                "buildid": "16167231",
                "timeupdated": "1729782336"
            }
        }
    }
}