{
    "appid": "3195080",
    "type": "Demo",
    "name": "Spellsided Demo",
    "schinese_name": "",
    "isfreeapp": "0",
    "change_number": "27828537",
    "update_time": "2025-03-07 12:15:15",
    "depot": {
        "228989": {
            "config": {
                "oslist": "windows"
            },
            "depotfromapp": "228980",
            "sharedinstall": "1"
        },
        "228990": {
            "config": {
                "oslist": "windows"
            },
            "depotfromapp": "228980",
            "sharedinstall": "1"
        },
        "3195081": {
            "config": {
                "oslist": "windows"
            },
            "manifests": {
                "public": {
                    "gid": "989373010910542131",
                    "size": "538719185",
                    "download": "376519280"
                }
            },
            "decryptionkey": "9aff351b8a6e5ac2d5ae81cf6c143ad10fada2ff3e28743151cd07d41b90a150"
        },
        "branches": {
            "public": {
                "buildid": "16823864",
                "timeupdated": "1734786545"
            }
        }
    }
}