{
    "appid": "3432600",
    "type": "Game",
    "name": "BDSM Oasis",
    "schinese_name": "BDSM 绿洲",
    "isfreeapp": "0",
    "change_number": "28313681",
    "update_time": "2025-04-05 01:22:28",
    "depot": {
        "3432601": {
            "manifests": {
                "public": {
                    "gid": "1885579655795284018",
                    "size": "2288271082",
                    "download": "829899024"
                }
            },
            "decryptionkey": "de15edfde8f805bf22347f5e677530a1becf00728e8933e95b7391e1483b69f7"
        },
        "baselanguages": "english,schinese,tchinese",
        "branches": {
            "public": {
                "buildid": "17980622",
                "timeupdated": "1743748387"
            }
        }
    }
}