{
    "appid": "3131300",
    "type": "Demo",
    "name": "Boxville 2 Demo",
    "schinese_name": "",
    "isfreeapp": "0",
    "change_number": "26867469",
    "update_time": "2025-01-05 20:48:17",
    "depot": {
        "3131301": {
            "config": {
                "oslist": "windows"
            },
            "manifests": {
                "public": {
                    "gid": "6400171139677872589",
                    "size": "252415623",
                    "download": "137729888"
                }
            },
            "decryptionkey": "a4c5649546f376167542e7013cda2c584abcd9702a17d531870d785ac0835169"
        },
        "3131302": {
            "config": {
                "oslist": "macos"
            },
            "manifests": {
                "public": {
                    "gid": "7443000466969562114",
                    "size": "257496233",
                    "download": "145050720"
                }
            },
            "decryptionkey": ""
        },
        "3131303": {
            "config": {
                "oslist": "linux"
            },
            "manifests": {
                "public": {
                    "gid": "2617040571574058521",
                    "size": "277718980",
                    "download": "138683616"
                }
            },
            "decryptionkey": ""
        },
        "baselanguages": "english,german,french,italian,koreana,spanish,schinese,tchinese,russian,thai,japanese,portuguese,polish,danish,dutch,finnish,norwegian,swedish,hungarian,czech,romanian,turkish,arabic,brazilian,bulgarian,greek,ukrainian,latam,vietnamese,indonesian",
        "branches": {
            "public": {
                "buildid": "16910632",
                "timeupdated": "1736081291"
            }
        }
    }
}