{
    "appid": "3400990",
    "type": "Demo",
    "name": "Final Outpost: Definitive Edition Demo",
    "schinese_name": "最终前哨: 最终版试 试玩",
    "isfreeapp": "0",
    "change_number": "27537905",
    "update_time": "2025-02-19 00:20:14",
    "depot": {
        "baselanguages": "english,german,french,italian,koreana,spanish,schinese,tchinese,russian,japanese,polish,turkish,brazilian,ukrainian,vietnamese,indonesian",
        "3400991": {
            "config": {
                "oslist": "windows",
                "osarch": "64"
            },
            "manifests": {
                "public": {
                    "gid": "569000687746293250",
                    "size": "382714595",
                    "download": "67570512"
                }
            },
            "decryptionkey": "01fb9767a66ef66e3efbce600d64fba7a82d36473eef48b3a3746fe934caec1d"
        },
        "3400992": {
            "config": {
                "oslist": "linux",
                "osarch": "64"
            },
            "manifests": {
                "public": {
                    "gid": "4776971584826208519",
                    "size": "429441983",
                    "download": "68179024"
                }
            },
            "decryptionkey": ""
        },
        "3400993": {
            "config": {
                "oslist": "macos",
                "osarch": "64"
            },
            "manifests": {
                "public": {
                    "gid": "45922928797650814",
                    "size": "565765608",
                    "download": "101848448"
                }
            },
            "decryptionkey": ""
        },
        "branches": {
            "public": {
                "buildid": "17266827",
                "timeupdated": "1738920490"
            }
        },
        "privatebranches": "1"
    }
}