{
    "appid": "3153240",
    "type": "Game",
    "name": "IFSolitaire",
    "schinese_name": "IF蜘蛛纸牌",
    "isfreeapp": "0",
    "change_number": "28844397",
    "update_time": "2025-05-06 23:30:01",
    "depot": {
        "baselanguages": "english,german,french,spanish,schinese,tchinese,russian,japanese,portuguese",
        "3153241": {
            "config": {
                "oslist": "windows"
            },
            "manifests": {
                "public": {
                    "gid": "1878011808542689463",
                    "size": "275882225",
                    "download": "157475456"
                },
                "beta": {
                    "gid": "4153497200086422799",
                    "size": "277328501",
                    "download": "157906400"
                },
                "stable": {
                    "gid": "4496281848897491448",
                    "size": "216801633",
                    "download": "98819328"
                }
            },
            "decryptionkey": "fc02d6f7f1a84a14dca32d93c535eefcbc11c61c9fbddae284f5730ab4f74b62"
        },
        "3153242": {
            "config": {
                "oslist": "macos"
            },
            "manifests": {
                "public": {
                    "gid": "985544088665381182",
                    "size": "431564748",
                    "download": "194050336"
                },
                "beta": {
                    "gid": "510520228164873553",
                    "size": "434282524",
                    "download": "194694736"
                },
                "stable": {
                    "gid": "6610134250738691661",
                    "size": "372483650",
                    "download": "135376944"
                }
            }
        },
        "3153243": {
            "config": {
                "oslist": "linux"
            },
            "manifests": {
                "public": {
                    "gid": "8828777797471031661",
                    "size": "258804951",
                    "download": "152341936"
                },
                "beta": {
                    "gid": "4285517518710978692",
                    "size": "261462511",
                    "download": "152982720"
                },
                "stable": {
                    "gid": "5208661832484073754",
                    "size": "199724359",
                    "download": "93669632"
                }
            }
        },
        "workshopdepot": "3153240",
        "branches": {
            "public": {
                "buildid": "17593510",
                "timeupdated": "1741116138"
            },
            "beta": {
                "buildid": "18167409",
                "description": "Public beta branch",
                "timeupdated": "1745070505"
            },
            "stable": {
                "buildid": "16533405",
                "description": "Latest stable branch",
                "timeupdated": "1736053978"
            }
        },
        "workshopdepotdecryptionkey": "a9b7ebd9af1d7006c8d6b957384f56bbf2f30a3ebe98e0763f2a4dc7ce4f59cb"
    }
}