{
    "appid": "3203570",
    "type": "Demo",
    "name": "VR Sailing demo",
    "schinese_name": "VR乘风破浪",
    "isfreeapp": "0",
    "change_number": "26899236",
    "update_time": "2025-01-08 06:24:41",
    "depot": {
        "3203571": {
            "config": {
                "oslist": "windows"
            },
            "manifests": {
                "public": {
                    "gid": "3535312223550953351",
                    "size": "900906258",
                    "download": "257115488"
                }
            },
            "decryptionkey": "5d023177137ed0a99796910004c756d3466c6188797869ef936989509cbc9a3f"
        },
        "branches": {
            "public": {
                "buildid": "16023269",
                "timeupdated": "1728775221"
            }
        }
    }
}