{
    "appid": "3503250",
    "type": "Game",
    "name": "Beacon 2010",
    "schinese_name": "信标2010",
    "isfreeapp": "0",
    "change_number": "28580136",
    "update_time": "2025-04-21 16:04:09",
    "depot": {
        "baselanguages": "schinese",
        "3503251": {
            "config": {
                "language": "schinese",
                "oslist": "windows",
                "osarch": "64"
            },
            "manifests": {
                "public": {
                    "gid": "3452472452806997565",
                    "size": "289131934",
                    "download": "224136976"
                }
            },
            "decryptionkey": "3b3c740e7bff0c7f9f2794cd52e63deec60421e04cee60636b94f30f601a811b"
        },
        "branches": {
            "public": {
                "buildid": "18099121",
                "timeupdated": "1744634781"
            }
        }
    }
}