{
    "appid": "3249780",
    "type": "Demo",
    "name": "突破重围 Demo",
    "schinese_name": "突破重围 Demo",
    "isfreeapp": "0",
    "change_number": "27528443",
    "update_time": "2025-02-18 13:44:32",
    "depot": {
        "3249781": {
            "config": {
                "oslist": "windows"
            },
            "manifests": {
                "public": {
                    "gid": "740583620642752996",
                    "size": "231486912",
                    "download": "55859200"
                }
            },
            "decryptionkey": "b049a11f4121345aa0a07f81d5ff80d0651c67a885abfbd8be0a3ebe4ae97c6c"
        },
        "baselanguages": "",
        "branches": {
            "public": {
                "buildid": "17467162",
                "timeupdated": "1740230964"
            }
        },
        "privatebranches": "1"
    }
}