{
    "appid": "3440910",
    "type": "Demo",
    "name": "挂机一条街 Demo",
    "schinese_name": "",
    "isfreeapp": "0",
    "change_number": "27357623",
    "update_time": "2025-02-07 11:40:36",
    "depot": {
        "baselanguages": "schinese",
        "3440911": {
            "manifests": {
                "public": {
                    "gid": "8122310731763178355",
                    "size": "474190380",
                    "download": "183314672"
                }
            },
            "decryptionkey": "c4b2df632d4dc6ca220223db6842bd7039b55d9f7d2da63b1700cf4289ff1d00"
        },
        "branches": {
            "public": {
                "buildid": "17275727",
                "timeupdated": "1738899594"
            }
        }
    }
}