{
    "appid": "3593320",
    "type": "Music",
    "name": "Crashlands 2 Soundtrack",
    "schinese_name": "",
    "isfreeapp": "0",
    "change_number": "28496382",
    "update_time": "2025-04-16 06:14:40",
    "depot": {
        "3593321": {
            "manifests": {
                "public": {
                    "gid": "5580063018933945586",
                    "size": "262805338",
                    "download": "260304272"
                }
            },
            "decryptionkey": "f269062a16381157e8ae373ae1403169c9bcf17eeacd95af10c65d3a6660be97"
        },
        "3593322": {
            "config": {
                "highqualityaudio": "1"
            },
            "manifests": {
                "public": {
                    "gid": "7801655496472368158",
                    "size": "1076882349",
                    "download": "1090392816"
                }
            },
            "decryptionkey": "c87866f70266b56d29c3ce956843372caa5f1620cc544eb699cff6c9dea03ebd"
        },
        "branches": {
            "public": {
                "buildid": "17904057",
                "timeupdated": "1743195776"
            }
        }
    }
}