{
    "appid": "3042320",
    "type": "Demo",
    "name": "Weirdo Demo",
    "schinese_name": "异人 试玩版",
    "isfreeapp": "0",
    "change_number": "25554812",
    "update_time": "2024-10-06 18:57:04",
    "depot": {
        "3042321": {
            "config": {
                "oslist": "windows",
                "osarch": "64"
            },
            "manifests": {
                "public": {
                    "gid": "8751567239233695761",
                    "size": "394970553",
                    "download": "280134592"
                }
            },
            "decryptionkey": "a44f4b3002a9d0aa76a8d2e4f510d18aaf221e30d4f6054a5150bc09564c37d1"
        },
        "3042322": {
            "config": {
                "oslist": "linux"
            },
            "manifests": {
                "public": {
                    "gid": "2777865065549671278",
                    "size": "432160927",
                    "download": "283089680"
                }
            },
            "decryptionkey": ""
        },
        "baselanguages": "",
        "branches": {
            "public": {
                "buildid": "15705419",
                "timeupdated": "1726376951"
            }
        }
    }
}