{
    "appid": "3244640",
    "type": "Game",
    "name": "SEXDIVERS 🔞",
    "schinese_name": "",
    "isfreeapp": "0",
    "change_number": "29016528",
    "update_time": "2025-05-16 12:24:47",
    "depot": {
        "228989": {
            "config": {
                "oslist": "windows"
            },
            "depotfromapp": "228980",
            "sharedinstall": "1"
        },
        "228990": {
            "config": {
                "oslist": "windows"
            },
            "depotfromapp": "228980",
            "sharedinstall": "1"
        },
        "3244641": {
            "manifests": {
                "public": {
                    "gid": "2179109824101801114",
                    "size": "8818884693",
                    "download": "8268528400"
                }
            },
            "decryptionkey": "d229984b69bf4a73a78c74f75ba306135c8e2a795a425e2db3d277752f51121d"
        },
        "branches": {
            "public": {
                "buildid": "17122385",
                "timeupdated": "1737737655"
            }
        }
    }
}