{
    "appid": "3273270",
    "type": "Demo",
    "name": "DAWN Demo",
    "schinese_name": "",
    "isfreeapp": "0",
    "change_number": "26289818",
    "update_time": "2024-11-21 09:30:59",
    "depot": {
        "228989": {
            "config": {
                "oslist": "windows"
            },
            "depotfromapp": "228980",
            "sharedinstall": "1"
        },
        "228990": {
            "config": {
                "oslist": "windows"
            },
            "depotfromapp": "228980",
            "sharedinstall": "1"
        },
        "baselanguages": "english",
        "3273271": {
            "manifests": {
                "public": {
                    "gid": "5027667032299537117",
                    "size": "15202109084",
                    "download": "14778772208"
                }
            },
            "decryptionkey": "48a01c3016a587cce05acd2c2fb0e37e4486b93383ed42ac47c60ced2394385b"
        },
        "branches": {
            "public": {
                "buildid": "16039593",
                "timeupdated": "1728924299"
            }
        }
    }
}