{
    "appid": "3396740",
    "type": "Game",
    "name": "Backrooms: Hide Together",
    "schinese_name": "",
    "isfreeapp": "0",
    "change_number": "28927579",
    "update_time": "2025-05-12 01:32:42",
    "depot": {
        "228989": {
            "config": {
                "oslist": "windows"
            },
            "depotfromapp": "228980",
            "sharedinstall": "1"
        },
        "228990": {
            "config": {
                "oslist": "windows"
            },
            "depotfromapp": "228980",
            "sharedinstall": "1"
        },
        "3396741": {
            "config": {
                "oslist": "windows",
                "osarch": "64"
            },
            "manifests": {
                "public": {
                    "gid": "8754911696002201109",
                    "size": "2409615827",
                    "download": "2188707360"
                }
            },
            "decryptionkey": "c04920cada0992c8fb458ba44ed22d938487329ba7248d4224818078205ec0f2"
        },
        "baselanguages": "english",
        "branches": {
            "public": {
                "buildid": "18385356",
                "timeupdated": "1746690563"
            }
        }
    }
}