{
    "appid": "3042680",
    "type": "Game",
    "name": "Lightracer: For Judge",
    "schinese_name": "逐光：致监星官",
    "isfreeapp": "0",
    "change_number": "28126113",
    "update_time": "2025-03-25 17:20:35",
    "depot": {
        "3042681": {
            "config": {
                "oslist": "windows"
            },
            "manifests": {
                "public": {
                    "gid": "7586838158977755109",
                    "size": "1209177058",
                    "download": "860190112"
                }
            },
            "decryptionkey": "247ce5f3d5f8bc0e23ba67ff3334acc55076a32aa6b10881ed187ef39e21533d"
        },
        "baselanguages": "english,schinese",
        "branches": {
            "public": {
                "buildid": "16984972",
                "timeupdated": "1736760216"
            }
        },
        "privatebranches": "1"
    }
}