{
    "appid": "3244120",
    "type": "Demo",
    "name": "星彩のメトリア Demo",
    "schinese_name": "",
    "isfreeapp": "0",
    "change_number": "26183469",
    "update_time": "2024-11-14 07:40:25",
    "depot": {
        "3244121": {
            "manifests": {
                "public": {
                    "gid": "5535696052487111986",
                    "size": "298588376",
                    "download": "107032736"
                }
            },
            "decryptionkey": "6d49317846700c15b48ba91f798b3d6a8e28e539f93f09260e980d347d26cc92"
        },
        "branches": {
            "public": {
                "buildid": "16060838",
                "timeupdated": "1729062084"
            }
        },
        "privatebranches": "1"
    }
}