{
    "appid": "3100460",
    "type": "Demo",
    "name": "Survival Machine Demo",
    "schinese_name": "",
    "isfreeapp": "0",
    "change_number": "27731274",
    "update_time": "2025-03-01 16:46:40",
    "depot": {
        "3100461": {
            "manifests": {
                "public": {
                    "gid": "2225672767711956848",
                    "size": "6581727117",
                    "download": "4438688736"
                }
            },
            "decryptionkey": "5d455ed314b58f60f4f1f687561d24949e1d0bbd73302a27186306f3b9de9c29"
        },
        "branches": {
            "public": {
                "buildid": "17530417",
                "timeupdated": "1740669897"
            }
        },
        "privatebranches": "1"
    }
}