{
    "appid": "2945630",
    "type": "DLC",
    "name": "Cities: Skylines II - Creator Pack: Leisure Venues",
    "schinese_name": "",
    "isfreeapp": "0",
    "change_number": "28958938",
    "update_time": "2025-05-13 19:11:54",
    "depot": {
        "2945630": {
            "config": {
                "oslist": "windows",
                "osarch": "64"
            },
            "manifests": {
                "public": {
                    "gid": "4426616378705999578",
                    "size": "1536592559",
                    "download": "1265920576"
                }
            },
            "dlcappid": "2945630",
            "decryptionkey": "948d67b9b3f9a86527dbc70fb2c69ddb3163cbba5f848c838a600ba5c1ab760f"
        },
        "branches": {
            "public": {
                "buildid": "17387274",
                "timeupdated": "1742285402"
            }
        },
        "privatebranches": "1"
    }
}