{
    "appid": "3007490",
    "type": "Game",
    "name": "走亲戚大作战",
    "schinese_name": "",
    "isfreeapp": "0",
    "change_number": "27403203",
    "update_time": "2025-02-10 23:39:43",
    "depot": {
        "3007491": {
            "manifests": {
                "public": {
                    "gid": "5131541473777697031",
                    "size": "376641210",
                    "download": "300743424"
                }
            },
            "decryptionkey": "5bc1e23bed2c14be4ecc1fe17f648b2d41e6ad550ad3c8941dafd20af1940d91"
        },
        "baselanguages": "schinese",
        "workshopdepot": "3007490",
        "branches": {
            "public": {
                "buildid": "17168245",
                "timeupdated": "1738138600"
            }
        },
        "workshopdepotdecryptionkey": "205ddc9b0482a5ab71d1262dc7449c27711a0557b1d23a6b78816fe98de39416"
    }
}