{
    "appid": "3019030",
    "type": "Game",
    "name": "Survivor in the Forest 2",
    "schinese_name": "",
    "isfreeapp": "0",
    "change_number": "28928497",
    "update_time": "2025-05-12 03:36:03",
    "depot": {
        "3019031": {
            "manifests": {
                "public": {
                    "gid": "7753535964140280347",
                    "size": "761375696",
                    "download": "222845168"
                }
            },
            "decryptionkey": "25cf8d74f2cc95ad7ad421b8f4844f26a33d1e36b9e63929e54d1a51048c50c9"
        },
        "branches": {
            "public": {
                "buildid": "14587717",
                "timeupdated": "1717433603"
            }
        }
    }
}