{
    "appid": "3479320",
    "type": "Demo",
    "name": "Farming and Supermarket Simulator Demo",
    "schinese_name": "",
    "isfreeapp": "0",
    "change_number": "27486503",
    "update_time": "2025-02-15 04:17:15",
    "depot": {
        "3479321": {
            "manifests": {
                "public": {
                    "gid": "4550084110760239332",
                    "size": "1217491331",
                    "download": "390920368"
                }
            },
            "decryptionkey": "601e9c9ebe22dfbdbf3bc70d4bbfb9c55738e7f39a4d7c1f19741c7af73833a8"
        },
        "branches": {
            "public": {
                "buildid": "17371723",
                "timeupdated": "1739564220"
            }
        },
        "privatebranches": "1"
    }
}