{
    "appid": "3577720",
    "type": "DLC",
    "name": "Digital Artbook - Aquilon's Sex Quest",
    "schinese_name": "",
    "isfreeapp": "0",
    "change_number": "28075501",
    "update_time": "2025-03-22 00:02:06",
    "depot": {
        "3577720": {
            "manifests": {
                "public": {
                    "gid": "5697056513131323978",
                    "size": "108796833",
                    "download": "109377008"
                }
            },
            "dlcappid": "3577720",
            "decryptionkey": "211290cafd5dc11c5fa63d07649e9ac46e0a0bc11536329c83f0c76459d1d05d"
        },
        "branches": {
            "public": {
                "buildid": "17608460",
                "timeupdated": "1741199423"
            }
        }
    }
}