{
    "appid": "3114510",
    "type": "Game",
    "name": "Blackwoods",
    "schinese_name": "",
    "isfreeapp": "1",
    "change_number": "29016278",
    "update_time": "2025-05-16 12:00:44",
    "depot": {
        "228989": {
            "config": {
                "oslist": "windows"
            },
            "depotfromapp": "228980",
            "sharedinstall": "1"
        },
        "228990": {
            "config": {
                "oslist": "windows"
            },
            "depotfromapp": "228980",
            "sharedinstall": "1"
        },
        "229007": {
            "config": {
                "oslist": "windows"
            },
            "depotfromapp": "228980",
            "sharedinstall": "1"
        },
        "3114511": {
            "config": {
                "oslist": "windows"
            },
            "manifests": {
                "public": {
                    "gid": "999674087150459459",
                    "size": "8916314040",
                    "download": "8608993152"
                }
            },
            "decryptionkey": "028cdb1e26f550319154b2283ee7b06c6f9b6710e315538c298de995906509a7"
        },
        "3114512": {
            "config": {
                "oslist": "windows"
            },
            "manifests": {
                "public": {
                    "gid": "6439859750007880948",
                    "size": "8916594909",
                    "download": "8610259616"
                }
            }
        },
        "branches": {
            "public": {
                "buildid": "15450864",
                "timeupdated": "1724263622"
            }
        }
    }
}