{
    "appid": "3252610",
    "type": "Game",
    "name": "Nightmare Flight",
    "schinese_name": "",
    "isfreeapp": "0",
    "change_number": "28487831",
    "update_time": "2025-04-15 21:30:29",
    "depot": {
        "228989": {
            "config": {
                "oslist": "windows"
            },
            "depotfromapp": "228980",
            "sharedinstall": "1"
        },
        "228990": {
            "config": {
                "oslist": "windows"
            },
            "depotfromapp": "228980",
            "sharedinstall": "1"
        },
        "3252611": {
            "config": {
                "language": "english",
                "oslist": "windows",
                "osarch": "64"
            },
            "manifests": {
                "public": {
                    "gid": "7439922867621032085",
                    "size": "3033148260",
                    "download": "2820713488"
                }
            },
            "decryptionkey": "e5445535020128a215ebd7a00dfba300865341ef5df9a44b0892a43055262c06"
        },
        "branches": {
            "public": {
                "buildid": "16127173",
                "timeupdated": "1729542722"
            }
        }
    }
}