{
    "appid": "3426330",
    "type": "Game",
    "name": "Investigating Alien Cats",
    "schinese_name": "",
    "isfreeapp": "0",
    "change_number": "28777445",
    "update_time": "2025-05-02 08:03:24",
    "depot": {
        "228989": {
            "config": {
                "oslist": "windows"
            },
            "depotfromapp": "228980",
            "sharedinstall": "1"
        },
        "228990": {
            "config": {
                "oslist": "windows"
            },
            "depotfromapp": "228980",
            "sharedinstall": "1"
        },
        "3426331": {
            "manifests": {
                "public": {
                    "gid": "2141875931630380774",
                    "size": "366370073",
                    "download": "253162016"
                }
            },
            "decryptionkey": "fa78fb36097968b3f24b775ecda9688c8dc6791cc5c48d462b9fab48b7d331df"
        },
        "baselanguages": "english,koreana,schinese,japanese",
        "branches": {
            "public": {
                "buildid": "16850054",
                "timeupdated": "1735147980"
            }
        }
    }
}