{
    "appid": "3227050",
    "type": "Beta",
    "name": "风铃物语 Playtest",
    "schinese_name": "",
    "isfreeapp": "0",
    "change_number": "27500213",
    "update_time": "2025-02-16 12:24:15",
    "depot": {
        "3227051": {
            "manifests": {
                "public": {
                    "gid": "2303398100878880010",
                    "size": "756896660",
                    "download": "477723008"
                }
            },
            "decryptionkey": "1f040046650aa4380ff13411fa588beeabad6a4fd3ced01fe322ba4cf38f95af"
        },
        "branches": {
            "public": {
                "buildid": "17381865",
                "timeupdated": "1739679851"
            }
        }
    }
}