{
    "appid": "3473350",
    "type": "Game",
    "name": "Shrine Of The Forest God",
    "schinese_name": "",
    "isfreeapp": "0",
    "change_number": "28446849",
    "update_time": "2025-04-13 02:11:47",
    "depot": {
        "3473351": {
            "config": {
                "oslist": "windows"
            },
            "manifests": {
                "public": {
                    "gid": "5195518691676286615",
                    "size": "196253560",
                    "download": "123344544"
                }
            },
            "decryptionkey": "4d0a92f934f88f620abd16ab25280b88353be44685a45351b53d764e8d071b42"
        },
        "baselanguages": "english",
        "branches": {
            "public": {
                "buildid": "18082012",
                "timeupdated": "1744444367"
            }
        }
    }
}