{
    "appid": "3029210",
    "type": "Demo",
    "name": "Space Scavenger 2 Demo",
    "schinese_name": "",
    "isfreeapp": "0",
    "change_number": "27392904",
    "update_time": "2025-02-10 09:56:42",
    "depot": {
        "3029211": {
            "config": {
                "oslist": "windows"
            },
            "manifests": {
                "public": {
                    "gid": "2894722752283641805",
                    "size": "1259500241",
                    "download": "484662432"
                }
            },
            "decryptionkey": "55c0634d0580a3eff84f00b6edfcaeba35763531bd994bbd78d640c89af48408"
        },
        "branches": {
            "public": {
                "buildid": "17294047",
                "timeupdated": "1739055006"
            }
        },
        "privatebranches": "1"
    }
}