{
    "appid": "3100210",
    "type": "Game",
    "name": "My Sweet! Housemate",
    "schinese_name": "",
    "isfreeapp": "0",
    "change_number": "28749822",
    "update_time": "2025-04-30 21:16:19",
    "depot": {
        "baselanguages": "english",
        "3100211": {
            "config": {
                "osarch": "64"
            },
            "manifests": {
                "public": {
                    "gid": "4895670348351747718",
                    "size": "445731281",
                    "download": "276311104"
                }
            },
            "decryptionkey": "003a89c396001a7a83f5879e0cdd7518cc0930fac17008d802b5a47df45f2a36"
        },
        "branches": {
            "public": {
                "buildid": "16985560",
                "timeupdated": "1737132989"
            }
        },
        "privatebranches": "1"
    }
}