{
    "appid": "2998750",
    "type": "Game",
    "name": "Vending Machine Business Simulator",
    "schinese_name": "自动售货机商业模拟器",
    "isfreeapp": "0",
    "change_number": "29045125",
    "update_time": "2025-05-18 09:16:23",
    "depot": {
        "2998751": {
            "manifests": {
                "public": {
                    "gid": "5816616439458037781",
                    "size": "4527387144",
                    "download": "1539402112"
                }
            },
            "decryptionkey": "da8ce2c4542a33eb0d7c8cf3efeabe0cd2434e951d4b5932ffe4a7fca347bfab"
        },
        "hasdepotsindlc": "0",
        "branches": {
            "public": {
                "buildid": "18062649",
                "timeupdated": "1744319640"
            }
        },
        "privatebranches": "1"
    }
}