{
    "appid": "3292290",
    "type": "Game",
    "name": "肥羊危机II / FatSheep Crisis II",
    "schinese_name": "肥羊危机II",
    "isfreeapp": "0",
    "change_number": "26944922",
    "update_time": "2025-01-11 00:41:06",
    "depot": {
        "228988": {
            "config": {
                "oslist": "windows"
            },
            "depotfromapp": "228980",
            "sharedinstall": "1"
        },
        "228990": {
            "config": {
                "oslist": "windows"
            },
            "depotfromapp": "228980",
            "sharedinstall": "1"
        },
        "229002": {
            "config": {
                "oslist": "windows"
            },
            "depotfromapp": "228980",
            "sharedinstall": "1"
        },
        "3292291": {
            "manifests": {
                "public": {
                    "gid": "5887890301003897639",
                    "size": "1328537582",
                    "download": "295659040"
                }
            },
            "decryptionkey": "c6faa233bc5227b212cbff36941e01a03b758da4a2ca8802b7881b1337704b77"
        },
        "baselanguages": "english,koreana,schinese,tchinese,russian,japanese",
        "branches": {
            "public": {
                "buildid": "16967012",
                "timeupdated": "1736527261"
            }
        }
    }
}