{
    "appid": "2956300",
    "type": "Demo",
    "name": "Coin-Op Vice Demo",
    "schinese_name": "",
    "isfreeapp": "0",
    "change_number": "25120738",
    "update_time": "2024-09-07 19:32:20",
    "depot": {
        "baselanguages": "english,russian",
        "2956301": {
            "manifests": {
                "public": {
                    "gid": "3035874007828308712",
                    "size": "119714825",
                    "download": "32529824"
                }
            },
            "decryptionkey": "45e87269cc2f27eda49d1c31ef426014e40e6aee0a3eb7edcaf5078cd84cfb81"
        },
        "branches": {
            "public": {
                "buildid": "14697191",
                "timeupdated": "1718226811"
            }
        }
    }
}