{
    "appid": "3313470",
    "type": "Music",
    "name": "HUNDRED LINE -最終防衛学園- Soundtrack",
    "schinese_name": "百日战纪 -最终防卫学园- Soundtrack",
    "isfreeapp": "0",
    "change_number": "28999663",
    "update_time": "2025-05-15 18:12:58",
    "depot": {
        "3313473": {
            "manifests": {
                "public": {
                    "gid": "1114607683842095068",
                    "size": "68575488",
                    "download": "65206080"
                }
            },
            "decryptionkey": "7139c9b192d7d27f8735a404af47a898e4218cdd8653933a6680df1ed49013b7"
        },
        "3313474": {
            "config": {
                "highqualityaudio": "1"
            },
            "manifests": {
                "public": {
                    "gid": "1129197215123705621",
                    "size": "411180028",
                    "download": "366747040"
                }
            },
            "decryptionkey": "cc700042dbbffb57753bc0af37d5b8f8983c6913ce31f98c42ba3968739eeb22"
        },
        "3313471": {
            "config": {
                "language": "japanese"
            },
            "manifests": {
                "public": {
                    "gid": "4633437612164092131",
                    "size": "68575488",
                    "download": "65206320"
                }
            },
            "decryptionkey": ""
        },
        "3313472": {
            "config": {
                "language": "japanese",
                "highqualityaudio": "1"
            },
            "manifests": {
                "public": {
                    "gid": "2084566027565761264",
                    "size": "411180028",
                    "download": "366747040"
                }
            },
            "decryptionkey": ""
        },
        "3313475": {
            "config": {
                "language": "schinese"
            },
            "manifests": {
                "public": {
                    "gid": "2668544798282893607",
                    "size": "68575488",
                    "download": "65206144"
                }
            },
            "decryptionkey": "8b6728f6eac52d923e015280a35003cc3a44368a53126caa4f419e340b4e96e1"
        },
        "3313476": {
            "config": {
                "language": "schinese",
                "highqualityaudio": "1"
            },
            "manifests": {
                "public": {
                    "gid": "312663337026652661",
                    "size": "411180028",
                    "download": "366747040"
                }
            },
            "decryptionkey": "62e0bf9e3a7f470967ba2bc5e91a0f92301a1cd96480c8129b2756c2236e91b4"
        },
        "3313477": {
            "config": {
                "language": "tchinese"
            },
            "manifests": {
                "public": {
                    "gid": "8131007184588358547",
                    "size": "68575488",
                    "download": "65206192"
                }
            },
            "decryptionkey": ""
        },
        "3313478": {
            "config": {
                "language": "tchinese",
                "highqualityaudio": "1"
            },
            "manifests": {
                "public": {
                    "gid": "4548166260689771597",
                    "size": "411180028",
                    "download": "366747040"
                }
            },
            "decryptionkey": ""
        },
        "branches": {
            "public": {
                "buildid": "17707326",
                "timeupdated": "1741862070"
            }
        }
    }
}