{
    "appid": "3330170",
    "type": "Game",
    "name": "Sync Sprint",
    "schinese_name": "",
    "isfreeapp": "1",
    "change_number": "27403873",
    "update_time": "2025-02-11 00:14:10",
    "depot": {
        "228989": {
            "config": {
                "oslist": "windows"
            },
            "depotfromapp": "228980",
            "sharedinstall": "1"
        },
        "3330171": {
            "manifests": {
                "public": {
                    "gid": "8541442177535047088",
                    "size": "1093866515",
                    "download": "198213232"
                }
            },
            "decryptionkey": "6707fb738187bdc3405110e152fae260e67c7049fb1b12e633c2bcbbd0c713b5"
        },
        "branches": {
            "public": {
                "buildid": "17309252",
                "timeupdated": "1739204045"
            }
        }
    }
}