{
    "appid": "3022420",
    "type": "Demo",
    "name": "Five Nights At PT's II Demo",
    "schinese_name": "",
    "isfreeapp": "0",
    "change_number": "24124271",
    "update_time": "2024-07-16 02:47:08",
    "depot": {
        "3022421": {
            "manifests": {
                "public": {
                    "gid": "1351576375282404427",
                    "size": "333690534",
                    "download": "146912240"
                }
            },
            "decryptionkey": "28aee641f3f573c5379e0ee5d7b6ed23d712f74bbcf9f40e1af5716b24674370"
        },
        "branches": {
            "public": {
                "buildid": "14805977",
                "timeupdated": "1719083856"
            }
        }
    }
}