{
    "appid": "3011740",
    "type": "Game",
    "name": "Border Dungeon",
    "schinese_name": "",
    "isfreeapp": "0",
    "change_number": "29015780",
    "update_time": "2025-05-16 11:12:45",
    "depot": {
        "baselanguages": "",
        "3011741": {
            "config": {
                "oslist": "windows"
            },
            "manifests": {
                "public": {
                    "gid": "7460643810403009790",
                    "size": "762317445",
                    "download": "128739360"
                }
            },
            "decryptionkey": "814b6ae7aa0b891a9719091114694fbac70aa18c3f5fc8535a16921c70c57da6"
        },
        "branches": {
            "public": {
                "buildid": "14902075",
                "timeupdated": "1719894222"
            }
        }
    }
}