{
    "appid": "3027390",
    "type": "Music",
    "name": "Fuga: Melodies of Steel 2 OST Vol. 2",
    "schinese_name": "",
    "isfreeapp": "0",
    "change_number": "26183469",
    "update_time": "2024-11-14 07:26:56",
    "depot": {
        "3027391": {
            "manifests": {
                "public": {
                    "gid": "8080656331428495453",
                    "size": "169572176",
                    "download": "135328704"
                }
            },
            "decryptionkey": "65e282f8f11f23a036105d60c797b93232ad0062e364510af4f6f99aadaf722a"
        },
        "3027392": {},
        "3027393": {
            "config": {
                "highqualityaudio": "1"
            },
            "manifests": {
                "public": {
                    "gid": "7393892795378107724",
                    "size": "747749838",
                    "download": "637334848"
                }
            },
            "decryptionkey": "22086c83f62abb2d73bec5f5e572733f24fdf0de818c506da7524e19bf9bdca9"
        },
        "branches": {
            "public": {
                "buildid": "15055741",
                "timeupdated": "1721175799"
            }
        },
        "privatebranches": "1"
    }
}