{
    "appid": "3018560",
    "type": "Demo",
    "name": "Motel Manager Simulator Demo",
    "schinese_name": "",
    "isfreeapp": "0",
    "change_number": "24807559",
    "update_time": "2024-08-16 06:09:29",
    "depot": {
        "228989": {
            "config": {
                "oslist": "windows"
            },
            "depotfromapp": "228980",
            "sharedinstall": "1"
        },
        "228990": {
            "config": {
                "oslist": "windows"
            },
            "depotfromapp": "228980",
            "sharedinstall": "1"
        },
        "3018561": {
            "manifests": {
                "public": {
                    "gid": "3983225786475351750",
                    "size": "2219850852",
                    "download": "2089069216"
                }
            },
            "decryptionkey": "5f2deadc43b0755c93690128691e6ba84fbecd08a30f1f8b3300cacb50efa58d"
        },
        "branches": {
            "public": {
                "buildid": "14761891",
                "timeupdated": "1718758783"
            }
        }
    }
}