{
    "appid": "3269140",
    "type": "Demo",
    "name": "Re:Flex Demo",
    "schinese_name": "",
    "isfreeapp": "0",
    "change_number": "26954578",
    "update_time": "2025-01-11 21:00:48",
    "depot": {
        "3269141": {
            "manifests": {
                "public": {
                    "gid": "3207303827475813900",
                    "size": "1680942787",
                    "download": "306986624"
                }
            },
            "decryptionkey": "e8e5845e7a0a185f30085f5a4a345e0f69bdd22a2b5b6f66d31890728dad7abf"
        },
        "branches": {
            "public": {
                "buildid": "15892672",
                "timeupdated": "1727807562"
            }
        }
    }
}