{
    "appid": "3038080",
    "type": "Game",
    "name": "HOT TOYS",
    "schinese_name": "",
    "isfreeapp": "0",
    "change_number": "29000750",
    "update_time": "2025-05-15 19:14:30",
    "depot": {
        "3038081": {
            "manifests": {
                "public": {
                    "gid": "8476655702427885284",
                    "size": "314244592",
                    "download": "158279136"
                }
            },
            "decryptionkey": "e50778d08613b57fe27803f78e081062da352a743f0110935eeb4ae48c6b16d2"
        },
        "branches": {
            "public": {
                "buildid": "14912048",
                "timeupdated": "1719960944"
            }
        }
    }
}