{
    "appid": "3111760",
    "type": "Demo",
    "name": "SEIDEN Demo",
    "schinese_name": "",
    "isfreeapp": "0",
    "change_number": "24795444",
    "update_time": "2024-08-15 14:37:37",
    "depot": {
        "228989": {
            "config": {
                "oslist": "windows"
            },
            "depotfromapp": "228980",
            "sharedinstall": "1"
        },
        "228990": {
            "config": {
                "oslist": "windows"
            },
            "depotfromapp": "228980",
            "sharedinstall": "1"
        },
        "3111761": {
            "manifests": {
                "public": {
                    "gid": "9002157936613864338",
                    "size": "31376050959",
                    "download": "27644716304"
                }
            },
            "decryptionkey": "013ff91b1c7e0af6848c6dc14285ef047ef7ca2ba5d10f2c75061736cba048b9"
        },
        "baselanguages": "english",
        "branches": {
            "public": {
                "buildid": "15056717",
                "timeupdated": "1721185945"
            }
        }
    }
}