{
    "appid": "3354470",
    "type": "DLC",
    "name": "Beat Saber - Metallica - Blackened",
    "schinese_name": "",
    "isfreeapp": "0",
    "change_number": "26577811",
    "update_time": "2024-12-10 23:44:20",
    "depot": {
        "3354470": {
            "manifests": {
                "public": {
                    "gid": "4306322868860798677",
                    "size": "23335382",
                    "download": "23654816"
                }
            },
            "dlcappid": "3354470",
            "decryptionkey": "312cb5a2dd8a91b7394a9646291bfd93d77815834d0f578b6f5be33df6c3e0ad"
        },
        "branches": {
            "public": {
                "buildid": "16539550",
                "timeupdated": "1732636447"
            }
        }
    }
}