{
    "appid": "3461190",
    "type": "Game",
    "name": "Magatch",
    "schinese_name": "",
    "isfreeapp": "0",
    "change_number": "29047091",
    "update_time": "2025-05-18 16:12:19",
    "depot": {
        "3461191": {
            "manifests": {
                "public": {
                    "gid": "491560283280456965",
                    "size": "129004253",
                    "download": "88542064"
                }
            },
            "decryptionkey": "230fb5ce0f907bf948ab99b7547effcf1e8defc2d6e6c2d06cd42b7afc64424f"
        },
        "branches": {
            "public": {
                "buildid": "17013633",
                "timeupdated": "1736949232"
            }
        }
    }
}