{
    "appid": "3345060",
    "type": "Demo",
    "name": "Kemono Teatime Demo",
    "schinese_name": "兽娘红茶馆 Demo",
    "isfreeapp": "0",
    "change_number": "27727418",
    "update_time": "2025-03-01 07:47:15",
    "depot": {
        "3345061": {
            "manifests": {
                "public": {
                    "gid": "874232476643262312",
                    "size": "2514699201",
                    "download": "454715056"
                }
            },
            "decryptionkey": "c7973c6088d4b10df9c6aec1c30ed49994b9b7048a1374e28bae30a8a816bf30"
        },
        "baselanguages": "english,schinese,tchinese,japanese",
        "branches": {
            "public": {
                "buildid": "17334814",
                "timeupdated": "1739364091"
            }
        },
        "privatebranches": "1"
    }
}