{
    "appid": "3084380",
    "type": "Demo",
    "name": "RUMBLE BLAZING Demo",
    "schinese_name": "",
    "isfreeapp": "0",
    "change_number": "24675684",
    "update_time": "2024-08-07 06:36:05",
    "depot": {
        "3084381": {
            "manifests": {
                "public": {
                    "gid": "5108011127806545115",
                    "size": "3594265218",
                    "download": "937307472"
                }
            },
            "decryptionkey": "98bd04a2ebd272a7beef65ee206e2ccb6e65b7bd8b6cc0ed5736b4dde4609e4a"
        },
        "baselanguages": "english,japanese",
        "branches": {
            "public": {
                "buildid": "14894925",
                "timeupdated": "1719839275"
            }
        }
    }
}