{
    "appid": "3115060",
    "type": "Game",
    "name": "Hypno Idols: Greatest Tits",
    "schinese_name": "催眠诱奸",
    "isfreeapp": "0",
    "change_number": "29006404",
    "update_time": "2025-05-16 00:01:37",
    "depot": {
        "3115061": {
            "config": {
                "oslist": "windows,linux"
            },
            "manifests": {
                "public": {
                    "gid": "1643911669169690725",
                    "size": "699121191",
                    "download": "579734304"
                }
            },
            "decryptionkey": "6199195d827ba8221fea9e5991489ec2b0f4ce8c7e4f8ca315e62c3adca2f8dd"
        },
        "3115062": {
            "config": {
                "oslist": "macos"
            },
            "manifests": {
                "public": {
                    "gid": "621774448608980158",
                    "size": "695040987",
                    "download": "583151168"
                }
            },
            "decryptionkey": "338832907a6d20d4de0e0210df64a5ba3010a2cf0b95970f6282686c47400d9a"
        },
        "branches": {
            "public": {
                "buildid": "15605353",
                "timeupdated": "1725551368"
            }
        },
        "privatebranches": "1"
    }
}