{
    "appid": "3026720",
    "type": "Game",
    "name": "Arcane Arts: Sorcerer's Quest",
    "schinese_name": "",
    "isfreeapp": "0",
    "change_number": "29015847",
    "update_time": "2025-05-16 11:19:24",
    "depot": {
        "3026721": {
            "config": {
                "oslist": "windows"
            },
            "manifests": {
                "public": {
                    "gid": "606496488874874770",
                    "size": "448651724",
                    "download": "342049520"
                }
            },
            "decryptionkey": "4812b9323712bde1e3fa8d4a7dce98164e1a1e6f7e08c7fcc433e1a69237ae9e"
        },
        "3026722": {
            "config": {
                "oslist": "macos",
                "osarch": "64"
            },
            "manifests": {
                "public": {
                    "gid": "2064972929895023610",
                    "size": "483121690",
                    "download": "352933648"
                }
            },
            "decryptionkey": ""
        },
        "branches": {
            "public": {
                "buildid": "16473953",
                "timeupdated": "1732280094"
            }
        },
        "privatebranches": "1"
    }
}