{
    "appid": "3070620",
    "type": "Game",
    "name": "Ninja Ordinance",
    "schinese_name": "忍者枫叶丸的秘章",
    "isfreeapp": "0",
    "change_number": "28798967",
    "update_time": "2025-05-03 17:29:44",
    "depot": {
        "3070621": {
            "config": {
                "language": "english",
                "oslist": "windows"
            },
            "manifests": {
                "public": {
                    "gid": "532355065019745667",
                    "size": "499411803",
                    "download": "353272624"
                }
            },
            "decryptionkey": ""
        },
        "3070622": {
            "config": {
                "language": "japanese",
                "oslist": "windows"
            },
            "manifests": {
                "public": {
                    "gid": "1632528298367678813",
                    "size": "494086355",
                    "download": "353337936"
                }
            },
            "decryptionkey": ""
        },
        "3070623": {
            "config": {
                "language": "schinese",
                "oslist": "windows"
            },
            "manifests": {
                "public": {
                    "gid": "8303151273640014371",
                    "size": "504001868",
                    "download": "357103920"
                }
            },
            "decryptionkey": "bca1f4e668d691881f7f2da78a467f77b6596cb28c5ea3ed28d98a70459464a0"
        },
        "3070624": {
            "config": {
                "language": "tchinese",
                "oslist": "windows"
            },
            "manifests": {
                "public": {
                    "gid": "8714522965262156693",
                    "size": "504008092",
                    "download": "357104368"
                }
            },
            "decryptionkey": ""
        },
        "branches": {
            "public": {
                "buildid": "16807068",
                "timeupdated": "1734648582"
            }
        }
    }
}