{
    "appid": "3435600",
    "type": "Game",
    "name": "PEXIT 8",
    "schinese_name": "",
    "isfreeapp": "1",
    "change_number": "29020681",
    "update_time": "2025-05-16 17:16:43",
    "depot": {
        "228989": {
            "config": {
                "oslist": "windows"
            },
            "depotfromapp": "228980",
            "sharedinstall": "1"
        },
        "228990": {
            "config": {
                "oslist": "windows"
            },
            "depotfromapp": "228980",
            "sharedinstall": "1"
        },
        "3435601": {
            "manifests": {
                "public": {
                    "gid": "470143954344006251",
                    "size": "701245933",
                    "download": "550178304"
                }
            },
            "decryptionkey": "a8be0494e51459fb5811496b27266e115f7664e5d18279531c164e58ec8b15a9"
        },
        "branches": {
            "public": {
                "buildid": "17407351",
                "timeupdated": "1739883310"
            }
        }
    }
}