{
    "appid": "3191590",
    "type": "Demo",
    "name": "Art Shop Simulator Demo",
    "schinese_name": "",
    "isfreeapp": "0",
    "change_number": "25737505",
    "update_time": "2024-10-16 08:13:38",
    "depot": {
        "3191591": {
            "manifests": {
                "public": {
                    "gid": "5609764262389176057",
                    "size": "2646081594",
                    "download": "656604064"
                }
            },
            "decryptionkey": "948e0a10f63635a6e47df6f26a6cfef2277d3c9e2cbf1107b976f1c55a15521d"
        },
        "branches": {
            "public": {
                "buildid": "16058651",
                "timeupdated": "1729037614"
            }
        }
    }
}