{
    "appid": "3143680",
    "type": "Demo",
    "name": "My Sleeper Demo",
    "schinese_name": "",
    "isfreeapp": "0",
    "change_number": "27102101",
    "update_time": "2025-01-22 06:59:33",
    "depot": {
        "3143681": {
            "config": {
                "oslist": "windows",
                "osarch": "64"
            },
            "manifests": {
                "public": {
                    "gid": "944505928819198354",
                    "size": "3162003155",
                    "download": "995603424"
                }
            },
            "decryptionkey": "d17861e70c2f536018b104f1d55b645f88862ce2cfaba996d53e6eef389ec071"
        },
        "branches": {
            "public": {
                "buildid": "17458786",
                "timeupdated": "1740255234"
            }
        }
    }
}