{
    "appid": "3115500",
    "type": "Game",
    "name": "梦幻旋律",
    "schinese_name": "梦幻旋律",
    "isfreeapp": "0",
    "change_number": "27934759",
    "update_time": "2025-03-13 22:20:51",
    "depot": {
        "3115501": {
            "manifests": {
                "public": {
                    "gid": "7984931340357040594",
                    "size": "221446297",
                    "download": "120721184"
                }
            },
            "decryptionkey": "85837d885afd917e836f20a5bed8822bfb9438e8babeb30e6dff1fc24174ddc0"
        },
        "branches": {
            "public": {
                "buildid": "16153661",
                "timeupdated": "1729701382"
            }
        },
        "privatebranches": "1"
    }
}