{
    "appid": "3239270",
    "type": "Game",
    "name": "Night Shift Nurses",
    "schinese_name": "夜勤病栋",
    "isfreeapp": "0",
    "change_number": "29016528",
    "update_time": "2025-05-16 12:24:47",
    "depot": {
        "3239271": {
            "manifests": {
                "public": {
                    "gid": "229176277399209504",
                    "size": "701901247",
                    "download": "680590752"
                }
            },
            "decryptionkey": "94c30ac47ad9c694a516a45cbc89f73e179cf4456d6aec9a1c0c95b1378084b3"
        },
        "branches": {
            "public": {
                "buildid": "16533492",
                "timeupdated": "1732600687"
            }
        }
    }
}