{
    "appid": "3288480",
    "type": "DLC",
    "name": "Gunsmith Simulator - Flint & Powder",
    "schinese_name": "",
    "isfreeapp": "0",
    "change_number": "28677029",
    "update_time": "2025-04-26 07:54:26",
    "depot": {
        "3288480": {
            "manifests": {
                "public": {
                    "gid": "4193285423388458189",
                    "size": "487651002",
                    "download": "494316000"
                }
            },
            "dlcappid": "3288480",
            "decryptionkey": "3e3828e344ebf5ebf060fc7f1f19dcae7a71a9958a5835a0d654c341e6bb2445"
        },
        "branches": {
            "public": {
                "buildid": "16601543",
                "timeupdated": "1733148225"
            }
        }
    }
}