{
    "appid": "3393570",
    "type": "Demo",
    "name": "Redline Demo",
    "schinese_name": "",
    "isfreeapp": "0",
    "change_number": "27209144",
    "update_time": "2025-01-29 07:01:30",
    "depot": {
        "3393571": {
            "manifests": {
                "public": {
                    "gid": "1223217306963863996",
                    "size": "1680932057",
                    "download": "395854048"
                }
            },
            "decryptionkey": "c571fa4c65c9da76c39a4d5b19ebe15a34b95a38f3bbb0faf5c2ec7261367f64"
        },
        "branches": {
            "public": {
                "buildid": "16832936",
                "timeupdated": "1734935488"
            }
        }
    }
}