{
    "appid": "3016740",
    "type": "DLC",
    "name": "CUSTOM ORDER MAID 3D2 It's a Night Magic Step in Summer ALL in ONE Pack",
    "schinese_name": "",
    "isfreeapp": "0",
    "change_number": "23969181",
    "update_time": "2024-07-16 02:47:08",
    "depot": {
        "3016741": {
            "config": {
                "oslist": "windows",
                "osarch": "64"
            },
            "manifests": {
                "public": {
                    "gid": "6601987382344464854",
                    "size": "3318335500",
                    "download": "868547280"
                }
            },
            "dlcappid": "3016740",
            "decryptionkey": "79756d96a402e9dbe2cef7a763db12e8a71b8d978bcd9b5b4aa0367262192f5a"
        },
        "branches": {
            "public": {
                "buildid": "14715344",
                "timeupdated": "1718352134"
            }
        }
    }
}