{
    "appid": "3357830",
    "type": "DLC",
    "name": "命运游戏2-数字升级版",
    "schinese_name": "命运游戏2-数字升级版",
    "isfreeapp": "0",
    "change_number": "28164576",
    "update_time": "2025-03-27 15:07:26",
    "depot": {
        "3357831": {
            "config": {
                "oslist": "windows",
                "optionaldlc": "3357830"
            },
            "manifests": {
                "public": {
                    "gid": "4314588606112826746",
                    "size": "677734701",
                    "download": "615045184"
                }
            },
            "dlcappid": "3357830",
            "decryptionkey": "6371e72e0042fa7e187a1940bb973643af5896b42fa755f8c07fd4dd1d041328"
        },
        "3357832": {
            "config": {
                "oslist": "macos",
                "optionaldlc": "3357830"
            },
            "manifests": {
                "public": {
                    "gid": "8672516075932196540",
                    "size": "678063514",
                    "download": "615300992"
                }
            },
            "dlcappid": "3357830",
            "decryptionkey": ""
        },
        "branches": {
            "public": {
                "buildid": "17878671",
                "timeupdated": "1743059242"
            }
        },
        "appmanagesdlc": "1"
    }
}