{
    "appid": "3403720",
    "type": "Game",
    "name": "Miami Paradise",
    "schinese_name": "",
    "isfreeapp": "0",
    "change_number": "29016664",
    "update_time": "2025-05-16 12:42:44",
    "depot": {
        "3403721": {
            "manifests": {
                "public": {
                    "gid": "7559403315219773109",
                    "size": "5755143346",
                    "download": "2645939632"
                }
            },
            "decryptionkey": "6c1ce460f6b39d75e726be60d804420b3464e7f1a5c30f25406a5caeae1eda4f"
        },
        "3403722": {
            "config": {
                "oslist": "macos",
                "osarch": "64"
            },
            "manifests": {
                "public": {
                    "gid": "7593105527004774517",
                    "size": "5741909246",
                    "download": "2643011744"
                }
            }
        },
        "branches": {
            "public": {
                "buildid": "18352044",
                "timeupdated": "1746484535"
            }
        }
    }
}