{
    "appid": "3193050",
    "type": "Demo",
    "name": "Nortopia Demo",
    "schinese_name": "",
    "isfreeapp": "0",
    "change_number": "26183469",
    "update_time": "2024-11-14 07:37:37",
    "depot": {
        "3193051": {
            "manifests": {
                "public": {
                    "gid": "7849467659188310602",
                    "size": "249530870",
                    "download": "80161808"
                }
            },
            "decryptionkey": "45cca0078073f4514981ecbeac3cb35b6a7f5bf1c7d9615995cfc737e0df9265"
        },
        "branches": {
            "public": {
                "buildid": "16056713",
                "timeupdated": "1729023866"
            }
        },
        "privatebranches": "1"
    }
}