{
    "appid": "3228590",
    "type": "Game",
    "name": "Deadzone Rogue",
    "schinese_name": "死域Rogue",
    "isfreeapp": "0",
    "change_number": "29047117",
    "update_time": "2025-05-18 16:15:48",
    "depot": {
        "228989": {
            "config": {
                "oslist": "windows"
            },
            "depotfromapp": "228980",
            "sharedinstall": "1"
        },
        "228990": {
            "config": {
                "oslist": "windows"
            },
            "depotfromapp": "228980",
            "sharedinstall": "1"
        },
        "3228591": {
            "manifests": {
                "public": {
                    "gid": "8646751150282375150",
                    "size": "6928361614",
                    "download": "6537845584"
                }
            },
            "decryptionkey": "ff50f696309f1bdaedc819a0dfc5ad20497d9884179b19683f5ceba047094567"
        },
        "branches": {
            "public": {
                "buildid": "18496234",
                "timeupdated": "1747428538"
            }
        },
        "privatebranches": "1"
    }
}