{
    "appid": "3108010",
    "type": "Game",
    "name": "MEMOLOGY: War of Memes",
    "schinese_name": "",
    "isfreeapp": "0",
    "change_number": "28805591",
    "update_time": "2025-05-04 09:30:26",
    "depot": {
        "228989": {
            "config": {
                "oslist": "windows"
            },
            "depotfromapp": "228980",
            "sharedinstall": "1"
        },
        "228990": {
            "config": {
                "oslist": "windows"
            },
            "depotfromapp": "228980",
            "sharedinstall": "1"
        },
        "3108011": {
            "manifests": {
                "public": {
                    "gid": "8491553398608311520",
                    "size": "1312070133",
                    "download": "361477616"
                }
            },
            "decryptionkey": "0fe74e43a36d1112bce919b3f6886e73929c5ba1d3e0c1b71cdd818793059974"
        },
        "branches": {
            "public": {
                "buildid": "15734484",
                "timeupdated": "1729798252"
            }
        }
    }
}