{
    "appid": "3209350",
    "type": "Demo",
    "name": "Cats and Seek: Tokyo Demo",
    "schinese_name": "",
    "isfreeapp": "0",
    "change_number": "25762223",
    "update_time": "2024-10-17 15:44:37",
    "depot": {
        "3209351": {
            "config": {
                "oslist": "windows",
                "osarch": "64"
            },
            "manifests": {
                "public": {
                    "gid": "1292321580685339096",
                    "size": "313397334",
                    "download": "136015168"
                }
            },
            "decryptionkey": "fecd4691bfdd1ef18b0de779c8516554034ec3cc0da9c2b995c4cca3dc73317a"
        },
        "3209352": {
            "config": {
                "oslist": "linux",
                "osarch": "64"
            },
            "manifests": {
                "public": {
                    "gid": "3642799289374063542",
                    "size": "430986115",
                    "download": "147877072"
                }
            },
            "decryptionkey": ""
        },
        "branches": {
            "public": {
                "buildid": "16077316",
                "timeupdated": "1729151074"
            }
        }
    }
}