{
    "appid": "2951670",
    "type": "Tool",
    "name": "Total War: PHARAOH DYNASTIES - Assembly Kit",
    "schinese_name": "",
    "isfreeapp": "0",
    "change_number": "28929602",
    "update_time": "2025-05-12 06:29:14",
    "depot": {
        "228988": {
            "config": {
                "oslist": "windows"
            },
            "depotfromapp": "228980",
            "sharedinstall": "1"
        },
        "228990": {
            "config": {
                "oslist": "windows"
            },
            "depotfromapp": "228980",
            "sharedinstall": "1"
        },
        "2951671": {
            "manifests": {
                "public": {
                    "gid": "985919540334159602",
                    "size": "3867015309",
                    "download": "2370352640"
                }
            },
            "decryptionkey": "32ab3fa8e570d193ca98ef56b26423f365fe160c7e7becb60d71054a527906c5"
        },
        "branches": {
            "public": {
                "buildid": "15604172",
                "timeupdated": "1726149634"
            }
        },
        "privatebranches": "1"
    }
}