{
    "appid": "3399040",
    "type": "Game",
    "name": "Office Simulator",
    "schinese_name": "",
    "isfreeapp": "0",
    "change_number": "28988029",
    "update_time": "2025-05-15 03:14:42",
    "depot": {
        "3399041": {
            "manifests": {
                "public": {
                    "gid": "1879228349974965118",
                    "size": "1204930255",
                    "download": "504404800"
                }
            },
            "decryptionkey": "bba17d3ffb70540886373a19080470a5dff40502d30cfcd5e386b1a3474e42ff"
        },
        "branches": {
            "public": {
                "buildid": "18357763",
                "timeupdated": "1746526532"
            }
        },
        "privatebranches": "1"
    }
}