{
    "appid": "3428610",
    "type": "Game",
    "name": "Beer Runner",
    "schinese_name": "",
    "isfreeapp": "0",
    "change_number": "29042748",
    "update_time": "2025-05-18 02:52:57",
    "depot": {
        "228989": {
            "config": {
                "oslist": "windows"
            },
            "depotfromapp": "228980",
            "sharedinstall": "1"
        },
        "228990": {
            "config": {
                "oslist": "windows"
            },
            "depotfromapp": "228980",
            "sharedinstall": "1"
        },
        "229000": {
            "config": {
                "oslist": "windows"
            },
            "depotfromapp": "228980",
            "sharedinstall": "1"
        },
        "3428611": {
            "manifests": {
                "public": {
                    "gid": "638019972951992345",
                    "size": "1674885396",
                    "download": "1518980160"
                }
            },
            "decryptionkey": "a7664efea16b07312225594d69c002f2567948419d81cb64bc214f9df9dc6a0c"
        },
        "branches": {
            "public": {
                "buildid": "16859713",
                "timeupdated": "1735293261"
            }
        }
    }
}