{
    "appid": "2983350",
    "type": "Game",
    "name": "planetarian: Snow Globe",
    "schinese_name": "planetarian～雪圏球～",
    "isfreeapp": "0",
    "change_number": "29039786",
    "update_time": "2025-05-17 20:13:18",
    "depot": {
        "2983351": {
            "manifests": {
                "public": {
                    "gid": "6403723809697175499",
                    "size": "643037356",
                    "download": "598989664"
                }
            },
            "decryptionkey": "7670b3b739a093fce638fb065ab0df0c3c89ed96462a864b6fe4eebcff6bfc17"
        },
        "baselanguages": "english,french,schinese,tchinese,japanese",
        "branches": {
            "public": {
                "buildid": "18291174",
                "timeupdated": "1745994869"
            }
        }
    }
}