{
    "appid": "3196000",
    "type": "Demo",
    "name": "Time Chess Demo",
    "schinese_name": "",
    "isfreeapp": "0",
    "change_number": "25788568",
    "update_time": "2024-10-18 23:34:29",
    "depot": {
        "3196001": {
            "manifests": {
                "public": {
                    "gid": "4951561907545349723",
                    "size": "289860578",
                    "download": "46450288"
                }
            },
            "decryptionkey": "69259ffbc7ced005297757ab577da8136e2d07b600fd06f5a9624fe0405f4ff8"
        },
        "branches": {
            "public": {
                "buildid": "16098165",
                "timeupdated": "1729265665"
            }
        }
    }
}