{
    "appid": "3036080",
    "type": "Game",
    "name": "Shawarma Legend",
    "schinese_name": "沙威玛传奇 - Shawarma Legend",
    "isfreeapp": "0",
    "change_number": "29047117",
    "update_time": "2025-05-18 16:15:48",
    "depot": {
        "228989": {
            "config": {
                "oslist": "windows"
            },
            "depotfromapp": "228980",
            "sharedinstall": "1"
        },
        "228990": {
            "config": {
                "oslist": "windows"
            },
            "depotfromapp": "228980",
            "sharedinstall": "1"
        },
        "3036081": {
            "manifests": {
                "public": {
                    "gid": "4691268460710024246",
                    "size": "98084722",
                    "download": "80473760"
                }
            },
            "decryptionkey": "43c6cbc48dd25cd831e560ab88eaec5ec6ea5759d28d66933d6ae1a4badb30db"
        },
        "baselanguages": "english,german,french,italian,koreana,spanish,schinese,tchinese,russian,japanese,portuguese,turkish,arabic,brazilian,latam,indonesian",
        "branches": {
            "public": {
                "buildid": "17474314",
                "timeupdated": "1740741611"
            }
        }
    }
}