{
    "appid": "3027600",
    "type": "Game",
    "name": "Love, Elections, and Chocolate",
    "schinese_name": "恋爱与选举与巧克力",
    "isfreeapp": "0",
    "change_number": "29015847",
    "update_time": "2025-05-16 11:19:22",
    "depot": {
        "3027601": {
            "manifests": {
                "public": {
                    "gid": "1819575666314257977",
                    "size": "2519313391",
                    "download": "2463255152"
                }
            },
            "decryptionkey": "155d25dda145435e58e83618d31eb540d097627233eddaf86913f8465643ab36"
        },
        "baselanguages": "english,schinese,tchinese,japanese",
        "branches": {
            "public": {
                "buildid": "17894739",
                "timeupdated": "1743149880"
            }
        }
    }
}