{
    "appid": "3384860",
    "type": "Game",
    "name": "Devilish Lady Doctor - A Night of Domination and Seduction -",
    "schinese_name": "",
    "isfreeapp": "0",
    "change_number": "28797062",
    "update_time": "2025-05-03 13:08:18",
    "depot": {
        "3384861": {
            "manifests": {
                "public": {
                    "gid": "6455432124387499816",
                    "size": "677091474",
                    "download": "543778064"
                }
            },
            "decryptionkey": "95a4ec70e34535024dc7a8e2dc6dc66abd1703ae4b6a427ed8d1bc1446726707"
        },
        "branches": {
            "public": {
                "buildid": "16651817",
                "timeupdated": "1733457502"
            }
        }
    }
}