{
    "appid": "3253660",
    "type": "Demo",
    "name": "迷失岛外传南瓜镇 - 试玩版",
    "schinese_name": "",
    "isfreeapp": "0",
    "change_number": "26183469",
    "update_time": "2024-11-14 07:40:52",
    "depot": {
        "3253661": {
            "config": {
                "oslist": "windows"
            },
            "manifests": {
                "public": {
                    "gid": "8038912774593707921",
                    "size": "671404137",
                    "download": "90990800"
                }
            },
            "decryptionkey": "2d5ac5aaf6e505269fd8588d5a2c301447dbdc33d2d676b131d4a4e3b1269f07"
        },
        "3253662": {
            "config": {
                "oslist": "macos"
            },
            "manifests": {
                "public": {
                    "gid": "456696432888100144",
                    "size": "694828850",
                    "download": "97985088"
                }
            },
            "decryptionkey": ""
        },
        "3253663": {
            "config": {
                "oslist": "windows"
            },
            "manifests": {
                "public": {
                    "gid": "5978338546604983680",
                    "size": "372385162",
                    "download": "76332368"
                }
            },
            "decryptionkey": ""
        },
        "3253664": {
            "config": {
                "oslist": "macos"
            },
            "manifests": {
                "public": {
                    "gid": "6657528186117358200",
                    "size": "396218158",
                    "download": "83450128"
                }
            },
            "decryptionkey": ""
        },
        "branches": {
            "public": {
                "buildid": "16065664",
                "timeupdated": "1729081488"
            }
        },
        "privatebranches": "1"
    }
}