{
    "appid": "3333890",
    "type": "Game",
    "name": "Panelak",
    "schinese_name": "",
    "isfreeapp": "0",
    "change_number": "27979521",
    "update_time": "2025-03-16 16:56:20",
    "depot": {
        "228989": {
            "config": {
                "oslist": "windows"
            },
            "depotfromapp": "228980",
            "sharedinstall": "1"
        },
        "228990": {
            "config": {
                "oslist": "windows"
            },
            "depotfromapp": "228980",
            "sharedinstall": "1"
        },
        "3333891": {
            "manifests": {
                "public": {
                    "gid": "4551160554510974144",
                    "size": "4572472008",
                    "download": "4394098928"
                }
            },
            "decryptionkey": "b5e52dd81308451318ddf6c896cb1fed3ac016742cd36cd0d123855bf55206a6"
        },
        "branches": {
            "public": {
                "buildid": "17522443",
                "timeupdated": "1740645566"
            }
        },
        "privatebranches": "1"
    }
}