{
    "appid": "3440000",
    "type": "Game",
    "name": "Merchant 64",
    "schinese_name": "",
    "isfreeapp": "0",
    "change_number": "29017040",
    "update_time": "2025-05-16 13:20:46",
    "depot": {
        "3440001": {
            "config": {
                "language": "english",
                "oslist": "windows"
            },
            "manifests": {
                "public": {
                    "gid": "3427374399858260140",
                    "size": "276956950",
                    "download": "78657504"
                }
            },
            "decryptionkey": "56cac7755d3c1b57c83be4413bf0a0f495d42881501f68af095d100c892c9e0f"
        },
        "baselanguages": "english",
        "branches": {
            "public": {
                "buildid": "17999150",
                "timeupdated": "1743903230"
            }
        }
    }
}