{
    "appid": "3080140",
    "type": "DLC",
    "name": "Union of Gnomes - Artbook",
    "schinese_name": "",
    "isfreeapp": "0",
    "change_number": "25154439",
    "update_time": "2024-09-10 17:41:47",
    "depot": {
        "3080140": {
            "config": {
                "oslist": "windows"
            },
            "dlcappid": "3080140",
            "manifests": {
                "public": {
                    "gid": "2319485374994700429",
                    "size": "58716330",
                    "download": "55516592"
                }
            },
            "decryptionkey": "0dd6610571147f1273561eff793276b4e3e6f41489372085c1db6987cbce2d42"
        },
        "branches": {
            "public": {
                "buildid": "15048818",
                "timeupdated": "1721129856"
            }
        }
    }
}