{
    "appid": "2994470",
    "type": "DLC",
    "name": "Hauntii - Digital Art Collection",
    "schinese_name": "幽灵霍迪 - 数字艺术收藏",
    "isfreeapp": "0",
    "change_number": "25408425",
    "update_time": "2024-09-26 23:29:43",
    "depot": {
        "2994470": {
            "manifests": {
                "public": {
                    "gid": "8204220115616954196",
                    "size": "90691718",
                    "download": "90048112"
                }
            },
            "dlcappid": "2994470",
            "decryptionkey": "29d05d91834e237b1dbdac873964a37b98f5f54a9547119d69d3f01b78175970"
        },
        "branches": {
            "public": {
                "buildid": "14429680",
                "timeupdated": "1716217385"
            }
        }
    }
}