{
    "appid": "3381190",
    "type": "Game",
    "name": "I Am Motherfucker",
    "schinese_name": "对不起操了你的妈",
    "isfreeapp": "0",
    "change_number": "29016664",
    "update_time": "2025-05-16 12:42:45",
    "depot": {
        "3381191": {
            "config": {
                "oslist": "windows,linux"
            },
            "manifests": {
                "public": {
                    "gid": "6497289937414986143",
                    "size": "1677291213",
                    "download": "1546136352"
                }
            },
            "decryptionkey": "2ee7f8fea3255e45451d02af15ce3f8059e09b13a90646c45691a20cefff9dc5"
        },
        "3381192": {
            "config": {
                "oslist": "macos"
            },
            "manifests": {
                "public": {
                    "gid": "5317629698743224954",
                    "size": "1792259368",
                    "download": "1652958336"
                }
            }
        },
        "branches": {
            "public": {
                "buildid": "17325433",
                "timeupdated": "1742578336"
            }
        },
        "privatebranches": "1"
    }
}