{
    "appid": "3000840",
    "type": "Demo",
    "name": "Surviving the Apocalypse Is More Fun When There’s Sex Demo",
    "schinese_name": "",
    "isfreeapp": "0",
    "change_number": "25980366",
    "update_time": "2024-10-31 07:34:42",
    "depot": {
        "3000841": {
            "manifests": {
                "public": {
                    "gid": "56016260431205932",
                    "size": "1234760991",
                    "download": "1073112592"
                }
            },
            "decryptionkey": "5e8f9ba193945ecc1bee733fad7a7c6129a9d1fb7847eaba5239862b2a34aaad"
        },
        "branches": {
            "public": {
                "buildid": "14382568",
                "timeupdated": "1715817621"
            }
        }
    }
}