{
    "appid": "3259960",
    "type": "Demo",
    "name": "CONERU -DIMENSION GIRL- Demo",
    "schinese_name": "",
    "isfreeapp": "0",
    "change_number": "25877968",
    "update_time": "2024-10-24 22:10:02",
    "depot": {
        "3259961": {
            "manifests": {
                "public": {
                    "gid": "6130921986662771097",
                    "size": "3525451111",
                    "download": "412225648"
                }
            },
            "decryptionkey": "656a2fb2bdf4177123979155acecaa730fad099636a5bf598950b99386532c32"
        },
        "branches": {
            "public": {
                "buildid": "16166491",
                "timeupdated": "1729778995"
            }
        }
    }
}