{
    "appid": "3246570",
    "type": "Demo",
    "name": "I wannna be The King! Demo",
    "schinese_name": "",
    "isfreeapp": "0",
    "change_number": "27004385",
    "update_time": "2025-01-15 17:16:17",
    "depot": {
        "228989": {
            "config": {
                "oslist": "windows"
            },
            "depotfromapp": "228980",
            "sharedinstall": "1"
        },
        "228990": {
            "config": {
                "oslist": "windows"
            },
            "depotfromapp": "228980",
            "sharedinstall": "1"
        },
        "baselanguages": "english,german,french,spanish,schinese,russian,japanese,ukrainian",
        "3246571": {
            "config": {
                "oslist": "windows"
            },
            "manifests": {
                "public": {
                    "gid": "7915557388421323759",
                    "size": "218813218",
                    "download": "130192016"
                }
            },
            "decryptionkey": "aed85f51a9d0d3f3f9b54ce533838b0caea32d8e50be3d35020405a80b9fd155"
        },
        "branches": {
            "public": {
                "buildid": "16037390",
                "timeupdated": "1728914071"
            }
        }
    }
}