{
    "appid": "3179800",
    "type": "Demo",
    "name": "Avalon Crew Demo",
    "schinese_name": "",
    "isfreeapp": "0",
    "change_number": "26183469",
    "update_time": "2024-11-14 07:37:00",
    "depot": {
        "3179801": {
            "manifests": {
                "public": {
                    "gid": "7348203001800841993",
                    "size": "481906121",
                    "download": "135971920"
                }
            },
            "decryptionkey": "8e83d21add97ddd4ff71edd73fed1374988af91ed87d63be4bbcef8fa552922d"
        },
        "branches": {
            "public": {
                "buildid": "15714042",
                "timeupdated": "1726491742"
            }
        },
        "privatebranches": "1"
    }
}