{
    "appid": "3314060",
    "type": "Game",
    "name": "The Sims™ Legacy Collection",
    "schinese_name": "《The Sims™》经典合集",
    "isfreeapp": "0",
    "change_number": "28910223",
    "update_time": "2025-05-10 05:32:33",
    "depot": {
        "228989": {
            "config": {
                "oslist": "windows"
            },
            "depotfromapp": "228980",
            "sharedinstall": "1"
        },
        "3314061": {
            "manifests": {
                "public": {
                    "gid": "7270438696400144577",
                    "size": "3668976396",
                    "download": "1815243744"
                }
            },
            "decryptionkey": "702f1538eec82128d56b61de25ef41583c24e6993df1245fee4174583cd6dda6"
        },
        "baselanguages": "english,german,french,italian,koreana,spanish,schinese,tchinese,thai,japanese,polish,danish,dutch,finnish,norwegian,swedish,brazilian",
        "branches": {
            "public": {
                "buildid": "17905164",
                "timeupdated": "1743703373"
            }
        },
        "privatebranches": "1"
    }
}