{
    "appid": "3002510",
    "type": "Game",
    "name": "REPOSE",
    "schinese_name": "",
    "isfreeapp": "0",
    "change_number": "29015726",
    "update_time": "2025-05-16 11:06:49",
    "depot": {
        "hasdepotsindlc": "1",
        "3002511": {
            "manifests": {
                "public": {
                    "gid": "4304666288884422009",
                    "size": "95836407",
                    "download": "79671808"
                }
            },
            "decryptionkey": "58263441144fd57d7d87f84b259a70b7d285e21cab17264be1121a26d9961166"
        },
        "branches": {
            "public": {
                "buildid": "18133263",
                "timeupdated": "1744830107"
            }
        },
        "privatebranches": "1"
    }
}