{
    "appid": "3198810",
    "type": "Demo",
    "name": "勇者莱斯之魔姬契约 Demo",
    "schinese_name": "",
    "isfreeapp": "0",
    "change_number": "25722183",
    "update_time": "2024-10-15 13:53:44",
    "depot": {
        "3198811": {
            "manifests": {
                "public": {
                    "gid": "6422963360746908275",
                    "size": "12724099790",
                    "download": "8499153920"
                }
            },
            "decryptionkey": "f6f331c3e71a79668c0c712cdc39592ca4f025a257db0e7b47e700e684dc55e8"
        },
        "baselanguages": "english,schinese,tchinese",
        "branches": {
            "public": {
                "buildid": "16047189",
                "timeupdated": "1728971619"
            }
        }
    }
}