{
    "appid": "2972730",
    "type": "Game",
    "name": "呪巣 -学校の怪談-",
    "schinese_name": "",
    "isfreeapp": "0",
    "change_number": "24154841",
    "update_time": "2024-06-28 09:10:59",
    "depot": {
        "baselanguages": "english,schinese,japanese",
        "2972732": {
            "config": {
                "oslist": "windows,macos"
            },
            "manifests": {
                "public": {
                    "gid": "5050150849461684984",
                    "size": "780196495",
                    "download": "278951440"
                }
            },
            "decryptionkey": "5ace716de92798f7d5c3c3036ae49b0ea0bfd29f56058cd16e037e1b4fd38f35"
        },
        "branches": {
            "public": {
                "buildid": "14865501",
                "timeupdated": "1719534561"
            }
        }
    }
}