{
    "appid": "3572580",
    "type": "Game",
    "name": "Hachishaku",
    "schinese_name": "",
    "isfreeapp": "0",
    "change_number": "29048545",
    "update_time": "2025-05-18 20:16:18",
    "depot": {
        "228981": {
            "config": {
                "oslist": "windows"
            },
            "depotfromapp": "228980",
            "sharedinstall": "1"
        },
        "228982": {
            "config": {
                "oslist": "windows"
            },
            "depotfromapp": "228980",
            "sharedinstall": "1"
        },
        "228983": {
            "config": {
                "oslist": "windows"
            },
            "depotfromapp": "228980",
            "sharedinstall": "1"
        },
        "228984": {
            "config": {
                "oslist": "windows"
            },
            "depotfromapp": "228980",
            "sharedinstall": "1"
        },
        "228985": {
            "config": {
                "oslist": "windows"
            },
            "depotfromapp": "228980",
            "sharedinstall": "1"
        },
        "228988": {
            "config": {
                "oslist": "windows"
            },
            "depotfromapp": "228980",
            "sharedinstall": "1"
        },
        "228989": {
            "config": {
                "oslist": "windows"
            },
            "depotfromapp": "228980",
            "sharedinstall": "1"
        },
        "228990": {
            "config": {
                "oslist": "windows"
            },
            "depotfromapp": "228980",
            "sharedinstall": "1"
        },
        "3572581": {
            "manifests": {
                "public": {
                    "gid": "7520122074603695922",
                    "size": "7325628804",
                    "download": "2550896976"
                }
            },
            "decryptionkey": "b0ca124ae5018d1edd1987ae01a800a4de5e0bd18fee2ff27ea588b1740813d3"
        },
        "branches": {
            "public": {
                "buildid": "18504510",
                "timeupdated": "1747511698"
            }
        }
    }
}