{
    "appid": "2986260",
    "type": "Game",
    "name": "Dreamlike Love with Seira",
    "schinese_name": "为主人献上圣罗的甜蜜侍奉",
    "isfreeapp": "0",
    "change_number": "29015648",
    "update_time": "2025-05-16 11:00:46",
    "depot": {
        "baselanguages": "english,schinese,tchinese",
        "2986261": {
            "config": {
                "language": "schinese",
                "oslist": "windows"
            },
            "manifests": {
                "public": {
                    "gid": "8505323468764845353",
                    "size": "780477788",
                    "download": "592178640"
                }
            },
            "decryptionkey": "446ed15ab2cdaa4d73ba54453a09f6b9aef798107b33e5ba94d483cf208c797e"
        },
        "2986262": {
            "config": {
                "language": "tchinese",
                "oslist": "windows"
            },
            "manifests": {
                "public": {
                    "gid": "6104782243095604173",
                    "size": "780982864",
                    "download": "592733808"
                }
            },
            "decryptionkey": "3f7fdb2d0ba1061c20ccf6c285405f1ecc0579bab8ac95213e2e66da2f8584e2"
        },
        "2986263": {
            "config": {
                "oslist": "windows",
                "language": "english"
            },
            "manifests": {
                "public": {
                    "gid": "7045867263811060612",
                    "size": "778941032",
                    "download": "590248080"
                }
            },
            "decryptionkey": "d23bcf75695d713847e34ed80fffc7edeb2430369f8ca4a7e22887003d29d64b"
        },
        "branches": {
            "public": {
                "buildid": "16551470",
                "timeupdated": "1732872539"
            }
        }
    }
}