{
    "appid": "3251370",
    "type": "Game",
    "name": "Lawnmower Game: 2024",
    "schinese_name": "",
    "isfreeapp": "0",
    "change_number": "28508648",
    "update_time": "2025-04-16 21:12:45",
    "depot": {
        "228989": {
            "config": {
                "oslist": "windows"
            },
            "depotfromapp": "228980",
            "sharedinstall": "1"
        },
        "228990": {
            "config": {
                "oslist": "windows"
            },
            "depotfromapp": "228980",
            "sharedinstall": "1"
        },
        "229000": {
            "config": {
                "oslist": "windows"
            },
            "depotfromapp": "228980",
            "sharedinstall": "1"
        },
        "3251371": {
            "manifests": {
                "public": {
                    "gid": "4986047929033984246",
                    "size": "2057567485",
                    "download": "748990304"
                }
            },
            "decryptionkey": "d4b9bca067b5c8d0ad16b6be7a1c09a51101128056d98b645d7de0d51350f6ba"
        },
        "branches": {
            "public": {
                "buildid": "15821206",
                "timeupdated": "1727261656"
            }
        }
    }
}