{
    "appid": "3436840",
    "type": "Game",
    "name": "规则怪谈：梦核密室逃脱",
    "schinese_name": "",
    "isfreeapp": "0",
    "change_number": "27398645",
    "update_time": "2025-02-10 18:43:57",
    "depot": {
        "228988": {
            "config": {
                "oslist": "windows"
            },
            "depotfromapp": "228980",
            "sharedinstall": "1"
        },
        "228990": {
            "config": {
                "oslist": "windows"
            },
            "depotfromapp": "228980",
            "sharedinstall": "1"
        },
        "3436841": {
            "manifests": {
                "public": {
                    "gid": "6947216919662493163",
                    "size": "1847714383",
                    "download": "1575177840"
                }
            },
            "decryptionkey": "9d9bd492c88b1a88592981143337bee94cc5afaafd090d2d0fa127128d0cf497"
        },
        "baselanguages": "schinese,tchinese",
        "branches": {
            "public": {
                "buildid": "17305351",
                "timeupdated": "1739183564"
            }
        }
    }
}