{
    "appid": "3354520",
    "type": "DLC",
    "name": "Beat Saber - Metallica - \"Fuel\"",
    "schinese_name": "",
    "isfreeapp": "0",
    "change_number": "26578146",
    "update_time": "2024-12-10 23:59:46",
    "depot": {
        "3354520": {
            "manifests": {
                "public": {
                    "gid": "7427382497364669214",
                    "size": "15271268",
                    "download": "15480320"
                }
            },
            "dlcappid": "3354520",
            "decryptionkey": "cae25ace6d86b99623ce36858a35ba791294daf6badb732772c408fff65752e2"
        },
        "branches": {
            "public": {
                "buildid": "16539569",
                "timeupdated": "1732636515"
            }
        }
    }
}