{
    "appid": "2966950",
    "type": "Demo",
    "name": "Wild Americas: Demo",
    "schinese_name": "",
    "isfreeapp": "0",
    "change_number": "24773461",
    "update_time": "2024-08-14 06:38:29",
    "depot": {
        "228989": {
            "config": {
                "oslist": "windows"
            },
            "depotfromapp": "228980",
            "sharedinstall": "1"
        },
        "228990": {
            "config": {
                "oslist": "windows"
            },
            "depotfromapp": "228980",
            "sharedinstall": "1"
        },
        "2966951": {
            "config": {
                "oslist": "windows"
            },
            "manifests": {
                "public": {
                    "gid": "7091817112999946842",
                    "size": "2280683388",
                    "download": "2120690624"
                }
            },
            "decryptionkey": "76018e6bda31097c5a6e96d297aa4abe4aeef88904f1654d90be76b05e438dda"
        },
        "branches": {
            "public": {
                "buildid": "14838497",
                "timeupdated": "1719363578"
            }
        }
    }
}