{
    "appid": "3091340",
    "type": "Game",
    "name": "Metal Thunder",
    "schinese_name": "",
    "isfreeapp": "0",
    "change_number": "29038102",
    "update_time": "2025-05-17 16:15:43",
    "depot": {
        "3091341": {
            "config": {
                "oslist": "windows,linux"
            },
            "manifests": {
                "public": {
                    "gid": "3085783779113055929",
                    "size": "1057645367",
                    "download": "829103184"
                },
                "macdefault": {
                    "gid": "8693933742758768620",
                    "size": "801638229",
                    "download": "607237904"
                }
            },
            "decryptionkey": "c611035f5f9ae37d5fc0cf5fc96599068c1c30273c3483cdfa9f31c59f30991b"
        },
        "3091342": {
            "config": {
                "oslist": "macos"
            },
            "manifests": {
                "public": {
                    "gid": "1653789757756634237",
                    "size": "1070747179",
                    "download": "838548064"
                },
                "macdefault": {
                    "gid": "8619538670267332479",
                    "size": "835911998",
                    "download": "634078592"
                }
            }
        },
        "baselanguages": "english,german,french,spanish,schinese,tchinese,russian,japanese,polish,turkish,brazilian,latam",
        "branches": {
            "public": {
                "buildid": "18185775",
                "timeupdated": "1745278643"
            },
            "macdefault": {
                "buildid": "16433696",
                "description": "mac",
                "timeupdated": "1731806864"
            }
        }
    }
}