{
    "appid": "3131950",
    "type": "Demo",
    "name": "Godslayer Arena Demo",
    "schinese_name": "",
    "isfreeapp": "0",
    "change_number": "27432339",
    "update_time": "2025-02-12 12:06:03",
    "depot": {
        "3131951": {
            "manifests": {
                "public": {
                    "gid": "922305610602746735",
                    "size": "1765649308",
                    "download": "553474288"
                },
                "experimental": {
                    "gid": "922305610602746735",
                    "size": "1765649308",
                    "download": "553474288"
                }
            },
            "decryptionkey": "501abf945ea576d34696753d6f0629855b693a4d731a8a9a1cfd618c363dc171"
        },
        "branches": {
            "public": {
                "buildid": "15451617",
                "timeupdated": "1724269381"
            },
            "experimental": {
                "buildid": "15451617",
                "description": "For experimental changes.",
                "timeupdated": "1724267652"
            }
        },
        "privatebranches": "1"
    }
}