{
    "appid": "3156320",
    "type": "Demo",
    "name": "白创纪 - Genesis of Pure White Demo",
    "schinese_name": "",
    "isfreeapp": "0",
    "change_number": "26926909",
    "update_time": "2025-01-10 00:23:42",
    "depot": {
        "3156321": {
            "manifests": {
                "public": {
                    "gid": "3117199042586758896",
                    "size": "1194154862",
                    "download": "822480224"
                }
            },
            "decryptionkey": "ee6b104eb879bbd67afe2210b349811c01499ef665ee9b1e0715c7e1b466d16a"
        },
        "branches": {
            "public": {
                "buildid": "15411496",
                "timeupdated": "1723993206"
            }
        },
        "privatebranches": "1"
    }
}