{
    "appid": "3389290",
    "type": "Game",
    "name": "Naughty Store Manager",
    "schinese_name": "",
    "isfreeapp": "0",
    "change_number": "29012397",
    "update_time": "2025-05-16 06:12:51",
    "depot": {
        "3389291": {
            "manifests": {
                "public": {
                    "gid": "4229355826376042835",
                    "size": "272396132",
                    "download": "135655760"
                }
            },
            "decryptionkey": "333c9a9fe0841737fda0d3de543f7f0d87cee426b8462f71bd6977de4809b63d"
        },
        "branches": {
            "public": {
                "buildid": "18446524",
                "timeupdated": "1747148127"
            }
        }
    }
}