{
    "appid": "3219020",
    "type": "Demo",
    "name": "Proverbs Demo",
    "schinese_name": "",
    "isfreeapp": "0",
    "change_number": "27294298",
    "update_time": "2025-02-04 02:35:44",
    "depot": {
        "3219021": {
            "config": {
                "oslist": "windows"
            },
            "manifests": {
                "public": {
                    "gid": "6641142238575242020",
                    "size": "290319550",
                    "download": "138067328"
                }
            },
            "decryptionkey": "4999c4b401cb67bd9a81b1d802e74836b9db0aeed0691fb72e347d4cc884c8ce"
        },
        "3219022": {
            "config": {
                "oslist": "macos"
            },
            "manifests": {
                "public": {
                    "gid": "7569544869385538652",
                    "size": "323269081",
                    "download": "147872288"
                }
            },
            "decryptionkey": ""
        },
        "branches": {
            "public": {
                "buildid": "16787820",
                "timeupdated": "1737010670"
            }
        },
        "privatebranches": "1"
    }
}