{
    "appid": "3136230",
    "type": "Game",
    "name": "69 LOVE",
    "schinese_name": "",
    "isfreeapp": "0",
    "change_number": "28845589",
    "update_time": "2025-05-07 00:32:41",
    "depot": {
        "3136231": {
            "manifests": {
                "public": {
                    "gid": "4474579352091284893",
                    "size": "320029134",
                    "download": "159779376"
                }
            },
            "decryptionkey": "07e219f47cca9c6d1d6714066271edf9e915682da04cb45c37527674d27e05e7"
        },
        "branches": {
            "public": {
                "buildid": "15595637",
                "timeupdated": "1725486516"
            }
        }
    }
}