{
    "appid": "3246450",
    "type": "Game",
    "name": "Dismantling Workshop of Bio-Girl",
    "schinese_name": "生械娘的解体工房",
    "isfreeapp": "0",
    "change_number": "29016528",
    "update_time": "2025-05-16 12:24:47",
    "depot": {
        "baselanguages": "english,schinese,tchinese,japanese",
        "3246451": {
            "config": {
                "oslist": "windows",
                "language": "english"
            },
            "manifests": {
                "public": {
                    "gid": "1927045534604083362",
                    "size": "273877394",
                    "download": "180892944"
                }
            },
            "decryptionkey": "1414f2b67b961a693dfba680c4d3f37b42ae88b6a7515a85394802437ae562c5"
        },
        "3246452": {
            "config": {
                "oslist": "windows",
                "language": "schinese"
            },
            "manifests": {
                "public": {
                    "gid": "2936355244349591349",
                    "size": "273877394",
                    "download": "180897552"
                }
            },
            "decryptionkey": "dd240b6a7380c636b62caf55225167e0403cd7851b0545039f90721482755fd3"
        },
        "3246453": {
            "config": {
                "oslist": "windows",
                "language": "tchinese"
            },
            "manifests": {
                "public": {
                    "gid": "7214895665078869584",
                    "size": "273877394",
                    "download": "180897552"
                }
            },
            "decryptionkey": "278c6fd4e5c499c30a7dc6cb3d6c1470c549b463d192a506a7b8a468790d3ed6"
        },
        "3246454": {
            "config": {
                "oslist": "windows",
                "language": "japanese"
            },
            "manifests": {
                "public": {
                    "gid": "6496953018630584329",
                    "size": "273877394",
                    "download": "180897552"
                }
            },
            "decryptionkey": "b1c49de547fd17cdb0c1f7bce050856384d523841ef8353b9c1dfd4ca9a3be44"
        },
        "branches": {
            "public": {
                "buildid": "16335848",
                "timeupdated": "1731031644"
            }
        }
    }
}