{
    "appid": "3009820",
    "type": "Game",
    "name": "3D PUZZLE - Hospital 4",
    "schinese_name": "",
    "isfreeapp": "0",
    "change_number": "28515822",
    "update_time": "2025-04-17 04:10:40",
    "depot": {
        "3009821": {
            "manifests": {
                "public": {
                    "gid": "3203908306993856692",
                    "size": "1111812517",
                    "download": "148356720"
                }
            },
            "decryptionkey": "950e31b10694ea7150e86332e28a131c2be1509bd2576d0282fa1e2b5acc8788"
        },
        "branches": {
            "public": {
                "buildid": "14821734",
                "timeupdated": "1719355320"
            }
        }
    }
}