{
    "appid": "3268660",
    "type": "Demo",
    "name": "Lost Seed Demo",
    "schinese_name": "",
    "isfreeapp": "0",
    "change_number": "28070966",
    "update_time": "2025-03-21 20:00:15",
    "depot": {
        "baselanguages": "english,schinese",
        "228988": {
            "config": {
                "oslist": "windows"
            },
            "depotfromapp": "228980",
            "sharedinstall": "1"
        },
        "228990": {
            "config": {
                "oslist": "windows"
            },
            "depotfromapp": "228980",
            "sharedinstall": "1"
        },
        "229007": {
            "config": {
                "oslist": "windows"
            },
            "depotfromapp": "228980",
            "sharedinstall": "1"
        },
        "3268661": {
            "config": {
                "oslist": "windows"
            },
            "manifests": {
                "public": {
                    "gid": "2961645903616105947",
                    "size": "1980042907",
                    "download": "405043632"
                }
            }
        },
        "3268662": {
            "config": {
                "language": "schinese",
                "oslist": "windows"
            },
            "manifests": {
                "public": {
                    "gid": "8092593189648430120",
                    "size": "1945167075",
                    "download": "386516272"
                }
            },
            "decryptionkey": "3d4b7c003d6753cce17fd7919ffc852d6adbc23d5a53ee1905ca053d48db23d4"
        },
        "3268663": {
            "config": {
                "language": "schinese",
                "oslist": "macos"
            },
            "manifests": {
                "public": {
                    "gid": "7418393435008306414",
                    "size": "1937793915",
                    "download": "384399424"
                }
            }
        },
        "branches": {
            "public": {
                "buildid": "16203820",
                "timeupdated": "1730107455"
            }
        }
    }
}