{
    "appid": "2980540",
    "type": "Demo",
    "name": "DeepWeb Simulator Demo",
    "schinese_name": "",
    "isfreeapp": "0",
    "change_number": "24116791",
    "update_time": "2024-07-16 02:47:06",
    "depot": {
        "2980541": {
            "manifests": {
                "public": {
                    "gid": "8545793521695333602",
                    "size": "3112823657",
                    "download": "917651392"
                }
            },
            "decryptionkey": "644c0e30868fcdef90e2b6a01cabda8506ee5866bc1a96115ea53e4aaa1a93e7"
        },
        "branches": {
            "public": {
                "buildid": "14681551",
                "timeupdated": "1718129946"
            }
        }
    }
}