{
    "appid": "3366020",
    "type": "Demo",
    "name": "LIMINAL SHIFT Demo",
    "schinese_name": "",
    "isfreeapp": "0",
    "change_number": "26863054",
    "update_time": "2025-01-05 03:14:37",
    "depot": {
        "228989": {
            "config": {
                "oslist": "windows"
            },
            "depotfromapp": "228980",
            "sharedinstall": "1"
        },
        "228990": {
            "config": {
                "oslist": "windows"
            },
            "depotfromapp": "228980",
            "sharedinstall": "1"
        },
        "3366021": {
            "manifests": {
                "public": {
                    "gid": "403513807916466945",
                    "size": "2581415044",
                    "download": "2303946128"
                }
            },
            "decryptionkey": "f3d22b70d56b30b2e78318855f6c1bb24b205762fe18409d696bf51b12b6d9e1"
        },
        "branches": {
            "public": {
                "buildid": "16669464",
                "timeupdated": "1733614409"
            }
        }
    }
}