{
    "appid": "3577730",
    "type": "DLC",
    "name": "Wallpaper Pack - Aquilon's Sex Quest",
    "schinese_name": "",
    "isfreeapp": "0",
    "change_number": "28075502",
    "update_time": "2025-03-22 00:02:16",
    "depot": {
        "3577730": {
            "manifests": {
                "public": {
                    "gid": "6793204456295648869",
                    "size": "164201845",
                    "download": "165849552"
                }
            },
            "dlcappid": "3577730",
            "decryptionkey": "ed22e32251f2722950428edc73435cd397da28fa3573de1ccfed89b9fff4d0e3"
        },
        "branches": {
            "public": {
                "buildid": "17608188",
                "timeupdated": "1741199261"
            }
        }
    }
}