{
    "appid": "3341060",
    "type": "Beta",
    "name": "Shadows in Silence Playtest",
    "schinese_name": "",
    "isfreeapp": "0",
    "change_number": "27429209",
    "update_time": "2025-02-12 07:50:33",
    "depot": {
        "3341061": {
            "manifests": {
                "public": {
                    "gid": "557604013079755817",
                    "size": "7036751131",
                    "download": "2955769200"
                }
            },
            "decryptionkey": "8539113e3ba54f714243cb33f2ea1bf1590fb5a20387a503a6aba8910882bf80"
        },
        "branches": {
            "public": {
                "buildid": "17239273",
                "timeupdated": "1738682114"
            }
        },
        "privatebranches": "1"
    }
}