{
    "appid": "3085790",
    "type": "Demo",
    "name": "Private Garden Demo",
    "schinese_name": "私人花园试用版",
    "isfreeapp": "0",
    "change_number": "24535856",
    "update_time": "2024-07-27 15:52:58",
    "depot": {
        "3085791": {
            "manifests": {
                "public": {
                    "gid": "141361928070340841",
                    "size": "2633277426",
                    "download": "810831680"
                }
            },
            "decryptionkey": "a5d786083b7dcbe2ef8f7924d3b8f15890a6b51989f2398a49b6b009aba69ab0"
        },
        "branches": {
            "public": {
                "buildid": "15170735",
                "timeupdated": "1722065864"
            }
        }
    }
}