{
    "appid": "3182580",
    "type": "Demo",
    "name": "Absolute-Full-Life Demo",
    "schinese_name": "",
    "isfreeapp": "0",
    "change_number": "26165717",
    "update_time": "2024-11-13 07:34:22",
    "depot": {
        "3182581": {
            "manifests": {
                "public": {
                    "gid": "3957428923439060471",
                    "size": "309745525",
                    "download": "137655216"
                }
            },
            "decryptionkey": "4a0c3e849a708e0b1864f896fbac81ec3a786cf516dec16063eac8cbfbe6682f"
        },
        "branches": {
            "public": {
                "buildid": "15536222",
                "timeupdated": "1724962456"
            }
        }
    }
}