{
    "appid": "3331320",
    "type": "Game",
    "name": "Back in Service: a Metro Driver",
    "schinese_name": "",
    "isfreeapp": "0",
    "change_number": "29041198",
    "update_time": "2025-05-17 23:25:07",
    "depot": {
        "228989": {
            "config": {
                "oslist": "windows"
            },
            "depotfromapp": "228980",
            "sharedinstall": "1"
        },
        "228990": {
            "config": {
                "oslist": "windows"
            },
            "depotfromapp": "228980",
            "sharedinstall": "1"
        },
        "baselanguages": "english",
        "3331321": {
            "config": {
                "oslist": "windows"
            },
            "manifests": {
                "public": {
                    "gid": "4632881311186080466",
                    "size": "3763166276",
                    "download": "3593676032"
                }
            },
            "decryptionkey": "c5b4f37efe1db24fa5a3c645176980193cd8a9895fee4e7fe6a733f96cea3110"
        },
        "3331322": {
            "config": {
                "oslist": "macos"
            },
            "manifests": {
                "public": {
                    "gid": "5506416206663178167",
                    "size": "4422819680",
                    "download": "3640930240"
                }
            }
        },
        "branches": {
            "public": {
                "buildid": "17911167",
                "timeupdated": "1743272972"
            }
        }
    }
}