{
    "appid": "2990570",
    "type": "Game",
    "name": "Color Splash: Fairies",
    "schinese_name": "",
    "isfreeapp": "0",
    "change_number": "28635219",
    "update_time": "2025-04-24 10:39:19",
    "depot": {
        "2990571": {
            "config": {
                "language": "english",
                "oslist": "windows"
            },
            "manifests": {
                "public": {
                    "gid": "1216263119410923289",
                    "size": "482417630",
                    "download": "479371504"
                }
            },
            "decryptionkey": "c05ca8db6089c96455acdc1737dda53056b16b90f2f626f1f5d153dfd93a9597"
        },
        "baselanguages": "english",
        "branches": {
            "public": {
                "buildid": "14639152",
                "timeupdated": "1717762465"
            }
        }
    }
}