{
    "appid": "3021090",
    "type": "Game",
    "name": "浮気リセット - Cheating Reset -",
    "schinese_name": "",
    "isfreeapp": "0",
    "change_number": "24135744",
    "update_time": "2024-06-27 09:23:35",
    "depot": {
        "3021091": {
            "manifests": {
                "public": {
                    "gid": "5630408760190942914",
                    "size": "205494904",
                    "download": "197424544"
                }
            },
            "decryptionkey": "81e5df65742dc8c831e0e459904b4b123a52b5eabaa1f8ef89abecb9086398b6"
        },
        "baselanguages": "english,japanese",
        "branches": {
            "public": {
                "buildid": "14506130",
                "timeupdated": "1716806625"
            }
        }
    }
}