{
    "appid": "3214020",
    "type": "Beta",
    "name": "World of the dead Playtest",
    "schinese_name": "",
    "isfreeapp": "0",
    "change_number": "26649177",
    "update_time": "2024-12-15 18:43:02",
    "depot": {
        "228988": {
            "config": {
                "oslist": "windows"
            },
            "depotfromapp": "228980",
            "sharedinstall": "1"
        },
        "228989": {
            "config": {
                "oslist": "windows"
            },
            "depotfromapp": "228980",
            "sharedinstall": "1"
        },
        "228990": {
            "config": {
                "oslist": "windows"
            },
            "depotfromapp": "228980",
            "sharedinstall": "1"
        },
        "3214021": {
            "manifests": {
                "public": {
                    "gid": "5600411596617089345",
                    "size": "22672127592",
                    "download": "22341486800"
                }
            },
            "decryptionkey": "5692af62c088e4a658bc6dfb69ba6c4535da5bb47d2570c3b76b2517e651008c"
        },
        "branches": {
            "public": {
                "buildid": "16261329",
                "timeupdated": "1730448803"
            }
        },
        "privatebranches": "1"
    }
}