{
    "appid": "3199200",
    "type": "Game",
    "name": "Red Cloak",
    "schinese_name": "RedCloak",
    "isfreeapp": "0",
    "change_number": "26716988",
    "update_time": "2024-12-20 00:18:38",
    "depot": {
        "3199201": {
            "manifests": {
                "public": {
                    "gid": "2485010699703441629",
                    "size": "1530525940",
                    "download": "203837440"
                }
            },
            "decryptionkey": "acb6f59b540941d329241a3aa3a34ac2aaed0228d8da377385bd3f25c769f98e"
        },
        "branches": {
            "public": {
                "buildid": "15560015",
                "timeupdated": "1725205847"
            }
        }
    }
}