{
    "appid": "3151670",
    "type": "Game",
    "name": "Trombone Champ: Unflattened",
    "schinese_name": "",
    "isfreeapp": "0",
    "change_number": "29016345",
    "update_time": "2025-05-16 12:06:47",
    "depot": {
        "3151671": {
            "manifests": {
                "public": {
                    "gid": "5985649373599998206",
                    "size": "2080863715",
                    "download": "977575568"
                }
            },
            "decryptionkey": "85557c97fe3028cb817410bf7e1aac01f0578ec78cf622a65e53061f04d0cfe4"
        },
        "branches": {
            "public": {
                "buildid": "18379884",
                "timeupdated": "1746724043"
            }
        },
        "privatebranches": "1"
    }
}