{
    "appid": "3482310",
    "type": "DLC",
    "name": "Revenge of the Savage Planet - Artbook and Soundtrack In-Game",
    "schinese_name": "",
    "isfreeapp": "0",
    "change_number": "28904869",
    "update_time": "2025-05-09 23:43:02",
    "depot": {
        "3482311": {
            "config": {
                "osarch": "64"
            },
            "manifests": {
                "public": {
                    "gid": "7611365059317075932",
                    "size": "74809596",
                    "download": "68667408"
                }
            },
            "dlcappid": "3482310",
            "decryptionkey": "ecf76b3f40656549d3b5e12e0ab1d6b9cfb6aabeb3836faf663b7d0008efaddb"
        },
        "branches": {
            "public": {
                "buildid": "18104237",
                "timeupdated": "1744660687"
            }
        }
    }
}