{
    "appid": "3438490",
    "type": "Game",
    "name": "アンリアリイ・サバイバーズ：わたしたちのときめき無人島ライフ",
    "schinese_name": "",
    "isfreeapp": "1",
    "change_number": "27373583",
    "update_time": "2025-02-08 08:58:34",
    "depot": {
        "228989": {
            "config": {
                "oslist": "windows"
            },
            "depotfromapp": "228980",
            "sharedinstall": "1"
        },
        "228990": {
            "config": {
                "oslist": "windows"
            },
            "depotfromapp": "228980",
            "sharedinstall": "1"
        },
        "3438491": {
            "manifests": {
                "public": {
                    "gid": "6018190848806207178",
                    "size": "1717969714",
                    "download": "1533311152"
                }
            },
            "decryptionkey": "899ed163a5078bf89fb4c512120d2a07bf87f2500008eef55989f5da2e7b32d2"
        },
        "baselanguages": "english,japanese",
        "branches": {
            "public": {
                "buildid": "17287521",
                "timeupdated": "1738976308"
            }
        }
    }
}