{
    "appid": "3424250",
    "type": "DLC",
    "name": "The Hungry Lamb: Digital Artbook",
    "schinese_name": "饿殍：明末千里行-艺术设定集",
    "isfreeapp": "0",
    "change_number": "28723006",
    "update_time": "2025-04-29 16:45:20",
    "depot": {
        "3424250": {
            "dlcappid": "3424250",
            "manifests": {
                "public": {
                    "gid": "8984740763920227574",
                    "size": "1901688035",
                    "download": "1089084016"
                }
            },
            "decryptionkey": ""
        },
        "3424251": {
            "manifests": {
                "public": {
                    "gid": "8016952876878887965",
                    "size": "2555042257",
                    "download": "1305142528"
                }
            },
            "dlcappid": "3424250",
            "decryptionkey": "ed79b2517c6c65f86ddcb45e48bdf4237c1c2d3a89a483516558840a3b9cbe59"
        },
        "branches": {
            "public": {
                "buildid": "18277015",
                "timeupdated": "1745916313"
            }
        }
    }
}