{
    "appid": "3061790",
    "type": "Game",
    "name": "Vox Populi: USA 2024",
    "schinese_name": "",
    "isfreeapp": "0",
    "change_number": "28711306",
    "update_time": "2025-04-29 01:18:59",
    "depot": {
        "3061791": {
            "manifests": {
                "public": {
                    "gid": "6905758570540747638",
                    "size": "1476429192",
                    "download": "191331824"
                },
                "v1.04.00": {
                    "gid": "4957205603551583658",
                    "size": "1458425443",
                    "download": "178180272"
                },
                "v1.04.01": {
                    "gid": "795616980026410082",
                    "size": "1454795339",
                    "download": "178176912"
                },
                "v1.04.02": {
                    "gid": "5519999734662635760",
                    "size": "1454794603",
                    "download": "178176400"
                },
                "v1.04.03": {
                    "gid": "5551704041763240171",
                    "size": "1454858827",
                    "download": "178185104"
                }
            },
            "decryptionkey": "b385e91b70aadbf19659ec37a24cc0d3db21b6eb41e429bf387c53ba8a4da84b"
        },
        "branches": {
            "public": {
                "buildid": "18266545",
                "timeupdated": "1745860693"
            },
            "v1.04.00": {
                "buildid": "16182303",
                "description": "v1.04.00",
                "timeupdated": "1730591087"
            },
            "v1.04.01": {
                "buildid": "16277734",
                "description": "v1.04.01",
                "timeupdated": "1730971243"
            },
            "v1.04.02": {
                "buildid": "16325121",
                "description": "v1.04.02",
                "timeupdated": "1736419028"
            },
            "v1.04.03": {
                "buildid": "16950300",
                "description": "V1.04.03",
                "timeupdated": "1745860733"
            }
        }
    }
}