{
    "appid": "3468230",
    "type": "Game",
    "name": "Mop Skater",
    "schinese_name": "",
    "isfreeapp": "0",
    "change_number": "28955118",
    "update_time": "2025-05-13 15:32:55",
    "depot": {
        "228989": {
            "config": {
                "oslist": "windows"
            },
            "depotfromapp": "228980",
            "sharedinstall": "1"
        },
        "228990": {
            "config": {
                "oslist": "windows"
            },
            "depotfromapp": "228980",
            "sharedinstall": "1"
        },
        "3468231": {
            "manifests": {
                "public": {
                    "gid": "1587353394177334521",
                    "size": "895016828",
                    "download": "743603008"
                }
            },
            "decryptionkey": "6ce2e0c4e7ee8b1e6d5381b920e38c23ce166ff672ff15fecbf76049c3850578"
        },
        "branches": {
            "public": {
                "buildid": "17726806",
                "timeupdated": "1741963984"
            }
        }
    }
}