{
    "appid": "3008670",
    "type": "DLC",
    "name": "Poppy Playtime - Chapter 4",
    "schinese_name": "",
    "isfreeapp": "0",
    "change_number": "28680776",
    "update_time": "2025-04-26 16:53:54",
    "depot": {
        "3008670": {
            "config": {
                "oslist": "windows"
            },
            "manifests": {
                "public": {
                    "gid": "4811752737085405084",
                    "size": "7499725982",
                    "download": "7076024688"
                },
                "test-beta": {
                    "gid": "1226483291721449645",
                    "size": "1098936316",
                    "download": "357244384"
                }
            },
            "dlcappid": "3008670",
            "decryptionkey": "05af48230917e5f7df38d99935306907947f276d13191bc0853a0338fc295fa7"
        },
        "branches": {
            "public": {
                "buildid": "17717270",
                "timeupdated": "1741912745"
            },
            "test-beta": {
                "buildid": "14626962",
                "description": "a test branch",
                "timeupdated": "1717683783"
            }
        },
        "privatebranches": "1"
    }
}