{
    "appid": "2953680",
    "type": "Demo",
    "name": "Full Court Heroes Demo",
    "schinese_name": "",
    "isfreeapp": "0",
    "change_number": "23980228",
    "update_time": "2024-07-16 02:47:05",
    "depot": {
        "2953681": {
            "config": {
                "oslist": "windows"
            },
            "manifests": {
                "public": {
                    "gid": "4723505366432249241",
                    "size": "85061180",
                    "download": "32288064"
                }
            },
            "decryptionkey": "f39e2eaf12eb485344f283ecf44b86cb5984ab0dad3187e7f0988ac53128b7f8"
        },
        "2953682": {
            "config": {
                "oslist": "linux"
            },
            "manifests": {
                "public": {
                    "gid": "7748056929901235731",
                    "size": "131482284",
                    "download": "39729648"
                }
            },
            "decryptionkey": ""
        },
        "2953683": {
            "config": {
                "oslist": "macos"
            },
            "manifests": {
                "public": {
                    "gid": "4645898150967898012",
                    "size": "162202285",
                    "download": "48584672"
                }
            },
            "decryptionkey": ""
        },
        "branches": {
            "public": {
                "buildid": "14724713",
                "timeupdated": "1718407154"
            }
        }
    }
}