{
    "appid": "2957440",
    "type": "Game",
    "name": "Tank Hunter",
    "schinese_name": "坦克猎人",
    "isfreeapp": "0",
    "change_number": "28530857",
    "update_time": "2025-04-17 22:17:18",
    "depot": {
        "2957441": {
            "manifests": {
                "public": {
                    "gid": "4077468255738526089",
                    "size": "2485254605",
                    "download": "724603408"
                }
            },
            "decryptionkey": "2c02c4cca1f6f78079e0f0f27efcca8c14fe89af5a304fec6bfbe6adb5feb971"
        },
        "branches": {
            "public": {
                "buildid": "18065816",
                "timeupdated": "1744341252"
            }
        }
    }
}