{
    "appid": "3248770",
    "type": "Demo",
    "name": "魔女的童话 Demo",
    "schinese_name": "",
    "isfreeapp": "0",
    "change_number": "27274589",
    "update_time": "2025-02-02 13:24:00",
    "depot": {
        "3248771": {
            "manifests": {
                "public": {
                    "gid": "918150459154628975",
                    "size": "2838263516",
                    "download": "386295872"
                }
            },
            "decryptionkey": "427f04b50d26ef7ebc22050c5152cbb82430525a2187736ee2b36d11b6754c7d"
        },
        "hasdepotsindlc": "1",
        "branches": {
            "public": {
                "buildid": "17472659",
                "timeupdated": "1740303338"
            }
        }
    }
}