{
    "appid": "3245420",
    "type": "Game",
    "name": "Glory Wall!",
    "schinese_name": "",
    "isfreeapp": "0",
    "change_number": "29016528",
    "update_time": "2025-05-16 12:24:46",
    "depot": {
        "228988": {
            "config": {
                "oslist": "windows"
            },
            "depotfromapp": "228980",
            "sharedinstall": "1"
        },
        "228989": {
            "config": {
                "oslist": "windows"
            },
            "depotfromapp": "228980",
            "sharedinstall": "1"
        },
        "228990": {
            "config": {
                "oslist": "windows"
            },
            "depotfromapp": "228980",
            "sharedinstall": "1"
        },
        "3245421": {
            "manifests": {
                "public": {
                    "gid": "3072559242926447813",
                    "size": "1115263230",
                    "download": "988676048"
                }
            },
            "decryptionkey": "b8fab9c970139499b221b4fcbe695b2cc329575223f350818a3a8a7dbf1d9c22"
        },
        "branches": {
            "public": {
                "buildid": "17562100",
                "timeupdated": "1740875419"
            }
        },
        "privatebranches": "1"
    }
}