{
    "appid": "3036980",
    "type": "Demo",
    "name": "Caravan Sandwitch Demo",
    "schinese_name": "",
    "isfreeapp": "0",
    "change_number": "26183469",
    "update_time": "2024-11-14 07:27:27",
    "depot": {
        "3036981": {
            "manifests": {
                "public": {
                    "gid": "462495752991178662",
                    "size": "3243132549",
                    "download": "2608972912"
                }
            },
            "decryptionkey": "e84fce688a89003c03880ffb72a27fb1a832802fa73916bcd0ae7311181d594b"
        },
        "branches": {
            "public": {
                "buildid": "15728059",
                "timeupdated": "1726571661"
            }
        },
        "privatebranches": "1"
    }
}