{
    "appid": "3366180",
    "type": "Demo",
    "name": "Rogue Loops Demo",
    "schinese_name": "",
    "isfreeapp": "0",
    "change_number": "27503195",
    "update_time": "2025-02-16 22:14:24",
    "depot": {
        "3366181": {
            "manifests": {
                "public": {
                    "gid": "8259192142794112477",
                    "size": "3017216939",
                    "download": "1064264064"
                }
            },
            "decryptionkey": "cb4681a981cb92775ea8e411320ff88d3d5f0f3a47237703086735667f6aa0f6"
        },
        "baselanguages": "english,turkish",
        "branches": {
            "public": {
                "buildid": "17287165",
                "timeupdated": "1738975173"
            }
        },
        "privatebranches": "1"
    }
}