{
    "appid": "3243760",
    "type": "Demo",
    "name": "多洛可小镇 Demo",
    "schinese_name": "多洛可小镇 DEMO",
    "isfreeapp": "0",
    "change_number": "27513563",
    "update_time": "2025-02-17 18:30:50",
    "depot": {
        "baselanguages": "english,schinese",
        "3243762": {
            "config": {
                "oslist": "windows"
            },
            "manifests": {
                "public": {
                    "gid": "1469825017877351720",
                    "size": "688811619",
                    "download": "231074480"
                }
            },
            "decryptionkey": "ce5a2f218febd1014d918c2f30888c776ffd0f2fa89f012dbf005c13f7c0b8cc"
        },
        "branches": {
            "public": {
                "buildid": "16681037",
                "timeupdated": "1733752120"
            }
        },
        "privatebranches": "1"
    }
}