{
    "appid": "3201930",
    "type": "Demo",
    "name": "Viscera Demo",
    "schinese_name": "",
    "isfreeapp": "0",
    "change_number": "26162299",
    "update_time": "2024-11-13 02:21:51",
    "depot": {
        "3201931": {
            "manifests": {
                "public": {
                    "gid": "3807705904141750338",
                    "size": "3335119719",
                    "download": "1283516224"
                },
                "test": {
                    "gid": "3807705904141750338",
                    "size": "3335119719",
                    "download": "1283516224"
                }
            },
            "decryptionkey": "3aa61419391587d3d5b7ed3c405442394da072df44d8cecfb4f3ae584a84a456"
        },
        "branches": {
            "public": {
                "buildid": "16382166",
                "timeupdated": "1731435707"
            },
            "test": {
                "buildid": "16382166",
                "description": "Test branch",
                "timeupdated": "1731435039"
            }
        }
    }
}