{
    "appid": "3257200",
    "type": "Demo",
    "name": "Emberwake Demo",
    "schinese_name": "",
    "isfreeapp": "0",
    "change_number": "26183469",
    "update_time": "2024-11-14 07:41:05",
    "depot": {
        "3257201": {
            "manifests": {
                "public": {
                    "gid": "806329311382037662",
                    "size": "373442082",
                    "download": "119839184"
                }
            },
            "decryptionkey": "7bb1b03fbdd3c6d8b142f7c725b17a7e5fd019e6c7e943beb9c60fb929ec6da3"
        },
        "branches": {
            "public": {
                "buildid": "16148805",
                "timeupdated": "1729679127"
            }
        },
        "privatebranches": "1"
    }
}