{
    "appid": "3257840",
    "type": "Demo",
    "name": "Cyber Quest Demo",
    "schinese_name": "",
    "isfreeapp": "0",
    "change_number": "26539584",
    "update_time": "2024-12-07 21:24:19",
    "depot": {
        "baselanguages": "english",
        "3257841": {
            "config": {
                "oslist": "windows"
            },
            "manifests": {
                "public": {
                    "gid": "4816941866084308170",
                    "size": "303949965",
                    "download": "182578400"
                }
            },
            "decryptionkey": "704f57205c966d16ef52b6aa0ccd7627294b940e17a8a6da3035b929f0ad1c60"
        },
        "3257844": {
            "config": {
                "oslist": "macos"
            },
            "manifests": {
                "public": {
                    "gid": "3520618465957224782",
                    "size": "291372621",
                    "download": "179767040"
                }
            },
            "decryptionkey": ""
        },
        "branches": {
            "public": {
                "buildid": "15956651",
                "timeupdated": "1728322519"
            }
        }
    }
}