{
    "appid": "3130700",
    "type": "Application",
    "name": "VRM Adjuster",
    "schinese_name": "",
    "isfreeapp": "0",
    "change_number": "26878865",
    "update_time": "2025-01-06 23:06:04",
    "depot": {
        "3130701": {
            "config": {
                "oslist": "windows"
            },
            "manifests": {
                "public": {
                    "gid": "5256884101276596133",
                    "size": "133152114",
                    "download": "34484512"
                }
            },
            "decryptionkey": "125565e280f88caca7932a1cab5dcb0172974db3df0949c5053974da929793c3"
        },
        "3130702": {
            "config": {
                "oslist": "macos"
            },
            "manifests": {
                "public": {
                    "gid": "3039260454619225264",
                    "size": "159594121",
                    "download": "42506240"
                }
            },
            "decryptionkey": ""
        },
        "branches": {
            "public": {
                "buildid": "16918383",
                "timeupdated": "1736175958"
            }
        },
        "privatebranches": "1"
    }
}