{
    "appid": "2958780",
    "type": "Game",
    "name": "Faint Call",
    "schinese_name": "",
    "isfreeapp": "0",
    "change_number": "28931294",
    "update_time": "2025-05-12 10:32:20",
    "depot": {
        "baselanguages": "english",
        "228983": {
            "config": {
                "oslist": "windows"
            },
            "depotfromapp": "228980",
            "sharedinstall": "1"
        },
        "228984": {
            "config": {
                "oslist": "windows"
            },
            "depotfromapp": "228980",
            "sharedinstall": "1"
        },
        "228985": {
            "config": {
                "oslist": "windows"
            },
            "depotfromapp": "228980",
            "sharedinstall": "1"
        },
        "228988": {
            "config": {
                "oslist": "windows"
            },
            "depotfromapp": "228980",
            "sharedinstall": "1"
        },
        "228989": {
            "config": {
                "oslist": "windows"
            },
            "depotfromapp": "228980",
            "sharedinstall": "1"
        },
        "228990": {
            "config": {
                "oslist": "windows"
            },
            "depotfromapp": "228980",
            "sharedinstall": "1"
        },
        "2958781": {
            "config": {
                "oslist": "windows",
                "osarch": "64"
            },
            "manifests": {
                "public": {
                    "gid": "2144260464189619452",
                    "size": "5087833492",
                    "download": "4770176032"
                }
            },
            "decryptionkey": "832b56db1f44f8cce816ab2cfd2f9d0ad3fffdb68a73de04a095e6345b7849aa"
        },
        "branches": {
            "public": {
                "buildid": "14666357",
                "timeupdated": "1718034921"
            }
        }
    }
}