{
    "appid": "3032570",
    "type": "Music",
    "name": "洞石火 Soundtrack",
    "schinese_name": "",
    "isfreeapp": "0",
    "change_number": "27102243",
    "update_time": "2025-01-22 08:03:06",
    "depot": {
        "3032571": {
            "manifests": {
                "public": {
                    "gid": "6284403785434395397",
                    "size": "24534665",
                    "download": "22294128"
                }
            },
            "decryptionkey": "4885187b3ea0072db1ef03792f7135a53f5ac0e16c540a2169076da59001e769"
        },
        "branches": {
            "public": {
                "buildid": "14655263",
                "timeupdated": "1717928308"
            }
        }
    }
}