{
    "appid": "3365970",
    "type": "Game",
    "name": "愛情終點",
    "schinese_name": "爱情终点",
    "isfreeapp": "0",
    "change_number": "27840005",
    "update_time": "2025-03-08 01:09:39",
    "depot": {
        "3365971": {
            "config": {
                "oslist": "windows"
            },
            "manifests": {
                "public": {
                    "gid": "7025664902642912497",
                    "size": "915766079",
                    "download": "691759824"
                }
            },
            "decryptionkey": "f8dcc5588617b1ceea360dec0b567097e4994440f2d1b30312df77429fbb3951"
        },
        "3365972": {
            "config": {
                "oslist": "macos"
            },
            "manifests": {
                "public": {
                    "gid": "9210506222435209221",
                    "size": "1890175890",
                    "download": "736297680"
                }
            },
            "decryptionkey": ""
        },
        "baselanguages": "tchinese",
        "branches": {
            "public": {
                "buildid": "17014744",
                "timeupdated": "1736955260"
            }
        }
    }
}