{
    "appid": "2963270",
    "type": "Demo",
    "name": "Kamla Demo",
    "schinese_name": "",
    "isfreeapp": "0",
    "change_number": "23634434",
    "update_time": "2024-07-16 02:47:06",
    "depot": {
        "2963271": {
            "manifests": {
                "public": {
                    "gid": "1176301019937848933",
                    "size": "5227049726",
                    "download": "1807116864"
                }
            },
            "decryptionkey": "d80f7e1df5d544e2d3298efb82d06ab249d74c4dcb975195c19abdb35a7d7d49"
        },
        "branches": {
            "public": {
                "buildid": "14289137",
                "timeupdated": "1715082356"
            }
        }
    }
}