{
    "appid": "3262930",
    "type": "Demo",
    "name": "VTumbler Demo",
    "schinese_name": "",
    "isfreeapp": "0",
    "change_number": "25870638",
    "update_time": "2024-10-24 13:55:10",
    "depot": {
        "228989": {
            "config": {
                "oslist": "windows"
            },
            "depotfromapp": "228980",
            "sharedinstall": "1"
        },
        "228990": {
            "config": {
                "oslist": "windows"
            },
            "depotfromapp": "228980",
            "sharedinstall": "1"
        },
        "3262931": {
            "manifests": {
                "public": {
                    "gid": "786839172202752330",
                    "size": "618421848",
                    "download": "465320992"
                }
            },
            "decryptionkey": "47ee5d2cbf1a3637571cf04884406328ed171f0a427988e9bdb4f0aeade521a0"
        },
        "branches": {
            "public": {
                "buildid": "16160903",
                "timeupdated": "1729749306"
            }
        }
    }
}