{
    "appid": "3274200",
    "type": "DLC",
    "name": "Beat Saber - Nitro Fun - Final Boss",
    "schinese_name": "",
    "isfreeapp": "0",
    "change_number": "26387495",
    "update_time": "2024-12-05 05:27:26",
    "depot": {
        "3274200": {
            "manifests": {
                "public": {
                    "gid": "3833875621865658948",
                    "size": "20841641",
                    "download": "21126864"
                }
            },
            "dlcappid": "3274200",
            "decryptionkey": "230aa54b0a7885f0643ec5d52ceea093584a4b2e4c67ad1301086b9468e1f508"
        },
        "branches": {
            "public": {
                "buildid": "15951285",
                "timeupdated": "1728294385"
            }
        }
    }
}