{
    "appid": "3239470",
    "type": "Demo",
    "name": "异梦残响 | Endless Dream Demo",
    "schinese_name": "",
    "isfreeapp": "0",
    "change_number": "25698851",
    "update_time": "2024-10-14 08:29:56",
    "depot": {
        "baselanguages": "english,schinese",
        "hasdepotsindlc": "0",
        "3239471": {
            "config": {
                "oslist": "windows",
                "osarch": "64"
            },
            "manifests": {
                "public": {
                    "gid": "2175375177808017503",
                    "size": "700982700",
                    "download": "467649744"
                }
            },
            "decryptionkey": "d0889d648191508f47a4c4c1f144991d594ccbc109de3e7d5bf763af149eb4fe"
        },
        "branches": {
            "public": {
                "buildid": "15936550",
                "timeupdated": "1728090320"
            }
        }
    }
}