{
    "appid": "2963690",
    "type": "DLC",
    "name": "Peacemaker: Glorious Princess - Official Artbook",
    "schinese_name": "和平缔造者：光辉王女 - 美术设定集",
    "isfreeapp": "0",
    "change_number": "23517145",
    "update_time": "2024-07-16 02:47:06",
    "depot": {
        "2963690": {
            "dlcappid": "2963690"
        },
        "2963693": {
            "config": {
                "language": "english"
            },
            "manifests": {
                "public": {
                    "gid": "3219640634617702307",
                    "size": "214526209",
                    "download": "210491792"
                }
            },
            "dlcappid": "2963690",
            "decryptionkey": "b9eb411bb682bb284686194a7af3aa3a3a8994a83c58deed635fb714d1ef6947"
        },
        "2963691": {
            "config": {
                "language": "tchinese"
            },
            "manifests": {
                "public": {
                    "gid": "3733317897936365700",
                    "size": "214701044",
                    "download": "210677552"
                }
            },
            "dlcappid": "2963690",
            "decryptionkey": "892d24e074ee1baae868d55a74f94fa8f86d24b2f5370cd7494e350188f2f3ff"
        },
        "2963692": {
            "config": {
                "language": "schinese"
            },
            "manifests": {
                "public": {
                    "gid": "7234212213087008606",
                    "size": "214652618",
                    "download": "210633424"
                }
            },
            "dlcappid": "2963690",
            "decryptionkey": "4c59f96f8938b013b2a6ec85685d723c1b53c857f6190d2bb00b8ab7e3c85a9d"
        },
        "branches": {
            "public": {
                "buildid": "14345032",
                "timeupdated": "1715571078"
            }
        }
    }
}