{
    "appid": "3291310",
    "type": "Game",
    "name": "Mutant College",
    "schinese_name": "",
    "isfreeapp": "0",
    "change_number": "29016574",
    "update_time": "2025-05-16 12:30:46",
    "depot": {
        "baselanguages": "english",
        "3291311": {
            "config": {
                "oslist": "windows"
            },
            "manifests": {
                "public": {
                    "gid": "8995402734601831117",
                    "size": "3240209795",
                    "download": "3137449936"
                }
            },
            "decryptionkey": "f137b720fd39f59fc8411b65d19046ce77fb6431e06a514d548d25e20fd3775c"
        },
        "3291312": {
            "config": {
                "oslist": "linux"
            },
            "manifests": {
                "public": {
                    "gid": "6003834457101376242",
                    "size": "3229170647",
                    "download": "3133715776"
                }
            }
        },
        "3291313": {
            "config": {
                "oslist": "macos"
            },
            "manifests": {
                "public": {
                    "gid": "6967028707360435194",
                    "size": "3260984216",
                    "download": "3142724320"
                }
            }
        },
        "branches": {
            "public": {
                "buildid": "18040201",
                "timeupdated": "1744200261"
            }
        }
    }
}