{
    "appid": "3460700",
    "type": "Music",
    "name": "Orcs Must Die! Deathtrap Soundtrack",
    "schinese_name": "",
    "isfreeapp": "0",
    "change_number": "28496382",
    "update_time": "2025-04-16 06:15:25",
    "depot": {
        "3460701": {
            "manifests": {
                "public": {
                    "gid": "5377255380385428470",
                    "size": "153019803",
                    "download": "151852880"
                }
            },
            "decryptionkey": "4669c5b11263f0277a6cb2f752220857a52337e66dbb077de31edc46798a3ab0"
        },
        "3460702": {
            "config": {
                "highqualityaudio": "1"
            },
            "manifests": {
                "public": {
                    "gid": "3463329929571854405",
                    "size": "793456631",
                    "download": "803661136"
                }
            },
            "decryptionkey": "9cb5bc80edfa8f8ca0fbaef52cbe8d4c4b0b734c5865d2fb84fc968086443c95"
        },
        "branches": {
            "public": {
                "buildid": "17095495",
                "timeupdated": "1737573281"
            }
        }
    }
}