{
    "appid": "3442630",
    "type": "Demo",
    "name": "BOKURA: planet  Special Demo",
    "schinese_name": "",
    "isfreeapp": "0",
    "change_number": "27227657",
    "update_time": "2025-01-30 09:19:08",
    "depot": {
        "3442631": {
            "config": {
                "oslist": "windows"
            },
            "manifests": {
                "public": {
                    "gid": "5266770701372875337",
                    "size": "791997656",
                    "download": "590609872"
                }
            },
            "decryptionkey": "154eb3ccbdb645f9c83b5431d7665157fcdbdf31d378c25c38ef11d24d30427c"
        },
        "3442632": {
            "config": {
                "oslist": "macos"
            },
            "manifests": {
                "public": {
                    "gid": "6220707568808739733",
                    "size": "785228392",
                    "download": "588496992"
                }
            },
            "decryptionkey": ""
        },
        "branches": {
            "public": {
                "buildid": "17146264",
                "timeupdated": "1737989812"
            }
        }
    }
}