{
    "appid": "3363290",
    "type": "Demo",
    "name": "HELLBREAK Demo",
    "schinese_name": "",
    "isfreeapp": "0",
    "change_number": "27729863",
    "update_time": "2025-03-01 12:44:59",
    "depot": {
        "3363291": {
            "manifests": {
                "public": {
                    "gid": "1043578696068523461",
                    "size": "6194826795",
                    "download": "5899236160"
                }
            },
            "decryptionkey": "0a4795dde80017699d7d32e540249e42a79929d51b8b4977a6cd4e4a151e1aff"
        },
        "branches": {
            "public": {
                "buildid": "17487989",
                "timeupdated": "1740421748"
            }
        },
        "privatebranches": "1"
    }
}