{
    "appid": "3317580",
    "type": "Game",
    "name": "Soul Oath",
    "schinese_name": "",
    "isfreeapp": "0",
    "change_number": "28619321",
    "update_time": "2025-04-23 18:08:12",
    "depot": {
        "3317581": {
            "manifests": {
                "public": {
                    "gid": "1657454492639953219",
                    "size": "503206499",
                    "download": "384349456"
                }
            },
            "decryptionkey": "630fbffc5d37dbbe1004a2ae421d10679f0c3db16248d1b97dd3c058688814ce"
        },
        "3327540": {
            "dlcappid": "3327540",
            "manifests": {
                "public": {
                    "gid": "2817281747331340961",
                    "size": "8920313",
                    "download": "7767312"
                }
            },
            "decryptionkey": ""
        },
        "branches": {
            "public": {
                "buildid": "16252507",
                "timeupdated": "1730383301"
            }
        }
    }
}