{
    "appid": "2949290",
    "type": "Demo",
    "name": "Find the Demon Demo",
    "schinese_name": "",
    "isfreeapp": "0",
    "change_number": "26580276",
    "update_time": "2024-12-11 02:16:18",
    "depot": {
        "228989": {
            "config": {
                "oslist": "windows"
            },
            "depotfromapp": "228980",
            "sharedinstall": "1"
        },
        "229006": {
            "config": {
                "oslist": "windows"
            },
            "depotfromapp": "228980",
            "sharedinstall": "1"
        },
        "2949291": {
            "manifests": {
                "public": {
                    "gid": "6360867354034355299",
                    "size": "2112612464",
                    "download": "1755278656"
                }
            },
            "decryptionkey": "5cf7b8a5a7856d25c141559015907c5a003874cd918acf92a52bcb2d5b919501"
        },
        "branches": {
            "public": {
                "buildid": "15793276",
                "timeupdated": "1727086867"
            }
        },
        "privatebranches": "1"
    }
}