{
    "appid": "3271870",
    "type": "Game",
    "name": "Biohazard: Siberia",
    "schinese_name": "",
    "isfreeapp": "0",
    "change_number": "27579323",
    "update_time": "2025-02-28 15:03:25",
    "depot": {
        "baselanguages": "english",
        "228989": {
            "config": {
                "oslist": "windows"
            },
            "depotfromapp": "228980",
            "sharedinstall": "1"
        },
        "228990": {
            "config": {
                "oslist": "windows"
            },
            "depotfromapp": "228980",
            "sharedinstall": "1"
        },
        "3271873": {
            "config": {
                "oslist": "windows",
                "osarch": "64"
            },
            "manifests": {
                "public": {
                    "gid": "8969817674724357710",
                    "size": "11742781971",
                    "download": "11433858496"
                }
            },
            "decryptionkey": "17595c42fcda49f9a7746735939862d21573bcd6a140d78284fdbf8b71003bb6"
        },
        "3271874": {
            "config": {
                "oslist": "windows",
                "osarch": "64"
            },
            "manifests": {
                "public": {
                    "gid": "7557271335310953986",
                    "size": "11742781971",
                    "download": "11427466128"
                }
            },
            "decryptionkey": ""
        },
        "3271875": {
            "config": {
                "oslist": "windows",
                "osarch": "64"
            },
            "manifests": {
                "public": {
                    "gid": "3120154901526362585",
                    "size": "11742781971",
                    "download": "11427466128"
                }
            },
            "decryptionkey": ""
        },
        "branches": {
            "public": {
                "buildid": "17441456",
                "timeupdated": "1740065573"
            }
        }
    }
}