{
    "appid": "3022070",
    "type": "Beta",
    "name": "Heart Electric Playtest",
    "schinese_name": "",
    "isfreeapp": "0",
    "change_number": "28640893",
    "update_time": "2025-04-24 17:35:14",
    "depot": {
        "228989": {
            "config": {
                "oslist": "windows"
            },
            "depotfromapp": "228980",
            "sharedinstall": "1"
        },
        "228990": {
            "config": {
                "oslist": "windows"
            },
            "depotfromapp": "228980",
            "sharedinstall": "1"
        },
        "3022071": {
            "manifests": {
                "public": {
                    "gid": "7673120630388083097",
                    "size": "3503010145",
                    "download": "3106500192"
                }
            },
            "decryptionkey": "01d85ce9abc50da60519d13f4a804e3dd9ef4ed13d392deb91cfb2fbd8a630a0"
        },
        "branches": {
            "public": {
                "buildid": "18188296",
                "timeupdated": "1745487309"
            }
        },
        "privatebranches": "1"
    }
}