{
    "appid": "3180900",
    "type": "DLC",
    "name": "RPG Maker MZ - Labyrinths around the World",
    "schinese_name": "",
    "isfreeapp": "0",
    "change_number": "25184918",
    "update_time": "2024-09-12 11:08:30",
    "depot": {
        "3180900": {
            "manifests": {
                "public": {
                    "gid": "8789329435119209675",
                    "size": "102673963",
                    "download": "102330528"
                }
            },
            "dlcappid": "3180900",
            "decryptionkey": "d81fe3359c973d3496d36b880bc499e1d4ac3b71f895d4cb96707ab23092e535"
        },
        "branches": {
            "public": {
                "buildid": "15635016",
                "timeupdated": "1725863203"
            }
        }
    }
}