{
    "appid": "3010370",
    "type": "Demo",
    "name": "Metal Slug Tactics Demo",
    "schinese_name": "",
    "isfreeapp": "0",
    "change_number": "26183469",
    "update_time": "2024-11-14 07:25:36",
    "depot": {
        "3010371": {
            "manifests": {
                "public": {
                    "gid": "616282669704228415",
                    "size": "902197327",
                    "download": "683746064"
                }
            },
            "decryptionkey": "cf12e945ba4748d0553c1817bacd8912f278d5a589d7ed707afb6912e938bc26"
        },
        "branches": {
            "public": {
                "buildid": "14718017",
                "timeupdated": "1718387874"
            }
        },
        "privatebranches": "1"
    }
}