{
    "appid": "2965280",
    "type": "Game",
    "name": "Chess",
    "schinese_name": "国际象棋",
    "isfreeapp": "0",
    "change_number": "29026010",
    "update_time": "2025-05-16 22:16:17",
    "depot": {
        "2965281": {},
        "2965282": {
            "config": {
                "oslist": "windows"
            },
            "manifests": {
                "public": {
                    "gid": "5940639580096475127",
                    "size": "74531393",
                    "download": "55964912"
                },
                "beta": {
                    "gid": "5940639580096475127",
                    "size": "74531393",
                    "download": "55964912"
                }
            },
            "decryptionkey": "b18a28a0204a0b1214ebc4fa02b2cb8711fb7dcfd09150cf8a0daa2609257b0d"
        },
        "2965283": {
            "config": {
                "oslist": "macos"
            },
            "manifests": {
                "public": {
                    "gid": "3544750819824873436",
                    "size": "88205445",
                    "download": "57992048"
                },
                "beta": {
                    "gid": "3544750819824873436",
                    "size": "88205445",
                    "download": "57992048"
                }
            }
        },
        "baselanguages": "english,german,french,italian,koreana,spanish,schinese,tchinese,russian,thai,japanese,portuguese,dutch,hungarian,czech,turkish,arabic,brazilian,ukrainian,latam,vietnamese,indonesian",
        "branches": {
            "public": {
                "buildid": "15670761",
                "timeupdated": "1726112863"
            },
            "beta": {
                "buildid": "15670761",
                "description": "Beta",
                "timeupdated": "1726101674"
            }
        }
    }
}