{
    "appid": "2966850",
    "type": "Game",
    "name": "Shotgun Cop Man",
    "schinese_name": "Shotgun Cop Man - 霰弹警长",
    "isfreeapp": "0",
    "change_number": "29045922",
    "update_time": "2025-05-18 12:12:50",
    "depot": {
        "2966851": {
            "manifests": {
                "public": {
                    "gid": "1678508283408580578",
                    "size": "367824865",
                    "download": "176099936"
                }
            },
            "decryptionkey": "0c7cc7204dc7a30359eab52bf0a87d45c2f269e869c4807174017100c63df61c"
        },
        "workshopdepot": "2966850",
        "branches": {
            "public": {
                "buildid": "18504517",
                "timeupdated": "1747509565"
            }
        },
        "privatebranches": "1",
        "workshopdepotdecryptionkey": ""
    }
}