{
    "appid": "3217380",
    "type": "Game",
    "name": "Waifu Aim Trainer",
    "schinese_name": "",
    "isfreeapp": "0",
    "change_number": "28582607",
    "update_time": "2025-04-21 19:59:09",
    "depot": {
        "3217381": {
            "manifests": {
                "public": {
                    "gid": "497944680989374370",
                    "size": "373650849",
                    "download": "106850752"
                }
            },
            "decryptionkey": "cfe7ba544dc5f6b6be82cd999ed7db868c9dd7069487a6947b059e3f66370ddc"
        },
        "branches": {
            "public": {
                "buildid": "16476124",
                "timeupdated": "1732126225"
            }
        }
    }
}