{
    "appid": "2945610",
    "type": "DLC",
    "name": "Cities: Skylines II - Creator Pack: Mediterranean Heritage ",
    "schinese_name": "",
    "isfreeapp": "0",
    "change_number": "29035197",
    "update_time": "2025-05-17 09:13:15",
    "depot": {
        "2945610": {
            "config": {
                "oslist": "windows",
                "osarch": "64"
            },
            "manifests": {
                "public": {
                    "gid": "1929751801805090413",
                    "size": "2035352711",
                    "download": "1638905648"
                }
            },
            "dlcappid": "2945610",
            "decryptionkey": "bbe5da829bb0f945cca502394f4e116a571e24dc9d17942e537ba40cca9e5edd"
        },
        "branches": {
            "public": {
                "buildid": "17387343",
                "timeupdated": "1742285521"
            }
        },
        "privatebranches": "1"
    }
}