{
    "appid": "3147510",
    "type": "Game",
    "name": "魔物地牢的幸存女孩",
    "schinese_name": "",
    "isfreeapp": "0",
    "change_number": "29043298",
    "update_time": "2025-05-18 04:15:48",
    "depot": {
        "3147511": {
            "manifests": {
                "public": {
                    "gid": "8301504586340016823",
                    "size": "786637606",
                    "download": "325683520"
                }
            },
            "decryptionkey": "e26c2ba8753312dc0d6bbea5f530b9ba6fc4772d64c55e5c877bf8c469c5882b"
        },
        "branches": {
            "public": {
                "buildid": "18343642",
                "timeupdated": "1746433582"
            }
        },
        "privatebranches": "1"
    }
}