{
    "appid": "3056220",
    "type": "Game",
    "name": "迪菲大陸戰記 III",
    "schinese_name": "",
    "isfreeapp": "0",
    "change_number": "24730165",
    "update_time": "2024-08-10 14:41:04",
    "depot": {
        "3056221": {
            "config": {
                "oslist": "windows"
            },
            "manifests": {
                "public": {
                    "gid": "8561715876657754428",
                    "size": "165826081",
                    "download": "153231600"
                }
            },
            "decryptionkey": "f10d6f9c36f2eedcdbf34bc5a8d4e06b428f9f3ccecc404692ed61ceae40e7b2"
        },
        "baselanguages": "tchinese",
        "branches": {
            "public": {
                "buildid": "15253191",
                "timeupdated": "1722734792"
            }
        }
    }
}