{
    "appid": "3096340",
    "type": "Game",
    "name": "Family Friends: Beyond Home",
    "schinese_name": "",
    "isfreeapp": "0",
    "change_number": "27496818",
    "update_time": "2025-02-16 03:14:24",
    "depot": {
        "3096341": {
            "manifests": {
                "public": {
                    "gid": "1049279311131350796",
                    "size": "451401832",
                    "download": "304773520"
                }
            },
            "decryptionkey": "165b7392fb55a6b5faca135d7bc1075c93302e4d2017ab7862c107d539d69d37"
        },
        "branches": {
            "public": {
                "buildid": "17303449",
                "timeupdated": "1739334872"
            }
        }
    }
}