{
    "appid": "2984860",
    "type": "Game",
    "name": "Letters of Bernard Thorne",
    "schinese_name": "伯纳德·索恩的信件",
    "isfreeapp": "0",
    "change_number": "28697552",
    "update_time": "2025-04-28 09:07:51",
    "depot": {
        "228989": {
            "config": {
                "oslist": "windows"
            },
            "depotfromapp": "228980",
            "sharedinstall": "1"
        },
        "228990": {
            "config": {
                "oslist": "windows"
            },
            "depotfromapp": "228980",
            "sharedinstall": "1"
        },
        "2984861": {
            "manifests": {
                "public": {
                    "gid": "304744198453254761",
                    "size": "5234406891",
                    "download": "4879466816"
                }
            },
            "decryptionkey": "4e6a1a96100cd0341e0b9f26ef70b8faa535c0c46ec709920406a1f6dc08846f"
        },
        "branches": {
            "public": {
                "buildid": "17981912",
                "timeupdated": "1743756297"
            }
        },
        "privatebranches": "1"
    }
}