{
    "appid": "2994810",
    "type": "Game",
    "name": "Zoey: Horny Roomates",
    "schinese_name": "",
    "isfreeapp": "0",
    "change_number": "29015726",
    "update_time": "2025-05-16 11:06:50",
    "depot": {
        "2994811": {
            "manifests": {
                "public": {
                    "gid": "2622815561694580253",
                    "size": "558275033",
                    "download": "372403280"
                }
            },
            "decryptionkey": "ac663a1a471e3d7c094c9add49ac263602531c78af5f3a95cc6955066b9cfd1b"
        },
        "branches": {
            "public": {
                "buildid": "14873780",
                "timeupdated": "1736352565"
            }
        }
    }
}