{
    "appid": "3086060",
    "type": "Game",
    "name": "Date Banger",
    "schinese_name": "",
    "isfreeapp": "0",
    "change_number": "28812290",
    "update_time": "2025-05-05 02:32:00",
    "depot": {
        "3086061": {
            "manifests": {
                "public": {
                    "gid": "5125706357800655473",
                    "size": "1545843397",
                    "download": "337277744"
                }
            },
            "decryptionkey": "bca70a2e14a6c005cd9f488d8798f97e0e0936f239448bd04c0312de03f03ad3"
        },
        "baselanguages": "english,koreana,spanish,schinese,russian,japanese,turkish",
        "branches": {
            "public": {
                "buildid": "17391846",
                "timeupdated": "1739790252"
            }
        }
    }
}