{
    "appid": "3477690",
    "type": "DLC",
    "name": "Game of Thrones: Kingsroad - Standard Pack",
    "schinese_name": "",
    "isfreeapp": "0",
    "change_number": "28496382",
    "update_time": "2025-04-16 06:15:22",
    "depot": {
        "3477690": {
            "dlcappid": "3477690",
            "manifests": {
                "public": {
                    "gid": "4820472243805334841",
                    "size": "3154731685",
                    "download": "869783168"
                }
            },
            "decryptionkey": "09ad1044265abc607d130258e11d192531c0471b4755edbe711911048d6bd94f"
        },
        "branches": {
            "public": {
                "buildid": "17193382",
                "timeupdated": "1738292708"
            }
        }
    }
}