{
    "appid": "3105570",
    "type": "Demo",
    "name": "Idle Calibur：Zero Demo",
    "schinese_name": "选王之剑：零 Demo",
    "isfreeapp": "0",
    "change_number": "26858892",
    "update_time": "2025-01-04 13:02:45",
    "depot": {
        "3105571": {
            "manifests": {
                "public": {
                    "gid": "9137911736931625891",
                    "size": "2808960055",
                    "download": "2430856448"
                }
            },
            "decryptionkey": "c0cde43b6f5b0eebae14e79419c43cee43bcb474029b486e5d14bb22df140cac"
        },
        "baselanguages": "schinese",
        "branches": {
            "public": {
                "buildid": "16904548",
                "timeupdated": "1735966958"
            }
        }
    }
}