{
    "appid": "3454970",
    "type": "Demo",
    "name": "AFFRAID Demo",
    "schinese_name": "",
    "isfreeapp": "0",
    "change_number": "27543484",
    "update_time": "2025-02-19 06:36:45",
    "depot": {
        "228989": {
            "config": {
                "oslist": "windows"
            },
            "depotfromapp": "228980",
            "sharedinstall": "1"
        },
        "228990": {
            "config": {
                "oslist": "windows"
            },
            "depotfromapp": "228980",
            "sharedinstall": "1"
        },
        "3454971": {
            "manifests": {
                "public": {
                    "gid": "7572192772844881689",
                    "size": "1999438961",
                    "download": "1835921792"
                }
            },
            "decryptionkey": "01e6d6056f14263d36cee7b268454336222703973a5327141c1231d341ff8418"
        },
        "branches": {
            "public": {
                "buildid": "17210957",
                "timeupdated": "1738429208"
            }
        }
    }
}