{
    "appid": "3072330",
    "type": "Beta",
    "name": "Board Wars - Trick Or Treat Playtest",
    "schinese_name": "",
    "isfreeapp": "0",
    "change_number": "25431545",
    "update_time": "2024-09-29 12:13:17",
    "depot": {
        "228989": {
            "config": {
                "oslist": "windows"
            },
            "depotfromapp": "228980",
            "sharedinstall": "1"
        },
        "228990": {
            "config": {
                "oslist": "windows"
            },
            "depotfromapp": "228980",
            "sharedinstall": "1"
        },
        "3072331": {
            "manifests": {
                "public": {
                    "gid": "509292232884099219",
                    "size": "1336543033",
                    "download": "1201147456"
                }
            },
            "decryptionkey": "5bac3e4df9dddfba7bbeee94d04a1c0244a094a20d30ce372f13f057cc5e0673"
        },
        "branches": {
            "public": {
                "buildid": "15855755",
                "timeupdated": "1727471156"
            }
        }
    }
}