{
    "appid": "3401990",
    "type": "DLC",
    "name": "Bear Furry - DLC",
    "schinese_name": "",
    "isfreeapp": "0",
    "change_number": "26816766",
    "update_time": "2024-12-30 19:43:17",
    "depot": {
        "3401990": {
            "config": {
                "language": "english",
                "oslist": "windows"
            },
            "manifests": {
                "public": {
                    "gid": "920874658340004655",
                    "size": "210879124",
                    "download": "209244880"
                }
            },
            "dlcappid": "3401990",
            "decryptionkey": "507df9620232ae597362dc0d80c645f137499041773ac13a8d251acce9656738"
        },
        "branches": {
            "public": {
                "buildid": "16714723",
                "timeupdated": "1733963630"
            }
        }
    }
}