{
    "appid": "3589940",
    "type": "Game",
    "name": "周而复始的夏天",
    "schinese_name": "",
    "isfreeapp": "0",
    "change_number": "28800555",
    "update_time": "2025-05-03 21:30:36",
    "depot": {
        "baselanguages": "schinese",
        "3589941": {
            "config": {
                "oslist": "windows"
            },
            "manifests": {
                "public": {
                    "gid": "8926156815262466745",
                    "size": "947749060",
                    "download": "720704528"
                }
            },
            "decryptionkey": "35bd3a8958a22c04adbce233bf62e184755f4895c436d4bb306a999f06548a30"
        },
        "branches": {
            "public": {
                "buildid": "18260427",
                "timeupdated": "1745813184"
            }
        }
    }
}