{
    "appid": "3026780",
    "type": "Demo",
    "name": "Grand Circuit Demo",
    "schinese_name": "",
    "isfreeapp": "0",
    "change_number": "23980992",
    "update_time": "2024-07-16 02:47:09",
    "depot": {
        "3026781": {
            "manifests": {
                "public": {
                    "gid": "3517129957888721937",
                    "size": "742790751",
                    "download": "540224176"
                }
            },
            "decryptionkey": "0a801504e583b5f682b08adafbdbdf1efc520741353ad0966420ab858808bd26"
        },
        "branches": {
            "public": {
                "buildid": "14725363",
                "timeupdated": "1718413063"
            }
        }
    }
}