{
    "appid": "3213880",
    "type": "Demo",
    "name": "VETITUM_VRC: DEMO EDITION",
    "schinese_name": "",
    "isfreeapp": "0",
    "change_number": "26229767",
    "update_time": "2024-11-17 07:46:11",
    "depot": {
        "228985": {
            "config": {
                "oslist": "windows"
            },
            "depotfromapp": "228980",
            "sharedinstall": "1"
        },
        "228988": {
            "config": {
                "oslist": "windows"
            },
            "depotfromapp": "228980",
            "sharedinstall": "1"
        },
        "228990": {
            "config": {
                "oslist": "windows"
            },
            "depotfromapp": "228980",
            "sharedinstall": "1"
        },
        "3213881": {
            "manifests": {
                "public": {
                    "gid": "2755929214867178371",
                    "size": "855960919",
                    "download": "689430464"
                }
            },
            "decryptionkey": "3193502e6a3851fda77ac5e1d6b97ca9b1a808725cd33ec7af0ebbca551044c8"
        },
        "branches": {
            "public": {
                "buildid": "16433321",
                "timeupdated": "1731800766"
            }
        }
    }
}