{
    "appid": "3337210",
    "type": "Game",
    "name": "GIRLS MADE PUDDING",
    "schinese_name": "Girls Made Pudding -少女布丁旅情-",
    "isfreeapp": "0",
    "change_number": "29016621",
    "update_time": "2025-05-16 12:36:46",
    "depot": {
        "3337211": {
            "config": {
                "oslist": "windows"
            },
            "manifests": {
                "public": {
                    "gid": "6198308392602852816",
                    "size": "606328119",
                    "download": "413747408"
                }
            },
            "decryptionkey": "3d38aa8ad06b229923cbf832a61d5b436b8e8a8064272c54df1ad51860fb2818"
        },
        "3337212": {
            "config": {
                "oslist": "macos"
            },
            "manifests": {
                "public": {
                    "gid": "1402870228181955027",
                    "size": "585312584",
                    "download": "314449488"
                }
            }
        },
        "branches": {
            "public": {
                "buildid": "18137341",
                "timeupdated": "1744853297"
            }
        },
        "privatebranches": "1"
    }
}