{
    "appid": "3229390",
    "type": "Demo",
    "name": "Cursebane Demo",
    "schinese_name": "破咒剑士 Demo",
    "isfreeapp": "0",
    "change_number": "26941041",
    "update_time": "2025-01-10 20:28:29",
    "depot": {
        "228988": {
            "config": {
                "oslist": "windows"
            },
            "depotfromapp": "228980",
            "sharedinstall": "1"
        },
        "3229391": {
            "manifests": {
                "public": {
                    "gid": "7888283627288469149",
                    "size": "1560328147",
                    "download": "973525728"
                }
            },
            "decryptionkey": "2393ddeee05d1712a7c5b96cd20c51fbe690f6c797a8b3e2f8cc42e5ee73861c"
        },
        "branches": {
            "public": {
                "buildid": "16090232",
                "timeupdated": "1729231694"
            }
        },
        "privatebranches": "1"
    }
}