{
    "appid": "3008500",
    "type": "Music",
    "name": "shapez 2 Extended Soundtrack",
    "schinese_name": "异形工厂2拓展原声带",
    "isfreeapp": "0",
    "change_number": "26399674",
    "update_time": "2024-12-05 06:12:56",
    "depot": {
        "3008501": {
            "manifests": {
                "public": {
                    "gid": "8372066758295861177",
                    "size": "117408952",
                    "download": "117167968"
                }
            },
            "decryptionkey": "902e5b98ca84882cf5480d22f7eaaa1a0245cec61e59dd139812bac670ace905"
        },
        "3008502": {
            "config": {
                "highqualityaudio": "1"
            },
            "manifests": {
                "public": {
                    "gid": "8169367106035325952",
                    "size": "458303546",
                    "download": "462500048"
                }
            },
            "decryptionkey": "303f491e850a5c649dafc30c45e7fb414fc85035c4e511ea69179e43df68a329"
        },
        "branches": {
            "public": {
                "buildid": "15146658",
                "timeupdated": "1721889871"
            }
        }
    }
}