{
    "appid": "3372310",
    "type": "Music",
    "name": "ENDWALKER: FINAL FANTASY XIV Original Soundtrack",
    "schinese_name": "",
    "isfreeapp": "0",
    "change_number": "28736706",
    "update_time": "2025-04-30 06:19:23",
    "depot": {
        "3372311": {
            "manifests": {
                "public": {
                    "gid": "1868241463138512796",
                    "size": "671868743",
                    "download": "613401968"
                }
            },
            "decryptionkey": "f8b31fc992717147e3a460e85ac13c58c34d9d1c56d319178cbec630f7de4ebd"
        },
        "branches": {
            "public": {
                "buildid": "16676375",
                "timeupdated": "1733718415"
            }
        }
    }
}