{
    "appid": "3021230",
    "type": "Demo",
    "name": "Кризис в Кремле: Холодная война Demo",
    "schinese_name": "",
    "isfreeapp": "0",
    "change_number": "26808888",
    "update_time": "2024-12-29 15:20:28",
    "depot": {
        "3021231": {
            "config": {
                "oslist": "windows",
                "osarch": "64"
            },
            "manifests": {
                "public": {
                    "gid": "4230219647968855561",
                    "size": "874729641",
                    "download": "498084384"
                },
                "setlive": {
                    "gid": "4230219647968855561",
                    "size": "874729641",
                    "download": "498084384"
                }
            },
            "decryptionkey": "a551341d2b0a864e2d3f2b95350028e4cfde15fc53670cb33af70e34b1d2dd7c"
        },
        "3021232": {
            "config": {
                "oslist": "windows",
                "osarch": "32"
            },
            "manifests": {
                "public": {
                    "gid": "374650079250765236",
                    "size": "866508510",
                    "download": "495596688"
                },
                "setlive": {
                    "gid": "374650079250765236",
                    "size": "866508510",
                    "download": "495596688"
                }
            },
            "decryptionkey": ""
        },
        "3021233": {
            "config": {
                "oslist": "macos"
            },
            "manifests": {
                "public": {
                    "gid": "1523853633270108719",
                    "size": "912080268",
                    "download": "507594864"
                },
                "setlive": {
                    "gid": "1523853633270108719",
                    "size": "912080268",
                    "download": "507594864"
                }
            },
            "decryptionkey": ""
        },
        "3021234": {
            "config": {
                "oslist": "linux"
            },
            "manifests": {
                "public": {
                    "gid": "3560982689511868384",
                    "size": "922442860",
                    "download": "499871136"
                },
                "setlive": {
                    "gid": "3560982689511868384",
                    "size": "922442860",
                    "download": "499871136"
                }
            },
            "decryptionkey": ""
        },
        "3021235": {
            "config": {
                "oslist": "windows",
                "osarch": "64"
            },
            "manifests": {}
        },
        "3021236": {
            "config": {
                "oslist": "windows",
                "osarch": "32"
            },
            "manifests": {}
        },
        "3021237": {
            "config": {
                "oslist": "macos"
            },
            "manifests": {}
        },
        "3021238": {
            "config": {
                "oslist": "linux"
            },
            "manifests": {}
        },
        "branches": {
            "public": {
                "buildid": "16869160",
                "timeupdated": "1735456823"
            },
            "setlive": {
                "buildid": "16869160",
                "description": "temporal",
                "timeupdated": "1735456537"
            }
        },
        "privatebranches": "1"
    }
}