{
    "appid": "3320210",
    "type": "Music",
    "name": "Maid Cafe on Electric Street Soundtrack",
    "schinese_name": "芙哇芙哇女仆咖啡厅 原声音乐集",
    "isfreeapp": "0",
    "change_number": "29000751",
    "update_time": "2025-05-15 19:14:32",
    "depot": {
        "3320211": {
            "manifests": {
                "public": {
                    "gid": "4823322808011039375",
                    "size": "114957205",
                    "download": "105672624"
                }
            },
            "decryptionkey": "212391e94c55e3a04991de853b9110f416e2412a5d4705c77eb2287884ee20bf"
        },
        "branches": {
            "public": {
                "buildid": "16372479",
                "timeupdated": "1731374427"
            }
        }
    }
}