{
    "appid": "3009390",
    "type": "Demo",
    "name": "JIANGHU CHRONICLES DEMO",
    "schinese_name": "江湖录 体验版",
    "isfreeapp": "0",
    "change_number": "26183469",
    "update_time": "2024-11-14 07:25:29",
    "depot": {
        "3009391": {
            "manifests": {
                "public": {
                    "gid": "8740809091258939918",
                    "size": "2693713554",
                    "download": "644862688"
                }
            },
            "decryptionkey": "14b2ff8651e5fe59481c5659455e65d6cc6c2df8f3ac4cffe84478e6ac909590"
        },
        "branches": {
            "public": {
                "buildid": "14727295",
                "timeupdated": "1718437987"
            }
        },
        "privatebranches": "1"
    }
}