{
    "appid": "3352300",
    "type": "Game",
    "name": "The Electrifying Incident: A Monster Mini-Expedition",
    "schinese_name": "",
    "isfreeapp": "0",
    "change_number": "29016621",
    "update_time": "2025-05-16 12:36:49",
    "depot": {
        "3352301": {
            "config": {
                "oslist": "windows"
            },
            "manifests": {
                "public": {
                    "gid": "2494728651047105149",
                    "size": "206850896",
                    "download": "99548880"
                }
            },
            "decryptionkey": "5539b807555522ecea112ebe764866422afdc65f76cd9fc71d8d7c6d104f8d47"
        },
        "3352302": {
            "config": {
                "oslist": "macos"
            },
            "manifests": {
                "public": {
                    "gid": "3107505813500762970",
                    "size": "279606189",
                    "download": "115052240"
                }
            }
        },
        "branches": {
            "public": {
                "buildid": "18111907",
                "timeupdated": "1744715009"
            }
        },
        "privatebranches": "1"
    }
}