{
    "appid": "3600690",
    "type": "Game",
    "name": "Midnight GT: Primary Racer",
    "schinese_name": "",
    "isfreeapp": "0",
    "change_number": "28464675",
    "update_time": "2025-04-14 18:33:04",
    "depot": {
        "3600691": {
            "manifests": {
                "public": {
                    "gid": "8729195276634324538",
                    "size": "678176257",
                    "download": "174838208"
                }
            },
            "decryptionkey": "c85889b8921e099724fbc94e87d126815c0c8e15e3f855e12e8e5afe56c2336f"
        },
        "3600692": {
            "config": {
                "language": "french"
            },
            "manifests": {
                "public": {
                    "gid": "5942507661494851415",
                    "size": "39945",
                    "download": "9024"
                }
            },
            "decryptionkey": ""
        },
        "3600693": {
            "config": {
                "language": "german"
            },
            "manifests": {
                "public": {
                    "gid": "7055884853584548841",
                    "size": "44041",
                    "download": "10144"
                }
            },
            "decryptionkey": ""
        },
        "3600694": {
            "config": {
                "language": "italian"
            },
            "manifests": {
                "public": {
                    "gid": "8617850340616772500",
                    "size": "41482",
                    "download": "9280"
                }
            },
            "decryptionkey": ""
        },
        "3600695": {
            "config": {
                "language": "portuguese"
            },
            "manifests": {
                "public": {
                    "gid": "7293328703223581601",
                    "size": "52237",
                    "download": "10928"
                }
            },
            "decryptionkey": ""
        },
        "3600696": {
            "config": {
                "language": "spanish"
            },
            "manifests": {
                "public": {
                    "gid": "6339310834234576335",
                    "size": "40458",
                    "download": "9104"
                }
            },
            "decryptionkey": ""
        },
        "branches": {
            "public": {
                "buildid": "18097641",
                "timeupdated": "1744626780"
            }
        },
        "privatebranches": "1"
    }
}