{
    "appid": "3136050",
    "type": "Demo",
    "name": "Royal Revolt Warriors Demo",
    "schinese_name": "",
    "isfreeapp": "0",
    "change_number": "27520878",
    "update_time": "2025-02-18 02:17:21",
    "depot": {
        "3136052": {
            "config": {
                "oslist": "windows"
            },
            "manifests": {
                "public": {
                    "gid": "6693091061415388508",
                    "size": "1684817423",
                    "download": "1422115824"
                }
            },
            "decryptionkey": "f06465b649c8436421f08ad828aff67cfc2420399597d9ac989503a724bf9095"
        },
        "3136053": {
            "config": {
                "oslist": "linux"
            },
            "manifests": {
                "public": {
                    "gid": "7720736802136470858",
                    "size": "1843906790",
                    "download": "1534921040"
                }
            },
            "decryptionkey": ""
        },
        "3136054": {
            "config": {
                "oslist": "macos"
            },
            "manifests": {
                "public": {
                    "gid": "5539513793450885068",
                    "size": "1735464030",
                    "download": "1443098608"
                }
            },
            "decryptionkey": ""
        },
        "branches": {
            "public": {
                "buildid": "17352588",
                "timeupdated": "1739454199"
            }
        },
        "privatebranches": "1"
    }
}