{
    "appid": "3011770",
    "type": "Demo",
    "name": "Rubbings Demo",
    "schinese_name": "诡拓 Demo",
    "isfreeapp": "0",
    "change_number": "26291090",
    "update_time": "2024-11-21 11:37:07",
    "depot": {
        "3011771": {
            "manifests": {
                "public": {
                    "gid": "3662164541762709323",
                    "size": "1074227938",
                    "download": "844472736"
                }
            },
            "decryptionkey": "3b21113f3a3709d489b012f059753f436ac1202ccf2aed4b17aef2a9ef0366bf"
        },
        "branches": {
            "public": {
                "buildid": "16481091",
                "timeupdated": "1732160224"
            }
        }
    }
}