{
    "appid": "2949230",
    "type": "Game",
    "name": "Doodle Harmony Idle Merge",
    "schinese_name": "",
    "isfreeapp": "0",
    "change_number": "29015434",
    "update_time": "2025-05-16 10:42:46",
    "depot": {
        "2949231": {
            "manifests": {
                "public": {
                    "gid": "5525940820308624492",
                    "size": "593311879",
                    "download": "108147024"
                }
            },
            "decryptionkey": "be2c558a0833ec8e6e8d376a90605b89616861d063dcd037dc8e9b4271620118"
        },
        "branches": {
            "public": {
                "buildid": "16780129",
                "timeupdated": "1734482090"
            }
        }
    }
}