{
    "appid": "3339270",
    "type": "Game",
    "name": "BDSM Fuel Station",
    "schinese_name": "",
    "isfreeapp": "0",
    "change_number": "28634697",
    "update_time": "2025-04-24 10:06:29",
    "depot": {
        "3339271": {
            "manifests": {
                "public": {
                    "gid": "5432894235802838944",
                    "size": "4135847105",
                    "download": "1339422816"
                }
            },
            "decryptionkey": "55d83394a0d1f0b5f9999a0f27e68466d130f128018640dd66140b2c7554e2ca"
        },
        "baselanguages": "english,schinese,tchinese",
        "branches": {
            "public": {
                "buildid": "17979315",
                "timeupdated": "1743737453"
            }
        }
    }
}