{
    "appid": "3210340",
    "type": "Beta",
    "name": "天月麻雀 Playtest",
    "schinese_name": "",
    "isfreeapp": "0",
    "change_number": "27074803",
    "update_time": "2025-01-20 19:54:21",
    "depot": {
        "3210341": {
            "config": {
                "oslist": "windows"
            },
            "manifests": {
                "public": {
                    "gid": "8188935100811100045",
                    "size": "224045204",
                    "download": "78310096"
                }
            },
            "decryptionkey": "44fd30408d37c037dce806ed83a541023c889ac4c643e257c01b94c62ee92101"
        },
        "branches": {
            "public": {
                "buildid": "16730512",
                "timeupdated": "1734064392"
            }
        }
    }
}