{
    "appid": "3077020",
    "type": "Game",
    "name": "DOKAPON! Sword of Fury",
    "schinese_name": "",
    "isfreeapp": "0",
    "change_number": "29015084",
    "update_time": "2025-05-16 10:12:45",
    "depot": {
        "228990": {
            "config": {
                "oslist": "windows"
            },
            "depotfromapp": "228980",
            "sharedinstall": "1"
        },
        "3077021": {
            "manifests": {
                "public": {
                    "gid": "8654457437095151418",
                    "size": "457631882",
                    "download": "365792000"
                }
            },
            "decryptionkey": "f1fe5b4ac18c2e50df6c380046f21935408a3373d68373a0409d9eed6dd71336"
        },
        "baselanguages": "english,japanese",
        "branches": {
            "public": {
                "buildid": "18009399",
                "timeupdated": "1744095978"
            }
        },
        "privatebranches": "1"
    }
}