{
    "appid": "3305890",
    "type": "Game",
    "name": "HAPPY HOLES",
    "schinese_name": "",
    "isfreeapp": "0",
    "change_number": "28827821",
    "update_time": "2025-05-06 02:30:35",
    "depot": {
        "3305891": {
            "manifests": {
                "public": {
                    "gid": "4264296635468733072",
                    "size": "317611267",
                    "download": "159731856"
                }
            },
            "decryptionkey": "bfadbe6436c396aa84d7a66c1eecc2cc037612651913367118ebfcc2319a1dae"
        },
        "branches": {
            "public": {
                "buildid": "16527412",
                "timeupdated": "1732557064"
            }
        }
    }
}