{
    "appid": "3404450",
    "type": "Music",
    "name": "MiSide Soundtrack",
    "schinese_name": "米塔 原声音乐集",
    "isfreeapp": "0",
    "change_number": "28075875",
    "update_time": "2025-03-22 00:19:19",
    "depot": {
        "3404451": {
            "manifests": {
                "public": {
                    "gid": "6481670037718947078",
                    "size": "71465853",
                    "download": "70853424"
                }
            },
            "decryptionkey": "401cfca91341369711b16540df763140e99621c2331d8ebfc736045c290dbf98"
        },
        "branches": {
            "public": {
                "buildid": "16874529",
                "timeupdated": "1735553898"
            }
        },
        "privatebranches": "1"
    }
}