{
    "appid": "3608970",
    "type": "DLC",
    "name": "RPG Maker MZ - RPG Character Pack 17",
    "schinese_name": "",
    "isfreeapp": "0",
    "change_number": "28296158",
    "update_time": "2025-04-04 04:11:18",
    "depot": {
        "3608970": {
            "manifests": {
                "public": {
                    "gid": "8545782463861848633",
                    "size": "62144303",
                    "download": "60915792"
                }
            },
            "dlcappid": "3608970",
            "decryptionkey": "ea8642009251000bfc629cf5d1b9219ce2d3a90bd3bcbc2d6265f719551ff183"
        },
        "branches": {
            "public": {
                "buildid": "17942540",
                "timeupdated": "1743525559"
            }
        }
    }
}