{
    "appid": "3145210",
    "type": "Demo",
    "name": "Monster Meals Demo",
    "schinese_name": "",
    "isfreeapp": "0",
    "change_number": "27102243",
    "update_time": "2025-01-22 07:58:52",
    "depot": {
        "3145211": {
            "manifests": {
                "public": {
                    "gid": "6721959576929810975",
                    "size": "1285506964",
                    "download": "71560560"
                }
            },
            "decryptionkey": "39bf0bb0cd51df65e0a94c462a99c6f10ce90a06ebc088af8674d0293ce90620"
        },
        "baselanguages": "english,brazilian",
        "branches": {
            "public": {
                "buildid": "16352715",
                "timeupdated": "1731163015"
            }
        }
    }
}