{
    "appid": "3244490",
    "type": "Game",
    "name": "欧酱的迷宫大冒险",
    "schinese_name": "",
    "isfreeapp": "1",
    "change_number": "27246780",
    "update_time": "2025-01-31 11:39:10",
    "depot": {
        "228989": {
            "config": {
                "oslist": "windows"
            },
            "depotfromapp": "228980",
            "sharedinstall": "1"
        },
        "228990": {
            "config": {
                "oslist": "windows"
            },
            "depotfromapp": "228980",
            "sharedinstall": "1"
        },
        "3244491": {
            "manifests": {
                "public": {
                    "gid": "1143622879331258911",
                    "size": "1390992424",
                    "download": "1177611344"
                }
            },
            "decryptionkey": "a4e5970638b7856668aa7690d4020b7c7edf3994f48885a09173a0cc62827b67"
        },
        "branches": {
            "public": {
                "buildid": "15792817",
                "timeupdated": "1727083966"
            }
        }
    }
}