{
    "appid": "2963360",
    "type": "Game",
    "name": "Chicken Game",
    "schinese_name": "",
    "isfreeapp": "0",
    "change_number": "28603673",
    "update_time": "2025-04-22 22:59:40",
    "depot": {
        "2963361": {
            "manifests": {
                "public": {
                    "gid": "8586054318689130364",
                    "size": "12816268619",
                    "download": "11165803408"
                }
            },
            "decryptionkey": "0ad13300f9d07787db0ef31e5c675830bc930f7036da8f94c412efa793b7e865"
        },
        "baselanguages": "english,koreana,schinese,japanese",
        "branches": {
            "public": {
                "buildid": "15754423",
                "timeupdated": "1726738490"
            }
        }
    }
}