{
    "appid": "3396090",
    "type": "Game",
    "name": "Shop Life Simulator",
    "schinese_name": "",
    "isfreeapp": "0",
    "change_number": "28978359",
    "update_time": "2025-05-14 22:44:44",
    "depot": {
        "228988": {
            "config": {
                "oslist": "windows"
            },
            "depotfromapp": "228980",
            "sharedinstall": "1"
        },
        "228989": {
            "config": {
                "oslist": "windows"
            },
            "depotfromapp": "228980",
            "sharedinstall": "1"
        },
        "228990": {
            "config": {
                "oslist": "windows"
            },
            "depotfromapp": "228980",
            "sharedinstall": "1"
        },
        "3396091": {
            "config": {
                "oslist": "windows",
                "osarch": "64"
            },
            "manifests": {
                "public": {
                    "gid": "6075202405853097857",
                    "size": "5787028033",
                    "download": "5183870080"
                }
            },
            "decryptionkey": "36177f5ca21233fcdd2cea7339e23a3e606ccdc43762a89b9f9589078354acf1"
        },
        "branches": {
            "public": {
                "buildid": "18395098",
                "timeupdated": "1746741908"
            }
        }
    }
}