{
    "appid": "3065340",
    "type": "Demo",
    "name": "Rogue Tanks Demo",
    "schinese_name": "",
    "isfreeapp": "0",
    "change_number": "26206310",
    "update_time": "2024-11-15 13:56:53",
    "depot": {
        "3065341": {
            "manifests": {
                "public": {
                    "gid": "1726677812920396985",
                    "size": "34903643",
                    "download": "16446464"
                }
            },
            "decryptionkey": "83fb37e5203a8ca5c268600722d370076101c8e3af09b0a19bbd920f615d0ac5"
        },
        "branches": {
            "public": {
                "buildid": "16415817",
                "timeupdated": "1731650210"
            }
        }
    }
}