{
    "appid": "3253530",
    "type": "Game",
    "name": "Pit of Goblin",
    "schinese_name": "",
    "isfreeapp": "0",
    "change_number": "29026714",
    "update_time": "2025-05-16 22:51:33",
    "depot": {
        "baselanguages": "english,spanish,swedish",
        "3253532": {
            "config": {
                "oslist": "windows",
                "osarch": "64"
            },
            "manifests": {
                "public": {
                    "gid": "2849865358583327842",
                    "size": "1745225104",
                    "download": "423606912"
                }
            },
            "decryptionkey": ""
        },
        "3253531": {
            "config": {
                "oslist": "windows",
                "osarch": "64"
            },
            "manifests": {
                "public": {
                    "gid": "8484158794484122556",
                    "size": "734292109",
                    "download": "183848240"
                }
            },
            "decryptionkey": "53373a5c73133e1f766287d5deabd89b5913e552d587abb71dd4a8bcb81f9344"
        },
        "branches": {
            "public": {
                "buildid": "17293075",
                "timeupdated": "1739046676"
            }
        },
        "privatebranches": "1"
    }
}