{
    "appid": "3099050",
    "type": "Demo",
    "name": "The Dark Mind Demo",
    "schinese_name": "",
    "isfreeapp": "0",
    "change_number": "26631903",
    "update_time": "2024-12-13 23:18:14",
    "depot": {
        "228989": {
            "config": {
                "oslist": "windows"
            },
            "depotfromapp": "228980",
            "sharedinstall": "1"
        },
        "228990": {
            "config": {
                "oslist": "windows"
            },
            "depotfromapp": "228980",
            "sharedinstall": "1"
        },
        "3099051": {
            "manifests": {
                "public": {
                    "gid": "3333528865770993147",
                    "size": "989279034",
                    "download": "855277904"
                }
            },
            "decryptionkey": "28fd9261089a0320d7167a2e2b1fdd485083bff737bb91ac4a355d166807fde0"
        },
        "hasdepotsindlc": "0",
        "branches": {
            "public": {
                "buildid": "16737131",
                "timeupdated": "1734103087"
            }
        }
    }
}