{
    "appid": "2960790",
    "type": "Demo",
    "name": "Delta Kayak Demo",
    "schinese_name": "",
    "isfreeapp": "0",
    "change_number": "26176861",
    "update_time": "2024-11-13 23:05:49",
    "depot": {
        "baselanguages": "english,spanish,latam",
        "2960791": {
            "config": {
                "oslist": "linux"
            },
            "manifests": {
                "public": {
                    "gid": "3055831979173702252",
                    "size": "286404144",
                    "download": "193067248"
                }
            },
            "decryptionkey": ""
        },
        "2960792": {
            "config": {
                "oslist": "windows"
            },
            "manifests": {
                "public": {
                    "gid": "3338170743879663647",
                    "size": "302839976",
                    "download": "197491248"
                }
            },
            "decryptionkey": "bd2a169c39286f9a14d9ef97c3f44291c62b8ff91bed9dccbfce0c3207dfaa7a"
        },
        "2960793": {
            "config": {
                "oslist": "macos"
            },
            "manifests": {
                "public": {
                    "gid": "3288051371233770715",
                    "size": "378143427",
                    "download": "214643440"
                }
            },
            "decryptionkey": ""
        },
        "hasdepotsindlc": "0",
        "branches": {
            "public": {
                "buildid": "15361319",
                "timeupdated": "1723590664"
            }
        }
    }
}