{
    "appid": "3266990",
    "type": "Demo",
    "name": "Retro Rally Demo",
    "schinese_name": "",
    "isfreeapp": "0",
    "change_number": "26172861",
    "update_time": "2024-11-13 18:31:10",
    "depot": {
        "3266991": {
            "manifests": {
                "public": {
                    "gid": "3470318820807423050",
                    "size": "424327564",
                    "download": "167803936"
                }
            },
            "decryptionkey": "7be2a3719e1a37e0817c690c43240850fb6dd07b199c64d977f5b983cd1313a7"
        },
        "branches": {
            "public": {
                "buildid": "16073156",
                "timeupdated": "1729120947"
            }
        }
    }
}