{
    "appid": "3037630",
    "type": "Demo",
    "name": "猫语拾光 Cat And Life Demo",
    "schinese_name": "",
    "isfreeapp": "0",
    "change_number": "26017262",
    "update_time": "2024-11-02 14:05:24",
    "depot": {
        "3037631": {
            "manifests": {
                "public": {
                    "gid": "8844839724474102532",
                    "size": "781648064",
                    "download": "90922176"
                }
            },
            "decryptionkey": "83213ad200f5fe80caafe46c47fd2344b05c242587f1049d929da9df8ec8745e"
        },
        "branches": {
            "public": {
                "buildid": "16206413",
                "timeupdated": "1730122432"
            }
        }
    }
}