{
    "appid": "3071220",
    "type": "Demo",
    "name": "10秒ルール【8番ライクホラー】 Demo",
    "schinese_name": "",
    "isfreeapp": "0",
    "change_number": "27429209",
    "update_time": "2025-02-12 07:58:51",
    "depot": {
        "3071221": {
            "manifests": {
                "public": {
                    "gid": "3099098074872999929",
                    "size": "312401844",
                    "download": "82497616"
                }
            },
            "decryptionkey": "8d4ee3d9b06c17c9f1a36d29b6c717b26784d6e184018e62da13001e6438bb76"
        },
        "branches": {
            "public": {
                "buildid": "15012635",
                "timeupdated": "1720998345"
            }
        }
    }
}