{
    "appid": "3167510",
    "type": "Game",
    "name": "Ghost Clicker",
    "schinese_name": "",
    "isfreeapp": "0",
    "change_number": "28700605",
    "update_time": "2025-04-28 14:51:43",
    "depot": {
        "hasdepotsindlc": "0",
        "3167511": {
            "manifests": {
                "public": {
                    "gid": "2422675625902228060",
                    "size": "262154655",
                    "download": "118887392"
                }
            },
            "decryptionkey": "444205acaebf8b5b2b5c4e0275e171e548dddfd43969d244735f0a80c86b0ff9"
        },
        "branches": {
            "public": {
                "buildid": "16649569",
                "timeupdated": "1733437785"
            }
        }
    }
}