{
    "appid": "3123290",
    "type": "Game",
    "name": "SAVE",
    "schinese_name": "",
    "isfreeapp": "0",
    "change_number": "29021362",
    "update_time": "2025-05-16 17:54:21",
    "depot": {
        "3123291": {
            "manifests": {
                "public": {
                    "gid": "8617672937561956250",
                    "size": "8862593806",
                    "download": "3896860080"
                }
            },
            "decryptionkey": "8b9407097f449af2699306a838f2412ba2c897736787a641f8a5f8cd44cbe00d"
        },
        "branches": {
            "public": {
                "buildid": "18488132",
                "timeupdated": "1747389257"
            }
        },
        "privatebranches": "1"
    }
}