{
    "appid": "2955160",
    "type": "Demo",
    "name": "Seed of Heroes Demo",
    "schinese_name": "",
    "isfreeapp": "0",
    "change_number": "25765671",
    "update_time": "2024-10-17 19:27:59",
    "depot": {
        "228989": {
            "config": {
                "oslist": "windows"
            },
            "depotfromapp": "228980",
            "sharedinstall": "1"
        },
        "228990": {
            "config": {
                "oslist": "windows"
            },
            "depotfromapp": "228980",
            "sharedinstall": "1"
        },
        "2955161": {
            "manifests": {
                "public": {
                    "gid": "2836042575421753870",
                    "size": "422555154",
                    "download": "271215472"
                }
            },
            "decryptionkey": "e7b7eb1e734cff6e74661051e1ac12327e47f1d4bd87b8918f19d26f60947d1f"
        },
        "branches": {
            "public": {
                "buildid": "16080298",
                "timeupdated": "1729164472"
            }
        }
    }
}