{
    "appid": "3194550",
    "type": "Game",
    "name": "Bao Bao's Cozy Laundromat",
    "schinese_name": "",
    "isfreeapp": "0",
    "change_number": "28989738",
    "update_time": "2025-05-15 05:14:34",
    "depot": {
        "3194551": {
            "config": {
                "oslist": "windows",
                "osarch": "64"
            },
            "manifests": {
                "public": {
                    "gid": "5854953422063314123",
                    "size": "270869108",
                    "download": "150743536"
                }
            },
            "decryptionkey": "16661d9ff0a8a84f150a924cf803d245e08eb070fa8b43f29a17ed2088aa45c9"
        },
        "3194552": {
            "config": {
                "oslist": "macos",
                "osarch": "64"
            },
            "manifests": {
                "public": {
                    "gid": "2148493147270039544",
                    "size": "286028611",
                    "download": "157146160"
                }
            }
        },
        "3194553": {
            "config": {
                "oslist": "linux",
                "osarch": "64",
                "steamdeck": "1"
            },
            "manifests": {
                "public": {
                    "gid": "555423492484403184",
                    "size": "265904674",
                    "download": "148773856"
                }
            }
        },
        "branches": {
            "public": {
                "buildid": "18112866",
                "timeupdated": "1744717436"
            }
        }
    }
}