{
    "appid": "3174970",
    "type": "Demo",
    "name": "Toy Shop Simulator Demo",
    "schinese_name": "",
    "isfreeapp": "0",
    "change_number": "26975725",
    "update_time": "2025-01-14 01:10:21",
    "depot": {
        "3174971": {
            "manifests": {
                "public": {
                    "gid": "5397131678889639213",
                    "size": "685695913",
                    "download": "539154448"
                }
            },
            "decryptionkey": "122f342a1aafa4f671fa8db470856b2d0a47c8c07961d68cfa67d9c3ec5918cc"
        },
        "branches": {
            "public": {
                "buildid": "16274635",
                "timeupdated": "1730566575"
            }
        },
        "privatebranches": "1"
    }
}