{
    "appid": "3258390",
    "type": "Game",
    "name": "Undead Realm：Ego",
    "schinese_name": "离魂界：校怨",
    "isfreeapp": "0",
    "change_number": "27191341",
    "update_time": "2025-01-28 06:20:23",
    "depot": {
        "baselanguages": "english,schinese,tchinese",
        "3258391": {},
        "3258392": {
            "config": {
                "oslist": "windows",
                "osarch": "64"
            },
            "manifests": {
                "public": {
                    "gid": "7582482221905390423",
                    "size": "19679020103",
                    "download": "19869987888"
                }
            },
            "decryptionkey": "8e99d447fd16d1350e4e86c7cd40020966e7cb00fdd9de7334f958fc5522c45c"
        },
        "3258393": {
            "config": {
                "oslist": "macos",
                "osarch": "64"
            },
            "manifests": {
                "public": {
                    "gid": "1201368250912815856",
                    "size": "24655607981",
                    "download": "24879998352"
                }
            },
            "decryptionkey": ""
        },
        "branches": {
            "public": {
                "buildid": "17006836",
                "timeupdated": "1736945616"
            }
        },
        "privatebranches": "1"
    }
}