{
    "appid": "3007660",
    "type": "Game",
    "name": "Bella Wants Blood",
    "schinese_name": "",
    "isfreeapp": "0",
    "change_number": "29015726",
    "update_time": "2025-05-16 11:06:50",
    "depot": {
        "3007661": {
            "config": {
                "oslist": "windows",
                "osarch": "64"
            },
            "manifests": {
                "public": {
                    "gid": "2690685102838476293",
                    "size": "182751864",
                    "download": "108965840"
                }
            },
            "decryptionkey": "8e414f8849b089d2327e7ab437efb8b2ba3eeefe7717f147f12c6648caf26fc0"
        },
        "3007662": {
            "config": {
                "oslist": "macos",
                "osarch": "64"
            },
            "manifests": {
                "public": {
                    "gid": "5918866533577595946",
                    "size": "255901290",
                    "download": "124092176"
                }
            },
            "decryptionkey": ""
        },
        "3007663": {
            "config": {
                "oslist": "linux",
                "osarch": "64"
            },
            "manifests": {
                "public": {
                    "gid": "9184502148641847350",
                    "size": "166320560",
                    "download": "104528192"
                }
            },
            "decryptionkey": ""
        },
        "branches": {
            "public": {
                "buildid": "16048508",
                "timeupdated": "1728979754"
            }
        }
    }
}