{
    "appid": "3585310",
    "type": "Game",
    "name": "KUNKUN Defender 2",
    "schinese_name": "坤化危机2",
    "isfreeapp": "0",
    "change_number": "29047878",
    "update_time": "2025-05-18 18:24:14",
    "depot": {
        "228989": {
            "config": {
                "oslist": "windows"
            },
            "depotfromapp": "228980",
            "sharedinstall": "1"
        },
        "228990": {
            "config": {
                "oslist": "windows"
            },
            "depotfromapp": "228980",
            "sharedinstall": "1"
        },
        "3585311": {
            "manifests": {
                "public": {
                    "gid": "4899839803281094031",
                    "size": "2845500120",
                    "download": "2714852368"
                }
            },
            "decryptionkey": "e63391377a8b4ed2b810095a95514975f4ef29f1ad14e86c78005d5ad845dd11"
        },
        "branches": {
            "public": {
                "buildid": "18507954",
                "timeupdated": "1747563851"
            }
        }
    }
}