{
    "appid": "3124110",
    "type": "Demo",
    "name": "EmojiShooter Demo",
    "schinese_name": "表情包射手 Demo",
    "isfreeapp": "0",
    "change_number": "27512235",
    "update_time": "2025-02-17 17:02:19",
    "depot": {
        "baselanguages": "english,schinese",
        "3124111": {
            "manifests": {
                "public": {
                    "gid": "227351768759275293",
                    "size": "143625402",
                    "download": "73143136"
                }
            },
            "decryptionkey": "6bcee126c5b88a981b30e541de46d3a73d4c85b7f68c4ff36a87d235336afa01"
        },
        "hasdepotsindlc": "0",
        "branches": {
            "public": {
                "buildid": "17390417",
                "timeupdated": "1739782934"
            }
        }
    }
}