{
    "appid": "3421300",
    "type": "Game",
    "name": "Lyca",
    "schinese_name": "",
    "isfreeapp": "0",
    "change_number": "29016664",
    "update_time": "2025-05-16 12:42:49",
    "depot": {
        "3421301": {
            "manifests": {
                "public": {
                    "gid": "3652335132251681766",
                    "size": "56337635",
                    "download": "48638272"
                }
            },
            "decryptionkey": "df4a00244c156b8240c69b5ffc7e623d16d6785e53db1c36fc8749c0cd81bcd8"
        },
        "baselanguages": "english,german,french,koreana,spanish,schinese,tchinese,russian,japanese,portuguese,brazilian,latam",
        "branches": {
            "public": {
                "buildid": "18043171",
                "timeupdated": "1744218128"
            }
        },
        "privatebranches": "1"
    }
}