{
    "appid": "3054560",
    "type": "DLC",
    "name": "Tavern Talk: Digital Pen & Paper One Shot - 5E compatible",
    "schinese_name": "",
    "isfreeapp": "0",
    "change_number": "24132456",
    "update_time": "2024-07-16 02:47:10",
    "depot": {
        "3054560": {
            "manifests": {
                "public": {
                    "gid": "2682277735409918824",
                    "size": "49264070",
                    "download": "46493536"
                }
            },
            "dlcappid": "3054560",
            "decryptionkey": "5423a0984f61bc61d1ac1437b3770dcb11c87d0345e1381eeb611f98824926a4"
        },
        "branches": {
            "public": {
                "buildid": "14781367",
                "timeupdated": "1718887197"
            }
        }
    }
}