{
    "appid": "3002280",
    "type": "Demo",
    "name": "Tiny Bookshop Demo",
    "schinese_name": "",
    "isfreeapp": "0",
    "change_number": "26183469",
    "update_time": "2024-11-14 07:24:57",
    "depot": {
        "baselanguages": "english,german,french,spanish,schinese,tchinese,russian,japanese,portuguese,polish",
        "hasdepotsindlc": "0",
        "3002281": {
            "config": {
                "oslist": "windows"
            },
            "manifests": {
                "public": {
                    "gid": "2941149121049467291",
                    "size": "432751157",
                    "download": "294088192"
                }
            },
            "decryptionkey": "95ca9dcb9730839dd2471d29f263f6aec965f845d23e2f62081837e1e0f63c58"
        },
        "3002282": {
            "config": {
                "oslist": "macos"
            },
            "manifests": {
                "public": {
                    "gid": "7388249772791461354",
                    "size": "456303990",
                    "download": "301390816"
                }
            },
            "decryptionkey": ""
        },
        "3002283": {
            "config": {
                "oslist": "linux"
            },
            "manifests": {
                "public": {
                    "gid": "210063317013379298",
                    "size": "441674703",
                    "download": "298361888"
                }
            },
            "decryptionkey": ""
        },
        "branches": {
            "public": {
                "buildid": "15305467",
                "timeupdated": "1723129131"
            }
        },
        "privatebranches": "1"
    }
}