{
    "appid": "3032020",
    "type": "Game",
    "name": "Cast & Spell",
    "schinese_name": "",
    "isfreeapp": "0",
    "change_number": "28655458",
    "update_time": "2025-04-25 08:02:16",
    "depot": {
        "228989": {
            "config": {
                "oslist": "windows"
            },
            "depotfromapp": "228980",
            "sharedinstall": "1"
        },
        "228990": {
            "config": {
                "oslist": "windows"
            },
            "depotfromapp": "228980",
            "sharedinstall": "1"
        },
        "baselanguages": "english",
        "3032021": {
            "config": {
                "oslist": "windows",
                "osarch": "64"
            },
            "manifests": {
                "public": {
                    "gid": "3314234859458269676",
                    "size": "2032571367",
                    "download": "1600903264"
                }
            },
            "decryptionkey": "895cdbd736b06ba1b5847b5f004439ec4e5c858a703376492b9a6eceddc905fb"
        },
        "3032022": {
            "config": {
                "oslist": "windows",
                "osarch": "64"
            }
        },
        "branches": {
            "public": {
                "buildid": "18160808",
                "timeupdated": "1745001089"
            }
        },
        "privatebranches": "1"
    }
}