{
    "appid": "2995310",
    "type": "Demo",
    "name": "The Rise of the Golden Idol Demo",
    "schinese_name": "",
    "isfreeapp": "0",
    "change_number": "26165717",
    "update_time": "2024-11-13 07:37:02",
    "depot": {
        "2995311": {
            "config": {
                "oslist": "windows"
            },
            "manifests": {
                "public": {
                    "gid": "5222008831821753948",
                    "size": "1547357104",
                    "download": "1438294432"
                }
            },
            "decryptionkey": "c6d3dcd5dcd3b88ac7ae7acedc51ac84b002b8c5532613876294a653a5f3d148"
        },
        "2995312": {
            "config": {
                "oslist": "macos"
            },
            "manifests": {
                "public": {
                    "gid": "7945487612400064091",
                    "size": "1617075624",
                    "download": "1453218896"
                }
            },
            "decryptionkey": ""
        },
        "branches": {
            "public": {
                "buildid": "16149286",
                "timeupdated": "1729683566"
            }
        },
        "privatebranches": "1"
    }
}