{
    "appid": "3301740",
    "type": "Game",
    "name": "TCG Master Trader",
    "schinese_name": "",
    "isfreeapp": "1",
    "change_number": "28987172",
    "update_time": "2025-05-15 02:15:02",
    "depot": {
        "baselanguages": "english,german,french,italian,koreana,spanish,schinese,tchinese,russian,japanese,polish,brazilian,latam",
        "228989": {
            "config": {
                "oslist": "windows"
            },
            "depotfromapp": "228980",
            "sharedinstall": "1"
        },
        "228990": {
            "config": {
                "oslist": "windows"
            },
            "depotfromapp": "228980",
            "sharedinstall": "1"
        },
        "3301741": {
            "config": {
                "oslist": "windows"
            },
            "manifests": {
                "public": {
                    "gid": "675109673910964330",
                    "size": "594034586",
                    "download": "455182848"
                }
            },
            "decryptionkey": "a4d4d0d3c4a84b69eb59a26136d2616d4ec82d4f383561056a8b46cf2030c143"
        },
        "branches": {
            "public": {
                "buildid": "18414815",
                "timeupdated": "1746889158"
            }
        }
    }
}