{
    "appid": "3058170",
    "type": "Demo",
    "name": "Kajun-chan's Lucid Room Demo",
    "schinese_name": "",
    "isfreeapp": "0",
    "change_number": "26255568",
    "update_time": "2024-11-19 12:32:26",
    "depot": {
        "3058171": {
            "config": {
                "language": "english",
                "oslist": "windows"
            },
            "manifests": {
                "public": {
                    "gid": "9146636833749519542",
                    "size": "1680684023",
                    "download": "1548338000"
                }
            },
            "decryptionkey": "0a55c3957094d49a744c77af5f6d205e7291d1658e22205700a136c5f23583f5"
        },
        "baselanguages": "english",
        "branches": {
            "public": {
                "buildid": "16453690",
                "timeupdated": "1731990743"
            }
        }
    }
}