{
    "appid": "2963890",
    "type": "Game",
    "name": "Expelled!",
    "schinese_name": "",
    "isfreeapp": "0",
    "change_number": "29015497",
    "update_time": "2025-05-16 10:48:49",
    "depot": {
        "2963891": {
            "config": {
                "oslist": "windows"
            },
            "manifests": {
                "public": {
                    "gid": "1297922159213935246",
                    "size": "1433248131",
                    "download": "173183376"
                },
                "beta": {
                    "gid": "1297922159213935246",
                    "size": "1433248131",
                    "download": "173183376"
                }
            },
            "decryptionkey": "7426f560be42449d13454823aa763f5a517d0417ed3d1ad364b14f6213cb2d36"
        },
        "2963892": {
            "config": {
                "oslist": "macos",
                "osarch": "64"
            },
            "manifests": {
                "public": {
                    "gid": "3554495880689474248",
                    "size": "1442083051",
                    "download": "177680688"
                },
                "beta": {
                    "gid": "3554495880689474248",
                    "size": "1442083051",
                    "download": "177680688"
                }
            }
        },
        "branches": {
            "public": {
                "buildid": "18283832",
                "timeupdated": "1746103444"
            },
            "beta": {
                "buildid": "18283832",
                "description": "quicktest",
                "timeupdated": "1745948140"
            }
        }
    }
}