{
    "appid": "3049150",
    "type": "Demo",
    "name": "Deperson Demo",
    "schinese_name": "",
    "isfreeapp": "0",
    "change_number": "26178663",
    "update_time": "2024-11-14 00:56:09",
    "depot": {
        "baselanguages": "english,german,french,italian,koreana,spanish,schinese,russian,japanese,polish,turkish,brazilian",
        "3049151": {
            "config": {
                "oslist": "macos",
                "osarch": "64"
            },
            "manifests": {
                "public": {
                    "gid": "4562011656803909402",
                    "size": "1190863955",
                    "download": "796021408"
                }
            },
            "decryptionkey": ""
        },
        "3049153": {
            "config": {
                "oslist": "windows",
                "osarch": "64"
            },
            "manifests": {
                "public": {
                    "gid": "380258720567613738",
                    "size": "1094859689",
                    "download": "759107184"
                }
            },
            "decryptionkey": "2e6289d4eef978fdf07525165460ff7fc6e5ae263bebf4e1fa3d6c91a98e029a"
        },
        "branches": {
            "public": {
                "buildid": "16197980",
                "timeupdated": "1730043284"
            }
        }
    }
}