{
    "appid": "3057180",
    "type": "Game",
    "name": "Abnormal1999:Sector 49",
    "schinese_name": "异常1999:49区",
    "isfreeapp": "0",
    "change_number": "28808089",
    "update_time": "2025-05-04 16:30:55",
    "depot": {
        "228989": {
            "config": {
                "oslist": "windows"
            },
            "depotfromapp": "228980",
            "sharedinstall": "1"
        },
        "228990": {
            "config": {
                "oslist": "windows"
            },
            "depotfromapp": "228980",
            "sharedinstall": "1"
        },
        "3057181": {
            "manifests": {
                "public": {
                    "gid": "4753732379645192196",
                    "size": "11871527357",
                    "download": "11544169408"
                }
            },
            "decryptionkey": "aebd033ed3f619815b370137d7253d9f9f3696412aae2e48914464df58a51431"
        },
        "branches": {
            "public": {
                "buildid": "15165629",
                "timeupdated": "1722014441"
            }
        }
    }
}