{
    "appid": "3022500",
    "type": "Game",
    "name": "Sakura Alien 3",
    "schinese_name": "",
    "isfreeapp": "0",
    "change_number": "29015847",
    "update_time": "2025-05-16 11:19:22",
    "depot": {
        "3022501": {
            "manifests": {
                "public": {
                    "gid": "504464750792876805",
                    "size": "342297085",
                    "download": "212067552"
                }
            },
            "decryptionkey": "aba8dcd345e6eb188bd36de1e1e1037e2f92589aeb975b48b7a7e065d6249546"
        },
        "branches": {
            "public": {
                "buildid": "14670048",
                "timeupdated": "1718057540"
            }
        }
    }
}