{
    "appid": "3012470",
    "type": "Game",
    "name": "SickWay VR",
    "schinese_name": "",
    "isfreeapp": "0",
    "change_number": "27976773",
    "update_time": "2025-03-16 07:54:34",
    "depot": {
        "3012471": {
            "manifests": {
                "public": {
                    "gid": "5291247613035661992",
                    "size": "19336196734",
                    "download": "6945449136"
                }
            },
            "decryptionkey": "f2175d41e1eb8acd0ff26c6a32b37c2699b46c820723136bf03399076ea3ce63"
        },
        "workshopdepot": "3012470",
        "branches": {
            "public": {
                "buildid": "17407139",
                "timeupdated": "1739882499"
            }
        },
        "workshopdepotdecryptionkey": ""
    }
}