{
    "appid": "3439180",
    "type": "Demo",
    "name": "Precept Demo",
    "schinese_name": "",
    "isfreeapp": "0",
    "change_number": "27054041",
    "update_time": "2025-01-18 15:42:47",
    "depot": {
        "228989": {
            "config": {
                "oslist": "windows"
            },
            "depotfromapp": "228980",
            "sharedinstall": "1"
        },
        "228990": {
            "config": {
                "oslist": "windows"
            },
            "depotfromapp": "228980",
            "sharedinstall": "1"
        },
        "3439181": {
            "manifests": {
                "public": {
                    "gid": "8145661868685478231",
                    "size": "2410463804",
                    "download": "2256610064"
                }
            },
            "decryptionkey": "30d8c83d1e6066e42665184d1bdbd6df5ad1324d5a47287d3a87adbdb417c443"
        },
        "branches": {
            "public": {
                "buildid": "17048922",
                "timeupdated": "1737186162"
            }
        }
    }
}