{
    "appid": "3281090",
    "type": "Game",
    "name": "Human Fast Food",
    "schinese_name": "",
    "isfreeapp": "0",
    "change_number": "29045107",
    "update_time": "2025-05-18 09:14:11",
    "depot": {
        "228989": {
            "config": {
                "oslist": "windows"
            },
            "depotfromapp": "228980",
            "sharedinstall": "1"
        },
        "228990": {
            "config": {
                "oslist": "windows"
            },
            "depotfromapp": "228980",
            "sharedinstall": "1"
        },
        "3281091": {
            "manifests": {
                "public": {
                    "gid": "3081496277225954210",
                    "size": "1762773885",
                    "download": "1583726112"
                }
            },
            "decryptionkey": "83f74aab0962f2d798a8f33b745badc9f22a13f6753e520e90ad33cdca164876"
        },
        "branches": {
            "public": {
                "buildid": "18287869",
                "timeupdated": "1745971485"
            }
        }
    }
}