{
    "appid": "3208430",
    "type": "Demo",
    "name": "Food Delivery Simulator Demo",
    "schinese_name": "",
    "isfreeapp": "0",
    "change_number": "27430705",
    "update_time": "2025-02-12 09:31:37",
    "depot": {
        "3208431": {
            "manifests": {
                "public": {
                    "gid": "8475986879126375015",
                    "size": "6028944227",
                    "download": "2072781376"
                }
            },
            "decryptionkey": "75e9a63b7193f87727444964150b3817bbc53dbb13b3908cb8c55d129680ec45"
        },
        "branches": {
            "public": {
                "buildid": "16176292",
                "timeupdated": "1729837605"
            }
        }
    }
}