{
    "appid": "3401490",
    "type": "Game",
    "name": "Replicube",
    "schinese_name": "",
    "isfreeapp": "0",
    "change_number": "29042355",
    "update_time": "2025-05-18 01:52:41",
    "depot": {
        "3401491": {
            "config": {
                "oslist": "windows"
            },
            "manifests": {
                "public": {
                    "gid": "1186091107625829812",
                    "size": "129735712",
                    "download": "81644896"
                }
            },
            "decryptionkey": "b3318ae1c3e047f333c2fec2cfd1a7a185ffeb91baddf51527a2e025c0a1a744"
        },
        "3401492": {
            "config": {
                "oslist": "linux"
            },
            "manifests": {
                "public": {
                    "gid": "651612736442165728",
                    "size": "147694656",
                    "download": "87165488"
                }
            }
        },
        "3401493": {
            "config": {
                "oslist": "macos"
            },
            "manifests": {
                "public": {
                    "gid": "1314801059350192970",
                    "size": "218345232",
                    "download": "103394688"
                }
            }
        },
        "branches": {
            "public": {
                "buildid": "18417430",
                "timeupdated": "1746926302"
            }
        },
        "privatebranches": "1"
    }
}