{
    "appid": "2951790",
    "type": "Game",
    "name": "BMX Wild Run",
    "schinese_name": "",
    "isfreeapp": "0",
    "change_number": "23591175",
    "update_time": "2024-05-27 07:24:38",
    "depot": {
        "2951791": {
            "manifests": {
                "public": {
                    "gid": "7291410967982207691",
                    "size": "3510016889",
                    "download": "1257002864"
                }
            },
            "decryptionkey": "946ef2412bb4168e216c39ff8eaa9e84b5e3e2785788d96985e1223f9ac89f03"
        },
        "branches": {
            "public": {
                "buildid": "14111520",
                "timeupdated": "1713540083"
            }
        }
    }
}