{
    "appid": "3062340",
    "type": "Demo",
    "name": "Volleyborne: Unbound Horizons Demo",
    "schinese_name": "",
    "isfreeapp": "0",
    "change_number": "24788774",
    "update_time": "2024-08-15 02:59:11",
    "depot": {
        "3062341": {
            "manifests": {
                "public": {
                    "gid": "3015480341745564109",
                    "size": "433072756",
                    "download": "122365184"
                }
            },
            "decryptionkey": "35be9305866765d549863691cca03930068a5c17420d6a0112f13f52c063b41f"
        },
        "branches": {
            "public": {
                "buildid": "15372425",
                "timeupdated": "1723661947"
            }
        }
    }
}