{
    "appid": "3193670",
    "type": "Game",
    "name": "对不起！我把美女包围了！",
    "schinese_name": "对不起！我把美女包围了！",
    "isfreeapp": "0",
    "change_number": "28988944",
    "update_time": "2025-05-15 04:15:33",
    "depot": {
        "3193672": {
            "config": {
                "oslist": "windows"
            },
            "manifests": {
                "public": {
                    "gid": "10457835601157224",
                    "size": "15096040296",
                    "download": "15049447728"
                }
            },
            "decryptionkey": "0d354431a4891282531b10b75b6c531760e19c90190d2ed0f1eed282fa8b8de8"
        },
        "3193673": {
            "config": {
                "oslist": "macos"
            },
            "manifests": {
                "public": {
                    "gid": "6543232338472090839",
                    "size": "15177459663",
                    "download": "15065367680"
                }
            }
        },
        "branches": {
            "public": {
                "buildid": "18166846",
                "timeupdated": "1745063030"
            }
        }
    }
}