{
    "appid": "3048590",
    "type": "Demo",
    "name": "Velvet Bite: Softly, with Teeth Demo",
    "schinese_name": "",
    "isfreeapp": "0",
    "change_number": "25735504",
    "update_time": "2024-10-16 05:04:46",
    "depot": {
        "3048591": {
            "config": {
                "oslist": "windows"
            },
            "manifests": {
                "public": {
                    "gid": "3284869216522190884",
                    "size": "145909479",
                    "download": "72255392"
                }
            },
            "decryptionkey": "75f36b71f7ebff857252f5e5f1f8f05a1db30fab60a544d892e21f95391716fb"
        },
        "3048592": {
            "config": {
                "oslist": "macos"
            },
            "manifests": {
                "public": {
                    "gid": "5787756388889854371",
                    "size": "133374943",
                    "download": "67563472"
                }
            },
            "decryptionkey": ""
        },
        "branches": {
            "public": {
                "buildid": "15578859",
                "timeupdated": "1725544230"
            }
        }
    }
}