{
    "appid": "3168600",
    "type": "Game",
    "name": "Among Us 3D",
    "schinese_name": "",
    "isfreeapp": "0",
    "change_number": "29035976",
    "update_time": "2025-05-17 10:55:05",
    "depot": {
        "3168601": {
            "manifests": {
                "public": {
                    "gid": "6159363367152905426",
                    "size": "1862299535",
                    "download": "333996416"
                }
            },
            "decryptionkey": "aa00ac0fba8596773fd2ef1ba340b52d867e19bf447258e770f68a2257d39dd4"
        },
        "branches": {
            "public": {
                "buildid": "18396056",
                "timeupdated": "1747142999"
            }
        },
        "privatebranches": "1"
    }
}