{
    "appid": "2955840",
    "type": "Game",
    "name": "Kitchen Wars",
    "schinese_name": "厨房战争",
    "isfreeapp": "0",
    "change_number": "28938684",
    "update_time": "2025-05-12 20:36:21",
    "depot": {
        "2955841": {
            "manifests": {
                "public": {
                    "gid": "3465986189228112525",
                    "size": "985927376",
                    "download": "134066000"
                }
            },
            "decryptionkey": "f3c6a7fcc9e3aefecc0226e9a0f026f6590f6dd6d66c02f07e1a787e4c62fd60"
        },
        "branches": {
            "public": {
                "buildid": "18266440",
                "timeupdated": "1745850175"
            }
        },
        "privatebranches": "1"
    }
}