{
    "appid": "3095520",
    "type": "Demo",
    "name": "Into the M.A.W. Demo",
    "schinese_name": "",
    "isfreeapp": "0",
    "change_number": "26437511",
    "update_time": "2024-12-04 22:32:50",
    "depot": {
        "3095521": {
            "manifests": {
                "public": {
                    "gid": "7228190119433063167",
                    "size": "4772088060",
                    "download": "1544695632"
                }
            },
            "decryptionkey": "f91cd506a36312fa4810b40e7152f95d570494f76fc3a97897cedf1d2084248b"
        },
        "branches": {
            "public": {
                "buildid": "16589634",
                "timeupdated": "1733000411"
            }
        },
        "privatebranches": "1"
    }
}