{
    "appid": "3072640",
    "type": "Game",
    "name": "Guidus Zero",
    "schinese_name": "",
    "isfreeapp": "0",
    "change_number": "29016105",
    "update_time": "2025-05-16 11:42:45",
    "depot": {
        "baselanguages": "english,koreana",
        "3072641": {
            "manifests": {
                "public": {
                    "gid": "6469267188739270052",
                    "size": "318587784",
                    "download": "225123408"
                }
            },
            "decryptionkey": "10ac283646a63acf803b8ac078e02749f657036f81f726266a2f5ab1ae933f94"
        },
        "branches": {
            "public": {
                "buildid": "18217582",
                "timeupdated": "1745471337"
            }
        },
        "privatebranches": "1"
    }
}