{
    "appid": "3049460",
    "type": "Game",
    "name": "Milking Mira!",
    "schinese_name": "",
    "isfreeapp": "0",
    "change_number": "29015909",
    "update_time": "2025-05-16 11:24:49",
    "depot": {
        "hasdepotsindlc": "0",
        "baselanguages": "english,german,french,spanish,japanese,latam",
        "3049461": {
            "config": {
                "oslist": "windows"
            },
            "manifests": {
                "public": {
                    "gid": "5390430099490687679",
                    "size": "3822002490",
                    "download": "380850288"
                }
            },
            "decryptionkey": "d861a99dfd5210f1b9478097fd7e737640e1500b28485d9dae567387720882ab"
        },
        "3320570": {
            "dlcappid": "3320570",
            "config": {
                "oslist": "windows",
                "osarch": "64"
            },
            "manifests": {
                "public": {
                    "gid": "3429514173467119684",
                    "size": "492256494",
                    "download": "403783984"
                }
            },
            "decryptionkey": "9aa73b7e3eba8229096c9ec01cfd9206d0dd1f1ec3ebde0724f0b1f231e45588"
        },
        "branches": {
            "public": {
                "buildid": "18421613",
                "timeupdated": "1746990314"
            }
        },
        "privatebranches": "1"
    }
}