{
    "appid": "3273120",
    "type": "Game",
    "name": "Lawnmower Game Racing 2: Drunken",
    "schinese_name": "",
    "isfreeapp": "0",
    "change_number": "28951634",
    "update_time": "2025-05-13 10:33:37",
    "depot": {
        "228989": {
            "config": {
                "oslist": "windows"
            },
            "depotfromapp": "228980",
            "sharedinstall": "1"
        },
        "228990": {
            "config": {
                "oslist": "windows"
            },
            "depotfromapp": "228980",
            "sharedinstall": "1"
        },
        "229000": {
            "config": {
                "oslist": "windows"
            },
            "depotfromapp": "228980",
            "sharedinstall": "1"
        },
        "3273121": {
            "manifests": {
                "public": {
                    "gid": "6700585860477711825",
                    "size": "16228285833",
                    "download": "5777763312"
                }
            },
            "decryptionkey": "9f4709c536ea13c1e4781f0fc2f754b8e20302197cf83bed49dc801bf015e45f"
        },
        "branches": {
            "public": {
                "buildid": "15931569",
                "timeupdated": "1728053885"
            }
        }
    }
}