{
    "appid": "3381040",
    "type": "Demo",
    "name": "LAW 56 Demo",
    "schinese_name": "",
    "isfreeapp": "0",
    "change_number": "27079555",
    "update_time": "2025-01-21 00:59:40",
    "depot": {
        "228989": {
            "config": {
                "oslist": "windows"
            },
            "depotfromapp": "228980",
            "sharedinstall": "1"
        },
        "228990": {
            "config": {
                "oslist": "windows"
            },
            "depotfromapp": "228980",
            "sharedinstall": "1"
        },
        "3381041": {
            "manifests": {
                "public": {
                    "gid": "3131660429476730541",
                    "size": "740791991",
                    "download": "606518016"
                }
            },
            "decryptionkey": "10eb3fd2464078969e277d2e938fecbaf6c768d311723d17bc4e3348503b74f0"
        },
        "branches": {
            "public": {
                "buildid": "16711026",
                "timeupdated": "1733940112"
            }
        }
    }
}