{
    "appid": "3107630",
    "type": "Beta",
    "name": "伯克利家的女仆：重制版（玛格丽特） Playtest",
    "schinese_name": "",
    "isfreeapp": "0",
    "change_number": "28098000",
    "update_time": "2025-03-24 02:03:19",
    "depot": {
        "3107631": {
            "manifests": {
                "public": {
                    "gid": "1043489148195647931",
                    "size": "831026160",
                    "download": "595963568"
                }
            },
            "decryptionkey": "f2a3f620c0ba7aac4b5183ed9d7a8065f011ab859e360f760f5776019b23b283"
        },
        "baselanguages": "schinese",
        "branches": {
            "public": {
                "buildid": "17827796",
                "timeupdated": "1742752994"
            }
        }
    }
}