{
    "appid": "3331980",
    "type": "Game",
    "name": "Brahmarakshas ",
    "schinese_name": "",
    "isfreeapp": "0",
    "change_number": "28350521",
    "update_time": "2025-04-08 01:21:08",
    "depot": {
        "228988": {
            "config": {
                "oslist": "windows"
            },
            "depotfromapp": "228980",
            "sharedinstall": "1"
        },
        "228989": {
            "config": {
                "oslist": "windows"
            },
            "depotfromapp": "228980",
            "sharedinstall": "1"
        },
        "228990": {
            "config": {
                "oslist": "windows"
            },
            "depotfromapp": "228980",
            "sharedinstall": "1"
        },
        "hasdepotsindlc": "1",
        "baselanguages": "english,german,french,italian,koreana,spanish,schinese,russian,japanese,portuguese",
        "workshopdepot": "3331980",
        "3331981": {
            "config": {
                "oslist": "windows"
            },
            "manifests": {
                "public": {
                    "gid": "1954584428051507846",
                    "size": "7361847947",
                    "download": "6769977744"
                },
                "brahmarakshas": {
                    "gid": "1954584428051507846",
                    "size": "7361847947",
                    "download": "6769977744"
                }
            },
            "decryptionkey": "a9b28a47a904a5716049dc70c53873870bca5e116705272f3d1afaf6e39f6206"
        },
        "branches": {
            "public": {
                "buildid": "17863252",
                "timeupdated": "1742977906"
            },
            "brahmarakshas": {
                "buildid": "17863252",
                "description": "Brahmarakshas_Dec",
                "timeupdated": "1742977931"
            }
        },
        "workshopdepotdecryptionkey": ""
    }
}