{
    "appid": "3167820",
    "type": "Game",
    "name": "Resplendent",
    "schinese_name": "",
    "isfreeapp": "0",
    "change_number": "25090824",
    "update_time": "2024-09-05 19:52:19",
    "depot": {
        "3167821": {
            "manifests": {
                "public": {
                    "gid": "5524299497896535359",
                    "size": "48760772",
                    "download": "11576416"
                }
            },
            "decryptionkey": "7f621197be7caba0a57d5405368e55851c7ae367b80b91f0fe55c4aaaec6e28a"
        },
        "branches": {
            "public": {
                "buildid": "15355683",
                "timeupdated": "1723556074"
            }
        }
    }
}