{
    "appid": "3451620",
    "type": "Game",
    "name": "The Jester",
    "schinese_name": "",
    "isfreeapp": "0",
    "change_number": "28985019",
    "update_time": "2025-05-15 00:15:11",
    "depot": {
        "3451621": {
            "manifests": {
                "public": {
                    "gid": "8543311475887126891",
                    "size": "6069676994",
                    "download": "2641123088"
                }
            },
            "decryptionkey": "eef967517236832ccf389acf25f3ed64e6f5813c82393cb81baa9188a870e476"
        },
        "branches": {
            "public": {
                "buildid": "18463182",
                "timeupdated": "1747239305"
            }
        }
    }
}