{
    "appid": "3049890",
    "type": "DLC",
    "name": "Egg Surprise - Styria Vampire Pack",
    "schinese_name": "",
    "isfreeapp": "0",
    "change_number": "28653787",
    "update_time": "2025-04-25 05:54:13",
    "depot": {
        "3049891": {
            "manifests": {
                "public": {
                    "gid": "4147133315790461842",
                    "size": "4602971",
                    "download": "4391232"
                }
            },
            "dlcappid": "3049890",
            "config": {
                "optionaldlc": "3049890"
            },
            "decryptionkey": "fd3e18ecef7e0a4e50ebe536c5c10457034db824c8e508ed95b0479f5bed759d"
        },
        "branches": {
            "public": {
                "buildid": "14769009",
                "timeupdated": "1718805457"
            }
        },
        "appmanagesdlc": "1"
    }
}