{
    "appid": "3261560",
    "type": "Demo",
    "name": "Deathless Death Demo",
    "schinese_name": "倒影与告解室 Demo",
    "isfreeapp": "0",
    "change_number": "26375805",
    "update_time": "2024-12-05 02:58:08",
    "depot": {
        "3261561": {
            "config": {
                "oslist": "windows"
            },
            "manifests": {
                "public": {
                    "gid": "4601769524344865460",
                    "size": "432218966",
                    "download": "334104496"
                }
            },
            "decryptionkey": "942c940621a6911eff1a6af182f5caf692487bfb407d8081453f99f1538769ff"
        },
        "3261562": {
            "config": {
                "oslist": "macos"
            },
            "manifests": {
                "public": {
                    "gid": "2872090594765132612",
                    "size": "455990029",
                    "download": "341522992"
                }
            },
            "decryptionkey": ""
        },
        "branches": {
            "public": {
                "buildid": "16052238",
                "timeupdated": "1729000240"
            }
        }
    }
}