{
    "appid": "2954260",
    "type": "Game",
    "name": "FINAL SPIN",
    "schinese_name": "",
    "isfreeapp": "0",
    "change_number": "29015497",
    "update_time": "2025-05-16 10:48:45",
    "depot": {
        "2954261": {
            "manifests": {
                "public": {
                    "gid": "5714233840637087149",
                    "size": "357378447",
                    "download": "68656944"
                }
            },
            "decryptionkey": "9bfebaa9927a051da92862dfea64223b60744b877f3ebcf0721c1a75f89852a1"
        },
        "2954262": {
            "config": {
                "oslist": "linux"
            },
            "manifests": {
                "public": {
                    "gid": "1093965504187499849",
                    "size": "369152823",
                    "download": "74771616"
                }
            },
            "decryptionkey": ""
        },
        "branches": {
            "public": {
                "buildid": "16527543",
                "timeupdated": "1732557891"
            }
        },
        "privatebranches": "1"
    }
}