{
    "appid": "3011020",
    "type": "Game",
    "name": "Dreamless",
    "schinese_name": "",
    "isfreeapp": "0",
    "change_number": "28987172",
    "update_time": "2025-05-15 02:14:58",
    "depot": {
        "3011021": {
            "config": {
                "oslist": "windows",
                "osarch": "64"
            },
            "manifests": {
                "public": {
                    "gid": "99879118041311081",
                    "size": "10177741147",
                    "download": "4285717264"
                }
            },
            "decryptionkey": "3328538be6b9ce98c1ea16559db904e9665226dce38b2ff010f382be6517fa91"
        },
        "branches": {
            "public": {
                "buildid": "18264263",
                "timeupdated": "1745868957"
            }
        },
        "privatebranches": "1"
    }
}