{
    "appid": "3218540",
    "type": "Demo",
    "name": "White Knuckle Demo",
    "schinese_name": "",
    "isfreeapp": "0",
    "change_number": "27330384",
    "update_time": "2025-02-06 01:27:11",
    "depot": {
        "3218541": {
            "config": {
                "language": "english",
                "oslist": "windows"
            },
            "manifests": {
                "public": {
                    "gid": "2866930802515195753",
                    "size": "1083318890",
                    "download": "380892416"
                },
                "holiday2024": {
                    "gid": "7031833630286908072",
                    "size": "1083080954",
                    "download": "380965456"
                }
            },
            "decryptionkey": "22511413ca5f6c2ac888e2eb2051c99b303f94c6f0c9a63a626ced9062294831"
        },
        "branches": {
            "public": {
                "buildid": "17208228",
                "timeupdated": "1738391642"
            },
            "holiday2024": {
                "buildid": "17152777",
                "description": "White Knuckle Demo Holiday",
                "timeupdated": "1738390619"
            }
        },
        "privatebranches": "1"
    }
}