{
    "appid": "3233680",
    "type": "Demo",
    "name": "Lightracer: For Judge Demo",
    "schinese_name": "逐光：致监星官 Demo",
    "isfreeapp": "0",
    "change_number": "26876825",
    "update_time": "2025-01-06 19:48:45",
    "depot": {
        "3233681": {
            "config": {
                "oslist": "windows"
            },
            "manifests": {
                "public": {
                    "gid": "6285658823670490603",
                    "size": "1096540447",
                    "download": "751196384"
                }
            },
            "decryptionkey": "4eb06b0a17c38cbaa2e85c92bb67c5512df81d78c42d3daae6d56ec17b5a87f9"
        },
        "branches": {
            "public": {
                "buildid": "16797387",
                "timeupdated": "1734598672"
            }
        },
        "privatebranches": "1"
    }
}