{
    "appid": "3294190",
    "type": "Demo",
    "name": "Code Trainer Demo",
    "schinese_name": "",
    "isfreeapp": "0",
    "change_number": "27208144",
    "update_time": "2025-01-29 05:32:22",
    "depot": {
        "3294192": {
            "config": {
                "oslist": "windows",
                "osarch": "64"
            },
            "manifests": {
                "public": {
                    "gid": "7160754797043100131",
                    "size": "635095960",
                    "download": "565815520"
                }
            },
            "decryptionkey": "20be08ad46585bd8939a890d458c4bc19289a52aec5a7aa8d52a16e0db3db987"
        },
        "3294193": {
            "config": {
                "oslist": "linux",
                "osarch": "64"
            },
            "manifests": {
                "public": {
                    "gid": "8138321520104378961",
                    "size": "551120704",
                    "download": "501122944"
                }
            },
            "decryptionkey": ""
        },
        "branches": {
            "public": {
                "buildid": "17477467",
                "timeupdated": "1740358110"
            }
        }
    }
}