{
    "appid": "3267910",
    "type": "Demo",
    "name": "Primordialis Demo",
    "schinese_name": "",
    "isfreeapp": "0",
    "change_number": "26942066",
    "update_time": "2025-01-10 21:34:30",
    "depot": {
        "3267911": {
            "manifests": {
                "public": {
                    "gid": "6350298766073174673",
                    "size": "10657899",
                    "download": "6750816"
                },
                "testing": {
                    "gid": "7987641361391221974",
                    "size": "9198118",
                    "download": "6237008"
                }
            },
            "decryptionkey": "9eae691e5bfa388f428774f7ff16c12f8afb99c9e83f89daa5c0a84a669e5420"
        },
        "branches": {
            "public": {
                "buildid": "16964985",
                "timeupdated": "1736516066"
            },
            "testing": {
                "buildid": "16075701",
                "description": "Public testing branch",
                "timeupdated": "1729139665"
            }
        },
        "privatebranches": "1"
    }
}