{
    "appid": "3125840",
    "type": "Demo",
    "name": "天临混元 Demo",
    "schinese_name": "",
    "isfreeapp": "0",
    "change_number": "27146998",
    "update_time": "2025-01-24 18:14:42",
    "depot": {
        "baselanguages": "english,schinese",
        "hasdepotsindlc": "0",
        "3125841": {
            "manifests": {
                "public": {
                    "gid": "6170888451871980977",
                    "size": "3685041530",
                    "download": "3018039344"
                }
            },
            "decryptionkey": "eb4b6a4224a09c8d327b4d55aef2f0f9e45e0c645ba6ead2d9cd258c70aeefd1"
        },
        "branches": {
            "public": {
                "buildid": "17117782",
                "timeupdated": "1737713678"
            }
        }
    }
}