{
    "appid": "3276070",
    "type": "Application",
    "name": "Movavi Video Suite 2025 Steam Edition",
    "schinese_name": "",
    "isfreeapp": "0",
    "change_number": "28768385",
    "update_time": "2025-05-01 20:32:01",
    "depot": {
        "hasdepotsindlc": "1",
        "3276071": {
            "config": {
                "osarch": "64"
            },
            "manifests": {
                "public": {
                    "gid": "7095142963576505498",
                    "size": "663560565",
                    "download": "358740304"
                }
            },
            "decryptionkey": "731a27d534b6321cf84d3f18a76217adc82dd434cc11da850d726f7b62b75cec"
        },
        "baselanguages": "english,german,french,italian,koreana,spanish,schinese,tchinese,russian,japanese,portuguese,polish,dutch,turkish,brazilian",
        "branches": {
            "public": {
                "buildid": "16661117",
                "timeupdated": "1733514769"
            }
        }
    }
}