{
    "appid": "3017180",
    "type": "Game",
    "name": "回家的猫",
    "schinese_name": "",
    "isfreeapp": "1",
    "change_number": "27017426",
    "update_time": "2025-01-16 10:23:33",
    "depot": {
        "228989": {
            "config": {
                "oslist": "windows"
            },
            "depotfromapp": "228980",
            "sharedinstall": "1"
        },
        "228990": {
            "config": {
                "oslist": "windows"
            },
            "depotfromapp": "228980",
            "sharedinstall": "1"
        },
        "3017181": {
            "config": {
                "oslist": "windows"
            },
            "manifests": {
                "public": {
                    "gid": "4994775629949654907",
                    "size": "5622085825",
                    "download": "5325443680"
                }
            },
            "decryptionkey": "ece4e996b12487f427d07e75f87ae140d94f53272f827a2084baacdc8480939b"
        },
        "3017182": {
            "config": {
                "oslist": "windows"
            }
        },
        "baselanguages": "english,schinese",
        "branches": {
            "public": {
                "buildid": "15415127",
                "timeupdated": "1724039525"
            }
        },
        "privatebranches": "1"
    }
}