{
    "appid": "3009990",
    "type": "Demo",
    "name": "SAEKO: Giantess Dating Sim Demo",
    "schinese_name": "",
    "isfreeapp": "0",
    "change_number": "26183469",
    "update_time": "2024-11-14 07:25:33",
    "depot": {
        "3009991": {
            "config": {
                "oslist": "windows"
            },
            "manifests": {
                "public": {
                    "gid": "5821169075102269698",
                    "size": "185879704",
                    "download": "86979776"
                }
            },
            "decryptionkey": "b1d6cd4b687d87ebe7e4f6904f6c5d4816142c4e263fb043084cd7b61c4fb95e"
        },
        "branches": {
            "public": {
                "buildid": "14715285",
                "timeupdated": "1718355806"
            }
        },
        "privatebranches": "1"
    }
}