{
    "appid": "2998100",
    "type": "DLC",
    "name": "RPG Maker MZ - SERIALGAMES LivingGoodCity Tileset - Small Zoo Set",
    "schinese_name": "",
    "isfreeapp": "0",
    "change_number": "23848557",
    "update_time": "2024-07-16 02:47:07",
    "depot": {
        "2998100": {
            "manifests": {
                "public": {
                    "gid": "3247574893082106883",
                    "size": "60694011",
                    "download": "24395392"
                }
            },
            "dlcappid": "2998100",
            "decryptionkey": "48f0e0494ee44565c6c8752cd4665d543735d0cb0a52e76ff68374376b2224d1"
        },
        "branches": {
            "public": {
                "buildid": "14593403",
                "timeupdated": "1717474763"
            }
        }
    }
}