{
    "appid": "2996170",
    "type": "Demo",
    "name": "Nientum Demo",
    "schinese_name": "",
    "isfreeapp": "0",
    "change_number": "27122848",
    "update_time": "2025-01-23 10:24:41",
    "depot": {
        "2996171": {
            "manifests": {
                "public": {
                    "gid": "8380810114240754553",
                    "size": "842465490",
                    "download": "665510272"
                }
            },
            "decryptionkey": "d9aa36d54d307ec6577f2a11e393ea73f5815b9a288ff7177f5634f65bf4f4d6"
        },
        "branches": {
            "public": {
                "buildid": "17099344",
                "timeupdated": "1737599072"
            }
        },
        "privatebranches": "1"
    }
}