{
    "appid": "3095550",
    "type": "Game",
    "name": "False Mall",
    "schinese_name": "",
    "isfreeapp": "0",
    "change_number": "29016152",
    "update_time": "2025-05-16 11:48:49",
    "depot": {
        "228989": {
            "config": {
                "oslist": "windows"
            },
            "depotfromapp": "228980",
            "sharedinstall": "1"
        },
        "228990": {
            "config": {
                "oslist": "windows"
            },
            "depotfromapp": "228980",
            "sharedinstall": "1"
        },
        "3095551": {
            "config": {
                "oslist": "windows",
                "osarch": "64"
            },
            "manifests": {
                "public": {
                    "gid": "8211097052073641260",
                    "size": "868814198",
                    "download": "712076480"
                }
            },
            "decryptionkey": "0a3a8de88fd06ea17fb78a126ff23076701057f92dec91808f588baa3a27fbb1"
        },
        "baselanguages": "english,schinese,japanese",
        "branches": {
            "public": {
                "buildid": "15634538",
                "timeupdated": "1725864536"
            }
        },
        "privatebranches": "1"
    }
}