{
    "appid": "3555150",
    "type": "Game",
    "name": "我被女神盯上了!Beauty`s Target",
    "schinese_name": "",
    "isfreeapp": "0",
    "change_number": "29047091",
    "update_time": "2025-05-18 16:12:20",
    "depot": {
        "3555151": {
            "manifests": {
                "public": {
                    "gid": "3840151965393510935",
                    "size": "13031416377",
                    "download": "12497570064"
                }
            },
            "decryptionkey": "e73a06546f1212f66fc9a7c60442cb95d40b575c5714008aa6587bd440827f29"
        },
        "branches": {
            "public": {
                "buildid": "18492857",
                "timeupdated": "1747406392"
            }
        }
    }
}