{
    "appid": "3241290",
    "type": "Demo",
    "name": "GhostCatcher Demo",
    "schinese_name": "",
    "isfreeapp": "0",
    "change_number": "27102243",
    "update_time": "2025-01-22 07:56:38",
    "depot": {
        "228989": {
            "config": {
                "oslist": "windows"
            },
            "depotfromapp": "228980",
            "sharedinstall": "1"
        },
        "228990": {
            "config": {
                "oslist": "windows"
            },
            "depotfromapp": "228980",
            "sharedinstall": "1"
        },
        "3241291": {
            "config": {
                "oslist": "windows"
            },
            "manifests": {
                "public": {
                    "gid": "5364390119042628931",
                    "size": "16049918882",
                    "download": "15803295776"
                }
            },
            "decryptionkey": "6368c75c2ebf22df972f5e582eb9824bc6e4dae77aeed9f59d061d5fc31b6327"
        },
        "branches": {
            "public": {
                "buildid": "16110214",
                "timeupdated": "1729383031"
            }
        }
    }
}