{
    "appid": "3440110",
    "type": "Demo",
    "name": "挺进吧！毛茸茸勇者！ Demo",
    "schinese_name": "",
    "isfreeapp": "0",
    "change_number": "27377264",
    "update_time": "2025-02-08 18:08:16",
    "depot": {
        "3440111": {
            "manifests": {
                "public": {
                    "gid": "9114976813296014572",
                    "size": "140483918",
                    "download": "33102688"
                }
            },
            "decryptionkey": "36a6822da1973cae2af31e4d6e4a87a79c8c35d47b7601e3421fe10332235a61"
        },
        "branches": {
            "public": {
                "buildid": "17290691",
                "timeupdated": "1739009293"
            }
        }
    }
}