{
    "appid": "3138360",
    "type": "Game",
    "name": "TransMemory",
    "schinese_name": "",
    "isfreeapp": "0",
    "change_number": "25617455",
    "update_time": "2024-10-11 15:17:38",
    "depot": {
        "228989": {
            "config": {
                "oslist": "windows"
            },
            "depotfromapp": "228980",
            "sharedinstall": "1"
        },
        "228990": {
            "config": {
                "oslist": "windows"
            },
            "depotfromapp": "228980",
            "sharedinstall": "1"
        },
        "3138361": {
            "config": {
                "oslist": "windows",
                "osarch": "64"
            },
            "manifests": {
                "public": {
                    "gid": "7687689719238403443",
                    "size": "3858801572",
                    "download": "3712658896"
                }
            },
            "decryptionkey": "8646b08180f73b5b8432e8cba6baf21be1b0c2b32d3f6b4e354a0d629aade708"
        },
        "branches": {
            "public": {
                "buildid": "15942899",
                "timeupdated": "1728184523"
            }
        }
    }
}