{
    "appid": "3006100",
    "type": "Game",
    "name": "Night Project",
    "schinese_name": "",
    "isfreeapp": "1",
    "change_number": "29015726",
    "update_time": "2025-05-16 11:06:44",
    "depot": {
        "228989": {
            "config": {
                "oslist": "windows"
            },
            "depotfromapp": "228980",
            "sharedinstall": "1"
        },
        "228990": {
            "config": {
                "oslist": "windows"
            },
            "depotfromapp": "228980",
            "sharedinstall": "1"
        },
        "3006101": {
            "config": {
                "oslist": "windows"
            },
            "manifests": {
                "public": {
                    "gid": "6539803300736024835",
                    "size": "16139110789",
                    "download": "15283302352"
                }
            },
            "decryptionkey": "55b37f13572958df26b9168cbdb2cb68d7c450514c459a90f0931bacaf4a2b87"
        },
        "branches": {
            "public": {
                "buildid": "18417045",
                "timeupdated": "1746920572"
            }
        }
    }
}