{
    "appid": "3281610",
    "type": "Demo",
    "name": "OYASUMII Demo",
    "schinese_name": "",
    "isfreeapp": "0",
    "change_number": "26061785",
    "update_time": "2024-11-06 04:56:34",
    "depot": {
        "baselanguages": "english",
        "3281611": {
            "manifests": {
                "public": {
                    "gid": "4345622685176528418",
                    "size": "525712431",
                    "download": "154638528"
                }
            },
            "decryptionkey": "84ae80b93bc72465bb9cd26f6805d2d26e941663d399751aedba5f47130ad4b8"
        },
        "branches": {
            "public": {
                "buildid": "16056642",
                "timeupdated": "1729023614"
            }
        }
    }
}