{
    "appid": "2986600",
    "type": "Game",
    "name": "Insight",
    "schinese_name": "",
    "isfreeapp": "0",
    "change_number": "27227657",
    "update_time": "2025-01-30 09:18:56",
    "depot": {
        "2986601": {
            "manifests": {
                "public": {
                    "gid": "1841921111005533007",
                    "size": "225808607",
                    "download": "136238256"
                }
            },
            "decryptionkey": "cf9ecb67e32ba7075e627d0b059cbf7f9490ecd55971234a82a778e010b5522e"
        },
        "baselanguages": "english,turkish",
        "branches": {
            "public": {
                "buildid": "17123549",
                "timeupdated": "1737743987"
            }
        },
        "privatebranches": "1"
    }
}