{
    "appid": "3027620",
    "type": "Game",
    "name": "Kakenuke★Forward to Our Sparking Youth!",
    "schinese_name": "绽放★青春全力向前冲！",
    "isfreeapp": "0",
    "change_number": "27784559",
    "update_time": "2025-03-05 08:01:35",
    "depot": {
        "228988": {
            "config": {
                "oslist": "windows"
            },
            "depotfromapp": "228980",
            "sharedinstall": "1"
        },
        "228990": {
            "config": {
                "oslist": "windows"
            },
            "depotfromapp": "228980",
            "sharedinstall": "1"
        },
        "3027621": {
            "manifests": {
                "public": {
                    "gid": "4790416625005985803",
                    "size": "4230689062",
                    "download": "3890940480"
                }
            },
            "decryptionkey": "0793cd57dd6eaff1bd8fdd054c72023a3f47e1da8675a256f8505783ca963441"
        },
        "baselanguages": "english,schinese,tchinese,japanese",
        "branches": {
            "public": {
                "buildid": "16785925",
                "timeupdated": "1734524298"
            }
        },
        "privatebranches": "1"
    }
}