{
    "appid": "3388550",
    "type": "Game",
    "name": "Island of Sacrifice",
    "schinese_name": "",
    "isfreeapp": "0",
    "change_number": "28099732",
    "update_time": "2025-03-24 06:20:23",
    "depot": {
        "228989": {
            "config": {
                "oslist": "windows"
            },
            "depotfromapp": "228980",
            "sharedinstall": "1"
        },
        "228990": {
            "config": {
                "oslist": "windows"
            },
            "depotfromapp": "228980",
            "sharedinstall": "1"
        },
        "3388551": {
            "manifests": {
                "public": {
                    "gid": "4454771090458094660",
                    "size": "11338768419",
                    "download": "10743409872"
                }
            },
            "decryptionkey": "309e8bcaddc2ae1681deabffb175125b03b7dec977b848e5d5da3a6f1adf08a0"
        },
        "baselanguages": "english,arabic",
        "branches": {
            "public": {
                "buildid": "17385436",
                "timeupdated": "1739733108"
            }
        }
    }
}