{
    "appid": "3302670",
    "type": "Demo",
    "name": "相亲对象竟然是女鬼 Demo",
    "schinese_name": "",
    "isfreeapp": "0",
    "change_number": "26480793",
    "update_time": "2024-12-05 12:01:53",
    "depot": {
        "3302671": {
            "config": {
                "oslist": "windows",
                "osarch": "64"
            },
            "manifests": {
                "public": {
                    "gid": "1553866809702355632",
                    "size": "649688653",
                    "download": "147519280"
                }
            },
            "decryptionkey": "4b40d27bbee312e382f7bb94e756366e174dc8b24bf9686c5553e0c8eadc67bc"
        },
        "baselanguages": "schinese",
        "branches": {
            "public": {
                "buildid": "16254363",
                "timeupdated": "1730392528"
            }
        }
    }
}