{
    "appid": "2980040",
    "type": "Demo",
    "name": "52赫兹 Demo",
    "schinese_name": "52赫兹 Demo",
    "isfreeapp": "0",
    "change_number": "29029644",
    "update_time": "2025-05-17 01:29:35",
    "depot": {
        "228988": {
            "config": {
                "oslist": "windows"
            },
            "depotfromapp": "228980",
            "sharedinstall": "1"
        },
        "228990": {
            "config": {
                "oslist": "windows"
            },
            "depotfromapp": "228980",
            "sharedinstall": "1"
        },
        "2980041": {
            "manifests": {
                "public": {
                    "gid": "3933752875581656010",
                    "size": "13552215285",
                    "download": "2986828864"
                }
            },
            "decryptionkey": "1049c50602baed7a0c2a767c42b8bd4140d2b0c3608c9f6907f9c446bf4520ac"
        },
        "baselanguages": "schinese",
        "branches": {
            "public": {
                "buildid": "18494872",
                "timeupdated": "1747416572"
            }
        }
    }
}