{
    "appid": "3021190",
    "type": "Demo",
    "name": "灵兽江湖 Demo",
    "schinese_name": "",
    "isfreeapp": "0",
    "change_number": "23968194",
    "update_time": "2024-07-16 02:47:08",
    "depot": {
        "3021191": {
            "manifests": {
                "public": {
                    "gid": "1828752142989335443",
                    "size": "1338046350",
                    "download": "670593168"
                }
            },
            "decryptionkey": "6aaf1c981c49d7a75cae0ffaa9aed632a41eeacdbb7da4b4d91034ed9ab3315a"
        },
        "branches": {
            "public": {
                "buildid": "17463631",
                "timeupdated": "1740191536"
            }
        }
    }
}