{
    "appid": "2950480",
    "type": "Demo",
    "name": "Wax Heads Demo",
    "schinese_name": "",
    "isfreeapp": "0",
    "change_number": "26460673",
    "update_time": "2024-12-05 10:10:47",
    "depot": {
        "baselanguages": "english,spanish",
        "2950481": {
            "config": {
                "oslist": "windows"
            },
            "manifests": {
                "public": {
                    "gid": "5747380093822800988",
                    "size": "231868288",
                    "download": "175232352"
                }
            },
            "decryptionkey": "dfe7c022f2d59f92baeb3f555e3a5e61e80cda4fe4212ea91aa3d8d95d685b01"
        },
        "2950482": {
            "config": {
                "oslist": "linux"
            },
            "manifests": {
                "public": {
                    "gid": "89124242401285779",
                    "size": "224365818",
                    "download": "172929936"
                }
            },
            "decryptionkey": ""
        },
        "2950483": {
            "config": {
                "oslist": "macos",
                "osarch": "64"
            },
            "manifests": {
                "public": {
                    "gid": "7408097716469400920",
                    "size": "302276707",
                    "download": "190427120"
                }
            },
            "decryptionkey": ""
        },
        "2950484": {
            "config": {
                "oslist": "windows"
            },
            "manifests": {}
        },
        "branches": {
            "public": {
                "buildid": "15369241",
                "timeupdated": "1723643979"
            }
        },
        "privatebranches": "1"
    }
}