{
    "appid": "3164910",
    "type": "Game",
    "name": "Personality Excretion Hero Silvy's Rebirth",
    "schinese_name": "人格排泄勇者希尔薇的重启人生",
    "isfreeapp": "0",
    "change_number": "28721216",
    "update_time": "2025-04-29 14:50:47",
    "depot": {
        "baselanguages": "schinese,tchinese,japanese",
        "3164911": {
            "config": {
                "language": "tchinese"
            },
            "manifests": {
                "public": {
                    "gid": "4776813091569255571",
                    "size": "1613952270",
                    "download": "1386803216"
                }
            },
            "decryptionkey": ""
        },
        "3164912": {
            "config": {
                "language": "schinese"
            },
            "manifests": {
                "public": {
                    "gid": "8130505246007588196",
                    "size": "1646318238",
                    "download": "1394314784"
                }
            },
            "decryptionkey": "4b2705b748da4f5f935cf8d5f3289e55597ff2a7cdd9372c1f0029700d81cabd"
        },
        "3164913": {
            "config": {
                "language": "japanese"
            },
            "manifests": {
                "public": {
                    "gid": "9011102879124804777",
                    "size": "1609826315",
                    "download": "1384472080"
                }
            },
            "decryptionkey": ""
        },
        "branches": {
            "public": {
                "buildid": "17920708",
                "timeupdated": "1743400028"
            }
        }
    }
}