{
    "appid": "3004440",
    "type": "Music",
    "name": "#BLUD Soundtrack",
    "schinese_name": "",
    "isfreeapp": "0",
    "change_number": "24213184",
    "update_time": "2024-07-16 02:47:08",
    "depot": {
        "3004441": {
            "manifests": {
                "public": {
                    "gid": "1131862802640709275",
                    "size": "174137373",
                    "download": "145919024"
                }
            },
            "decryptionkey": "0d2678b5bfb8b2a106728fbe33897c8e67d50449123f0b1c77d0e391ac73d2ba"
        },
        "branches": {
            "public": {
                "buildid": "14408348",
                "timeupdated": "1715980392"
            }
        }
    }
}