{
    "appid": "3087680",
    "type": "Game",
    "name": "Prison Alone",
    "schinese_name": "",
    "isfreeapp": "0",
    "change_number": "28409123",
    "update_time": "2025-04-10 22:10:16",
    "depot": {
        "3087681": {
            "config": {
                "oslist": "windows"
            },
            "manifests": {
                "public": {
                    "gid": "7177223435975666430",
                    "size": "2725934110",
                    "download": "1199268336"
                }
            },
            "decryptionkey": "c417b4f4b904ce8b72dfd04f5c824c6a1dfb24be391eb6087c4918a0d8dc8bcc"
        },
        "branches": {
            "public": {
                "buildid": "17208057",
                "timeupdated": "1738389065"
            }
        },
        "privatebranches": "1"
    }
}