{
    "appid": "2975160",
    "type": "Game",
    "name": "Rose and Cross",
    "schinese_name": "",
    "isfreeapp": "0",
    "change_number": "28955118",
    "update_time": "2025-05-13 15:32:48",
    "depot": {
        "228989": {
            "config": {
                "oslist": "windows"
            },
            "depotfromapp": "228980",
            "sharedinstall": "1"
        },
        "228990": {
            "config": {
                "oslist": "windows"
            },
            "depotfromapp": "228980",
            "sharedinstall": "1"
        },
        "2975161": {
            "manifests": {
                "public": {
                    "gid": "6539499475037584372",
                    "size": "3438879587",
                    "download": "3280870080"
                }
            },
            "decryptionkey": "7d2dd5aa164c6e37b8b84aea04706f6b9dd43737d8911aff4482d654fd09511c"
        },
        "2975162": {
            "config": {
                "oslist": "windows"
            }
        },
        "baselanguages": "english",
        "branches": {
            "public": {
                "buildid": "14660440",
                "timeupdated": "1717998857"
            }
        }
    }
}