{
    "appid": "3221180",
    "type": "Game",
    "name": "Re:Flex",
    "schinese_name": "",
    "isfreeapp": "0",
    "change_number": "29047091",
    "update_time": "2025-05-18 16:12:18",
    "depot": {
        "workshopdepot": "3221180",
        "3221181": {
            "manifests": {
                "public": {
                    "gid": "3592521774982542297",
                    "size": "2798308787",
                    "download": "1014670864"
                }
            },
            "decryptionkey": "4ee28b84d055d503ab9e888fa8a437a5409311d9dbe4f3aa0af5e8043eb490f5"
        },
        "baselanguages": "english,koreana,schinese,japanese",
        "branches": {
            "public": {
                "buildid": "16959352",
                "timeupdated": "1736478294"
            }
        },
        "workshopdepotdecryptionkey": "6b1f08459936c47c1917161c7aad7b99b34ea7130eaf6acded4897a18da24e5b"
    }
}