{
    "appid": "3148760",
    "type": "Game",
    "name": "Dragon Soul",
    "schinese_name": "",
    "isfreeapp": "0",
    "change_number": "26253459",
    "update_time": "2024-11-21 01:02:31",
    "depot": {
        "3148761": {
            "manifests": {
                "public": {
                    "gid": "4319814260784464433",
                    "size": "50668403",
                    "download": "11590736"
                }
            },
            "decryptionkey": "6ca14ba76941ddd7b4452b91e082c3bc15947fca4e70d243cbdf88e5c57c4ba3"
        },
        "branches": {
            "public": {
                "buildid": "15254661",
                "timeupdated": "1722758811"
            }
        }
    },
    "access_token": 17530527360694212018
}