{
    "appid": "3240100",
    "type": "Demo",
    "name": "Rooster Demo",
    "schinese_name": "",
    "isfreeapp": "0",
    "change_number": "26928397",
    "update_time": "2025-01-10 02:09:20",
    "depot": {
        "3240101": {
            "manifests": {
                "public": {
                    "gid": "2861571379696484434",
                    "size": "3022771161",
                    "download": "446684880"
                }
            },
            "decryptionkey": "d22f46204d45e670584f3c81b8bbd18585226e393983fcb09ab43163a244c5e9"
        },
        "branches": {
            "public": {
                "buildid": "15730865",
                "timeupdated": "1726587174"
            }
        }
    }
}