{
    "appid": "3423660",
    "type": "Game",
    "name": "Backrooms: Exploration",
    "schinese_name": "",
    "isfreeapp": "0",
    "change_number": "28996605",
    "update_time": "2025-05-15 15:12:21",
    "depot": {
        "228989": {
            "config": {
                "oslist": "windows"
            },
            "depotfromapp": "228980",
            "sharedinstall": "1"
        },
        "228990": {
            "config": {
                "oslist": "windows"
            },
            "depotfromapp": "228980",
            "sharedinstall": "1"
        },
        "3423661": {
            "manifests": {
                "public": {
                    "gid": "9072857443692169442",
                    "size": "5285900715",
                    "download": "4962139904"
                }
            },
            "decryptionkey": "8da956d075b2876ae788d40f7ae3d006aa22d46252759ada79533fd023c7680b"
        },
        "branches": {
            "public": {
                "buildid": "18429725",
                "timeupdated": "1747056124"
            }
        }
    }
}