{
    "appid": "3274260",
    "type": "DLC",
    "name": "Beat Saber - Öwnboss & Selva - RIOT",
    "schinese_name": "",
    "isfreeapp": "0",
    "change_number": "26160061",
    "update_time": "2024-11-12 23:51:28",
    "depot": {
        "3274260": {
            "manifests": {
                "public": {
                    "gid": "2610727868625379774",
                    "size": "10941679",
                    "download": "11091392"
                }
            },
            "dlcappid": "3274260",
            "decryptionkey": "004693a3ab320208bd06f572285501b1e3b4f934d9773b25db6b738d8ed1cc2b"
        },
        "branches": {
            "public": {
                "buildid": "15951296",
                "timeupdated": "1728294300"
            }
        }
    }
}