{
    "appid": "3179830",
    "type": "Game",
    "name": "ShoppingMall: Manager Simulator",
    "schinese_name": "",
    "isfreeapp": "0",
    "change_number": "29016408",
    "update_time": "2025-05-16 12:12:47",
    "depot": {
        "3179831": {
            "manifests": {
                "public": {
                    "gid": "3570616422399228766",
                    "size": "6874609411",
                    "download": "2357597232"
                }
            },
            "decryptionkey": "20720b550f41957b8e6f153a2e61b70bd42ca15735bedd0ca7ee4c0208b20725"
        },
        "branches": {
            "public": {
                "buildid": "18105172",
                "timeupdated": "1744666654"
            }
        }
    }
}