{
    "appid": "3409080",
    "type": "DLC",
    "name": "RPG Maker MZ - RPG Character Pack 15",
    "schinese_name": "",
    "isfreeapp": "0",
    "change_number": "26929922",
    "update_time": "2025-01-10 04:10:48",
    "depot": {
        "3409080": {
            "manifests": {
                "public": {
                    "gid": "5683778871187192045",
                    "size": "77414211",
                    "download": "75505104"
                }
            },
            "dlcappid": "3409080",
            "decryptionkey": "9c794df2f1d8c6185f39c4dd8046ec48a9304135bac7063e5d7b6190fe22ae7e"
        },
        "branches": {
            "public": {
                "buildid": "16931762",
                "timeupdated": "1736278630"
            }
        }
    }
}