{
    "appid": "3237380",
    "type": "Demo",
    "name": "女帝:日月明空/Queen:Sun&Moon Demo",
    "schinese_name": "女帝:日月明空 Demo",
    "isfreeapp": "0",
    "change_number": "26002980",
    "update_time": "2024-11-01 16:10:55",
    "depot": {
        "baselanguages": "english,schinese",
        "3237381": {
            "config": {
                "oslist": "windows",
                "osarch": "64"
            },
            "manifests": {
                "public": {
                    "gid": "8570528324401914817",
                    "size": "335810138",
                    "download": "263300576"
                }
            },
            "decryptionkey": "f64337db0a054f18da3372617539df5b28c3100290e2658f8fac19569a99afef"
        },
        "branches": {
            "public": {
                "buildid": "16005889",
                "timeupdated": "1728633477"
            }
        }
    }
}