{
    "appid": "3301150",
    "type": "Music",
    "name": "Knights in Tight Spaces - Official Game Soundtrack ",
    "schinese_name": "狭间骑士 - 官方游戏音轨 ",
    "isfreeapp": "0",
    "change_number": "28257225",
    "update_time": "2025-04-02 06:43:48",
    "depot": {
        "3301151": {
            "manifests": {
                "public": {
                    "gid": "1212111991351639281",
                    "size": "283726177",
                    "download": "283569232"
                }
            },
            "decryptionkey": "8d6d6316e80faa9c2094bea3e45754f2f296f6ff84aee68e8fc6e620ed99437e"
        },
        "3301152": {
            "config": {
                "highqualityaudio": "1"
            },
            "manifests": {
                "public": {
                    "gid": "472658763419696044",
                    "size": "857876038",
                    "download": "868206256"
                }
            },
            "decryptionkey": "baae5714e7fadc513439f244de26dabb2ceb1284cae8735e68022d002693b7f8"
        },
        "3301153": {
            "config": {
                "highqualityaudio": "1"
            },
            "manifests": {
                "public": {
                    "gid": "4182158524695527460",
                    "size": "1231233821",
                    "download": "1165157664"
                }
            },
            "decryptionkey": "1d6c4335b799e7593645f6fb06212341e73af1a2250287fc1f97a8b0774cd55d"
        },
        "branches": {
            "public": {
                "buildid": "17266783",
                "timeupdated": "1738847855"
            }
        }
    }
}