{
    "appid": "3307560",
    "type": "Game",
    "name": "FeedBack",
    "schinese_name": "",
    "isfreeapp": "0",
    "change_number": "26127645",
    "update_time": "2024-11-10 16:52:53",
    "depot": {
        "3307561": {
            "manifests": {
                "public": {
                    "gid": "7912133540721407166",
                    "size": "94131227",
                    "download": "36749856"
                }
            },
            "decryptionkey": "c7dafdc3f57a15505b56a72046589ca1034126856a7e98c0a4dbdcb80d989068"
        },
        "branches": {
            "public": {
                "buildid": "16123608",
                "timeupdated": "1729521385"
            }
        }
    }
}