{
    "appid": "3198680",
    "type": "Game",
    "name": "Puttler",
    "schinese_name": "",
    "isfreeapp": "0",
    "change_number": "29037293",
    "update_time": "2025-05-17 14:15:24",
    "depot": {
        "3198681": {
            "config": {
                "oslist": "windows"
            },
            "manifests": {
                "public": {
                    "gid": "5898636375210650864",
                    "size": "1072450489",
                    "download": "69103808"
                }
            },
            "decryptionkey": "6af6d224feb8cafd89eaf6c92fa28b5ce47561db59b1d8308893d792d31d4d21"
        },
        "branches": {
            "public": {
                "buildid": "18260232",
                "timeupdated": "1745810933"
            }
        }
    }
}