{
    "appid": "3199390",
    "type": "Game",
    "name": "Inayah - Life after Gods",
    "schinese_name": "伊娜雅：断世之光",
    "isfreeapp": "0",
    "change_number": "29037646",
    "update_time": "2025-05-17 15:15:18",
    "depot": {
        "3199391": {
            "manifests": {
                "public": {
                    "gid": "6775094910947499750",
                    "size": "5242267138",
                    "download": "4433065792"
                }
            },
            "decryptionkey": "3f8104d107806104482f61b2bb9a3fb224403810614b110776b8c926d43218dd"
        },
        "branches": {
            "public": {
                "buildid": "18320356",
                "timeupdated": "1746184944"
            }
        },
        "privatebranches": "1"
    }
}