{
    "appid": "3270310",
    "type": "Demo",
    "name": "Harem of Gods Demo",
    "schinese_name": "神灵后宫 演示 ",
    "isfreeapp": "0",
    "change_number": "27137686",
    "update_time": "2025-01-24 04:41:37",
    "depot": {
        "3270311": {
            "manifests": {
                "public": {
                    "gid": "1331032910447271033",
                    "size": "758337907",
                    "download": "68205312"
                }
            },
            "decryptionkey": "2232894f311073238fcaffe4ec2aa717600db16d9241242b3ccce254f4277cea"
        },
        "branches": {
            "public": {
                "buildid": "16088523",
                "timeupdated": "1729211281"
            }
        },
        "privatebranches": "1"
    }
}