{
    "appid": "2958390",
    "type": "Demo",
    "name": "Creatures of Ava Demo",
    "schinese_name": "",
    "isfreeapp": "0",
    "change_number": "25475437",
    "update_time": "2024-10-01 19:04:29",
    "depot": {
        "228989": {
            "config": {
                "oslist": "windows"
            },
            "depotfromapp": "228980",
            "sharedinstall": "1"
        },
        "228990": {
            "config": {
                "oslist": "windows"
            },
            "depotfromapp": "228980",
            "sharedinstall": "1"
        },
        "2958391": {
            "manifests": {
                "public": {
                    "gid": "6762364217754892179",
                    "size": "6262111587",
                    "download": "5207401488"
                }
            },
            "decryptionkey": "4b6fe5b9b354daaf25f3a77b271849bd6b3163a0706d5a78f35ab38e0f1bed46"
        },
        "branches": {
            "public": {
                "buildid": "14693297",
                "timeupdated": "1718286270"
            }
        },
        "privatebranches": "1"
    }
}