{
    "appid": "3374350",
    "type": "Demo",
    "name": "Bad Cheese Demo",
    "schinese_name": "烂奶酪",
    "isfreeapp": "0",
    "change_number": "28612368",
    "update_time": "2025-04-23 09:20:22",
    "depot": {
        "228989": {
            "config": {
                "oslist": "windows"
            },
            "depotfromapp": "228980",
            "sharedinstall": "1"
        },
        "228990": {
            "config": {
                "oslist": "windows"
            },
            "depotfromapp": "228980",
            "sharedinstall": "1"
        },
        "3374351": {
            "manifests": {
                "public": {
                    "gid": "3358923940867284586",
                    "size": "1170915856",
                    "download": "994639088"
                }
            },
            "decryptionkey": "0977c0b9d02ee7ce169b2607a5c311169a48a0198a8912bccd0143954f0f28f0"
        },
        "branches": {
            "public": {
                "buildid": "17486529",
                "timeupdated": "1740417451"
            }
        },
        "privatebranches": "1"
    }
}