{
    "appid": "3106340",
    "type": "Game",
    "name": "8月32日の水族館",
    "schinese_name": "",
    "isfreeapp": "0",
    "change_number": "28218443",
    "update_time": "2025-03-31 05:14:50",
    "depot": {
        "baselanguages": "japanese",
        "hasdepotsindlc": "0",
        "228989": {
            "config": {
                "oslist": "windows"
            },
            "depotfromapp": "228980",
            "sharedinstall": "1"
        },
        "228990": {
            "config": {
                "oslist": "windows"
            },
            "depotfromapp": "228980",
            "sharedinstall": "1"
        },
        "3106341": {
            "config": {
                "oslist": "windows"
            },
            "manifests": {
                "public": {
                    "gid": "8258802221700618497",
                    "size": "2225909087",
                    "download": "2031196000"
                }
            },
            "decryptionkey": "949f78f69f0e8dbe6c5746f3644eed1b22c8fdc13c138a674261cea764a2f713"
        },
        "3106342": {
            "config": {
                "oslist": "macos"
            },
            "manifests": {}
        },
        "branches": {
            "public": {
                "buildid": "16809762",
                "timeupdated": "1734678100"
            }
        },
        "privatebranches": "1"
    }
}