{
    "appid": "3007180",
    "type": "Demo",
    "name": "Riven Demo (non-VR)",
    "schinese_name": "",
    "isfreeapp": "0",
    "change_number": "28579769",
    "update_time": "2025-04-21 15:33:17",
    "depot": {
        "228989": {
            "config": {
                "oslist": "windows"
            },
            "depotfromapp": "228980",
            "sharedinstall": "1"
        },
        "228990": {
            "config": {
                "oslist": "windows"
            },
            "depotfromapp": "228980",
            "sharedinstall": "1"
        },
        "229005": {
            "config": {
                "oslist": "windows"
            },
            "depotfromapp": "228980",
            "sharedinstall": "1"
        },
        "3007181": {
            "config": {
                "oslist": "windows",
                "osarch": "64"
            },
            "manifests": {
                "public": {
                    "gid": "3936920588672386837",
                    "size": "9163714406",
                    "download": "8545147024"
                }
            },
            "decryptionkey": "d857cff0a48e803e55baaf71b06dc61b1289c2911a1136852b7960c6a6106897"
        },
        "3007182": {
            "config": {
                "oslist": "macos",
                "osarch": "64"
            },
            "manifests": {
                "public": {
                    "gid": "5684509876399314388",
                    "size": "9388366025",
                    "download": "8522744704"
                }
            }
        },
        "branches": {
            "public": {
                "buildid": "14785082",
                "timeupdated": "1718922486"
            }
        },
        "privatebranches": "1"
    }
}