{
    "appid": "2983230",
    "type": "Music",
    "name": "活俠傳 遊戲原聲帶",
    "schinese_name": "活侠传 游戏原声带",
    "isfreeapp": "0",
    "change_number": "28610308",
    "update_time": "2025-04-23 06:52:13",
    "depot": {
        "2983231": {
            "manifests": {
                "public": {
                    "gid": "1041352623275417334",
                    "size": "154404716",
                    "download": "154172864"
                }
            },
            "decryptionkey": "9b8762790e765af1e5d55100f3775a69a97323aab412ad3127f6ca20cca61255"
        },
        "2983232": {
            "config": {
                "highqualityaudio": "1"
            },
            "manifests": {
                "public": {
                    "gid": "8422590585957923908",
                    "size": "1020835876",
                    "download": "664068464"
                }
            },
            "decryptionkey": "5f9a79dbd3f2c9f56e23e4bbd15b65b9c97c4948d31a778d6820ea6f77c53eac"
        },
        "branches": {
            "public": {
                "buildid": "14593943",
                "timeupdated": "1717479837"
            }
        }
    }
}