{
    "appid": "3348280",
    "type": "Game",
    "name": "A Few Days With Bianca",
    "schinese_name": "",
    "isfreeapp": "0",
    "change_number": "28784599",
    "update_time": "2025-05-02 19:43:14",
    "depot": {
        "3348281": {
            "manifests": {
                "public": {
                    "gid": "4722453428789745230",
                    "size": "316416245",
                    "download": "108165312"
                }
            },
            "decryptionkey": "6b148f77f81e69160b706a56bbe3247fa65c715e7651f0d591cafa1d028cc832"
        },
        "branches": {
            "public": {
                "buildid": "17128084",
                "timeupdated": "1737780525"
            }
        },
        "privatebranches": "1"
    }
}