{
    "appid": "3458610",
    "type": "Game",
    "name": "I’LL FUCK YOUR GRANDPA!",
    "schinese_name": "我要操你爷爷！",
    "isfreeapp": "0",
    "change_number": "29021718",
    "update_time": "2025-05-16 18:13:08",
    "depot": {
        "3458611": {
            "config": {
                "oslist": "windows,linux"
            },
            "manifests": {
                "public": {
                    "gid": "6915707956313904797",
                    "size": "235569129",
                    "download": "173514992"
                }
            },
            "decryptionkey": "9c970d45d8a25214a0dff5151473762695148ec85a922381302b4dcb554e4d16"
        },
        "3458612": {
            "config": {
                "oslist": "macos"
            },
            "manifests": {
                "public": {
                    "gid": "8748789925267791749",
                    "size": "223068295",
                    "download": "168852816"
                }
            }
        },
        "branches": {
            "public": {
                "buildid": "17510168",
                "timeupdated": "1740549303"
            }
        }
    }
}