{
    "appid": "3215170",
    "type": "Game",
    "name": "NEEDY STREAMER OVERLOAD: Typing of The Net",
    "schinese_name": "主播女孩重度依赖 网络梗打字通",
    "isfreeapp": "0",
    "change_number": "29016468",
    "update_time": "2025-05-16 12:19:12",
    "depot": {
        "3215171": {
            "manifests": {
                "public": {
                    "gid": "6196069047930572214",
                    "size": "388132713",
                    "download": "179100800"
                },
                "debug": {
                    "gid": "2326043037669816359",
                    "size": "249505001",
                    "download": "83516160"
                }
            },
            "decryptionkey": "983ceef418a421992aa7d6d884623b194adade1c6fcd2e42d12719632356d21f"
        },
        "3215172": {},
        "branches": {
            "public": {
                "buildid": "17118923",
                "timeupdated": "1737719793"
            },
            "debug": {
                "buildid": "15714022",
                "description": "debugyou",
                "timeupdated": "1726484629"
            }
        }
    }
}