{
    "appid": "3078710",
    "type": "Demo",
    "name": "夜血W：割喉之狼 Demo",
    "schinese_name": "夜血W：割喉之狼 Demo",
    "isfreeapp": "0",
    "change_number": "26795588",
    "update_time": "2024-12-27 17:20:17",
    "depot": {
        "3078711": {
            "manifests": {
                "public": {
                    "gid": "5459843376973423380",
                    "size": "450078852",
                    "download": "375632144"
                }
            },
            "decryptionkey": "89dcdecf777f594fc623c8a45ea151d019b4f3bc52afd3f5be2e1f3d3d56681c"
        },
        "branches": {
            "public": {
                "buildid": "16859518",
                "timeupdated": "1735291209"
            }
        }
    }
}