{
    "appid": "2963030",
    "type": "DLC",
    "name": "BoneTown: The Second Coming Edition - Kinks Gay",
    "schinese_name": "",
    "isfreeapp": "0",
    "change_number": "25060979",
    "update_time": "2024-09-04 00:51:17",
    "depot": {
        "2963030": {
            "manifests": {
                "public": {
                    "gid": "5032427577139085041",
                    "size": "319450",
                    "download": "79296"
                }
            },
            "dlcappid": "2963030",
            "decryptionkey": "6c68a92cbc633d34ace95005720cf7b54f8487ee7b4efe2d7c48429b4d442cd4"
        },
        "branches": {
            "public": {
                "buildid": "15580341",
                "timeupdated": "1725382270"
            }
        }
    }
}