{
    "appid": "3435430",
    "type": "Game",
    "name": "I'm Caught in a Time Loop: I Need to Find a Girl as Soon as Possible",
    "schinese_name": "我陷入了一个时间循环：我需要尽快找到一个女孩",
    "isfreeapp": "0",
    "change_number": "29016664",
    "update_time": "2025-05-16 12:42:48",
    "depot": {
        "3435431": {
            "manifests": {
                "public": {
                    "gid": "1702894760606854056",
                    "size": "692053428",
                    "download": "540369424"
                }
            },
            "decryptionkey": "38df295af0065e033bfc41289f7264b46d29cbccd63f263268e15d98601d284e"
        },
        "branches": {
            "public": {
                "buildid": "17321587",
                "timeupdated": "1739279100"
            }
        },
        "privatebranches": "1"
    }
}