{
    "appid": "3468640",
    "type": "Game",
    "name": "AFL 26",
    "schinese_name": "",
    "isfreeapp": "0",
    "change_number": "29045689",
    "update_time": "2025-05-18 11:13:34",
    "depot": {
        "228988": {
            "config": {
                "oslist": "windows"
            },
            "depotfromapp": "228980",
            "sharedinstall": "1"
        },
        "228989": {
            "config": {
                "oslist": "windows"
            },
            "depotfromapp": "228980",
            "sharedinstall": "1"
        },
        "228990": {
            "config": {
                "oslist": "windows"
            },
            "depotfromapp": "228980",
            "sharedinstall": "1"
        },
        "3468641": {
            "manifests": {
                "public": {
                    "gid": "8026639198911778455",
                    "size": "92825368289",
                    "download": "88680735616"
                }
            },
            "decryptionkey": "54b5a9f3588ad385739af2f66921a9c534d8df0b56643b96b60d5ef37583584d"
        },
        "branches": {
            "public": {
                "buildid": "18453142",
                "timeupdated": "1747212567"
            }
        },
        "privatebranches": "1"
    }
}