{
    "appid": "3033250",
    "type": "Music",
    "name": "Taiwan Love Story⁵ Soundtrack",
    "schinese_name": "台湾恋爱物语⁵ Soundtrack",
    "isfreeapp": "0",
    "change_number": "28916279",
    "update_time": "2025-05-10 18:35:24",
    "depot": {
        "3033251": {
            "manifests": {
                "public": {
                    "gid": "1902738102402146137",
                    "size": "130260872",
                    "download": "130127728"
                }
            },
            "decryptionkey": "3c3a5a42cf400e9c55ce64cc990ad26a35f5cd36e7ffba80853001e3fc2ef12c"
        },
        "3033252": {
            "config": {
                "highqualityaudio": "1"
            },
            "manifests": {
                "public": {
                    "gid": "1436573855261952709",
                    "size": "1526745918",
                    "download": "1397309040"
                }
            },
            "decryptionkey": "1e9dfcfdf5b4240d191352afa3eef13b913f3775ced111a36760ed5ca5dedff2"
        },
        "branches": {
            "public": {
                "buildid": "17689119",
                "timeupdated": "1741764945"
            }
        }
    }
}