{
    "appid": "3358080",
    "type": "DLC",
    "name": "WARRIORS: Abyss - Hack'n'Dash Legendary Costume Set",
    "schinese_name": "无双深渊 - 传奇服装组合",
    "isfreeapp": "0",
    "change_number": "27473638",
    "update_time": "2025-02-14 14:08:49",
    "depot": {
        "3358080": {
            "manifests": {
                "public": {
                    "gid": "544705766344584054",
                    "size": "101652924",
                    "download": "101396896"
                }
            },
            "dlcappid": "3358080",
            "decryptionkey": "6146f8b9ef4662268b7ebbe73c86f084c6b391aabecbfdc0c2586cbc59fa0594"
        },
        "branches": {
            "public": {
                "buildid": "16995085",
                "timeupdated": "1736830819"
            }
        }
    }
}