{
    "appid": "3123640",
    "type": "Demo",
    "name": "Can't revert Demo",
    "schinese_name": "",
    "isfreeapp": "0",
    "change_number": "24713760",
    "update_time": "2024-08-09 12:24:10",
    "depot": {
        "baselanguages": "english,german,french,italian,koreana,spanish,schinese,russian,japanese,brazilian",
        "hasdepotsindlc": "0",
        "228989": {
            "config": {
                "oslist": "windows"
            },
            "depotfromapp": "228980",
            "sharedinstall": "1"
        },
        "228990": {
            "config": {
                "oslist": "windows"
            },
            "depotfromapp": "228980",
            "sharedinstall": "1"
        },
        "3123641": {
            "manifests": {
                "public": {
                    "gid": "6931109400268015481",
                    "size": "2716175292",
                    "download": "2592992544"
                }
            },
            "decryptionkey": "0ab0356a375f4e4bb78ef65c8b52d13cee54acc68812ab168f13088f2777d6aa"
        },
        "branches": {
            "public": {
                "buildid": "15313584",
                "timeupdated": "1723177447"
            }
        }
    }
}