{
    "appid": "3201910",
    "type": "Game",
    "name": "RailGods of Hysterra",
    "schinese_name": "",
    "isfreeapp": "0",
    "change_number": "29041487",
    "update_time": "2025-05-18 00:03:53",
    "depot": {
        "hasdepotsindlc": "1",
        "baselanguages": "english",
        "228989": {
            "config": {
                "oslist": "windows"
            },
            "depotfromapp": "228980",
            "sharedinstall": "1"
        },
        "228990": {
            "config": {
                "oslist": "windows"
            },
            "depotfromapp": "228980",
            "sharedinstall": "1"
        },
        "3201911": {
            "config": {
                "oslist": "windows",
                "osarch": "64"
            },
            "manifests": {
                "public": {
                    "gid": "5167277517273475540",
                    "size": "7714945254",
                    "download": "7427492752"
                }
            },
            "decryptionkey": "46a048eabbe26d9436a14036da2caa89bb0aedc6120abe014d8a647ca5abb411"
        },
        "branches": {
            "public": {
                "buildid": "18449541",
                "timeupdated": "1747169618"
            }
        },
        "privatebranches": "1"
    }
}