{
    "appid": "3193840",
    "type": "Game",
    "name": "OUTLAWED",
    "schinese_name": "枪火裁决",
    "isfreeapp": "0",
    "change_number": "29046489",
    "update_time": "2025-05-18 14:15:00",
    "depot": {
        "baselanguages": "english,schinese,tchinese",
        "3193841": {
            "config": {
                "oslist": "windows"
            },
            "manifests": {
                "public": {
                    "gid": "461453099942449606",
                    "size": "1330160086",
                    "download": "765453664"
                }
            },
            "decryptionkey": "f2c67de2826ed98855a3e838bc11d3cb2f6b4b41fd41cfd1ba1ebc1cf810ffff"
        },
        "branches": {
            "public": {
                "buildid": "17880864",
                "timeupdated": "1743075168"
            }
        },
        "privatebranches": "1"
    }
}