{
    "appid": "3148530",
    "type": "Demo",
    "name": "Journey to Incrementalia Demo",
    "schinese_name": "",
    "isfreeapp": "0",
    "change_number": "25867054",
    "update_time": "2024-10-24 07:54:57",
    "depot": {
        "3148531": {
            "manifests": {
                "public": {
                    "gid": "1865171171064012755",
                    "size": "176901692",
                    "download": "111842928"
                }
            },
            "decryptionkey": "d54d46611142c743ec965905f06684a28cff3ccfc052714ec67a3b07cf27e704"
        },
        "branches": {
            "public": {
                "buildid": "15922798",
                "timeupdated": "1727999168"
            }
        }
    }
}