{
    "appid": "3090500",
    "type": "Game",
    "name": "悪役令嬢の目覚め〜紅と純白のロマンス〜",
    "schinese_name": "恶役贵女觉醒之路～赤色与纯白罗曼篇章",
    "isfreeapp": "0",
    "change_number": "28405964",
    "update_time": "2025-04-10 19:21:13",
    "depot": {
        "baselanguages": "english,schinese,tchinese,japanese",
        "3090501": {
            "config": {
                "oslist": "windows"
            },
            "manifests": {
                "public": {
                    "gid": "3938993976205421183",
                    "size": "1009040651",
                    "download": "536167712"
                }
            },
            "decryptionkey": "07af095a6263f0cf2b92f1989bd5cec306bbae71141c65be09e9b21a3f9a24e4"
        },
        "branches": {
            "public": {
                "buildid": "15286930",
                "timeupdated": "1723015721"
            }
        }
    }
}