{
    "appid": "3328780",
    "type": "Demo",
    "name": "Sedap Demo",
    "schinese_name": "",
    "isfreeapp": "0",
    "change_number": "27534005",
    "update_time": "2025-02-18 20:30:11",
    "depot": {
        "3328781": {
            "manifests": {
                "public": {
                    "gid": "6761406852463359615",
                    "size": "1740808935",
                    "download": "595989008"
                }
            },
            "decryptionkey": "de68bc5d083e1389d555baf43f7b25519bbd8b8735ec574aaebe014c4c0d449f"
        },
        "branches": {
            "public": {
                "buildid": "17406882",
                "timeupdated": "1739881802"
            }
        },
        "privatebranches": "1"
    }
}