{
    "appid": "3282510",
    "type": "Game",
    "name": "Body Pay \"OMG! The girl with the big titties is too hitting on me!\"",
    "schinese_name": "Body Pay《我的天啊！一个胸部丰满的女人正在主动引诱我！》",
    "isfreeapp": "0",
    "change_number": "28681140",
    "update_time": "2025-04-26 17:54:07",
    "depot": {
        "hasdepotsindlc": "1",
        "3282511": {
            "config": {
                "oslist": "windows"
            },
            "manifests": {
                "public": {
                    "gid": "205414075115816784",
                    "size": "1100391672",
                    "download": "170321360"
                }
            },
            "decryptionkey": "432b0bcbbb1e83634d3d077b25540bcf99a3c9f4ec122aafc0f753378d29e37e"
        },
        "branches": {
            "public": {
                "buildid": "17513270",
                "timeupdated": "1740566500"
            }
        }
    }
}