{
    "appid": "3098410",
    "type": "Game",
    "name": "From Hell",
    "schinese_name": "",
    "isfreeapp": "0",
    "change_number": "28761409",
    "update_time": "2025-05-01 09:32:05",
    "depot": {
        "228989": {
            "config": {
                "oslist": "windows"
            },
            "depotfromapp": "228980",
            "sharedinstall": "1"
        },
        "228990": {
            "config": {
                "oslist": "windows"
            },
            "depotfromapp": "228980",
            "sharedinstall": "1"
        },
        "3098411": {
            "manifests": {
                "public": {
                    "gid": "6961262148926605557",
                    "size": "1202483658",
                    "download": "1100764080"
                }
            },
            "decryptionkey": "23ba6f8f52df4762464bef02e3f41071ef40d5ca4238c7dda1fad72a025c425f"
        },
        "baselanguages": "english",
        "branches": {
            "public": {
                "buildid": "16203016",
                "timeupdated": "1730102745"
            }
        }
    }
}