{
    "appid": "3398870",
    "type": "Game",
    "name": "Dooms Hair Salon",
    "schinese_name": "末日发廊",
    "isfreeapp": "0",
    "change_number": "29009962",
    "update_time": "2025-05-16 03:15:01",
    "depot": {
        "3398871": {
            "manifests": {
                "public": {
                    "gid": "430961484704427662",
                    "size": "1134661821",
                    "download": "442569632"
                }
            },
            "decryptionkey": "5728497db55ff3ca7d92a4d797fbe2fb2a70f6b384e0b909e94feb5a10cb19e1"
        },
        "baselanguages": "english,german,french,italian,koreana,spanish,schinese,tchinese,russian,thai,japanese,polish,danish,dutch,finnish,norwegian,swedish,hungarian,czech,romanian,turkish,arabic,brazilian,ukrainian,vietnamese,indonesian",
        "branches": {
            "public": {
                "buildid": "18403174",
                "timeupdated": "1746794427"
            }
        }
    }
}