{
    "appid": "3180930",
    "type": "Demo",
    "name": "Komadori Inn Demo",
    "schinese_name": "",
    "isfreeapp": "0",
    "change_number": "27380402",
    "update_time": "2025-02-09 01:21:19",
    "depot": {
        "3180931": {
            "manifests": {
                "public": {
                    "gid": "7720103453716964535",
                    "size": "487718281",
                    "download": "376095840"
                }
            },
            "decryptionkey": "19685ed190e3f64f27da36d164a5520a4528e61d545e4554bac600a351466881"
        },
        "branches": {
            "public": {
                "buildid": "16170052",
                "timeupdated": "1729797234"
            }
        }
    }
}