{
    "appid": "3026040",
    "type": "Application",
    "name": "shion",
    "schinese_name": "",
    "isfreeapp": "0",
    "change_number": "27491165",
    "update_time": "2025-02-15 12:44:17",
    "depot": {
        "3026041": {
            "manifests": {
                "public": {
                    "gid": "1768702898554008828",
                    "size": "37730152",
                    "download": "11915744"
                }
            },
            "decryptionkey": "f5a6945bdfa1785ab07bff3a84e6cf31e1d32eec3e6ccab2a2b8cf2dbd208e92"
        },
        "branches": {
            "public": {
                "buildid": "17375310",
                "timeupdated": "1739594653"
            }
        }
    }
}