{
    "appid": "3207140",
    "type": "Demo",
    "name": "中年失业模拟器2-When a man lose his job 2 Demo",
    "schinese_name": "",
    "isfreeapp": "0",
    "change_number": "26951016",
    "update_time": "2025-01-11 10:30:31",
    "depot": {
        "3207141": {
            "manifests": {
                "public": {
                    "gid": "3765330078836438240",
                    "size": "651460518",
                    "download": "426184640"
                }
            },
            "decryptionkey": "4edb10a3cb704b0d49187cccf317739dc19bfbfca981f179d67ba45c985b4bee"
        },
        "branches": {
            "public": {
                "buildid": "15883374",
                "timeupdated": "1727750328"
            }
        }
    }
}