{
    "appid": "2974270",
    "type": "Demo",
    "name": "Into the Restless Ruins Demo",
    "schinese_name": "",
    "isfreeapp": "0",
    "change_number": "27416586",
    "update_time": "2025-02-11 17:05:30",
    "depot": {
        "2974271": {
            "manifests": {
                "public": {
                    "gid": "6203117111783668049",
                    "size": "645347806",
                    "download": "259465280"
                }
            },
            "decryptionkey": "14ee08fbb4bd6c98afd8a2fcd4249bc04eb5a7985383f908d5f958797c875341"
        },
        "branches": {
            "public": {
                "buildid": "17425480",
                "timeupdated": "1739983309"
            }
        },
        "privatebranches": "1"
    }
}