{
    "appid": "3527750",
    "type": "Game",
    "name": "Aijin-爱人",
    "schinese_name": "",
    "isfreeapp": "0",
    "change_number": "28809569",
    "update_time": "2025-05-04 20:14:56",
    "depot": {
        "3527751": {
            "manifests": {
                "public": {
                    "gid": "3200595448509304862",
                    "size": "2456173703",
                    "download": "2290847136"
                }
            },
            "decryptionkey": "68cccec0ec591c10aac6096dcaa2867dfbaee2805139603f763dbd10b83cba85"
        },
        "baselanguages": "english,schinese",
        "branches": {
            "public": {
                "buildid": "18337783",
                "timeupdated": "1746360890"
            }
        }
    }
}