{
    "appid": "3461200",
    "type": "Game",
    "name": "MatchmaniaDonate",
    "schinese_name": "",
    "isfreeapp": "0",
    "change_number": "28509674",
    "update_time": "2025-04-16 22:11:34",
    "depot": {
        "3461201": {
            "manifests": {
                "public": {
                    "gid": "676375674105894895",
                    "size": "55003888",
                    "download": "37630704"
                }
            },
            "decryptionkey": "1cc22e0133299903aca7467bb552a3734031b9c08e33b6481fc22a072e9f676f"
        },
        "branches": {
            "public": {
                "buildid": "17443378",
                "timeupdated": "1740148791"
            }
        }
    }
}