{
    "appid": "3601390",
    "type": "DLC",
    "name": "RailGods of Hysterra - Supporter Pack",
    "schinese_name": "",
    "isfreeapp": "0",
    "change_number": "28868233",
    "update_time": "2025-05-08 03:02:47",
    "depot": {
        "3601390": {
            "manifests": {
                "public": {
                    "gid": "5779026321098797952",
                    "size": "210971061",
                    "download": "200158784"
                }
            },
            "dlcappid": "3601390",
            "decryptionkey": "64ba32802db186b2061a124acd28e1c105394eaee551f5249aa0bdba82704e39"
        },
        "branches": {
            "public": {
                "buildid": "18298336",
                "timeupdated": "1746028249"
            }
        }
    }
}