{
    "appid": "3331050",
    "type": "Game",
    "name": "A Café Couple's Joyful Life of Resistance",
    "schinese_name": "咖啡厅夫妻的愉快抗病生活",
    "isfreeapp": "0",
    "change_number": "29041117",
    "update_time": "2025-05-17 23:14:00",
    "depot": {
        "baselanguages": "english,schinese",
        "3331051": {
            "config": {
                "language": "english"
            },
            "manifests": {
                "public": {
                    "gid": "8926986887066377656",
                    "size": "346498356",
                    "download": "218166112"
                }
            },
            "decryptionkey": ""
        },
        "3331052": {
            "config": {
                "language": "schinese"
            },
            "manifests": {
                "public": {
                    "gid": "8673673394725511853",
                    "size": "346562823",
                    "download": "218237264"
                }
            },
            "decryptionkey": "0b6e3a43bacee18eb7cae47bd4271b8dc37da67d260d3840457494cb58125e6e"
        },
        "branches": {
            "public": {
                "buildid": "17040701",
                "timeupdated": "1737121969"
            }
        }
    }
}