{
    "appid": "3580580",
    "type": "Game",
    "name": "Jacksmith: Weapons and Warriors",
    "schinese_name": "",
    "isfreeapp": "0",
    "change_number": "29012397",
    "update_time": "2025-05-16 06:12:51",
    "depot": {
        "3580581": {
            "config": {
                "oslist": "windows"
            },
            "manifests": {
                "public": {
                    "gid": "3334411329630764873",
                    "size": "45686727",
                    "download": "31632992"
                }
            },
            "decryptionkey": "66b3c25e35e2d734a6591131492f846958fed2a8c5b0a1a4e44a9195f6f78866"
        },
        "branches": {
            "public": {
                "buildid": "18194842",
                "timeupdated": "1745334060"
            }
        }
    }
}