{
    "appid": "3576980",
    "type": "Game",
    "name": "encrypted_nightmares",
    "schinese_name": "",
    "isfreeapp": "0",
    "change_number": "29015864",
    "update_time": "2025-05-16 11:19:52",
    "depot": {
        "3576981": {
            "config": {
                "language": "english",
                "oslist": "windows"
            },
            "manifests": {
                "public": {
                    "gid": "6108991487189085027",
                    "size": "10684417214",
                    "download": "10646070544"
                }
            },
            "decryptionkey": "2849b9e1910703cbcbb88dcb397973a987542a559e6261757b01d155b35e13ec"
        },
        "branches": {
            "public": {
                "buildid": "18127626",
                "timeupdated": "1744801945"
            }
        }
    }
}