{
    "appid": "2995300",
    "type": "Demo",
    "name": "Sodaman Demo",
    "schinese_name": "汽水侠 试玩版",
    "isfreeapp": "0",
    "change_number": "27508072",
    "update_time": "2025-02-17 09:01:47",
    "depot": {
        "2995301": {
            "config": {
                "oslist": "windows"
            },
            "manifests": {
                "public": {
                    "gid": "5714403757809242602",
                    "size": "3719328678",
                    "download": "787870912"
                }
            },
            "decryptionkey": "232a8c4d324d28936258c5c0adff523d8035f82430e8bb2d9b0ab15b5715e521"
        },
        "2995302": {
            "config": {
                "oslist": "linux"
            },
            "manifests": {
                "public": {
                    "gid": "887643049465979599",
                    "size": "2656311744",
                    "download": "422008240"
                }
            },
            "decryptionkey": ""
        },
        "branches": {
            "public": {
                "buildid": "17112464",
                "timeupdated": "1737678983"
            }
        }
    }
}