{
    "appid": "3285790",
    "type": "Game",
    "name": "SpyLens: Sex in focus",
    "schinese_name": "SpyLens: 聚焦性爱",
    "isfreeapp": "0",
    "change_number": "28571625",
    "update_time": "2025-04-20 19:58:55",
    "depot": {
        "3285791": {
            "manifests": {
                "public": {
                    "gid": "9144563712221821887",
                    "size": "2173232671",
                    "download": "750357088"
                }
            },
            "decryptionkey": "d93767a9761da55e87846fb29dd472a1d0b199fd447ce488f8d3364fdf2a5dd1"
        },
        "branches": {
            "public": {
                "buildid": "17015390",
                "timeupdated": "1736958822"
            }
        }
    }
}