{
    "appid": "3658110",
    "type": "Tool",
    "name": "Proton 10.0 (Beta)",
    "schinese_name": "",
    "isfreeapp": "0",
    "change_number": "28909198",
    "update_time": "2025-05-10 04:12:44",
    "depot": {
        "3658111": {
            "manifests": {
                "public": {
                    "gid": "8680009256040642814",
                    "size": "1372026521",
                    "download": "355296064"
                },
                "debug": {
                    "gid": "2539537772212901397",
                    "size": "4636111852",
                    "download": "943060160"
                }
            },
            "decryptionkey": "bf95f0ac418e99d85c6b710461304c693358757ad4d2e8f706504c12a526404d"
        },
        "branches": {
            "public": {
                "buildid": "18405176",
                "timeupdated": "1746821557"
            },
            "debug": {
                "buildid": "18405202",
                "description": "with debugging symbols",
                "timeupdated": "1746821526"
            }
        }
    },
    "access_token": 12768269787590835066
}