{
    "appid": "3215180",
    "type": "Demo",
    "name": "My Little Life Demo",
    "schinese_name": "",
    "isfreeapp": "0",
    "change_number": "27316086",
    "update_time": "2025-02-05 07:50:46",
    "depot": {
        "3215181": {
            "manifests": {
                "public": {
                    "gid": "5335486518647513104",
                    "size": "21471590",
                    "download": "9899776"
                }
            },
            "decryptionkey": "1123c7035174cf5ef0c451ec99f31da6ce70da7aeb7d3bde5a2049540444991c"
        },
        "branches": {
            "public": {
                "buildid": "16191007",
                "timeupdated": "1729941207"
            }
        },
        "privatebranches": "1"
    }
}