{
    "appid": "3278200",
    "type": "Demo",
    "name": "Scuttle Demo",
    "schinese_name": "",
    "isfreeapp": "0",
    "change_number": "28827850",
    "update_time": "2025-05-06 02:32:49",
    "depot": {
        "baselanguages": "english",
        "228989": {
            "config": {
                "oslist": "windows"
            },
            "depotfromapp": "228980",
            "sharedinstall": "1"
        },
        "228990": {
            "config": {
                "oslist": "windows"
            },
            "depotfromapp": "228980",
            "sharedinstall": "1"
        },
        "3278201": {
            "config": {
                "language": "english",
                "oslist": "windows"
            },
            "manifests": {
                "public": {
                    "gid": "6481780511717092143",
                    "size": "2093773962",
                    "download": "1887944368"
                },
                "demobuild3": {
                    "gid": "6481780511717092143",
                    "size": "2093773962",
                    "download": "1887944368"
                }
            },
            "decryptionkey": "690addbc064527647676a055992fcb694eeb39bddaf2ecf6590265b59bd0569c"
        },
        "branches": {
            "public": {
                "buildid": "18183409",
                "timeupdated": "1745261074"
            },
            "demobuild3": {
                "buildid": "18183409",
                "description": "Updated Demo April 2025",
                "timeupdated": "1745260901"
            }
        }
    }
}