{
    "appid": "3274240",
    "type": "DLC",
    "name": "Beat Saber - Teddy Killerzs & Pegboard Nerds - Pump",
    "schinese_name": "",
    "isfreeapp": "0",
    "change_number": "26160050",
    "update_time": "2024-11-12 23:50:54",
    "depot": {
        "3274240": {
            "manifests": {
                "public": {
                    "gid": "3996522714933221147",
                    "size": "18352591",
                    "download": "18603760"
                }
            },
            "dlcappid": "3274240",
            "decryptionkey": "adc56c555ff204bf88f0c9a015d39d58f82e8cf71f8bbf6f6d0361c58449e8df"
        },
        "branches": {
            "public": {
                "buildid": "15951292",
                "timeupdated": "1728294353"
            }
        }
    }
}