{
    "appid": "3330360",
    "type": "Game",
    "name": "Fatal Pursuit",
    "schinese_name": "",
    "isfreeapp": "0",
    "change_number": "27966786",
    "update_time": "2025-03-15 07:23:48",
    "depot": {
        "228989": {
            "config": {
                "oslist": "windows"
            },
            "depotfromapp": "228980",
            "sharedinstall": "1"
        },
        "228990": {
            "config": {
                "oslist": "windows"
            },
            "depotfromapp": "228980",
            "sharedinstall": "1"
        },
        "3330361": {
            "config": {
                "oslist": "windows"
            },
            "manifests": {
                "public": {
                    "gid": "4099664583087727997",
                    "size": "2543711822",
                    "download": "2313958656"
                }
            },
            "decryptionkey": "0ed070c946dc017780b7c3f1c58a6be76df943798d71f27f663708e36ffcd5d6"
        },
        "branches": {
            "public": {
                "buildid": "16975809",
                "timeupdated": "1736620475"
            }
        }
    }
}