{
    "appid": "3163040",
    "type": "Demo",
    "name": "Lightning Katana Demo",
    "schinese_name": "",
    "isfreeapp": "0",
    "change_number": "26223722",
    "update_time": "2024-11-16 14:05:23",
    "depot": {
        "3163041": {
            "config": {
                "oslist": "windows"
            },
            "manifests": {
                "public": {
                    "gid": "7499519658375296660",
                    "size": "264131447",
                    "download": "54213136"
                }
            },
            "decryptionkey": "e73061e6273f410408bdeee586d8400729bd85cd3cf206b40cba8d8733966b86"
        },
        "branches": {
            "public": {
                "buildid": "16428929",
                "timeupdated": "1731737111"
            }
        },
        "privatebranches": "1"
    }
}