{
    "appid": "3137120",
    "type": "Demo",
    "name": "DISORDER: Demo",
    "schinese_name": "",
    "isfreeapp": "0",
    "change_number": "27833827",
    "update_time": "2025-03-07 19:09:00",
    "depot": {
        "228989": {
            "config": {
                "oslist": "windows"
            },
            "depotfromapp": "228980",
            "sharedinstall": "1"
        },
        "228990": {
            "config": {
                "oslist": "windows"
            },
            "depotfromapp": "228980",
            "sharedinstall": "1"
        },
        "3137121": {
            "config": {
                "oslist": "windows",
                "osarch": "64"
            },
            "manifests": {
                "public": {
                    "gid": "4027472297622371493",
                    "size": "10976538495",
                    "download": "10882153312"
                }
            },
            "decryptionkey": "09522e39f550e6c6a548475e61d268431ad47f84c14669382810551c89737f19"
        },
        "branches": {
            "public": {
                "buildid": "16033540",
                "timeupdated": "1728895681"
            }
        },
        "privatebranches": "1"
    }
}