{
    "appid": "3097200",
    "type": "Game",
    "name": "Recall",
    "schinese_name": "",
    "isfreeapp": "0",
    "change_number": "24487594",
    "update_time": "2024-07-24 15:04:31",
    "depot": {
        "3097201": {
            "manifests": {
                "public": {
                    "gid": "4943563446223804378",
                    "size": "93282645",
                    "download": "34128928"
                }
            },
            "decryptionkey": "3669b7fed0d10ce079528a90791bb80b3d4c5bb552ce671797ba11631f056317"
        },
        "branches": {
            "public": {
                "buildid": "14960370",
                "timeupdated": "1720408107"
            }
        }
    }
}