{
    "appid": "3478200",
    "type": "Game",
    "name": "Trilogy of the Moon",
    "schinese_name": "月亮三部曲 (Trilogy of the Moon) ",
    "isfreeapp": "0",
    "change_number": "29039330",
    "update_time": "2025-05-17 19:13:13",
    "depot": {
        "baselanguages": "english,koreana",
        "hasdepotsindlc": "1",
        "3478201": {
            "manifests": {
                "public": {
                    "gid": "376619084408600132",
                    "size": "10140394782",
                    "download": "9217902496"
                }
            },
            "decryptionkey": "03bb32be6195269cf7e30a1f0ba4207cf42c817b2d0c70f7eb87e9529c0875a5"
        },
        "branches": {
            "public": {
                "buildid": "18260563",
                "timeupdated": "1745902887"
            }
        },
        "privatebranches": "1"
    }
}