{
    "appid": "2991390",
    "type": "Game",
    "name": "Kozue's Strange Journey 2",
    "schinese_name": "少女异闻录～白鹭白百合的华丽日常～",
    "isfreeapp": "0",
    "change_number": "28184347",
    "update_time": "2025-03-28 13:20:20",
    "depot": {
        "2991391": {
            "manifests": {
                "public": {
                    "gid": "4363169859416446074",
                    "size": "794978649",
                    "download": "496295264"
                }
            },
            "decryptionkey": "ffccfb5c3006be89497133849b7b2713602cd5917e9b940db5e5e1df51b1303f"
        },
        "2991392": {
            "config": {
                "language": "schinese"
            },
            "manifests": {
                "public": {
                    "gid": "305220606046135033",
                    "size": "693803130",
                    "download": "474733056"
                }
            },
            "decryptionkey": "04f4508ca2024b08e07d0006c658fda864ba121c174ab811c1c7855d29e1165e"
        },
        "2991393": {
            "config": {
                "language": "japanese"
            },
            "manifests": {
                "public": {
                    "gid": "5986261428265212542",
                    "size": "621679761",
                    "download": "446400368"
                }
            },
            "decryptionkey": "9de9d07370121daa69383a3ffa6a0e9553a2ef239d18680f7d55dac5e8509854"
        },
        "branches": {
            "public": {
                "buildid": "16306753",
                "timeupdated": "1730844070"
            }
        }
    }
}