{
    "appid": "3098190",
    "type": "Music",
    "name": "Soundtrack - Zombie Police: Christmas Dancing with Police Zombies",
    "schinese_name": "Soundtrack - Zombie Police ～圣诞节与僵尸共舞～",
    "isfreeapp": "0",
    "change_number": "24871390",
    "update_time": "2024-08-21 06:38:23",
    "depot": {
        "3098191": {
            "manifests": {
                "public": {
                    "gid": "3651866835649587133",
                    "size": "81933120",
                    "download": "64435856"
                }
            },
            "decryptionkey": "4b4ca525d7807166a5b41777a19549cb2432022ad06cee205b34bf70548b3032"
        },
        "3098192": {
            "config": {
                "highqualityaudio": "1"
            },
            "manifests": {
                "public": {
                    "gid": "5886150113787793415",
                    "size": "589744736",
                    "download": "557836384"
                }
            },
            "decryptionkey": "441b877045d4448fc4effca6e347dbe770b1a54c8c831fb481c269229f7a58bf"
        },
        "branches": {
            "public": {
                "buildid": "15146331",
                "timeupdated": "1721887735"
            }
        }
    }
}