{
    "appid": "3289580",
    "type": "Game",
    "name": "Winter ~Life in the Countryside~",
    "schinese_name": "Winter~乡间性活~",
    "isfreeapp": "0",
    "change_number": "29016574",
    "update_time": "2025-05-16 12:30:45",
    "depot": {
        "3289581": {
            "manifests": {
                "public": {
                    "gid": "7300301600031974268",
                    "size": "841942485",
                    "download": "686737008"
                }
            },
            "decryptionkey": "a5435012d9b4011281fbd9e9208e14af1593ad7f2670fe552875f5ebba8ebb51"
        },
        "3289582": {
            "config": {
                "language": "japanese"
            },
            "manifests": {
                "public": {
                    "gid": "5443067978687044579",
                    "size": "840780640",
                    "download": "686531376"
                }
            },
            "decryptionkey": "52d62701fc2c1f1aac3a997161d1edda60a964dab4dd50037be116eb2075535d"
        },
        "baselanguages": "english,schinese,japanese",
        "branches": {
            "public": {
                "buildid": "17702329",
                "timeupdated": "1741832998"
            }
        }
    }
}