{
    "appid": "3406610",
    "type": "Game",
    "name": "Teleport Master",
    "schinese_name": "",
    "isfreeapp": "0",
    "change_number": "28333566",
    "update_time": "2025-04-06 23:58:14",
    "depot": {
        "3406611": {
            "manifests": {
                "public": {
                    "gid": "3747914205364839408",
                    "size": "171420943",
                    "download": "106980976"
                }
            },
            "decryptionkey": "2f8ad3405ed9f5d60841fae510b75cd2742368c0a92b5163425585b15b0ce085"
        },
        "baselanguages": "english",
        "branches": {
            "public": {
                "buildid": "18002544",
                "timeupdated": "1743955089"
            }
        }
    }
}