{
    "appid": "3354710",
    "type": "DLC",
    "name": "Beat Saber - Metallica - The Unforgiven",
    "schinese_name": "",
    "isfreeapp": "0",
    "change_number": "26577791",
    "update_time": "2024-12-10 23:43:43",
    "depot": {
        "3354710": {
            "manifests": {
                "public": {
                    "gid": "8432491958895386234",
                    "size": "21704337",
                    "download": "22001440"
                }
            },
            "dlcappid": "3354710",
            "decryptionkey": "9cb792947a664eabd8d88efd302030a1caa5790bbf11c17d39f2c7631357fd6a"
        },
        "branches": {
            "public": {
                "buildid": "16539590",
                "timeupdated": "1732636636"
            }
        }
    }
}