{
    "appid": "3281470",
    "type": "Demo",
    "name": "Nova Drift Demo",
    "schinese_name": "",
    "isfreeapp": "0",
    "change_number": "25881934",
    "update_time": "2024-10-25 01:49:41",
    "depot": {
        "3281471": {
            "config": {
                "oslist": "windows"
            },
            "manifests": {
                "public": {
                    "gid": "2307669405786578966",
                    "size": "812777787",
                    "download": "359075792"
                }
            },
            "decryptionkey": "f054630dc593915eb0f1080f42e0878cea93c9886c52942ff6e5def19a7da61c"
        },
        "3281472": {
            "config": {
                "oslist": "macos"
            },
            "manifests": {
                "public": {
                    "gid": "8598730701433958916",
                    "size": "853942316",
                    "download": "369219504"
                }
            },
            "decryptionkey": ""
        },
        "branches": {
            "public": {
                "buildid": "16168946",
                "timeupdated": "1729790592"
            }
        }
    }
}