{
    "appid": "3318000",
    "type": "Game",
    "name": "Flatinside Simulator",
    "schinese_name": "",
    "isfreeapp": "0",
    "change_number": "28943309",
    "update_time": "2025-05-13 00:33:26",
    "depot": {
        "228989": {
            "config": {
                "oslist": "windows"
            },
            "depotfromapp": "228980",
            "sharedinstall": "1"
        },
        "228990": {
            "config": {
                "oslist": "windows"
            },
            "depotfromapp": "228980",
            "sharedinstall": "1"
        },
        "3318001": {
            "config": {
                "oslist": "windows",
                "osarch": "64"
            },
            "manifests": {
                "public": {
                    "gid": "7323303963249927306",
                    "size": "10342157391",
                    "download": "9325729616"
                }
            },
            "decryptionkey": "54a4a4373a13cd661225fbbc6dea32af207d9c82d659270c80804a2b4c8175cf"
        },
        "branches": {
            "public": {
                "buildid": "17966521",
                "timeupdated": "1743672359"
            }
        },
        "privatebranches": "1"
    }
}