{
    "appid": "3254940",
    "type": "Game",
    "name": "My Putrid Ponies",
    "schinese_name": "",
    "isfreeapp": "0",
    "change_number": "28712822",
    "update_time": "2025-04-29 02:54:38",
    "depot": {
        "3254941": {
            "manifests": {
                "public": {
                    "gid": "302334849954224056",
                    "size": "806880568",
                    "download": "246418304"
                }
            },
            "decryptionkey": "e66c54de5422bc8d96fcba1397a1bc4081a9d21a83af4897392b9dd5dcfbcb0c"
        },
        "branches": {
            "public": {
                "buildid": "16871467",
                "timeupdated": "1735504664"
            }
        }
    }
}