{
    "appid": "3626100",
    "type": "Game",
    "name": "EXIT",
    "schinese_name": "安全出口",
    "isfreeapp": "0",
    "change_number": "28903669",
    "update_time": "2025-05-09 22:32:59",
    "depot": {
        "3626101": {
            "config": {
                "oslist": "windows",
                "osarch": "64"
            },
            "manifests": {
                "public": {
                    "gid": "2066956776382160634",
                    "size": "1031709945",
                    "download": "390803040"
                }
            },
            "decryptionkey": "8c0eddedde8d00a9976c8d822346b4a9e00e878cc3372a4e017c82545e3d9b5a"
        },
        "branches": {
            "public": {
                "buildid": "18223055",
                "timeupdated": "1745494599"
            }
        }
    }
}