{
    "appid": "3387400",
    "type": "Game",
    "name": "Final Zone",
    "schinese_name": "",
    "isfreeapp": "0",
    "change_number": "28905757",
    "update_time": "2025-05-10 00:33:48",
    "depot": {
        "3387401": {
            "manifests": {
                "public": {
                    "gid": "7814776329831957468",
                    "size": "41059752",
                    "download": "27195120"
                }
            },
            "decryptionkey": "4c54e5456ab24b8a6b5a46c118203c2db3310ca72c1419c83ea515f38800d1c8"
        },
        "branches": {
            "public": {
                "buildid": "18028483",
                "timeupdated": "1744127874"
            }
        }
    }
}