{
    "appid": "3084280",
    "type": "Game",
    "name": "Threefold Recital 三相奇谈",
    "schinese_name": "三相奇谈",
    "isfreeapp": "0",
    "change_number": "29016152",
    "update_time": "2025-05-16 11:48:45",
    "depot": {
        "3084281": {
            "manifests": {
                "public": {
                    "gid": "7760939731312360583",
                    "size": "4473595511",
                    "download": "485527280"
                }
            },
            "decryptionkey": "8992e70f6265e3afca1db65339f6132ed758d29b4517fd6e44039e6154082644"
        },
        "branches": {
            "public": {
                "buildid": "17713850",
                "timeupdated": "1741893441"
            }
        },
        "privatebranches": "1"
    }
}