{
    "appid": "3360330",
    "type": "Game",
    "name": "灵魂重生Reborn the Soul",
    "schinese_name": "",
    "isfreeapp": "0",
    "change_number": "28530412",
    "update_time": "2025-04-17 21:59:11",
    "depot": {
        "228990": {
            "config": {
                "oslist": "windows"
            },
            "depotfromapp": "228980",
            "sharedinstall": "1"
        },
        "baselanguages": "english,german,french,italian,spanish,schinese,tchinese,russian,japanese,portuguese,polish",
        "3360331": {
            "config": {
                "oslist": "windows"
            },
            "manifests": {
                "public": {
                    "gid": "5577448432962801820",
                    "size": "851636000",
                    "download": "376855248"
                }
            },
            "decryptionkey": "7aa22b55ae0df2e625e7d388859772581a0ef03ac09387b43def9194f8dbca44"
        },
        "branches": {
            "public": {
                "buildid": "18144988",
                "timeupdated": "1744898346"
            }
        }
    }
}