{
    "appid": "3026440",
    "type": "Game",
    "name": "Sex Industry XXX",
    "schinese_name": "",
    "isfreeapp": "0",
    "change_number": "28991929",
    "update_time": "2025-05-15 08:10:52",
    "depot": {
        "3026441": {
            "config": {
                "oslist": "windows"
            },
            "manifests": {
                "public": {
                    "gid": "1960261749686249104",
                    "size": "552456764",
                    "download": "374556944"
                }
            },
            "decryptionkey": "af4bf1f1b900ad7c88a21762711d2a62594e2884dcaa00c20df3a8599d44ec16"
        },
        "3026442": {
            "config": {
                "oslist": "macos"
            },
            "manifests": {
                "public": {
                    "gid": "8393962386549970644",
                    "size": "575439032",
                    "download": "381431424"
                }
            },
            "decryptionkey": ""
        },
        "3026443": {
            "config": {
                "oslist": "linux"
            },
            "manifests": {
                "public": {
                    "gid": "267806909042008655",
                    "size": "553910715",
                    "download": "373479328"
                }
            },
            "decryptionkey": ""
        },
        "branches": {
            "public": {
                "buildid": "16905257",
                "timeupdated": "1735978793"
            }
        }
    }
}