{
    "appid": "3158290",
    "type": "Game",
    "name": "Rebecca and the Sword of Nasty Curses",
    "schinese_name": "蕾贝卡与诅咒之剑",
    "isfreeapp": "0",
    "change_number": "29048541",
    "update_time": "2025-05-18 20:16:04",
    "depot": {
        "baselanguages": "english,schinese,tchinese,japanese",
        "3158291": {
            "config": {
                "language": "english",
                "oslist": "windows"
            },
            "manifests": {
                "public": {
                    "gid": "1748582754683880158",
                    "size": "813344769",
                    "download": "689116304"
                }
            },
            "decryptionkey": ""
        },
        "3158292": {
            "config": {
                "language": "japanese",
                "oslist": "windows"
            },
            "manifests": {
                "public": {
                    "gid": "2428381976285585394",
                    "size": "812379954",
                    "download": "688162320"
                }
            },
            "decryptionkey": ""
        },
        "3158293": {
            "config": {
                "language": "schinese",
                "oslist": "windows"
            },
            "manifests": {
                "public": {
                    "gid": "527886081891189378",
                    "size": "813439787",
                    "download": "689200224"
                }
            },
            "decryptionkey": "5a39bf4ae758ec0bdb64778aee59922f5997e4a596061a8702a5f34cff66be61"
        },
        "3158294": {
            "config": {
                "language": "tchinese",
                "oslist": "windows"
            },
            "manifests": {
                "public": {
                    "gid": "1087474063831359900",
                    "size": "827905370",
                    "download": "697688992"
                }
            },
            "decryptionkey": "4f7f547cb5dac89620cd823fcf0a11cc8c1c0878564b491f8fab04bec4a38b9b"
        },
        "branches": {
            "public": {
                "buildid": "17777437",
                "timeupdated": "1742810395"
            }
        }
    }
}