{
    "appid": "3197690",
    "type": "Game",
    "name": "Three Skies Ascension",
    "schinese_name": "",
    "isfreeapp": "0",
    "change_number": "29003973",
    "update_time": "2025-05-15 22:03:47",
    "depot": {
        "3197691": {
            "manifests": {
                "public": {
                    "gid": "1776558321837123209",
                    "size": "2048719290",
                    "download": "965993904"
                }
            },
            "decryptionkey": "fb43e7acb7bb362d55dfbc3d674b67536a5280ae11702b778efc5c22036a2d24"
        },
        "branches": {
            "public": {
                "buildid": "18362540",
                "timeupdated": "1746563673"
            }
        },
        "privatebranches": "1"
    }
}