{
    "appid": "3174960",
    "type": "Game",
    "name": "Magical Gyarus Milk Me for Mana",
    "schinese_name": "巨乳魔法少女之鬼畜调教",
    "isfreeapp": "0",
    "change_number": "28620555",
    "update_time": "2025-04-23 19:20:24",
    "depot": {
        "baselanguages": "english",
        "3174961": {
            "config": {
                "oslist": "windows,linux"
            },
            "manifests": {
                "public": {
                    "gid": "8082075760742667668",
                    "size": "1575052999",
                    "download": "1406086304"
                }
            },
            "decryptionkey": "da1eb5f2d7ab67bbad2cd0768b2e9444504291fc157c90823123a53fb61658c0"
        },
        "3174962": {
            "config": {
                "oslist": "macos"
            },
            "manifests": {
                "public": {
                    "gid": "196185761833964194",
                    "size": "1569924387",
                    "download": "1400459696"
                }
            },
            "decryptionkey": ""
        },
        "branches": {
            "public": {
                "buildid": "16478202",
                "timeupdated": "1732140078"
            }
        },
        "privatebranches": "1"
    }
}