{
    "appid": "2978540",
    "type": "Game",
    "name": "Gaming Cafe Simulator",
    "schinese_name": "",
    "isfreeapp": "0",
    "change_number": "29040503",
    "update_time": "2025-05-17 21:56:33",
    "depot": {
        "2978541": {
            "config": {
                "oslist": "windows"
            },
            "manifests": {
                "public": {
                    "gid": "1176720913072122671",
                    "size": "1176531570",
                    "download": "1028213664"
                }
            },
            "decryptionkey": "c078db4446370348acbe7cd5a779bcb7f5c37d600381a939948d082744b8e50a"
        },
        "branches": {
            "public": {
                "buildid": "18323847",
                "timeupdated": "1746203276"
            }
        },
        "privatebranches": "1"
    }
}