{
    "appid": "3316560",
    "type": "Demo",
    "name": "DEEPWATER Demo",
    "schinese_name": "",
    "isfreeapp": "0",
    "change_number": "27244394",
    "update_time": "2025-01-31 09:35:17",
    "depot": {
        "3316561": {
            "manifests": {
                "public": {
                    "gid": "4332078879413252939",
                    "size": "3567995123",
                    "download": "1620730000"
                }
            },
            "decryptionkey": "260bec9b64f25a1bb1b41759b738d90e5a2da34e57940c7a41a8b88d887fd1a7"
        },
        "branches": {
            "public": {
                "buildid": "17191768",
                "timeupdated": "1738281273"
            }
        }
    }
}