{
    "appid": "3077820",
    "type": "Demo",
    "name": "Heretical Demo",
    "schinese_name": "",
    "isfreeapp": "0",
    "change_number": "27218028",
    "update_time": "2025-01-29 21:34:49",
    "depot": {
        "3077821": {
            "config": {
                "oslist": "windows"
            },
            "manifests": {
                "public": {
                    "gid": "7904532834897144528",
                    "size": "670289199",
                    "download": "295114208"
                }
            },
            "decryptionkey": "ebae0af01753a4ee1432181b964461e8bedf31052da909c028ec40d167821287"
        },
        "baselanguages": "english",
        "branches": {
            "public": {
                "buildid": "16353185",
                "timeupdated": "1731170645"
            }
        }
    }
}