{
    "appid": "3067200",
    "type": "Game",
    "name": "I Wanna Fuck my Mom's Best Friend",
    "schinese_name": "我上了老妈的爆乳朋友",
    "isfreeapp": "0",
    "change_number": "29042526",
    "update_time": "2025-05-18 02:15:48",
    "depot": {
        "3067201": {
            "config": {
                "oslist": "windows,linux"
            },
            "manifests": {
                "public": {
                    "gid": "5032908328786120586",
                    "size": "1732505583",
                    "download": "1486668032"
                }
            },
            "decryptionkey": "af1b4380c9259b939315c7c6b35333788108a0385c930dd9451cf64f907ef6d0"
        },
        "3067202": {
            "config": {
                "oslist": "macos"
            },
            "manifests": {
                "public": {
                    "gid": "7852547652270181387",
                    "size": "1726815374",
                    "download": "1483612320"
                }
            },
            "decryptionkey": "9d9d99c46a76fb7045365947b000afb68239957b417a1e6ddd0bbdc5a6e7c1a5"
        },
        "branches": {
            "public": {
                "buildid": "15323630",
                "timeupdated": "1723238133"
            }
        }
    }
}