{
    "appid": "3333090",
    "type": "Beta",
    "name": "Mandragora Playtest",
    "schinese_name": "",
    "isfreeapp": "0",
    "change_number": "28334544",
    "update_time": "2025-04-07 02:16:53",
    "depot": {
        "228989": {
            "config": {
                "oslist": "windows"
            },
            "depotfromapp": "228980",
            "sharedinstall": "1"
        },
        "228990": {
            "config": {
                "oslist": "windows"
            },
            "depotfromapp": "228980",
            "sharedinstall": "1"
        },
        "3333091": {
            "manifests": {
                "public": {
                    "gid": "1668315739320835238",
                    "size": "8426573577",
                    "download": "8021132272"
                }
            },
            "decryptionkey": "bdc609745e3fd33cebda77f079de5ccd962ed3dadd720f1a960ef1d39e7ff1bc"
        },
        "branches": {
            "public": {
                "buildid": "17870380",
                "timeupdated": "1743010174"
            }
        },
        "privatebranches": "1"
    },
    "access_token": 10758325097917490791
}