{
    "appid": "3509350",
    "type": "Demo",
    "name": "Killer Chat! - Definitive Edition Demo",
    "schinese_name": "",
    "isfreeapp": "0",
    "change_number": "27534611",
    "update_time": "2025-02-18 21:04:47",
    "depot": {
        "3509351": {
            "manifests": {
                "public": {
                    "gid": "886019160499058801",
                    "size": "318087810",
                    "download": "143252576"
                }
            },
            "decryptionkey": "62649c9470d5d41a23f1a572d35db43d94b721616e748ceb74aae715b0b67bbf"
        },
        "branches": {
            "public": {
                "buildid": "17407303",
                "timeupdated": "1739883881"
            }
        }
    }
}