{
    "appid": "3472850",
    "type": "Game",
    "name": "指尖问道",
    "schinese_name": "指尖问道",
    "isfreeapp": "0",
    "change_number": "28895379",
    "update_time": "2025-05-09 13:19:52",
    "depot": {
        "baselanguages": "schinese,tchinese",
        "hasdepotsindlc": "1",
        "workshopdepot": "3472850",
        "3472851": {
            "config": {
                "oslist": "windows"
            },
            "manifests": {
                "public": {
                    "gid": "6758960445682828330",
                    "size": "214009280",
                    "download": "79946704"
                }
            },
            "decryptionkey": "72188682cb021cae1728d33a2615ffc905c5e2a3c354e39363ecbefa85b105f4"
        },
        "3472852": {
            "config": {
                "oslist": "macos"
            },
            "manifests": {
                "public": {
                    "gid": "8618893646573321138",
                    "size": "288935423",
                    "download": "88151200"
                }
            }
        },
        "3472853": {
            "config": {
                "oslist": "windows"
            }
        },
        "branches": {
            "public": {
                "buildid": "18289005",
                "timeupdated": "1745979842"
            }
        },
        "privatebranches": "1",
        "workshopdepotdecryptionkey": ""
    }
}