{
    "appid": "3301070",
    "type": "Game",
    "name": "UWAR",
    "schinese_name": "",
    "isfreeapp": "1",
    "change_number": "28921715",
    "update_time": "2025-05-11 08:34:54",
    "depot": {
        "228989": {
            "config": {
                "oslist": "windows"
            },
            "depotfromapp": "228980",
            "sharedinstall": "1"
        },
        "228990": {
            "config": {
                "oslist": "windows"
            },
            "depotfromapp": "228980",
            "sharedinstall": "1"
        },
        "3301071": {
            "manifests": {
                "public": {
                    "gid": "3884558217847010038",
                    "size": "14425372967",
                    "download": "7500375024"
                }
            },
            "decryptionkey": "65e146c21ec3ce8a6acf22a37071f6983a630a8c2c5cd0231cfb7c5bd016760d"
        },
        "branches": {
            "public": {
                "buildid": "16191778",
                "timeupdated": "1729952190"
            }
        }
    }
}