{
    "appid": "3642860",
    "type": "Game",
    "name": "VR Naughty",
    "schinese_name": "",
    "isfreeapp": "0",
    "change_number": "29048192",
    "update_time": "2025-05-18 19:14:29",
    "depot": {
        "3642861": {
            "manifests": {
                "public": {
                    "gid": "9109565045838351406",
                    "size": "7205571672",
                    "download": "2669937568"
                }
            },
            "decryptionkey": "77c673916b4b93dcb00202eaf45d48c6ae7a265789cde0e2f8f02c8e300a3d34"
        },
        "branches": {
            "public": {
                "buildid": "18405455",
                "timeupdated": "1747058340"
            }
        },
        "privatebranches": "1"
    }
}