{
    "appid": "3118760",
    "type": "Game",
    "name": "Dragon Warrior",
    "schinese_name": "",
    "isfreeapp": "0",
    "change_number": "26253459",
    "update_time": "2024-11-21 01:02:23",
    "depot": {
        "3118761": {
            "manifests": {
                "public": {
                    "gid": "4262987542061823504",
                    "size": "74977040",
                    "download": "22685664"
                }
            },
            "decryptionkey": "f59a5714b31baf3154cb928e0ee1b50767644e8b753111883b5b765a6abd6faa"
        },
        "branches": {
            "public": {
                "buildid": "15082060",
                "timeupdated": "1721345207"
            }
        }
    },
    "access_token": 17562030131080417298
}