{
    "appid": "2995390",
    "type": "Game",
    "name": "NEKO-NIN exHeart SPIN!",
    "schinese_name": "",
    "isfreeapp": "0",
    "change_number": "29015726",
    "update_time": "2025-05-16 11:06:47",
    "depot": {
        "2995391": {
            "manifests": {
                "public": {
                    "gid": "6745005073570031798",
                    "size": "1684666633",
                    "download": "1509453952"
                }
            },
            "decryptionkey": "174d087b65d14a03946c97300fcc8efe3b0af8d09e9bf2afe55f2a72b18ebfe0"
        },
        "3111540": {
            "dlcappid": "3111540",
            "manifests": {
                "public": {
                    "gid": "1303014614508045180",
                    "size": "331354412",
                    "download": "327166448"
                }
            },
            "decryptionkey": "23c4eee936e0cb691a2873d4f94a3643e26ce500425d1af16a1db08c9b69254f"
        },
        "branches": {
            "public": {
                "buildid": "15245597",
                "timeupdated": "1722635832"
            }
        }
    }
}