{
    "appid": "3008400",
    "type": "Demo",
    "name": "Red Snow Demo",
    "schinese_name": "",
    "isfreeapp": "0",
    "change_number": "24185119",
    "update_time": "2024-07-16 02:47:08",
    "depot": {
        "3008401": {
            "manifests": {
                "public": {
                    "gid": "1466242740834575925",
                    "size": "1242281054",
                    "download": "338605536"
                }
            },
            "decryptionkey": "a1094ff5c3b7d87dde931aed4da18ffd1929029c65b2f8aa989aaa7d216e380f"
        },
        "branches": {
            "public": {
                "buildid": "14679703",
                "timeupdated": "1718123279"
            }
        }
    }
}