{
    "appid": "3403880",
    "type": "Game",
    "name": "KLAWS",
    "schinese_name": "",
    "isfreeapp": "0",
    "change_number": "28344400",
    "update_time": "2025-04-07 19:17:02",
    "depot": {
        "3403881": {
            "manifests": {
                "public": {
                    "gid": "2813433692379247842",
                    "size": "2078144578",
                    "download": "1770202656"
                }
            },
            "decryptionkey": "e094b3274cff1767dd30659cc81fa4802323db2bac44cab4ab3c5da3a077ce57"
        },
        "branches": {
            "public": {
                "buildid": "17020111",
                "timeupdated": "1736989707"
            }
        }
    }
}