{
    "appid": "2999630",
    "type": "DLC",
    "name": "Metaphor: ReFantazio - Digital Artbook",
    "schinese_name": "暗喻幻想：ReFantazio 数字豪华美术画册",
    "isfreeapp": "0",
    "change_number": "26928210",
    "update_time": "2025-01-10 02:05:59",
    "depot": {
        "2999630": {
            "manifests": {
                "public": {
                    "gid": "194251860336420911",
                    "size": "106353088",
                    "download": "50951408"
                }
            },
            "dlcappid": "2999630",
            "decryptionkey": "b7dd710afb9dcb1e0106c84e2354771188f530aa7da4260f05281dda109f69c3"
        },
        "branches": {
            "public": {
                "buildid": "15610162",
                "timeupdated": "1726816990"
            }
        },
        "privatebranches": "1"
    }
}