{
    "appid": "3505930",
    "type": "Game",
    "name": "Skyline",
    "schinese_name": "",
    "isfreeapp": "0",
    "change_number": "28630926",
    "update_time": "2025-04-24 05:16:23",
    "depot": {
        "baselanguages": "english,german,french,italian,koreana,spanish,schinese,tchinese,russian,thai,japanese,portuguese,polish,danish,dutch,finnish,norwegian,swedish,hungarian,czech,romanian,turkish,arabic,brazilian,bulgarian,greek,ukrainian,latam,vietnamese,indonesian",
        "hasdepotsindlc": "0",
        "3505931": {
            "manifests": {
                "public": {
                    "gid": "4490181555928939689",
                    "size": "252606526",
                    "download": "34197248"
                }
            },
            "decryptionkey": "87bbc3172759ef04ccf928a8a34893143cfb365d7ab499daa577d2abe72f982b"
        },
        "branches": {
            "public": {
                "buildid": "18125064",
                "timeupdated": "1744789362"
            }
        }
    }
}