{
    "appid": "3071720",
    "type": "Game",
    "name": "Tokyo Train 4",
    "schinese_name": "东京火车４",
    "isfreeapp": "0",
    "change_number": "24597712",
    "update_time": "2024-08-01 08:18:38",
    "depot": {
        "3071723": {
            "config": {
                "oslist": "windows,linux"
            },
            "manifests": {
                "public": {
                    "gid": "4156495618027763088",
                    "size": "169166821",
                    "download": "51129376"
                }
            },
            "decryptionkey": "746539d6008386ca5f921d676ee0f65bd8c9c992da9f2ac6931a6fa238717927"
        },
        "3071724": {
            "config": {
                "oslist": "macos"
            },
            "manifests": {
                "public": {
                    "gid": "7497673585064696586",
                    "size": "193390091",
                    "download": "58360528"
                }
            },
            "decryptionkey": ""
        },
        "branches": {
            "public": {
                "buildid": "16009483",
                "timeupdated": "1728650969"
            }
        }
    }
}