{
    "appid": "3169330",
    "type": "Game",
    "name": "The Exit of Nightmare",
    "schinese_name": "噩梦出口",
    "isfreeapp": "0",
    "change_number": "28794858",
    "update_time": "2025-05-03 08:32:53",
    "depot": {
        "3169331": {
            "config": {
                "oslist": "windows",
                "osarch": "64"
            },
            "manifests": {
                "public": {
                    "gid": "7197697206672853562",
                    "size": "4214774595",
                    "download": "1530067472"
                }
            },
            "decryptionkey": "e03083ac205170373f7c17df2a1bde065b8ed378385d3d24bbeab357a6f32d8c"
        },
        "3169332": {
            "config": {
                "oslist": "macos",
                "osarch": "64"
            },
            "manifests": {
                "public": {
                    "gid": "6099451886330911969",
                    "size": "4288410610",
                    "download": "1547216192"
                }
            },
            "decryptionkey": ""
        },
        "3169333": {
            "config": {
                "oslist": "linux",
                "osarch": "64"
            },
            "manifests": {
                "public": {
                    "gid": "88099132028108405",
                    "size": "4400007136",
                    "download": "1594575088"
                }
            },
            "decryptionkey": ""
        },
        "branches": {
            "public": {
                "buildid": "17878145",
                "timeupdated": "1743055949"
            }
        }
    }
}