{
    "appid": "3559020",
    "type": "Game",
    "name": "Night Owl Simulator",
    "schinese_name": "",
    "isfreeapp": "0",
    "change_number": "28491477",
    "update_time": "2025-04-16 00:41:07",
    "depot": {
        "3559021": {
            "manifests": {
                "public": {
                    "gid": "6544839650880191576",
                    "size": "2265275123",
                    "download": "164837264"
                }
            },
            "decryptionkey": "ab573358d72fa67737e3f77a7ef0dfd7f9e269666ed0cd774255f90466688b2c"
        },
        "branches": {
            "public": {
                "buildid": "17982544",
                "timeupdated": "1743759202"
            }
        }
    }
}