{
    "appid": "3361340",
    "type": "Game",
    "name": "Shop Simulator: Waifu Pillows",
    "schinese_name": "",
    "isfreeapp": "0",
    "change_number": "28956003",
    "update_time": "2025-05-13 16:20:55",
    "depot": {
        "3361341": {
            "manifests": {
                "public": {
                    "gid": "2964102688240743297",
                    "size": "2299864759",
                    "download": "1544578128"
                }
            },
            "decryptionkey": "ac30488150bd964f39cf92f944398a24b8076f784de66b44df299390b87645a8"
        },
        "workshopdepot": "3361340",
        "branches": {
            "public": {
                "buildid": "17710654",
                "timeupdated": "1741880022"
            }
        },
        "privatebranches": "1",
        "workshopdepotdecryptionkey": "b569fbe367980d340f57e8929a392bda5b78b55be6a3265e851e7865a7b3a044"
    }
}