{
    "appid": "3029500",
    "type": "Game",
    "name": "Wind Story",
    "schinese_name": "风铃物语",
    "isfreeapp": "0",
    "change_number": "28994055",
    "update_time": "2025-05-15 11:12:39",
    "depot": {
        "3029501": {
            "manifests": {
                "public": {
                    "gid": "9127899563415762021",
                    "size": "867157739",
                    "download": "615747872"
                }
            },
            "decryptionkey": "4e2888d71aa0854dd126581eb5a982465f151bd145a8b66ba5ec98984ccb56fd"
        },
        "branches": {
            "public": {
                "buildid": "18469106",
                "timeupdated": "1747273493"
            }
        }
    }
}