{
    "appid": "3064050",
    "type": "Demo",
    "name": "Colorizing Demo",
    "schinese_name": "",
    "isfreeapp": "0",
    "change_number": "24515618",
    "update_time": "2024-07-26 06:14:10",
    "depot": {
        "baselanguages": "english",
        "3064051": {
            "config": {
                "oslist": "windows"
            },
            "manifests": {
                "public": {
                    "gid": "8758228894745243225",
                    "size": "182968200",
                    "download": "41077312"
                }
            },
            "decryptionkey": "1d769d60e66e95687d90ec0def7581a41724353c05cefab85788d7916a68370f"
        },
        "3064052": {
            "config": {
                "oslist": "linux"
            },
            "manifests": {
                "public": {
                    "gid": "2139775901716968592",
                    "size": "190426866",
                    "download": "39258848"
                }
            },
            "decryptionkey": ""
        },
        "3064053": {
            "config": {
                "oslist": "macos"
            },
            "manifests": {
                "public": {
                    "gid": "7633609751300832365",
                    "size": "202624784",
                    "download": "47879264"
                }
            },
            "decryptionkey": ""
        },
        "hasdepotsindlc": "0",
        "branches": {
            "public": {
                "buildid": "14808551",
                "timeupdated": "1719127889"
            }
        }
    }
}