{
    "appid": "3388650",
    "type": "Demo",
    "name": "Locator Demo",
    "schinese_name": "",
    "isfreeapp": "0",
    "change_number": "28373554",
    "update_time": "2025-04-09 04:44:07",
    "depot": {
        "hasdepotsindlc": "0",
        "228989": {
            "config": {
                "oslist": "windows"
            },
            "depotfromapp": "228980",
            "sharedinstall": "1"
        },
        "228990": {
            "config": {
                "oslist": "windows"
            },
            "depotfromapp": "228980",
            "sharedinstall": "1"
        },
        "3388651": {
            "config": {
                "oslist": "windows"
            },
            "manifests": {
                "public": {
                    "gid": "830485912748359681",
                    "size": "485685569",
                    "download": "392443760"
                },
                "beta": {
                    "gid": "830485912748359681",
                    "size": "485685569",
                    "download": "392443760"
                }
            },
            "decryptionkey": "eb7a30cc4b60ed277c689d8992cdb410069623388b24b92b2102c0cfdeaf9115"
        },
        "branches": {
            "public": {
                "buildid": "17152909",
                "timeupdated": "1738034880"
            },
            "beta": {
                "buildid": "17152909",
                "description": "Beta Testing",
                "timeupdated": "1738033815"
            }
        }
    }
}