{
    "appid": "3206920",
    "type": "Demo",
    "name": "Escape from the Cursed Convent Demo",
    "schinese_name": "",
    "isfreeapp": "0",
    "change_number": "27119285",
    "update_time": "2025-01-23 05:17:32",
    "depot": {
        "3206921": {
            "manifests": {
                "public": {
                    "gid": "8597030978793872018",
                    "size": "1230281337",
                    "download": "1178219360"
                }
            },
            "decryptionkey": "bb439c06774e0729017ed0fa91fcfce7eb114af679279f1ef2f4302f0ec1d8cd"
        },
        "branches": {
            "public": {
                "buildid": "15900788",
                "timeupdated": "1728221329"
            }
        }
    }
}