{
    "appid": "3409100",
    "type": "DLC",
    "name": "RPG Maker MZ - Winlu Fantasy Tileset - Mushroom",
    "schinese_name": "",
    "isfreeapp": "0",
    "change_number": "26929920",
    "update_time": "2025-01-10 04:10:07",
    "depot": {
        "3409100": {
            "manifests": {
                "public": {
                    "gid": "8775101474073376361",
                    "size": "2392711",
                    "download": "1667488"
                }
            },
            "dlcappid": "3409100",
            "decryptionkey": "022c53af8a11b97bb814ebdafbe6e8607a0a5044bc27202e340e3094dd4d6198"
        },
        "branches": {
            "public": {
                "buildid": "16931769",
                "timeupdated": "1736278650"
            }
        }
    }
}