{
    "appid": "3130080",
    "type": "Game",
    "name": "Prison Break Princess",
    "schinese_name": "",
    "isfreeapp": "0",
    "change_number": "28903669",
    "update_time": "2025-05-09 22:33:01",
    "depot": {
        "3130081": {
            "config": {
                "oslist": "windows",
                "language": "japanese"
            },
            "manifests": {
                "public": {
                    "gid": "6497005957304480852",
                    "size": "847562151",
                    "download": "726640736"
                }
            },
            "decryptionkey": ""
        },
        "3130082": {
            "config": {
                "language": "english",
                "oslist": "windows"
            },
            "manifests": {
                "public": {
                    "gid": "4708218053501477005",
                    "size": "828677417",
                    "download": "707434800"
                }
            },
            "decryptionkey": "758bb4cc38af1cf2f86f444127d98bb8ceb0f82f81ed2bb1eabf9df17b00da8b"
        },
        "3130083": {
            "config": {
                "language": "schinese",
                "oslist": "windows"
            },
            "manifests": {
                "public": {
                    "gid": "364906823063065256",
                    "size": "856179415",
                    "download": "728544128"
                }
            },
            "decryptionkey": "885343ba39da535d72c361788b0ce6970f153ad76eb995a99b40c5194eb0db5f"
        },
        "baselanguages": "english,schinese,japanese",
        "branches": {
            "public": {
                "buildid": "16671745",
                "timeupdated": "1733651633"
            }
        }
    }
}