{
    "appid": "3379620",
    "type": "Game",
    "name": "SEX Camp: Lust Festival ⛺️❤️‍🔥",
    "schinese_name": "",
    "isfreeapp": "0",
    "change_number": "29016664",
    "update_time": "2025-05-16 12:42:46",
    "depot": {
        "3379621": {
            "config": {
                "oslist": "windows"
            },
            "manifests": {
                "public": {
                    "gid": "3953096385942339755",
                    "size": "3188323320",
                    "download": "2978140784"
                }
            },
            "decryptionkey": "e1414dfc8928fc6a4e590aa3ce58e13d6b41a4fc0eaf9b954b8e21467b51bf78"
        },
        "3379622": {
            "config": {
                "oslist": "macos"
            },
            "manifests": {
                "public": {
                    "gid": "3124581089256166547",
                    "size": "3208508548",
                    "download": "2984469280"
                }
            },
            "decryptionkey": ""
        },
        "3379623": {
            "config": {
                "oslist": "linux"
            },
            "manifests": {
                "public": {
                    "gid": "7170248075771535358",
                    "size": "3310892466",
                    "download": "3104220400"
                }
            },
            "decryptionkey": ""
        },
        "branches": {
            "public": {
                "buildid": "16874777",
                "timeupdated": "1736771391"
            }
        }
    }
}