{
    "appid": "3218530",
    "type": "Game",
    "name": "Best Served Cold",
    "schinese_name": "十年不晚",
    "isfreeapp": "0",
    "change_number": "29048543",
    "update_time": "2025-05-18 20:15:58",
    "depot": {
        "3218531": {
            "config": {
                "oslist": "windows"
            },
            "manifests": {
                "public": {
                    "gid": "7691048408371304784",
                    "size": "2399018594",
                    "download": "1688870000"
                }
            },
            "decryptionkey": "50ece9f8ddbf60ec708059b18a272a27ce8789161e30aaa57626720f4496c173"
        },
        "3218532": {
            "config": {
                "oslist": "macos"
            },
            "manifests": {
                "public": {
                    "gid": "4393949306491575196",
                    "size": "2424036783",
                    "download": "1697418960"
                }
            }
        },
        "branches": {
            "public": {
                "buildid": "18445446",
                "timeupdated": "1747145300"
            }
        },
        "privatebranches": "1"
    }
}