{
    "appid": "3163730",
    "type": "Game",
    "name": "Trapped: Family Vacation",
    "schinese_name": "",
    "isfreeapp": "0",
    "change_number": "28904685",
    "update_time": "2025-05-09 23:32:55",
    "depot": {
        "3163731": {
            "manifests": {
                "public": {
                    "gid": "5498948621545328174",
                    "size": "1371058099",
                    "download": "575823344"
                }
            },
            "decryptionkey": "001578334cdffdb15f726fb99d2f52d01421da85d33bd62dc8d6046611347a22"
        },
        "branches": {
            "public": {
                "buildid": "17588333",
                "timeupdated": "1741089999"
            }
        }
    }
}