{
    "appid": "3348000",
    "type": "DLC",
    "name": "TheLostVillage-异族再起扩展包",
    "schinese_name": "",
    "isfreeapp": "0",
    "change_number": "28719988",
    "update_time": "2025-04-29 12:51:41",
    "depot": {
        "3348000": {
            "manifests": {
                "public": {
                    "gid": "2864257072751623876",
                    "size": "18718469",
                    "download": "2182208"
                }
            },
            "dlcappid": "3348000",
            "decryptionkey": "137af1b6a775c42a78e9b1386d97ed46074f1296114ef4983770b48ab2b7653a"
        },
        "branches": {
            "public": {
                "buildid": "17060304",
                "timeupdated": "1737345014"
            }
        }
    }
}