{
    "appid": "3017710",
    "type": "Demo",
    "name": "Pirates VR: Jolly Roger Demo",
    "schinese_name": "",
    "isfreeapp": "0",
    "change_number": "24459543",
    "update_time": "2024-07-22 19:31:32",
    "depot": {
        "228988": {
            "config": {
                "oslist": "windows"
            },
            "depotfromapp": "228980",
            "sharedinstall": "1"
        },
        "228990": {
            "config": {
                "oslist": "windows"
            },
            "depotfromapp": "228980",
            "sharedinstall": "1"
        },
        "3017711": {
            "manifests": {
                "public": {
                    "gid": "3246782906602427579",
                    "size": "6917900007",
                    "download": "3235720544"
                }
            },
            "decryptionkey": "bcbfc5468c10cb0d8a46e3e4bf7234eb9184bd3c06778a07f6f0c322fd56f0d4"
        },
        "branches": {
            "public": {
                "buildid": "14801939",
                "timeupdated": "1719030064"
            }
        }
    }
}