{
    "appid": "3116400",
    "type": "Game",
    "name": "Hentai Akari",
    "schinese_name": "",
    "isfreeapp": "0",
    "change_number": "28946854",
    "update_time": "2025-05-13 04:04:09",
    "depot": {
        "3116401": {
            "manifests": {
                "public": {
                    "gid": "451851827112944532",
                    "size": "107713862",
                    "download": "33553264"
                }
            },
            "decryptionkey": "0712be3a0b642929e5e3fabc95eea63ac73dc54295306c9a13339385a50600f8"
        },
        "branches": {
            "public": {
                "buildid": "15099317",
                "timeupdated": "1721485174"
            }
        }
    }
}