{
    "appid": "3018440",
    "type": "Tool",
    "name": "VTOL VR Mod Uploader",
    "schinese_name": "",
    "isfreeapp": "0",
    "change_number": "26867571",
    "update_time": "2025-01-05 21:09:58",
    "depot": {
        "3018441": {
            "manifests": {
                "public": {
                    "gid": "8687336135954120361",
                    "size": "109975963",
                    "download": "36634208"
                }
            },
            "decryptionkey": "5ba594e67461ef09fbc9984c4cc68d87a82efeaaaa5bb0991115ba24af487d98"
        },
        "workshopdepot": "3018440",
        "branches": {
            "public": {
                "buildid": "16910681",
                "timeupdated": "1736082593"
            }
        },
        "workshopdepotdecryptionkey": ""
    }
}