{
    "appid": "3338790",
    "type": "Demo",
    "name": "Marisa of Liartop Mountain Demo",
    "schinese_name": "胡言山的魔理沙 Demo",
    "isfreeapp": "0",
    "change_number": "27500186",
    "update_time": "2025-02-16 12:17:45",
    "depot": {
        "3338791": {
            "manifests": {
                "public": {
                    "gid": "6920253590446427365",
                    "size": "885111483",
                    "download": "598790704"
                }
            },
            "decryptionkey": "3302db3cdb1d47692566abdb70600b4da12a0bf4b393deb359bb9222b0621ea8"
        },
        "baselanguages": "english,schinese,tchinese,japanese",
        "branches": {
            "public": {
                "buildid": "17060194",
                "timeupdated": "1737427860"
            }
        },
        "privatebranches": "1"
    }
}