{
    "appid": "3241950",
    "type": "Demo",
    "name": "Undead West Demo",
    "schinese_name": "",
    "isfreeapp": "0",
    "change_number": "26183469",
    "update_time": "2024-11-14 07:40:17",
    "depot": {
        "3241951": {
            "manifests": {
                "public": {
                    "gid": "4735889164164678528",
                    "size": "1265969096",
                    "download": "254250864"
                }
            },
            "decryptionkey": "edeb0e919b1d6ee3a985fd3bebd3194b5ba3812290023090feecb7c6494bc59a"
        },
        "branches": {
            "public": {
                "buildid": "15885091",
                "timeupdated": "1727795051"
            }
        },
        "privatebranches": "1"
    }
}