{
    "appid": "2985540",
    "type": "Demo",
    "name": "POGOPPL Demo",
    "schinese_name": "",
    "isfreeapp": "0",
    "change_number": "23903340",
    "update_time": "2024-07-16 02:47:07",
    "depot": {
        "2985541": {
            "manifests": {
                "public": {
                    "gid": "3695988695931152954",
                    "size": "297368600",
                    "download": "232051056"
                }
            },
            "decryptionkey": "9f93656e6a31346dea19f52e22fbfa90bf67d4734d704cc19a869205e3062137"
        },
        "branches": {
            "public": {
                "buildid": "14662390",
                "timeupdated": "1718013290"
            }
        }
    }
}