{
    "appid": "3024910",
    "type": "DLC",
    "name": "Everafter Falls - Artbook",
    "schinese_name": "",
    "isfreeapp": "0",
    "change_number": "24562425",
    "update_time": "2024-07-30 05:07:22",
    "depot": {
        "3024910": {
            "manifests": {
                "public": {
                    "gid": "7798478129392709543",
                    "size": "124889838",
                    "download": "91099072"
                }
            },
            "dlcappid": "3024910",
            "decryptionkey": "05aa9c5a57a13895ecc6ecdabb1854879c7a1c9de9089ed3247f37683c38e9be"
        },
        "branches": {
            "public": {
                "buildid": "14724212",
                "timeupdated": "1718403077"
            }
        }
    }
}