{
    "appid": "3239550",
    "type": "Game",
    "name": "ATC Ground Point",
    "schinese_name": "",
    "isfreeapp": "0",
    "change_number": "28954124",
    "update_time": "2025-05-13 14:21:48",
    "depot": {
        "3239551": {
            "manifests": {
                "public": {
                    "gid": "2211420691105700943",
                    "size": "2290625014",
                    "download": "270403888"
                },
                "publicbeta": {
                    "gid": "2439285754075338875",
                    "size": "2290624870",
                    "download": "270403872"
                }
            },
            "decryptionkey": "c8cf68ff7c5f23849eec1b5532e7f9d718d4cb397a5b398b9894d8b46a99aa8f"
        },
        "branches": {
            "public": {
                "buildid": "18439823",
                "timeupdated": "1747117303"
            },
            "publicbeta": {
                "buildid": "18439901",
                "description": "Public beta version",
                "timeupdated": "1747117274"
            }
        },
        "privatebranches": "1"
    }
}