{
    "appid": "3469030",
    "type": "Demo",
    "name": "超自然侦探社 Demo",
    "schinese_name": "",
    "isfreeapp": "0",
    "change_number": "27481542",
    "update_time": "2025-02-14 22:56:06",
    "depot": {
        "baselanguages": "schinese",
        "3469031": {
            "config": {
                "language": "schinese",
                "oslist": "windows"
            },
            "manifests": {
                "public": {
                    "gid": "707015932766196718",
                    "size": "562859922",
                    "download": "191261904"
                }
            },
            "decryptionkey": "e1f9f4cc8e6bed72f300aedb0edcdbb786832b76afc8c0787dbdfe5c239a1b9e"
        },
        "branches": {
            "public": {
                "buildid": "17471417",
                "timeupdated": "1740285858"
            }
        }
    }
}