{
    "appid": "3204180",
    "type": "Demo",
    "name": "Rose Demo",
    "schinese_name": "",
    "isfreeapp": "0",
    "change_number": "26249812",
    "update_time": "2024-11-19 02:55:30",
    "depot": {
        "228989": {
            "config": {
                "oslist": "windows"
            },
            "depotfromapp": "228980",
            "sharedinstall": "1"
        },
        "228990": {
            "config": {
                "oslist": "windows"
            },
            "depotfromapp": "228980",
            "sharedinstall": "1"
        },
        "3204181": {
            "manifests": {
                "public": {
                    "gid": "5408389002989716222",
                    "size": "1600617071",
                    "download": "1070880448"
                }
            },
            "decryptionkey": "866a8c56ebaf8aacbbfbf05585585770bc8f6ad8e51fcad23fd76a319aabaae7"
        },
        "branches": {
            "public": {
                "buildid": "15559030",
                "timeupdated": "1725188604"
            }
        }
    }
}