{
    "appid": "3199160",
    "type": "Music",
    "name": "Ale & Tale Tavern Soundtrack",
    "schinese_name": "",
    "isfreeapp": "0",
    "change_number": "28019573",
    "update_time": "2025-03-19 03:46:33",
    "depot": {
        "3199161": {
            "manifests": {
                "public": {
                    "gid": "4839763708469854690",
                    "size": "103834243",
                    "download": "101879936"
                }
            },
            "decryptionkey": "cb200c9ba4554aab90f1ff79ca6c09cb55671625aa4b8ec86ae39ebd5f73e11a"
        },
        "branches": {
            "public": {
                "buildid": "15547317",
                "timeupdated": "1725037356"
            }
        }
    }
}