{
    "appid": "2977930",
    "type": "Demo",
    "name": "观澜Magic Demo",
    "schinese_name": "",
    "isfreeapp": "0",
    "change_number": "26782448",
    "update_time": "2024-12-26 00:45:52",
    "depot": {
        "2977931": {
            "manifests": {
                "public": {
                    "gid": "2153277863659707692",
                    "size": "36193316",
                    "download": "29199360"
                }
            },
            "decryptionkey": "d8956ff45594c1c9f2d85f0f8e4fb81f262109e18a9348bcd3bb7453b8908b9a"
        },
        "baselanguages": "english",
        "branches": {
            "public": {
                "buildid": "16362047",
                "timeupdated": "1731304580"
            }
        }
    }
}