{
    "appid": "3245100",
    "type": "Demo",
    "name": "Critter Café Demo",
    "schinese_name": "",
    "isfreeapp": "0",
    "change_number": "26373315",
    "update_time": "2024-12-05 04:50:11",
    "depot": {
        "228989": {
            "config": {
                "oslist": "windows"
            },
            "depotfromapp": "228980",
            "sharedinstall": "1"
        },
        "228990": {
            "config": {
                "oslist": "windows"
            },
            "depotfromapp": "228980",
            "sharedinstall": "1"
        },
        "229005": {
            "config": {
                "oslist": "windows"
            },
            "depotfromapp": "228980",
            "sharedinstall": "1"
        },
        "3245101": {
            "manifests": {
                "public": {
                    "gid": "629663343768086378",
                    "size": "2227648529",
                    "download": "1610793696"
                }
            },
            "decryptionkey": "8b70dad4e754bd5df89a93cc69929bf91ddc9fc1a9783368b087e7144beaa21c"
        },
        "branches": {
            "public": {
                "buildid": "16006445",
                "timeupdated": "1728636318"
            }
        },
        "privatebranches": "1"
    }
}