{
    "appid": "3345430",
    "type": "Game",
    "name": "SQUASER",
    "schinese_name": "",
    "isfreeapp": "0",
    "change_number": "29034687",
    "update_time": "2025-05-17 08:15:22",
    "depot": {
        "3345431": {
            "config": {
                "language": "english",
                "oslist": "windows"
            },
            "manifests": {
                "public": {
                    "gid": "7818545332791141526",
                    "size": "22547599",
                    "download": "18625312"
                }
            },
            "decryptionkey": "87e5ea890b8ef57d85dc1103493f1c73a8e7a717f5d9ca8fa95d5ceef229b0bb"
        },
        "baselanguages": "english",
        "branches": {
            "public": {
                "buildid": "16419847",
                "timeupdated": "1731672297"
            }
        }
    }
}