{
    "appid": "3041880",
    "type": "Demo",
    "name": "CatboyZOOM Demo",
    "schinese_name": "",
    "isfreeapp": "0",
    "change_number": "26917973",
    "update_time": "2025-01-09 12:01:07",
    "depot": {
        "228989": {
            "config": {
                "oslist": "windows"
            },
            "depotfromapp": "228980",
            "sharedinstall": "1"
        },
        "228990": {
            "config": {
                "oslist": "windows"
            },
            "depotfromapp": "228980",
            "sharedinstall": "1"
        },
        "3041881": {
            "config": {
                "language": "english",
                "oslist": "windows"
            },
            "manifests": {
                "public": {
                    "gid": "1900520112230979252",
                    "size": "530413358",
                    "download": "404732608"
                }
            },
            "decryptionkey": "efa5549df04f7a45087e4d27d3a3a1da756529f14ece476f40a91aab10a18802"
        },
        "branches": {
            "public": {
                "buildid": "16078479",
                "timeupdated": "1729156298"
            }
        }
    }
}