{
    "appid": "3281180",
    "type": "Demo",
    "name": "FISH FEAR ME Demo",
    "schinese_name": "",
    "isfreeapp": "0",
    "change_number": "27522688",
    "update_time": "2025-02-18 04:28:40",
    "depot": {
        "3281181": {
            "config": {
                "oslist": "windows"
            },
            "manifests": {
                "public": {
                    "gid": "539064285957198227",
                    "size": "209938229",
                    "download": "59086144"
                }
            },
            "decryptionkey": "973cb0dfd39feb5dfe062b542fd3b087908fff49a7cabec5e6ee465c08033357"
        },
        "branches": {
            "public": {
                "buildid": "16070508",
                "timeupdated": "1729105401"
            }
        },
        "privatebranches": "1"
    }
}