{
    "appid": "3402000",
    "type": "DLC",
    "name": "Cat Furry - DLC",
    "schinese_name": "",
    "isfreeapp": "0",
    "change_number": "26816773",
    "update_time": "2024-12-30 19:43:25",
    "depot": {
        "3402000": {
            "config": {
                "language": "english",
                "oslist": "windows"
            },
            "manifests": {
                "public": {
                    "gid": "6225368884360901505",
                    "size": "191316823",
                    "download": "189258320"
                }
            },
            "dlcappid": "3402000",
            "decryptionkey": "c15fc7ff1b5d03804595e704d76d99b72dc5dfdc39ee947a9c5a3dded7050744"
        },
        "branches": {
            "public": {
                "buildid": "16716346",
                "timeupdated": "1733976786"
            }
        }
    }
}