{
    "appid": "3373660",
    "type": "Game",
    "name": "Look Outside",
    "schinese_name": "",
    "isfreeapp": "0",
    "change_number": "29048543",
    "update_time": "2025-05-18 20:15:59",
    "depot": {
        "3373661": {
            "config": {
                "language": "english",
                "oslist": "windows"
            },
            "manifests": {
                "public": {
                    "gid": "2322403479397744455",
                    "size": "914424116",
                    "download": "508567328"
                },
                "public_beta_branch": {
                    "gid": "2322403479397744455",
                    "size": "914424116",
                    "download": "508567328"
                }
            },
            "decryptionkey": "88c6e87f7634aef8353a85a294ee8c152ecf785deb98dfec994bfa3181e747d1"
        },
        "branches": {
            "public": {
                "buildid": "18366556",
                "timeupdated": "1746635393"
            },
            "public_beta_branch": {
                "buildid": "18366556",
                "description": "Public beta branch for balance testing, hotfixes",
                "timeupdated": "1746575683"
            }
        },
        "privatebranches": "1"
    }
}