{
    "appid": "3095850",
    "type": "Demo",
    "name": "Diving Focus Demo",
    "schinese_name": "",
    "isfreeapp": "0",
    "change_number": "24432958",
    "update_time": "2024-07-19 21:50:38",
    "depot": {
        "3095851": {
            "manifests": {
                "public": {
                    "gid": "2670982504652946859",
                    "size": "479431582",
                    "download": "100598112"
                }
            },
            "decryptionkey": "97050435534a9ce08eba4ade47fd225c29ef81667bbf0735471fdd64b1a5a8ea"
        },
        "branches": {
            "public": {
                "buildid": "15076211",
                "timeupdated": "1721397031"
            }
        }
    }
}