{
    "appid": "3140350",
    "type": "Demo",
    "name": "Ketz: Galactic Overlords Demo",
    "schinese_name": "",
    "isfreeapp": "0",
    "change_number": "27462751",
    "update_time": "2025-02-14 00:06:56",
    "depot": {
        "3140351": {
            "manifests": {
                "public": {
                    "gid": "8627117181996330129",
                    "size": "4473257735",
                    "download": "1189685248"
                }
            },
            "decryptionkey": "1d3a119e1856d4ae305b7e00e64d93d00ddbdd5e85e625930cefd3c8623eb7ab"
        },
        "branches": {
            "public": {
                "buildid": "17353836",
                "timeupdated": "1739462813"
            }
        }
    }
}