{
    "appid": "3238670",
    "type": "Game",
    "name": "Conquest Dark",
    "schinese_name": "",
    "isfreeapp": "0",
    "change_number": "29045937",
    "update_time": "2025-05-18 12:15:51",
    "depot": {
        "3238671": {
            "config": {
                "oslist": "windows"
            },
            "manifests": {
                "public": {
                    "gid": "8595518002436204212",
                    "size": "530822021",
                    "download": "256769072"
                }
            },
            "decryptionkey": "13cd290bb2c0f5a7295e7fb13e3a40c979c54085244db28c2251421edde94157"
        },
        "branches": {
            "public": {
                "buildid": "18461212",
                "timeupdated": "1747230804"
            }
        },
        "privatebranches": "1"
    }
}