{
    "appid": "2965790",
    "type": "Game",
    "name": "Arena of block puzzle方块消除竞技赛",
    "schinese_name": "方块消除竞技赛",
    "isfreeapp": "0",
    "change_number": "25541921",
    "update_time": "2024-10-05 07:04:11",
    "depot": {
        "baselanguages": "english,german,french,italian,koreana,schinese,tchinese,russian,thai,japanese,dutch,arabic,brazilian,latam,vietnamese,indonesian",
        "hasdepotsindlc": "0",
        "2965791": {
            "config": {
                "oslist": "windows"
            },
            "manifests": {
                "public": {
                    "gid": "6391322828311877884",
                    "size": "131237044",
                    "download": "35513728"
                }
            },
            "decryptionkey": "b7079b88874e776cc3def5f4209fe3ec522f982f4a29ccac2161a1a1bd6212e4"
        },
        "branches": {
            "public": {
                "buildid": "15222267",
                "timeupdated": "1722490546"
            }
        }
    }
}