{
    "appid": "3419340",
    "type": "DLC",
    "name": "Virtua Fighter 5 R.E.V.O. - Pre-Production Artbook",
    "schinese_name": "",
    "isfreeapp": "0",
    "change_number": "27772782",
    "update_time": "2025-03-04 19:17:19",
    "depot": {
        "3419340": {
            "manifests": {
                "public": {
                    "gid": "1269275464081308678",
                    "size": "551460704",
                    "download": "416548144"
                }
            },
            "dlcappid": "3419340",
            "decryptionkey": "4b3635250f8302c53596898e27b028d2c0f4a1a05b4c29578ce06a634e9a1663"
        },
        "branches": {
            "public": {
                "buildid": "17010086",
                "timeupdated": "1736928284"
            }
        },
        "privatebranches": "1"
    }
}