{
    "appid": "3402080",
    "type": "DLC",
    "name": "Wild Cat Furry - DLC",
    "schinese_name": "",
    "isfreeapp": "0",
    "change_number": "26816768",
    "update_time": "2024-12-30 19:43:21",
    "depot": {
        "3402080": {
            "config": {
                "oslist": "windows"
            },
            "manifests": {
                "public": {
                    "gid": "4947293101626953885",
                    "size": "197503419",
                    "download": "196024192"
                }
            },
            "dlcappid": "3402080",
            "decryptionkey": "69a16f9c5ab24510d58265892e4d6a369b46de7637a2bc2f2b0e5c38447e6db9"
        },
        "branches": {
            "public": {
                "buildid": "16716484",
                "timeupdated": "1733977833"
            }
        }
    }
}