{
    "appid": "3588580",
    "type": "Game",
    "name": "Another World Guardian",
    "schinese_name": "",
    "isfreeapp": "0",
    "change_number": "28868233",
    "update_time": "2025-05-08 03:02:47",
    "depot": {
        "baselanguages": "english",
        "hasdepotsindlc": "0",
        "3588581": {
            "config": {
                "oslist": "windows",
                "osarch": "64"
            },
            "manifests": {
                "public": {
                    "gid": "8811368646047660556",
                    "size": "600579854",
                    "download": "402503344"
                }
            },
            "decryptionkey": "f91093199035709f75d09d42b128ce1c3a6edc3a02f411721ecfa2b049f4e025"
        },
        "branches": {
            "public": {
                "buildid": "18173384",
                "timeupdated": "1745161695"
            }
        }
    }
}