{
    "appid": "3602810",
    "type": "Music",
    "name": "Deep Cuts OST - Nuclear Wedding",
    "schinese_name": "",
    "isfreeapp": "0",
    "change_number": "28772247",
    "update_time": "2025-05-02 01:11:40",
    "depot": {
        "3602811": {
            "manifests": {
                "public": {
                    "gid": "2457373833150155017",
                    "size": "75975936",
                    "download": "75632416"
                }
            },
            "decryptionkey": "e91335a8d45eaa958167ef4347f2cff718b91807a9c07546639577a682f95e2e"
        },
        "3602812": {
            "config": {
                "highqualityaudio": "1"
            },
            "manifests": {
                "public": {
                    "gid": "2279854173466685581",
                    "size": "1153834864",
                    "download": "1011507360"
                }
            },
            "decryptionkey": "6102d04c9cf143ddc0879fc2bce997225b6015e88555389d002c3ca69cbdb46e"
        },
        "branches": {
            "public": {
                "buildid": "17755607",
                "timeupdated": "1742236471"
            }
        }
    }
}