{
    "appid": "3226750",
    "type": "Game",
    "name": "DEEP SPACE CACHE",
    "schinese_name": "",
    "isfreeapp": "0",
    "change_number": "29032116",
    "update_time": "2025-05-17 04:16:04",
    "depot": {
        "3226751": {
            "manifests": {
                "public": {
                    "gid": "5225329731422143830",
                    "size": "149113720",
                    "download": "81822304"
                }
            },
            "decryptionkey": "73bc231ac362e174ec4a45a78f138d6398b439f4c88f23258a8f30dc12f42f35"
        },
        "branches": {
            "public": {
                "buildid": "16835391",
                "timeupdated": "1734994834"
            }
        }
    }
}