{
    "appid": "3572820",
    "type": "Game",
    "name": "Crimson Theory",
    "schinese_name": "",
    "isfreeapp": "0",
    "change_number": "28502427",
    "update_time": "2025-04-16 15:12:28",
    "depot": {
        "228989": {
            "config": {
                "oslist": "windows"
            },
            "depotfromapp": "228980",
            "sharedinstall": "1"
        },
        "228990": {
            "config": {
                "oslist": "windows"
            },
            "depotfromapp": "228980",
            "sharedinstall": "1"
        },
        "3572821": {
            "manifests": {
                "public": {
                    "gid": "5258664348586016726",
                    "size": "9961275437",
                    "download": "9447661760"
                }
            },
            "decryptionkey": "0b769df806c5569d0f40c0fb83a27086d0e448bec75ecd70448e544fc7c71a37"
        },
        "baselanguages": "english,german,french,spanish,schinese,russian,japanese,portuguese,turkish,arabic",
        "branches": {
            "public": {
                "buildid": "18124697",
                "timeupdated": "1744787542"
            }
        }
    }
}