{
    "appid": "3029340",
    "type": "Game",
    "name": "The Photographer (Nymphs)",
    "schinese_name": "",
    "isfreeapp": "0",
    "change_number": "28809919",
    "update_time": "2025-05-04 21:14:31",
    "depot": {
        "3029341": {
            "manifests": {
                "public": {
                    "gid": "1420294097073051478",
                    "size": "1661511563",
                    "download": "1496132400"
                }
            },
            "decryptionkey": "df025614ea1feba68d97f2e6530cc592b9c120dfd0c4fe6a5086a99013a72205"
        },
        "branches": {
            "public": {
                "buildid": "14987107",
                "timeupdated": "1720603482"
            }
        }
    }
}