{
    "appid": "2983690",
    "type": "DLC",
    "name": "Chornobyl Liquidators - Supporter Pack",
    "schinese_name": "切尔诺贝利清算人",
    "isfreeapp": "0",
    "change_number": "27387412",
    "update_time": "2025-02-09 21:17:48",
    "depot": {
        "2983691": {
            "manifests": {
                "public": {
                    "gid": "4712618456842895346",
                    "size": "2129696496",
                    "download": "1975368688"
                }
            },
            "dlcappid": "2983690",
            "decryptionkey": "b8ad177bbc04e67f710ffd4a739eece7a264ac170118896fa0b3e0be9ce6bb0f"
        },
        "branches": {
            "public": {
                "buildid": "14610862",
                "timeupdated": "1717583458"
            }
        }
    }
}