{
    "appid": "2977140",
    "type": "Demo",
    "name": "Veil Runners Demo",
    "schinese_name": "",
    "isfreeapp": "0",
    "change_number": "25835331",
    "update_time": "2024-10-22 17:03:34",
    "depot": {
        "2977141": {
            "manifests": {
                "public": {
                    "gid": "3093760898421567869",
                    "size": "257035222",
                    "download": "141303984"
                }
            },
            "decryptionkey": "a86b442ea9fbe4d5761f4be6ed082c60af64a04202839741f9ae4027e0bf9c30"
        },
        "branches": {
            "public": {
                "buildid": "16027777",
                "timeupdated": "1728840425"
            }
        }
    }
}