{
    "appid": "3161510",
    "type": "Game",
    "name": "Hitler is My Crush: Love and Fascism",
    "schinese_name": "希特勒是我的梦中情人 爱情与法西斯主义",
    "isfreeapp": "0",
    "change_number": "28532895",
    "update_time": "2025-04-17 23:58:59",
    "depot": {
        "3161511": {
            "manifests": {
                "public": {
                    "gid": "6272139125463804383",
                    "size": "2450600686",
                    "download": "831096432"
                }
            },
            "decryptionkey": "2a0b7d008795ae561f5ea820ff87cafb497ac67d18cc476c9dd78122cab8b96a"
        },
        "branches": {
            "public": {
                "buildid": "16831086",
                "timeupdated": "1734908330"
            }
        }
    }
}