{
    "appid": "3088120",
    "type": "Game",
    "name": "Secret Pie",
    "schinese_name": "",
    "isfreeapp": "0",
    "change_number": "28601502",
    "update_time": "2025-04-22 21:04:08",
    "depot": {
        "baselanguages": "english",
        "3088121": {
            "config": {
                "oslist": "windows"
            },
            "manifests": {
                "public": {
                    "gid": "7796392141583658311",
                    "size": "1647549955",
                    "download": "824400416"
                }
            },
            "decryptionkey": "a86ebceccc9423f78cdb0a16c2722ce5d6302d1c170007d734e8a60898d4c2ff"
        },
        "3088122": {
            "config": {
                "language": "koreana",
                "oslist": "windows"
            },
            "manifests": {
                "public": {
                    "gid": "1804837368052536354",
                    "size": "1647549955",
                    "download": "825757648"
                }
            },
            "decryptionkey": ""
        },
        "branches": {
            "public": {
                "buildid": "15234495",
                "timeupdated": "1722818706"
            }
        },
        "privatebranches": "1"
    }
}