{
    "appid": "3107890",
    "type": "Game",
    "name": "SNOW BROS. SPECIAL: ANNIVERSARY EDITION",
    "schinese_name": "",
    "isfreeapp": "0",
    "change_number": "28578604",
    "update_time": "2025-04-21 13:24:05",
    "depot": {
        "3107891": {
            "manifests": {
                "public": {
                    "gid": "1677836425757333725",
                    "size": "586412483",
                    "download": "321957168"
                }
            },
            "decryptionkey": "159cce2b4c32e927f294bb9d4b339f1b112acf522ed28dbd81bcf15aa964ff3d"
        },
        "branches": {
            "public": {
                "buildid": "18177466",
                "timeupdated": "1745213041"
            }
        }
    }
}