{
    "appid": "3602760",
    "type": "Music",
    "name": "Deep Cuts OST - Origin Drill",
    "schinese_name": "",
    "isfreeapp": "0",
    "change_number": "28772256",
    "update_time": "2025-05-02 01:12:07",
    "depot": {
        "3602761": {
            "manifests": {
                "public": {
                    "gid": "5932645042547288121",
                    "size": "75771744",
                    "download": "75050048"
                }
            },
            "decryptionkey": "1a460d73be9e2278d8ef8c32b535829f15dd2fac4384faae0a2750e8ce2bc2ba"
        },
        "3602762": {
            "config": {
                "highqualityaudio": "1"
            },
            "manifests": {
                "public": {
                    "gid": "480396208365156383",
                    "size": "1205834758",
                    "download": "1008427008"
                }
            },
            "decryptionkey": "e76f038a50189b0d8bf782629a304acc96fecc9ee0b50499db2d81c0e31370d4"
        },
        "branches": {
            "public": {
                "buildid": "17755370",
                "timeupdated": "1742235102"
            }
        }
    }
}