{
    "appid": "3044030",
    "type": "Game",
    "name": "The Ten Bells",
    "schinese_name": "",
    "isfreeapp": "0",
    "change_number": "29046209",
    "update_time": "2025-05-18 13:15:07",
    "depot": {
        "baselanguages": "english,japanese,latam",
        "3044031": {
            "config": {
                "oslist": "windows"
            },
            "manifests": {
                "public": {
                    "gid": "1196269003135627263",
                    "size": "3331459665",
                    "download": "1309468688"
                }
            },
            "decryptionkey": "3983990c9248f607f99e2cd1b9390f9c29164e797a395d80bfd89549dd750d23"
        },
        "3044032": {
            "config": {
                "oslist": "macos",
                "osarch": "64"
            },
            "manifests": {
                "public": {
                    "gid": "5049632767151544521",
                    "size": "3320996083",
                    "download": "1292452656"
                }
            },
            "decryptionkey": "d597ec0c3b1e6abe6c4aca48b4a3d976129327e37b476330873343488584cf1a"
        },
        "3044033": {
            "config": {
                "oslist": "windows"
            }
        },
        "branches": {
            "public": {
                "buildid": "17575397",
                "timeupdated": "1741013069"
            }
        },
        "privatebranches": "1"
    }
}