{
    "appid": "3222620",
    "type": "Demo",
    "name": "Nightmare Shift Demo",
    "schinese_name": "",
    "isfreeapp": "0",
    "change_number": "27526445",
    "update_time": "2025-02-18 10:14:06",
    "depot": {
        "3222621": {
            "manifests": {
                "public": {
                    "gid": "5418103618534742629",
                    "size": "7704744981",
                    "download": "2996139920"
                }
            },
            "decryptionkey": "b2434c8bbf5dc8187af9de70d6bf500fdf02b2106676fb02ff321f9f0a7cf9a9"
        },
        "branches": {
            "public": {
                "buildid": "16735809",
                "timeupdated": "1734098724"
            }
        }
    }
}