{
    "appid": "3163170",
    "type": "Game",
    "name": "A Few Nights With Francesca",
    "schinese_name": "",
    "isfreeapp": "0",
    "change_number": "28784584",
    "update_time": "2025-05-02 19:42:17",
    "depot": {
        "3163171": {
            "manifests": {
                "public": {
                    "gid": "570379468424247719",
                    "size": "316786306",
                    "download": "113397344"
                }
            },
            "decryptionkey": "298ee9ee6b1571e825d581b05b69760489711500e3d601b7ae4d3cb658b51e84"
        },
        "branches": {
            "public": {
                "buildid": "16986793",
                "timeupdated": "1736771323"
            }
        },
        "privatebranches": "1"
    }
}