{
    "appid": "3274180",
    "type": "DLC",
    "name": "Beat Saber - Grant & Ellis - Dead Man Walking",
    "schinese_name": "",
    "isfreeapp": "0",
    "change_number": "26387399",
    "update_time": "2024-12-05 05:27:11",
    "depot": {
        "3274180": {
            "manifests": {
                "public": {
                    "gid": "2900261674391284716",
                    "size": "10913825",
                    "download": "11063008"
                }
            },
            "dlcappid": "3274180",
            "decryptionkey": "1d0b450722c6adb4092aa07613f775b74ae684219bc72d82d3cdd355c75efc1b"
        },
        "branches": {
            "public": {
                "buildid": "15951281",
                "timeupdated": "1728294273"
            }
        }
    }
}