{
    "appid": "3484140",
    "type": "Demo",
    "name": "东方异域见闻 ~ Touhou Dystopian Demo",
    "schinese_name": "",
    "isfreeapp": "0",
    "change_number": "27527061",
    "update_time": "2025-02-18 11:12:24",
    "depot": {
        "3484141": {
            "manifests": {
                "public": {
                    "gid": "3382493907976422209",
                    "size": "8239327408",
                    "download": "2130891904"
                }
            },
            "decryptionkey": "98bfc6c0b3d6af880a9a0d9b56e947c51a67f8a9338c869db1d6c9d4db419480"
        },
        "branches": {
            "public": {
                "buildid": "17473184",
                "timeupdated": "1740310364"
            }
        }
    }
}