{
    "appid": "2947810",
    "type": "Demo",
    "name": "Paranormal place Demo",
    "schinese_name": "",
    "isfreeapp": "0",
    "change_number": "24579276",
    "update_time": "2024-07-31 06:25:25",
    "depot": {
        "228989": {
            "config": {
                "oslist": "windows"
            },
            "depotfromapp": "228980",
            "sharedinstall": "1"
        },
        "228990": {
            "config": {
                "oslist": "windows"
            },
            "depotfromapp": "228980",
            "sharedinstall": "1"
        },
        "2947811": {
            "config": {
                "oslist": "windows",
                "osarch": "64"
            },
            "manifests": {
                "public": {
                    "gid": "1793833388847420478",
                    "size": "2471913187",
                    "download": "2320638048"
                }
            },
            "decryptionkey": "094f3140236af3e225dad1c3ca52c7ec3c9ccf1fb4007ba87c19dd828913c06f"
        },
        "branches": {
            "public": {
                "buildid": "14195827",
                "timeupdated": "1714230404"
            }
        }
    }
}