{
    "appid": "3077470",
    "type": "DLC",
    "name": "Ambulance Life - Paramedic Handbook Dev’s cut",
    "schinese_name": "",
    "isfreeapp": "0",
    "change_number": "27349466",
    "update_time": "2025-02-07 01:18:26",
    "depot": {
        "3077470": {
            "dlcappid": "3077470",
            "manifests": {
                "public": {
                    "gid": "2386031964034121018",
                    "size": "19820104",
                    "download": "18271296"
                }
            },
            "decryptionkey": "4e9bb8fadd0c69419eaa512af507a2f00b5e698d7d09b149cceb37abfe62e29a"
        },
        "branches": {
            "public": {
                "buildid": "17269590",
                "timeupdated": "1738861842"
            }
        }
    }
}