{
    "appid": "2946320",
    "type": "Game",
    "name": "Sofie: The Echoes",
    "schinese_name": "",
    "isfreeapp": "0",
    "change_number": "28962446",
    "update_time": "2025-05-13 22:34:40",
    "depot": {
        "228989": {
            "config": {
                "oslist": "windows"
            },
            "depotfromapp": "228980",
            "sharedinstall": "1"
        },
        "228990": {
            "config": {
                "oslist": "windows"
            },
            "depotfromapp": "228980",
            "sharedinstall": "1"
        },
        "2946321": {
            "config": {
                "language": "english",
                "oslist": "windows",
                "osarch": "64"
            },
            "manifests": {
                "public": {
                    "gid": "6347561133851383787",
                    "size": "32672838001",
                    "download": "27418978640"
                }
            },
            "decryptionkey": "d55aa9bc4ab6903f7b972d58d645794b84a92f262abc32d6987eb0d07896509b"
        },
        "2946322": {
            "config": {
                "oslist": "macos",
                "osarch": "64"
            },
            "manifests": {
                "public": {
                    "gid": "8664348491931229861",
                    "size": "30075634236",
                    "download": "25010161264"
                }
            }
        },
        "2946323": {
            "config": {
                "language": "english",
                "oslist": "linux",
                "osarch": "64"
            },
            "manifests": {
                "public": {
                    "gid": "5325125382535735541",
                    "size": "32892011690",
                    "download": "26870258240"
                }
            }
        },
        "branches": {
            "public": {
                "buildid": "16274647",
                "timeupdated": "1730554887"
            }
        }
    }
}