{
    "appid": "3026460",
    "type": "Game",
    "name": "Sex Inspector 🚬💋",
    "schinese_name": "",
    "isfreeapp": "0",
    "change_number": "28158486",
    "update_time": "2025-03-27 06:15:13",
    "depot": {
        "3026461": {
            "manifests": {
                "public": {
                    "gid": "1912507062149040565",
                    "size": "925925827",
                    "download": "539985360"
                }
            },
            "decryptionkey": "b5db6551c1c7b758fce5960b8cfd6f2370f06e1986dfe39c4623a572036b4e66"
        },
        "branches": {
            "public": {
                "buildid": "14808813",
                "timeupdated": "1719150956"
            }
        }
    }
}