{
    "appid": "3297870",
    "type": "Game",
    "name": "Feminization Device",
    "schinese_name": "女体化装置",
    "isfreeapp": "0",
    "change_number": "28548841",
    "update_time": "2025-04-18 19:59:58",
    "depot": {
        "3297871": {
            "manifests": {
                "public": {
                    "gid": "4814307425836259627",
                    "size": "964432222",
                    "download": "181573040"
                }
            },
            "decryptionkey": "0b6a3aea1c5f6d993ef526cb696943cf17954383043b07696dbc7245cd1b0083"
        },
        "baselanguages": "english,schinese,japanese",
        "branches": {
            "public": {
                "buildid": "17241641",
                "timeupdated": "1738693880"
            }
        }
    }
}