{
    "appid": "2943040",
    "type": "Game",
    "name": "メモリーガール＋",
    "schinese_name": "记忆少女+",
    "isfreeapp": "0",
    "change_number": "28537173",
    "update_time": "2025-04-18 03:58:46",
    "depot": {
        "2943044": {
            "config": {
                "oslist": "windows",
                "osarch": "64"
            },
            "manifests": {
                "public": {
                    "gid": "2115806875406055739",
                    "size": "600510026",
                    "download": "463637088"
                }
            },
            "decryptionkey": "60bb879e67546f5900c53df284fcbc617ad911adabfaa3545590daf41fa8b14d"
        },
        "branches": {
            "public": {
                "buildid": "17864931",
                "timeupdated": "1742982864"
            }
        }
    }
}