{
    "appid": "3271110",
    "type": "Demo",
    "name": "Cryptid Farm Demo",
    "schinese_name": "",
    "isfreeapp": "0",
    "change_number": "25959487",
    "update_time": "2024-10-30 06:18:06",
    "depot": {
        "3271111": {
            "manifests": {
                "public": {
                    "gid": "7914104238320835719",
                    "size": "539783838",
                    "download": "74927504"
                }
            },
            "decryptionkey": "0e00758e54b7e462a231d9f38046096e34183fbf7f6d6497476a5bc9236376e5"
        },
        "baselanguages": "english",
        "branches": {
            "public": {
                "buildid": "16072278",
                "timeupdated": "1729115588"
            }
        }
    }
}