{
    "appid": "3109480",
    "type": "Game",
    "name": "Magic wand",
    "schinese_name": "",
    "isfreeapp": "0",
    "change_number": "24737210",
    "update_time": "2024-08-11 13:26:50",
    "depot": {
        "3109481": {
            "manifests": {
                "public": {
                    "gid": "8834920996277474557",
                    "size": "243671630",
                    "download": "65436032"
                }
            },
            "decryptionkey": "d70c20a50c3535ad43e3c3ed58c46ad2f88d4f45a08eb43861ad948deb91a1dc"
        },
        "branches": {
            "public": {
                "buildid": "15031760",
                "timeupdated": "1721007765"
            }
        }
    }
}