{
    "appid": "3204640",
    "type": "Demo",
    "name": "Magi Scapes Demo",
    "schinese_name": "麦琪的花园 试用版",
    "isfreeapp": "0",
    "change_number": "27438940",
    "update_time": "2025-02-12 20:26:29",
    "depot": {
        "baselanguages": "english,schinese,japanese",
        "3204641": {
            "manifests": {
                "public": {
                    "gid": "4672519947891756146",
                    "size": "861363723",
                    "download": "564655696"
                }
            },
            "decryptionkey": "dbc00f09100618d7e63fd64e5c163b80c06f3de908561623241393d7223e4611"
        },
        "branches": {
            "public": {
                "buildid": "17435884",
                "timeupdated": "1740122373"
            }
        }
    }
}