{
    "appid": "2994850",
    "type": "Game",
    "name": "Poseidon",
    "schinese_name": "",
    "isfreeapp": "0",
    "change_number": "23762793",
    "update_time": "2024-05-31 03:34:48",
    "depot": {
        "228989": {
            "config": {
                "oslist": "windows"
            },
            "depotfromapp": "228980",
            "sharedinstall": "1"
        },
        "228990": {
            "config": {
                "oslist": "windows"
            },
            "depotfromapp": "228980",
            "sharedinstall": "1"
        },
        "2994851": {
            "manifests": {
                "public": {
                    "gid": "1808272854927048122",
                    "size": "1976908222",
                    "download": "1328002640"
                }
            },
            "decryptionkey": "edec95a81b0f523d9153407fec1117905641b46f836f38162a3ac0caf8eece09"
        },
        "branches": {
            "public": {
                "buildid": "14415450",
                "timeupdated": "1716061550"
            }
        }
    }
}