{
    "appid": "3114860",
    "type": "Game",
    "name": "Barrok",
    "schinese_name": "",
    "isfreeapp": "0",
    "change_number": "25730383",
    "update_time": "2024-10-15 23:00:23",
    "depot": {
        "3114861": {
            "manifests": {
                "public": {
                    "gid": "7555449323942558252",
                    "size": "104354187",
                    "download": "25388432"
                }
            },
            "decryptionkey": "176d97b332f6a1ef837d17b3f314e64db50f665b5eeed8fae4a219f1a4a4cb01"
        },
        "branches": {
            "public": {
                "buildid": "15218231",
                "timeupdated": "1722461670"
            }
        }
    }
}