{
    "appid": "3148850",
    "type": "Demo",
    "name": "踩缝纫机模拟器 Demo",
    "schinese_name": "踩缝纫机模拟器 Demo",
    "isfreeapp": "0",
    "change_number": "25916298",
    "update_time": "2024-10-27 12:49:58",
    "depot": {
        "3148851": {
            "manifests": {
                "public": {
                    "gid": "9139618044199782470",
                    "size": "77019736",
                    "download": "31573344"
                }
            },
            "decryptionkey": "5e9ac1329965b5aa0d03e6fe3856ac28ba3ff880070ae9cb7d7df622c90dc030"
        },
        "branches": {
            "public": {
                "buildid": "15995558",
                "timeupdated": "1728569153"
            }
        }
    }
}