{
    "appid": "3055080",
    "type": "DLC",
    "name": "Cities: Skylines II - Atmospheric Piano Channel",
    "schinese_name": "",
    "isfreeapp": "0",
    "change_number": "28958956",
    "update_time": "2025-05-13 19:13:28",
    "depot": {
        "3055080": {
            "config": {
                "oslist": "windows",
                "osarch": "64"
            },
            "dlcappid": "3055080",
            "manifests": {
                "public": {
                    "gid": "1127889354119127597",
                    "size": "227637564",
                    "download": "227438176"
                }
            },
            "decryptionkey": "e39253ba495db02d1cb4cd69a6b9a7aba7b0d9439b2ee13cea0d153364b73267"
        },
        "branches": {
            "public": {
                "buildid": "17387675",
                "timeupdated": "1742285919"
            }
        },
        "privatebranches": "1"
    }
}