{
    "appid": "3171550",
    "type": "DLC",
    "name": "三国志汉末霸业-出类拔萃",
    "schinese_name": "",
    "isfreeapp": "0",
    "change_number": "27035375",
    "update_time": "2025-01-17 10:38:15",
    "depot": {
        "3171551": {
            "manifests": {
                "public": {
                    "gid": "6268066578677352546",
                    "size": "7830383",
                    "download": "596704"
                }
            },
            "dlcappid": "3171550",
            "decryptionkey": "cbabf5179c8c377bfc96b1dabbc05d5e9681c508d80f8f4a642464b5b429432c"
        },
        "branches": {
            "public": {
                "buildid": "16984070",
                "timeupdated": "1737081491"
            }
        },
        "privatebranches": "1"
    }
}