{
    "appid": "2975890",
    "type": "Demo",
    "name": "Balling Up Demo",
    "schinese_name": "",
    "isfreeapp": "0",
    "change_number": "25232189",
    "update_time": "2024-09-15 19:41:29",
    "depot": {
        "2975891": {
            "manifests": {
                "public": {
                    "gid": "7652265248437019257",
                    "size": "611173876",
                    "download": "233671936"
                }
            },
            "decryptionkey": "81db26faae922783565596e4359af668a12514e56372e848686ea40e83aad8f3"
        },
        "branches": {
            "public": {
                "buildid": "14252141",
                "timeupdated": "1714810035"
            }
        }
    }
}