{
    "appid": "3111220",
    "type": "Demo",
    "name": "Please Smile Demo",
    "schinese_name": "",
    "isfreeapp": "0",
    "change_number": "26685919",
    "update_time": "2024-12-18 07:54:11",
    "depot": {
        "228989": {
            "config": {
                "oslist": "windows"
            },
            "depotfromapp": "228980",
            "sharedinstall": "1"
        },
        "228990": {
            "config": {
                "oslist": "windows"
            },
            "depotfromapp": "228980",
            "sharedinstall": "1"
        },
        "3111221": {
            "manifests": {
                "public": {
                    "gid": "3077799411553389416",
                    "size": "936460942",
                    "download": "729182688"
                }
            },
            "decryptionkey": "b999ffaee104d77eabf6638f3cc84964e93e4e45b35243594dd93dfa2e22b9be"
        },
        "baselanguages": "english,german,french,italian,koreana,spanish,schinese,russian,japanese,polish,brazilian",
        "branches": {
            "public": {
                "buildid": "15135200",
                "timeupdated": "1721815090"
            }
        },
        "privatebranches": "1"
    }
}