{
    "appid": "3118390",
    "type": "Music",
    "name": "Iron Meat Original Soundtrack",
    "schinese_name": "",
    "isfreeapp": "0",
    "change_number": "26540329",
    "update_time": "2024-12-07 23:17:13",
    "depot": {
        "3118391": {
            "manifests": {
                "public": {
                    "gid": "6509109120689876407",
                    "size": "305521113",
                    "download": "263462320"
                }
            },
            "decryptionkey": "8d6fd96717862d70b889f1bcc5eedb383f679c7a3d63ff04ad3b401d9c0dd75a"
        },
        "3118392": {
            "config": {
                "highqualityaudio": "1"
            },
            "manifests": {
                "public": {
                    "gid": "8334341221008262929",
                    "size": "1174262788",
                    "download": "1144685632"
                }
            },
            "decryptionkey": "a78ad305b6debb81bc855958eec0f4c2a72fc7cece093ce8b2cc89af3365f8fa"
        },
        "branches": {
            "public": {
                "buildid": "15370213",
                "timeupdated": "1723648475"
            }
        }
    }
}