{
    "appid": "3138800",
    "type": "Game",
    "name": "Twizzle Puzzle: Dragons",
    "schinese_name": "",
    "isfreeapp": "0",
    "change_number": "28634449",
    "update_time": "2025-04-24 09:50:34",
    "depot": {
        "3138801": {
            "manifests": {
                "public": {
                    "gid": "1295465548962063746",
                    "size": "877792751",
                    "download": "878811200"
                }
            },
            "decryptionkey": "4829d4623c5598b996b7a9dcfd7c0d7de80b40c87903e6d88590f9f44eba6fb7"
        },
        "baselanguages": "english",
        "branches": {
            "public": {
                "buildid": "15198008",
                "timeupdated": "1722335267"
            }
        }
    }
}