{
    "appid": "3166780",
    "type": "Demo",
    "name": "Hypnosis Card 2 Happy Life Demo",
    "schinese_name": "催眠卡牌2 幸福生活 Demo",
    "isfreeapp": "0",
    "change_number": "26181286",
    "update_time": "2024-11-14 04:12:01",
    "depot": {
        "3166781": {
            "manifests": {
                "public": {
                    "gid": "227112955811122820",
                    "size": "1250507465",
                    "download": "726829232"
                }
            },
            "decryptionkey": "c9001bde7debeb7512146b313167fce6ecaee4485d2a26fcc8ffcf5e2e9c3243"
        },
        "branches": {
            "public": {
                "buildid": "16067375",
                "timeupdated": "1729090202"
            }
        },
        "privatebranches": "1"
    }
}