{
    "appid": "3274280",
    "type": "DLC",
    "name": "Beat Saber - Sullivan King - Thrones of Blood",
    "schinese_name": "",
    "isfreeapp": "0",
    "change_number": "26160066",
    "update_time": "2024-11-12 23:51:50",
    "depot": {
        "3274280": {
            "manifests": {
                "public": {
                    "gid": "3251009806814267905",
                    "size": "15197109",
                    "download": "15404848"
                }
            },
            "dlcappid": "3274280",
            "decryptionkey": "fbacda0b5b166c488631490714a4e5b39253547c3c5229856cfb3854011e590d"
        },
        "branches": {
            "public": {
                "buildid": "15951299",
                "timeupdated": "1728294317"
            }
        }
    }
}