{
    "appid": "3195050",
    "type": "Demo",
    "name": "Heart of a Bird in a Cage (draft version)",
    "schinese_name": "笼鸟之心（草稿版）",
    "isfreeapp": "0",
    "change_number": "25103303",
    "update_time": "2024-09-06 13:46:44",
    "depot": {
        "229007": {
            "config": {
                "oslist": "windows"
            },
            "depotfromapp": "228980",
            "sharedinstall": "1"
        },
        "3195051": {
            "manifests": {
                "public": {
                    "gid": "8572468415076593237",
                    "size": "77725440",
                    "download": "60654272"
                }
            },
            "decryptionkey": "2bd5c32bb7aab96645bed7c6e14c080d6167d8d0541cf2fefe33e9828d74719a"
        },
        "branches": {
            "public": {
                "buildid": "15504531",
                "timeupdated": "1724756836"
            }
        }
    }
}