{
    "appid": "3444860",
    "type": "Demo",
    "name": "Project Breakout Demo",
    "schinese_name": "",
    "isfreeapp": "0",
    "change_number": "27494737",
    "update_time": "2025-02-15 22:25:06",
    "depot": {
        "3444861": {
            "manifests": {
                "public": {
                    "gid": "8584636972794124071",
                    "size": "2744578200",
                    "download": "323182080"
                }
            },
            "decryptionkey": "b743ab735f5a3181a30648527a733addffa7763e8fae9b17782948fd31982d29"
        },
        "branches": {
            "public": {
                "buildid": "17470588",
                "timeupdated": "1740273481"
            }
        }
    }
}