{
    "appid": "3109800",
    "type": "Game",
    "name": "Illusion Box",
    "schinese_name": "电子幻术",
    "isfreeapp": "0",
    "change_number": "29039325",
    "update_time": "2025-05-17 19:13:09",
    "depot": {
        "3109801": {
            "config": {
                "oslist": "windows"
            },
            "manifests": {
                "public": {
                    "gid": "5800475353873122855",
                    "size": "241435174",
                    "download": "88877984"
                },
                "backup": {
                    "gid": "5766692479796245557",
                    "size": "241395255",
                    "download": "88875584"
                }
            },
            "decryptionkey": "a06b35f7970dd39948c2856e5093d17b0f07c70c6d52d85e222dffd0b17bc688"
        },
        "branches": {
            "public": {
                "buildid": "18278404",
                "timeupdated": "1745923887"
            },
            "backup": {
                "buildid": "18161279",
                "description": "0.3.1 稳定版",
                "timeupdated": "1745923985"
            }
        }
    }
}