{
    "appid": "3446740",
    "type": "Game",
    "name": "The Random Game",
    "schinese_name": "",
    "isfreeapp": "0",
    "change_number": "28850046",
    "update_time": "2025-05-07 05:31:42",
    "depot": {
        "3446741": {
            "manifests": {
                "public": {
                    "gid": "7359929755492702262",
                    "size": "1751928233",
                    "download": "319731152"
                }
            },
            "decryptionkey": "e657e899d9bceb265b3cd53335e8c6a9ecf37b3a694a8b3f11bfc5d7ed6408a4"
        },
        "branches": {
            "public": {
                "buildid": "18339551",
                "timeupdated": "1746384964"
            }
        }
    }
}