{
    "appid": "2951340",
    "type": "Game",
    "name": "Moonless Moon",
    "schinese_name": "",
    "isfreeapp": "0",
    "change_number": "29015497",
    "update_time": "2025-05-16 10:48:41",
    "depot": {
        "2951341": {
            "config": {
                "oslist": "windows"
            },
            "manifests": {
                "public": {
                    "gid": "8153369486071955317",
                    "size": "580192655",
                    "download": "460457152"
                }
            },
            "decryptionkey": "e5ec31bf76f5b0fdf48d86c41d9cf32fd29ed56b24cd14cbced556b67283adca"
        },
        "2951342": {
            "config": {
                "oslist": "macos"
            },
            "manifests": {
                "public": {
                    "gid": "202289583430849680",
                    "size": "643386242",
                    "download": "475321664"
                }
            },
            "decryptionkey": ""
        },
        "branches": {
            "public": {
                "buildid": "15739230",
                "timeupdated": "1726647148"
            }
        },
        "privatebranches": "1"
    }
}