{
    "appid": "3227910",
    "type": "Demo",
    "name": "The Wife Next Door - Demo",
    "schinese_name": "隔壁的美艳人妻 - Demo",
    "isfreeapp": "0",
    "change_number": "27104821",
    "update_time": "2025-01-22 11:01:51",
    "depot": {
        "3227911": {
            "manifests": {
                "public": {
                    "gid": "2027863228228936658",
                    "size": "4084131206",
                    "download": "3364278368"
                }
            },
            "decryptionkey": "00cbe292c64dfc1164627ed736a794b755c61360a0594ea0040c745df7034e38"
        },
        "branches": {
            "public": {
                "buildid": "16055424",
                "timeupdated": "1729016627"
            }
        }
    }
}