{
    "appid": "3298170",
    "type": "Game",
    "name": "S.E.X. Z.O.N.E. ☢️",
    "schinese_name": "",
    "isfreeapp": "0",
    "change_number": "29016574",
    "update_time": "2025-05-16 12:30:44",
    "depot": {
        "3298171": {
            "manifests": {
                "public": {
                    "gid": "7218771208087882472",
                    "size": "4973504587",
                    "download": "2443487776"
                }
            },
            "decryptionkey": "c97c78d0a28de86914f3a202160326f8af316958da81877faf0c496319be7111"
        },
        "branches": {
            "public": {
                "buildid": "16656060",
                "timeupdated": "1733487044"
            }
        }
    }
}