{
    "appid": "3441460",
    "type": "Game",
    "name": "Fuel Harvest Together",
    "schinese_name": "挖油吧！爸爸",
    "isfreeapp": "0",
    "change_number": "29048543",
    "update_time": "2025-05-18 20:15:57",
    "depot": {
        "3441461": {
            "manifests": {
                "public": {
                    "gid": "5478414651523062303",
                    "size": "3406178605",
                    "download": "1675019056"
                }
            },
            "decryptionkey": "6558fb7f6bd07dea3d09f157e42c67ed1d11b6b21db3ec9e8ef4e9bcc6961ed4"
        },
        "branches": {
            "public": {
                "buildid": "18463090",
                "timeupdated": "1747301568"
            }
        },
        "privatebranches": "1"
    }
}