{
    "appid": "3172190",
    "type": "Game",
    "name": "Sexuality with girlfriends : Kello&Cammy",
    "schinese_name": "合约女友的一日体验:凯洛与嘉米",
    "isfreeapp": "0",
    "change_number": "29016408",
    "update_time": "2025-05-16 12:12:44",
    "depot": {
        "3172191": {
            "manifests": {
                "public": {
                    "gid": "2228692322340324799",
                    "size": "1477048348",
                    "download": "320363232"
                }
            },
            "decryptionkey": "a9dfb8d7b50461e7c42960f5d500bee69024f88c9af6af83cadcc477b270e6b2"
        },
        "branches": {
            "public": {
                "buildid": "17011242",
                "timeupdated": "1736935315"
            }
        }
    }
}