{
    "appid": "3173860",
    "type": "Demo",
    "name": "Void Stealer Bodycam Horror Demo",
    "schinese_name": "",
    "isfreeapp": "0",
    "change_number": "25423316",
    "update_time": "2024-09-27 19:27:33",
    "depot": {
        "228989": {
            "config": {
                "oslist": "windows"
            },
            "depotfromapp": "228980",
            "sharedinstall": "1"
        },
        "228990": {
            "config": {
                "oslist": "windows"
            },
            "depotfromapp": "228980",
            "sharedinstall": "1"
        },
        "3173861": {
            "config": {
                "oslist": "windows",
                "osarch": "64"
            },
            "manifests": {
                "public": {
                    "gid": "5496229208654358675",
                    "size": "5197854608",
                    "download": "1941047040"
                }
            },
            "decryptionkey": "c47e0056bc268f17061adcc6ecde597986810371e8e9852fa2f68776b4c860e4"
        },
        "baselanguages": "english",
        "branches": {
            "public": {
                "buildid": "15799684",
                "timeupdated": "1727123337"
            }
        }
    }
}