{
    "appid": "2959030",
    "type": "Demo",
    "name": "Escape from the Room of the Serving Doll Demo",
    "schinese_name": "逃离性欲服侍人偶的房间 Demo",
    "isfreeapp": "0",
    "change_number": "24024587",
    "update_time": "2024-07-16 02:47:05",
    "depot": {
        "2959031": {
            "manifests": {
                "public": {
                    "gid": "4780623302813609376",
                    "size": "854606315",
                    "download": "406438544"
                }
            },
            "decryptionkey": "b833ebdbcc197fb3e8a3c8e40d95eb6df653b4d9b6a0785960250fa8d46eb1fc"
        },
        "branches": {
            "public": {
                "buildid": "14153813",
                "timeupdated": "1713925559"
            }
        }
    }
}