{
    "appid": "2992930",
    "type": "Demo",
    "name": "Drops of God: Creating your Ambrosia Demo",
    "schinese_name": "",
    "isfreeapp": "0",
    "change_number": "24139242",
    "update_time": "2024-07-16 02:47:07",
    "depot": {
        "2992931": {
            "manifests": {
                "public": {
                    "gid": "403906323591831071",
                    "size": "2337454198",
                    "download": "654506160"
                }
            },
            "decryptionkey": "0c2e5fd970fc43f108a06350d458a744621d919bab7911bcdd7d313b6f931536"
        },
        "branches": {
            "public": {
                "buildid": "14626541",
                "timeupdated": "1717681687"
            }
        }
    }
}