{
    "appid": "3239330",
    "type": "Game",
    "name": "Tutien Path",
    "schinese_name": "",
    "isfreeapp": "0",
    "change_number": "29038039",
    "update_time": "2025-05-17 16:08:57",
    "depot": {
        "228989": {
            "config": {
                "oslist": "windows"
            },
            "depotfromapp": "228980",
            "sharedinstall": "1"
        },
        "228990": {
            "config": {
                "oslist": "windows"
            },
            "depotfromapp": "228980",
            "sharedinstall": "1"
        },
        "3239331": {
            "manifests": {
                "public": {
                    "gid": "3228846513032112409",
                    "size": "4624723917",
                    "download": "4296935312"
                }
            },
            "decryptionkey": "f7f8364cdfcd1140d266a5216d5044bb8fe77c08a9962bc36385290ee6026f7f"
        },
        "3239332": {
            "config": {
                "language": "english",
                "oslist": "windows"
            }
        },
        "hasdepotsindlc": "1",
        "branches": {
            "public": {
                "buildid": "18501327",
                "timeupdated": "1747469334"
            }
        },
        "privatebranches": "1"
    }
}