{
    "appid": "2981660",
    "type": "Music",
    "name": "Deathless. Tales of Old Rus Soundtrack",
    "schinese_name": "",
    "isfreeapp": "0",
    "change_number": "28998127",
    "update_time": "2025-05-15 16:46:42",
    "depot": {
        "2981661": {
            "manifests": {
                "public": {
                    "gid": "7193077895097535784",
                    "size": "85174774",
                    "download": "83766928"
                }
            },
            "decryptionkey": "1b9ee6a82afed55f0eeea2762edc317809f1288e197794282f546e60cdc15496"
        },
        "2981662": {
            "config": {
                "highqualityaudio": "1"
            },
            "manifests": {
                "public": {
                    "gid": "1897628134190379210",
                    "size": "612938028",
                    "download": "583581008"
                }
            },
            "decryptionkey": "660e4aa6a4833c019c00916328b8bae3946d3587a944a501c50d72cc7228b031"
        },
        "branches": {
            "public": {
                "buildid": "14915285",
                "timeupdated": "1719988763"
            }
        }
    }
}