{
    "appid": "2966120",
    "type": "Demo",
    "name": "GreenColdBody Demo",
    "schinese_name": "绿尸寒Demo",
    "isfreeapp": "0",
    "change_number": "24675684",
    "update_time": "2024-08-07 06:38:23",
    "depot": {
        "2966121": {
            "manifests": {
                "public": {
                    "gid": "8601633920218373503",
                    "size": "420585806",
                    "download": "296152528"
                }
            },
            "decryptionkey": "459203137e2ac30011496a43fa932093087bf25503e01abddced9c3b7466f681"
        },
        "branches": {
            "public": {
                "buildid": "14636240",
                "timeupdated": "1717747319"
            }
        }
    }
}