{
    "appid": "2971740",
    "type": "Music",
    "name": "Ingression Soundtrack",
    "schinese_name": "",
    "isfreeapp": "0",
    "change_number": "24328596",
    "update_time": "2024-07-16 02:47:06",
    "depot": {
        "2971741": {
            "manifests": {
                "public": {
                    "gid": "3702598844659689078",
                    "size": "94609206",
                    "download": "94465536"
                }
            },
            "decryptionkey": "8eb2c8d116ff4dc8dcdf91371b35259fc8f4fe25f28a071666169c06b9bed9ba"
        },
        "branches": {
            "public": {
                "buildid": "14253642",
                "timeupdated": "1714727562"
            }
        }
    }
}