{
    "appid": "3132770",
    "type": "Game",
    "name": "シシテナオ -Even in Death-",
    "schinese_name": "",
    "isfreeapp": "0",
    "change_number": "28858183",
    "update_time": "2025-05-07 17:10:16",
    "depot": {
        "baselanguages": "english,japanese",
        "3132771": {
            "config": {
                "osarch": "64",
                "language": "japanese"
            },
            "manifests": {
                "public": {
                    "gid": "9201049212100244652",
                    "size": "655769878",
                    "download": "586516368"
                },
                "ver1.0.2": {
                    "gid": "632710481629296117",
                    "size": "656087857",
                    "download": "586837088"
                },
                "ver1.0.0": {
                    "gid": "5981096223044324175",
                    "size": "656200785",
                    "download": "586952288"
                },
                "30fps": {
                    "gid": "5510290654389728406",
                    "size": "656054710",
                    "download": "586805200"
                }
            },
            "decryptionkey": "c81d1ea018787be013019d3f31757650a159c98ef649cfae798646f5fd4f873a"
        },
        "3132772": {
            "config": {
                "osarch": "64",
                "language": "english"
            },
            "manifests": {
                "public": {
                    "gid": "1240085422454058836",
                    "size": "655754822",
                    "download": "586501168"
                },
                "ver1.0.2": {
                    "gid": "2712784526364280562",
                    "size": "655788045",
                    "download": "586533520"
                },
                "ver1.0.0": {
                    "gid": "4006397087089181940",
                    "size": "655898517",
                    "download": "586646768"
                },
                "30fps": {
                    "gid": "4865018156955770889",
                    "size": "656054710",
                    "download": "586805200"
                }
            },
            "decryptionkey": "f845d439e6f26d67cc3434e8607266108acbf48c4829582ac5f1c86a48272d64"
        },
        "3132773": {
            "config": {
                "osarch": "64",
                "language": "tchinese"
            },
            "manifests": {
                "public": {
                    "gid": "944498704225713960",
                    "size": "655756310",
                    "download": "586502752"
                },
                "ver1.0.2": {
                    "gid": "8215345159450599251",
                    "size": "655789516",
                    "download": "586534976"
                },
                "ver1.0.0": {
                    "gid": "8646712181712264587",
                    "size": "655900005",
                    "download": "586648656"
                },
                "30fps": {
                    "gid": "8381938605086939298",
                    "size": "656054710",
                    "download": "586805200"
                }
            },
            "decryptionkey": "25df9298878d1298dd3b26b20dffd419a5fcaf745560a5fd60f002a8565e30c8"
        },
        "3132774": {
            "config": {
                "osarch": "64",
                "language": "schinese"
            },
            "manifests": {
                "public": {
                    "gid": "2113731722999409265",
                    "size": "655756278",
                    "download": "586502752"
                },
                "ver1.0.2": {
                    "gid": "1907355051826743716",
                    "size": "655789485",
                    "download": "586534864"
                },
                "ver1.0.0": {
                    "gid": "4681970486959791471",
                    "size": "655899973",
                    "download": "586648128"
                },
                "30fps": {
                    "gid": "6484083056589083081",
                    "size": "656054710",
                    "download": "586805200"
                }
            },
            "decryptionkey": "8af808867ff498f6f00481f56e31ae743200da435e19569e53b9e8221028c8ad"
        },
        "branches": {
            "public": {
                "buildid": "17894399",
                "timeupdated": "1743147878"
            },
            "ver1.0.2": {
                "buildid": "17816894",
                "description": "Nomal",
                "timeupdated": "1743148233"
            },
            "ver1.0.0": {
                "buildid": "17829517",
                "description": "Hard",
                "timeupdated": "1743148263"
            },
            "30fps": {
                "buildid": "17894580",
                "description": "30Fps",
                "timeupdated": "1743148761"
            }
        }
    }
}