{
    "appid": "3304570",
    "type": "Game",
    "name": "Schoolteacher Simulator",
    "schinese_name": "",
    "isfreeapp": "0",
    "change_number": "28919853",
    "update_time": "2025-05-11 03:32:52",
    "depot": {
        "3304571": {
            "manifests": {
                "public": {
                    "gid": "221832739685098070",
                    "size": "3804635687",
                    "download": "1548299840"
                }
            },
            "decryptionkey": "4ae2daa176ea5c6c43156e46791044a9a9f92771bf07ed1590d37360becb8257"
        },
        "branches": {
            "public": {
                "buildid": "16975221",
                "timeupdated": "1736610737"
            }
        }
    }
}