{
    "appid": "3333770",
    "type": "Demo",
    "name": "REDCON Demo",
    "schinese_name": "",
    "isfreeapp": "0",
    "change_number": "26941627",
    "update_time": "2025-01-10 21:07:47",
    "depot": {
        "3333771": {
            "manifests": {
                "public": {
                    "gid": "3553942312034915606",
                    "size": "57777788",
                    "download": "54893760"
                }
            },
            "decryptionkey": "19ea7bfb00f8f1bca920acaf69d938ee9fb96c76f9e4652ca62711558d98f405"
        },
        "baselanguages": "english,german,french,italian,spanish,russian,czech,brazilian",
        "branches": {
            "public": {
                "buildid": "16964704",
                "timeupdated": "1736514459"
            }
        }
    }
}