{
    "appid": "3298610",
    "type": "Demo",
    "name": "心所向往的北极星 Demo",
    "schinese_name": "",
    "isfreeapp": "0",
    "change_number": "27053662",
    "update_time": "2025-01-18 14:36:27",
    "depot": {
        "3298611": {
            "manifests": {
                "public": {
                    "gid": "1005947455094418179",
                    "size": "1560553662",
                    "download": "417132624"
                }
            },
            "decryptionkey": "50a3f05bfb5a8cf34ba33054737b8dc034884818ce71ba76c589e55c5f720e59"
        },
        "branches": {
            "public": {
                "buildid": "17048568",
                "timeupdated": "1737182180"
            }
        }
    }
}