{
    "appid": "3261920",
    "type": "Demo",
    "name": "To Kill a God Demo",
    "schinese_name": "",
    "isfreeapp": "0",
    "change_number": "26183469",
    "update_time": "2024-11-14 07:41:16",
    "depot": {
        "3261921": {
            "manifests": {
                "public": {
                    "gid": "8307371175951075582",
                    "size": "1452706372",
                    "download": "212819152"
                }
            },
            "decryptionkey": "3b0424be0deaf5c0d4e9f4c31e6379de4de333301860c4347b7f8d56e0b27d60"
        },
        "branches": {
            "public": {
                "buildid": "16085986",
                "timeupdated": "1729213722"
            }
        },
        "privatebranches": "1"
    }
}