{
    "appid": "3259590",
    "type": "Demo",
    "name": "Lost In Static Demo",
    "schinese_name": "",
    "isfreeapp": "0",
    "change_number": "25739730",
    "update_time": "2024-10-16 12:02:16",
    "depot": {
        "3259591": {
            "manifests": {
                "public": {
                    "gid": "4109343506786991221",
                    "size": "3833357442",
                    "download": "879089840"
                }
            },
            "decryptionkey": "5df98ca724a530c29fca82ece758b1582b6de8ef2beaae49f8801fb1f48655af"
        },
        "branches": {
            "public": {
                "buildid": "16060406",
                "timeupdated": "1729051333"
            }
        }
    }
}