{
    "appid": "3176860",
    "type": "Demo",
    "name": "Card Weapon Shop Demo",
    "schinese_name": "卡牌武器店 Demo",
    "isfreeapp": "0",
    "change_number": "26063137",
    "update_time": "2024-11-06 07:22:22",
    "depot": {
        "baselanguages": "english,schinese,tchinese",
        "3176861": {
            "config": {
                "oslist": "windows"
            },
            "manifests": {
                "public": {
                    "gid": "395844536789281801",
                    "size": "448367479",
                    "download": "51400864"
                }
            },
            "decryptionkey": "6a52bfac112b836f249e3e2bfae66408a9cf5d5150252102bc6b778614449ec7"
        },
        "3176862": {
            "config": {
                "oslist": "macos"
            },
            "manifests": {
                "public": {
                    "gid": "5976820746520405758",
                    "size": "472159653",
                    "download": "58330752"
                }
            },
            "decryptionkey": ""
        },
        "branches": {
            "public": {
                "buildid": "15410089",
                "timeupdated": "1723970734"
            }
        }
    }
}