{
    "appid": "3188340",
    "type": "Game",
    "name": "MudRunner VR",
    "schinese_name": "",
    "isfreeapp": "0",
    "change_number": "29016408",
    "update_time": "2025-05-16 12:12:48",
    "depot": {
        "3188341": {
            "manifests": {
                "public": {
                    "gid": "1838497117234039690",
                    "size": "13739012865",
                    "download": "11835891072"
                }
            },
            "decryptionkey": "7cf03d1235ff97d14759ae5547821d0df82d604f6f62ac4bed76ed17c6865fa3"
        },
        "baselanguages": "english,german,french,spanish,russian",
        "branches": {
            "public": {
                "buildid": "16277091",
                "timeupdated": "1730998786"
            }
        },
        "privatebranches": "1"
    }
}