{
    "appid": "3471590",
    "type": "Game",
    "name": "Coffee & Boobs",
    "schinese_name": "",
    "isfreeapp": "0",
    "change_number": "29016726",
    "update_time": "2025-05-16 12:48:36",
    "depot": {
        "hasdepotsindlc": "1",
        "3471591": {
            "manifests": {
                "public": {
                    "gid": "4935161573057478747",
                    "size": "2506642143",
                    "download": "1385989408"
                }
            },
            "decryptionkey": "1e645a28773a20dd3cdb79845dc0347330707bdc8f69b5295ff23b62f1b14f71"
        },
        "branches": {
            "public": {
                "buildid": "18387276",
                "timeupdated": "1746718264"
            }
        },
        "privatebranches": "1"
    }
}