{
    "appid": "3199620",
    "type": "Demo",
    "name": "Cursed Maze Demo",
    "schinese_name": "",
    "isfreeapp": "0",
    "change_number": "25399299",
    "update_time": "2024-09-26 13:16:29",
    "depot": {
        "228988": {
            "config": {
                "oslist": "windows"
            },
            "depotfromapp": "228980",
            "sharedinstall": "1"
        },
        "228989": {
            "config": {
                "oslist": "windows"
            },
            "depotfromapp": "228980",
            "sharedinstall": "1"
        },
        "228990": {
            "config": {
                "oslist": "windows"
            },
            "depotfromapp": "228980",
            "sharedinstall": "1"
        },
        "3199621": {
            "manifests": {
                "public": {
                    "gid": "7472867747557083309",
                    "size": "1485492287",
                    "download": "1330713360"
                }
            },
            "decryptionkey": "813c9f6c6a5dd5df62f1fc388768930b98e0a1e69c9524d1ff8a485559ceda2e"
        },
        "branches": {
            "public": {
                "buildid": "15832003",
                "timeupdated": "1727327783"
            }
        }
    }
}