{
    "appid": "3371330",
    "type": "Application",
    "name": "手办模特",
    "schinese_name": "",
    "isfreeapp": "0",
    "change_number": "27830025",
    "update_time": "2025-03-07 14:43:25",
    "depot": {
        "baselanguages": "schinese",
        "3371331": {
            "config": {
                "oslist": "windows",
                "language": "schinese"
            },
            "manifests": {
                "public": {
                    "gid": "6330927901855971611",
                    "size": "252608023",
                    "download": "122928704"
                }
            },
            "decryptionkey": "8928a4535a92e7a8bcd91fefbd994941f67066f72e662756f72f944357973c6e"
        },
        "branches": {
            "public": {
                "buildid": "17559757",
                "timeupdated": "1741329801"
            }
        }
    }
}