{
    "appid": "3141720",
    "type": "Game",
    "name": "Monster Battles",
    "schinese_name": "怪物对决自走棋",
    "isfreeapp": "0",
    "change_number": "29048192",
    "update_time": "2025-05-18 19:14:28",
    "depot": {
        "229033": {
            "config": {
                "oslist": "windows"
            },
            "depotfromapp": "228980",
            "sharedinstall": "1"
        },
        "3141721": {
            "manifests": {
                "public": {
                    "gid": "8827061833394482817",
                    "size": "511711708",
                    "download": "373610352"
                }
            },
            "decryptionkey": "faabc616950c55e2cd75e14bcf6f1dd39adfdfec8590082a77aeb3e9487c52ef"
        },
        "branches": {
            "public": {
                "buildid": "18507691",
                "timeupdated": "1747558551"
            }
        }
    }
}