{
    "appid": "3417890",
    "type": "Demo",
    "name": "a Difficult game about Wheelchair Demo",
    "schinese_name": "",
    "isfreeapp": "0",
    "change_number": "26919275",
    "update_time": "2025-01-09 14:32:53",
    "depot": {
        "3417891": {
            "manifests": {
                "public": {
                    "gid": "2965025003929695047",
                    "size": "635423412",
                    "download": "259482528"
                }
            },
            "decryptionkey": "50a74fe040265efff9c00a86ff5e4e766e04fc6e8c0bd8075a4e7c46906ebc9a"
        },
        "branches": {
            "public": {
                "buildid": "16803820",
                "timeupdated": "1734628335"
            }
        }
    }
}