{
    "appid": "2976200",
    "type": "DLC",
    "name": "My Holiness the Gobliness Artbook",
    "schinese_name": "哥布林祭司的随从 美术设定集",
    "isfreeapp": "0",
    "change_number": "23591175",
    "update_time": "2024-07-16 02:47:06",
    "depot": {
        "2976200": {
            "dlcappid": "2976200",
            "manifests": {
                "public": {
                    "gid": "7060240258620874477",
                    "size": "105465353",
                    "download": "95223232"
                }
            },
            "decryptionkey": "5ca781cfaaf3847e1ac99bda506236a08c8fc10a4b939ef2d6621c7327848205"
        },
        "2976201": {
            "manifests": {
                "public": {
                    "gid": "7595956974381746953",
                    "size": "105465353",
                    "download": "95223232"
                }
            },
            "dlcappid": "2976200",
            "decryptionkey": "123176ec0c8ba049dc73a7c89dc12a7221025e7ad54e7d288e8486488473ef75"
        },
        "branches": {
            "public": {
                "buildid": "14384874",
                "timeupdated": "1715836508"
            }
        }
    }
}