{
    "appid": "3289240",
    "type": "Game",
    "name": "拜托！请你先告白",
    "schinese_name": "",
    "isfreeapp": "0",
    "change_number": "28317470",
    "update_time": "2025-04-05 06:09:46",
    "depot": {
        "3289241": {
            "manifests": {
                "public": {
                    "gid": "5302633137361308692",
                    "size": "27538601727",
                    "download": "26064558688"
                }
            },
            "decryptionkey": "064408a77e11f2ff2e978a595722f05ed1c8591372c7a5d864647fc3004ec4fb"
        },
        "branches": {
            "public": {
                "buildid": "16893124",
                "timeupdated": "1735840173"
            }
        }
    }
}