{
    "appid": "3489690",
    "type": "DLC",
    "name": "108 Silly Ways to Die - HD stills",
    "schinese_name": "杠精的108种死法 - 高清剧照",
    "isfreeapp": "0",
    "change_number": "27432413",
    "update_time": "2025-02-12 12:15:16",
    "depot": {
        "3489690": {
            "manifests": {
                "public": {
                    "gid": "6393352586855729878",
                    "size": "436924280",
                    "download": "374603904"
                }
            },
            "dlcappid": "3489690",
            "decryptionkey": "320a1dbbb4df1a88789b0cd16767222f25ee94e1a7580a7101e730d2ea8eae0c"
        },
        "branches": {
            "public": {
                "buildid": "17200355",
                "timeupdated": "1738335223"
            }
        }
    }
}