{
    "appid": "3059400",
    "type": "Game",
    "name": "Night Drive: คืนหลอน ซ่อนทาง",
    "schinese_name": "",
    "isfreeapp": "0",
    "change_number": "29040655",
    "update_time": "2025-05-17 22:13:24",
    "depot": {
        "3059401": {
            "manifests": {
                "public": {
                    "gid": "6351776171261144552",
                    "size": "413443318",
                    "download": "166206704"
                }
            },
            "decryptionkey": "b897ecab13aec984f5dac3663cdcdc1d3d0810bf3e28d7c6555adf83777d78d8"
        },
        "branches": {
            "public": {
                "buildid": "16540777",
                "timeupdated": "1732639448"
            }
        }
    }
}