{
    "appid": "3543720",
    "type": "Game",
    "name": "FIND ALL: Bunker",
    "schinese_name": "",
    "isfreeapp": "0",
    "change_number": "28839246",
    "update_time": "2025-05-06 18:27:36",
    "depot": {
        "baselanguages": "english",
        "hasdepotsindlc": "1",
        "3543721": {
            "config": {
                "oslist": "windows"
            },
            "manifests": {
                "public": {
                    "gid": "8892542058681266850",
                    "size": "418872971",
                    "download": "296913632"
                }
            },
            "decryptionkey": "3f128542ab68d1f2167c2391df950a8b49c2e0c9808e90eb2fcf4fb13bd93ea3"
        },
        "3543722": {
            "config": {
                "oslist": "macos"
            },
            "manifests": {
                "public": {
                    "gid": "6395851633358956915",
                    "size": "441869955",
                    "download": "303272336"
                }
            }
        },
        "3543723": {
            "config": {
                "oslist": "linux"
            },
            "manifests": {
                "public": {
                    "gid": "1487013563462416343",
                    "size": "420753431",
                    "download": "296072560"
                }
            }
        },
        "3640630": {
            "dlcappid": "3640630",
            "manifests": {
                "public": {
                    "gid": "6584015158116178001",
                    "size": "381082103",
                    "download": "330494928"
                }
            },
            "decryptionkey": ""
        },
        "branches": {
            "public": {
                "buildid": "18054399",
                "timeupdated": "1744279170"
            }
        }
    }
}