{
    "appid": "2976400",
    "type": "Game",
    "name": "Fork Road",
    "schinese_name": "分叉路",
    "isfreeapp": "0",
    "change_number": "29015559",
    "update_time": "2025-05-16 10:54:44",
    "depot": {
        "228989": {
            "config": {
                "oslist": "windows"
            },
            "depotfromapp": "228980",
            "sharedinstall": "1"
        },
        "228990": {
            "config": {
                "oslist": "windows"
            },
            "depotfromapp": "228980",
            "sharedinstall": "1"
        },
        "baselanguages": "english,german,french,italian,koreana,spanish,tchinese,russian,japanese,portuguese,polish,turkish",
        "2976401": {
            "config": {
                "oslist": "windows"
            },
            "manifests": {
                "public": {
                    "gid": "1686056152505561393",
                    "size": "4454297420",
                    "download": "2423226400"
                }
            },
            "decryptionkey": "8e76572e70eaada288d9c1b013194164cf6aeafdf59969ef6ad734642546395c"
        },
        "branches": {
            "public": {
                "buildid": "16458575",
                "timeupdated": "1732020688"
            }
        }
    }
}