{
    "appid": "3247010",
    "type": "Demo",
    "name": "Broken Alliance Demo",
    "schinese_name": "破碎联盟 Demo",
    "isfreeapp": "0",
    "change_number": "27515098",
    "update_time": "2025-02-17 20:17:30",
    "depot": {
        "3247011": {
            "config": {
                "oslist": "windows"
            },
            "manifests": {
                "public": {
                    "gid": "2552179874500106513",
                    "size": "1796771543",
                    "download": "268420128"
                }
            },
            "decryptionkey": "ad0b4339734e0a806841f9ffcf8ef8392610b5044e243accd70d1aef56ad3fc6"
        },
        "3247012": {
            "config": {
                "oslist": "macos"
            },
            "manifests": {
                "public": {
                    "gid": "5899037526484389976",
                    "size": "1823025048",
                    "download": "276313600"
                }
            },
            "decryptionkey": ""
        },
        "3247013": {
            "config": {
                "oslist": "linux"
            },
            "manifests": {
                "public": {
                    "gid": "1901302295876082445",
                    "size": "1799538778",
                    "download": "269273040"
                }
            },
            "decryptionkey": ""
        },
        "branches": {
            "public": {
                "buildid": "17156833",
                "timeupdated": "1738062217"
            }
        }
    }
}