{
    "appid": "3065740",
    "type": "Game",
    "name": "Virtual Heritage Tour: VR Museum Adventure",
    "schinese_name": "VR博物馆",
    "isfreeapp": "0",
    "change_number": "25184252",
    "update_time": "2024-09-12 10:00:22",
    "depot": {
        "228989": {
            "config": {
                "oslist": "windows"
            },
            "depotfromapp": "228980",
            "sharedinstall": "1"
        },
        "228990": {
            "config": {
                "oslist": "windows"
            },
            "depotfromapp": "228980",
            "sharedinstall": "1"
        },
        "3065741": {
            "manifests": {
                "public": {
                    "gid": "8231917487036180666",
                    "size": "4882187079",
                    "download": "1598370736"
                }
            },
            "decryptionkey": "b07cf3f195ae8b468c9a80fc96ab8e62270818a0c8f6b6291e1d939a82c67570"
        },
        "branches": {
            "public": {
                "buildid": "14913349",
                "timeupdated": "1719973248"
            }
        }
    }
}