{
    "appid": "2963840",
    "type": "Demo",
    "name": "EA SPORTS FC™ 25 SHOWCASE",
    "schinese_name": "《EA SPORTS FC™ 25》SHOWCASE",
    "isfreeapp": "0",
    "change_number": "29026337",
    "update_time": "2025-05-16 22:30:44",
    "depot": {
        "baselanguages": "english,german,french,italian,koreana,spanish,schinese,tchinese,russian,japanese,portuguese,polish,danish,dutch,norwegian,swedish,czech,turkish,arabic,brazilian,latam",
        "2963841": {
            "manifests": {
                "public": {
                    "gid": "8414758257895988061",
                    "size": "20",
                    "download": "80"
                }
            },
            "decryptionkey": "c1cace5e51644cee948b47effcf938011332a34f540219a0465add8f400e4492"
        },
        "2669321": {
            "manifests": {
                "public": {
                    "gid": "7441965202645799867",
                    "size": "52669221225",
                    "download": "51108212480"
                }
            },
            "depotfromapp": "2669320",
            "decryptionkey": "76cc370335c7af8b640b995822f72e2a526e593b8b0e415ffee6b14269c110f2"
        },
        "2669322": {
            "config": {
                "language": "english"
            },
            "manifests": {
                "public": {
                    "gid": "6569801375360127502",
                    "size": "4062970030",
                    "download": "3553456144"
                }
            },
            "depotfromapp": "2669320",
            "decryptionkey": "dc956f808120a3be1d76100275434df05c8d8cfc823a248be5a43eebec44f640"
        },
        "2669323": {
            "config": {
                "language": "german"
            },
            "manifests": {
                "public": {
                    "gid": "7971590242664769626",
                    "size": "5429624088",
                    "download": "4764203840"
                }
            },
            "depotfromapp": "2669320",
            "decryptionkey": "120647853dff26407d7fc2abde8c0d0a0ac57092f50fec65af5dc93c740412b9"
        },
        "2669324": {
            "config": {
                "language": "french"
            },
            "manifests": {
                "public": {
                    "gid": "1040878722494209029",
                    "size": "5146057704",
                    "download": "4519968880"
                }
            },
            "depotfromapp": "2669320",
            "decryptionkey": "0ba16b84bb418aceaeeba17a8040aa0784fb0babb34201b7b474f006e2fcfa1d"
        },
        "2669325": {
            "config": {
                "language": "italian"
            },
            "manifests": {
                "public": {
                    "gid": "2300795916720125692",
                    "size": "5538153598",
                    "download": "4862331792"
                }
            },
            "depotfromapp": "2669320",
            "decryptionkey": "fede776f29a56961ee68ef6293bfaf8aab8aa9a2965b2779853977c78e4e9515"
        },
        "2669326": {
            "config": {
                "language": "koreana"
            },
            "manifests": {
                "public": {
                    "gid": "8056226734672856339",
                    "size": "5169034772",
                    "download": "4537150384"
                }
            },
            "depotfromapp": "2669320",
            "decryptionkey": "99c851e993373cec85cbde94fc6b81527d64cb7425ec494292ed271bb6698544"
        },
        "2669327": {
            "config": {
                "language": "spanish"
            },
            "manifests": {
                "public": {
                    "gid": "4165616520735293444",
                    "size": "5493634137",
                    "download": "4821826032"
                }
            },
            "depotfromapp": "2669320",
            "decryptionkey": "31970a047d64971c2ea8b19bbe117fa974d66424980227a1d7d2d6262b5dbe69"
        },
        "2669328": {
            "config": {
                "language": "schinese"
            },
            "manifests": {
                "public": {
                    "gid": "7885364704272276131",
                    "size": "5406024748",
                    "download": "4759683424"
                }
            },
            "depotfromapp": "2669320",
            "decryptionkey": "afda87b077dfe9ffd05d8d16286646f99eefd1d5317eea27397b157a51513773"
        },
        "2669329": {
            "config": {
                "language": "tchinese"
            },
            "manifests": {
                "public": {
                    "gid": "7737568045786765669",
                    "size": "4062976849",
                    "download": "3553459632"
                }
            },
            "depotfromapp": "2669320",
            "decryptionkey": "cba103955aec236df9b4aa2a729060e69f945913d41fe741d48bd11edfcf6faa"
        },
        "2680691": {
            "config": {
                "language": "russian"
            },
            "manifests": {
                "public": {
                    "gid": "5983130153640919154",
                    "size": "5310371301",
                    "download": "4700322272"
                }
            },
            "depotfromapp": "2669320",
            "decryptionkey": "7e336f037173d9491be5ab708032468f7873ef3aa10d66c71592c68f0aa9bb28"
        },
        "2680692": {
            "config": {
                "language": "japanese"
            },
            "manifests": {
                "public": {
                    "gid": "1330368736999066205",
                    "size": "5709911217",
                    "download": "5002838000"
                }
            },
            "depotfromapp": "2669320",
            "decryptionkey": "45bda3ea04f65dab8d6c879a4425a28a7fd425e307d46f3c8fd6a1f54e49e8f7"
        },
        "2680693": {
            "config": {
                "language": "portuguese"
            },
            "manifests": {
                "public": {
                    "gid": "6797326376791510432",
                    "size": "4062992541",
                    "download": "3553464144"
                }
            },
            "depotfromapp": "2669320",
            "decryptionkey": "3a23a69dc514223a590eead3190031e66bf74fdfb518f4241da1980f9aa3b27d"
        },
        "2680694": {
            "config": {
                "language": "polish"
            },
            "manifests": {
                "public": {
                    "gid": "1434099299528597658",
                    "size": "5627217695",
                    "download": "4960665664"
                }
            },
            "depotfromapp": "2669320",
            "decryptionkey": "3efa7e40b483eafe6dd1ab0d630a534f4a59efc80f5a93f61d06628210886916"
        },
        "2680695": {
            "config": {
                "language": "danish"
            },
            "manifests": {
                "public": {
                    "gid": "1471673133410432507",
                    "size": "4062997470",
                    "download": "3553463568"
                }
            },
            "depotfromapp": "2669320",
            "decryptionkey": "b0e4fd739905fbb7a8ae785a9e8e342b12abc7aa375954786c5e8f25687ccdca"
        },
        "2680696": {
            "config": {
                "language": "dutch"
            },
            "manifests": {
                "public": {
                    "gid": "7077053642462283962",
                    "size": "5755344874",
                    "download": "5076227136"
                }
            },
            "depotfromapp": "2669320",
            "decryptionkey": "8c434a5108df457d72c7f6472b97d3658e6d727d57ce5c2db7f8fb5676e70845"
        },
        "2680697": {
            "config": {
                "language": "norwegian"
            },
            "manifests": {
                "public": {
                    "gid": "4162464248257146017",
                    "size": "4062997779",
                    "download": "3553462944"
                }
            },
            "depotfromapp": "2669320",
            "decryptionkey": "e14e95bfcc27a1a58ce4841f1e94b0ab0a351fcf7cf3a4383a3a88f613148d55"
        },
        "2680698": {
            "config": {
                "language": "swedish"
            },
            "manifests": {
                "public": {
                    "gid": "4871363986520192381",
                    "size": "4063002811",
                    "download": "3553463920"
                }
            },
            "depotfromapp": "2669320",
            "decryptionkey": "05b460cb4261fe5841ae3420742eb2d457e4a26534007281ccbad624733331e8"
        },
        "2680699": {
            "config": {
                "language": "czech"
            },
            "manifests": {
                "public": {
                    "gid": "3799280634902026246",
                    "size": "4063029350",
                    "download": "3553469200"
                }
            },
            "depotfromapp": "2669320",
            "decryptionkey": "fd5aafb61688f4719e52cd5424b0541c0f80136f0cf186f1a0c66345ab9534a2"
        },
        "2729900": {
            "config": {
                "language": "turkish"
            },
            "manifests": {
                "public": {
                    "gid": "2639123422514132107",
                    "size": "4062996720",
                    "download": "3553464608"
                }
            },
            "depotfromapp": "2669320",
            "decryptionkey": "cd5183550e52913bb9bf1d40ff2c4de7e7e577cd230d15ada99473f6c367559f"
        },
        "2729901": {
            "config": {
                "language": "arabic"
            },
            "manifests": {
                "public": {
                    "gid": "1692313039431879920",
                    "size": "5897251625",
                    "download": "5193034448"
                }
            },
            "depotfromapp": "2669320",
            "decryptionkey": "21634bae2b1aed165f2d959a5c4b16bcdeabc02b6f57bae0769628aef8708fe2"
        },
        "2729902": {
            "config": {
                "language": "brazilian"
            },
            "manifests": {
                "public": {
                    "gid": "8153432562690838294",
                    "size": "5789426209",
                    "download": "5097828496"
                }
            },
            "depotfromapp": "2669320",
            "decryptionkey": "1aa3d3f428af74beed3aa55d0688db59e4ca40652a97044e9878762c5d4135e3"
        },
        "2729903": {
            "config": {
                "language": "latam"
            },
            "manifests": {
                "public": {
                    "gid": "6006041029695448141",
                    "size": "5764384773",
                    "download": "5057483584"
                }
            },
            "depotfromapp": "2669320",
            "decryptionkey": "01425fde4562981e5240f3797c537fc38d9001fd3a17607931c0ec196f129c40"
        },
        "branches": {
            "public": {
                "buildid": "16617361",
                "timeupdated": "1733245262"
            }
        },
        "privatebranches": "1"
    }
}