{
    "appid": "2961330",
    "type": "Game",
    "name": "Secret Toy",
    "schinese_name": "",
    "isfreeapp": "0",
    "change_number": "28889910",
    "update_time": "2025-05-09 04:32:22",
    "depot": {
        "baselanguages": "english",
        "2961331": {
            "config": {
                "oslist": "windows"
            },
            "manifests": {
                "public": {
                    "gid": "3838814167957820127",
                    "size": "438402142",
                    "download": "211405312"
                }
            },
            "decryptionkey": "6ea6ca7a64c9b2d02e71650f0aae3cd9fee35619df9d64d34bf5d450208331cc"
        },
        "2961332": {
            "config": {
                "language": "koreana",
                "oslist": "windows"
            },
            "manifests": {
                "public": {
                    "gid": "7670771563854410798",
                    "size": "249939516",
                    "download": "101738384"
                }
            },
            "decryptionkey": "d9f78ca5edb87a81d133ad392c1af943bdac141975ddaf1cdbaa2c9e36affde1"
        },
        "branches": {
            "public": {
                "buildid": "15466589",
                "timeupdated": "1724379583"
            }
        },
        "privatebranches": "1"
    }
}