{
    "appid": "2974310",
    "type": "Music",
    "name": "God of War Ragnarök Soundtrack",
    "schinese_name": "",
    "isfreeapp": "0",
    "change_number": "28816079",
    "update_time": "2025-05-05 11:29:53",
    "depot": {
        "2974311": {
            "manifests": {
                "public": {
                    "gid": "6676705054900401854",
                    "size": "136425216",
                    "download": "135387328"
                }
            },
            "decryptionkey": "fadc9bf7352e7ae30b2451f6605c9cc89ea27b23388f2788cd5223df14bac32f"
        },
        "branches": {
            "public": {
                "buildid": "15718336",
                "timeupdated": "1726510249"
            }
        }
    }
}