{
    "appid": "3132170",
    "type": "Game",
    "name": "ハメ撮りシミュレーター",
    "schinese_name": "成人影片 拍摄模拟器",
    "isfreeapp": "0",
    "change_number": "28775499",
    "update_time": "2025-05-02 05:08:24",
    "depot": {
        "3132171": {
            "manifests": {
                "public": {
                    "gid": "5877054785092440951",
                    "size": "303970462",
                    "download": "90539920"
                }
            },
            "decryptionkey": "125593f23db93cd2c136c5663105e52f460cc257f1c76baca83793e83e724415"
        },
        "3132172": {},
        "branches": {
            "public": {
                "buildid": "15863743",
                "timeupdated": "1727568315"
            }
        }
    }
}