{
    "appid": "3213510",
    "type": "DLC",
    "name": "Summer For You - Digital Artbook",
    "schinese_name": "",
    "isfreeapp": "0",
    "change_number": "27255499",
    "update_time": "2025-01-31 23:04:39",
    "depot": {
        "3213510": {
            "manifests": {
                "public": {
                    "gid": "3213972891465067420",
                    "size": "168120306",
                    "download": "164288960"
                }
            },
            "dlcappid": "3213510",
            "decryptionkey": "9d96347f138f2d728ce0d42a0b0254df8ab0d23be0f6fbb6badafcc90d6f0275"
        },
        "branches": {
            "public": {
                "buildid": "17183782",
                "timeupdated": "1738237471"
            }
        }
    }
}