{
    "appid": "3391500",
    "type": "Game",
    "name": "侦探，请守护我的秘密吧！",
    "schinese_name": "",
    "isfreeapp": "0",
    "change_number": "29037293",
    "update_time": "2025-05-17 14:15:24",
    "depot": {
        "3391501": {
            "config": {
                "oslist": "windows"
            },
            "manifests": {
                "public": {
                    "gid": "8544598517497114068",
                    "size": "45172114184",
                    "download": "44907223920"
                }
            },
            "decryptionkey": "f15b609d6ccb70d5ef81b814ad2e5674c98fa8f2637f2b17684f12a92d26be14"
        },
        "branches": {
            "public": {
                "buildid": "18484780",
                "timeupdated": "1747361418"
            }
        },
        "privatebranches": "1"
    }
}