{
    "appid": "2998000",
    "type": "Demo",
    "name": "Tactical Breach Wizards Demo",
    "schinese_name": "",
    "isfreeapp": "0",
    "change_number": "24055802",
    "update_time": "2024-07-16 02:47:07",
    "depot": {
        "2998001": {
            "manifests": {
                "public": {
                    "gid": "7696295193479358974",
                    "size": "1073925846",
                    "download": "313205920"
                },
                "nextversion": {
                    "gid": "7696295193479358974",
                    "size": "1073925846",
                    "download": "313205920"
                }
            },
            "decryptionkey": "c9d29fa8d0b4bfac1587c779d8b2ab147aca11fae0dec73cd44ade098b0c73fa"
        },
        "branches": {
            "public": {
                "buildid": "17446582",
                "timeupdated": "1740095280"
            },
            "nextversion": {
                "buildid": "17446582",
                "description": "Preview of upcoming patch",
                "timeupdated": "1740095290"
            }
        },
        "privatebranches": "1"
    }
}