{
    "appid": "3311560",
    "type": "Game",
    "name": "重返现场：真人版",
    "schinese_name": "",
    "isfreeapp": "0",
    "change_number": "28454548",
    "update_time": "2025-04-14 00:09:07",
    "depot": {
        "3311561": {
            "manifests": {
                "public": {
                    "gid": "3924914869759562133",
                    "size": "11396436389",
                    "download": "10892072480"
                }
            },
            "decryptionkey": "62ffffd331a0b89045fc3e8a5b8477fc1dedaca549a8889553a3b2769d2f8f7a"
        },
        "baselanguages": "schinese",
        "branches": {
            "public": {
                "buildid": "16846865",
                "timeupdated": "1735115444"
            }
        },
        "privatebranches": "1"
    }
}