{
    "appid": "3484000",
    "type": "Music",
    "name": "Omega Crafter Soundtrack",
    "schinese_name": "",
    "isfreeapp": "0",
    "change_number": "28993709",
    "update_time": "2025-05-15 10:41:25",
    "depot": {
        "3484001": {
            "manifests": {
                "public": {
                    "gid": "6887228764164303263",
                    "size": "89807948",
                    "download": "88020784"
                }
            },
            "decryptionkey": "afd67809cacd751ef8eb3117941f302ff66604c79d0024903d306b43cff11f03"
        },
        "3484002": {
            "config": {
                "highqualityaudio": "1"
            },
            "manifests": {
                "public": {
                    "gid": "1199404134439089508",
                    "size": "1077348820",
                    "download": "999001488"
                }
            },
            "decryptionkey": "a58885ab4cdcc0e0cc4cf85a188eae8fc451c54b8f3d20363e5eee8081a5ecb5"
        },
        "branches": {
            "public": {
                "buildid": "18051734",
                "timeupdated": "1744265477"
            }
        }
    }
}