{
    "appid": "3132890",
    "type": "Demo",
    "name": "Into The Grid Demo",
    "schinese_name": "深入矩阵 试玩版 (Into The Grid)",
    "isfreeapp": "0",
    "change_number": "27432464",
    "update_time": "2025-02-12 12:20:36",
    "depot": {
        "3132892": {
            "config": {
                "oslist": "linux"
            },
            "manifests": {
                "public": {
                    "gid": "1082522701589200557",
                    "size": "1982511351",
                    "download": "563520288"
                }
            },
            "decryptionkey": ""
        },
        "3132893": {
            "config": {
                "oslist": "macos"
            },
            "manifests": {
                "public": {
                    "gid": "6012169898602827080",
                    "size": "2006000478",
                    "download": "572027824"
                }
            },
            "decryptionkey": ""
        },
        "3132894": {
            "config": {
                "oslist": "windows"
            },
            "manifests": {
                "public": {
                    "gid": "7557065888978945636",
                    "size": "1980445211",
                    "download": "564023984"
                }
            },
            "decryptionkey": "d52542e0130a0075cf6f28b6fffc0eec5e83517092e94e581ca614397b48865a"
        },
        "branches": {
            "public": {
                "buildid": "16607993",
                "timeupdated": "1733246929"
            }
        },
        "privatebranches": "1"
    }
}