{
    "appid": "3027370",
    "type": "Music",
    "name": "Fuga: Melodies of Steel 2 OST Vol. 1",
    "schinese_name": "",
    "isfreeapp": "0",
    "change_number": "26183469",
    "update_time": "2024-11-14 07:26:56",
    "depot": {
        "3027371": {
            "manifests": {
                "public": {
                    "gid": "7174402654986864403",
                    "size": "159033072",
                    "download": "128186832"
                }
            },
            "decryptionkey": "3aa8d22a2805e57ce811849a5117771e0921d2eb5c31439ea161ea42d3691281"
        },
        "3027372": {
            "manifests": {}
        },
        "3027373": {
            "config": {
                "highqualityaudio": "1"
            },
            "manifests": {
                "public": {
                    "gid": "4874612020698732873",
                    "size": "701189182",
                    "download": "596546464"
                }
            },
            "decryptionkey": "aa4c6ecbeef94b97c0b4ba6f8dd943815fdea702bb7b826c34e387cfebbd6f64"
        },
        "branches": {
            "public": {
                "buildid": "15055758",
                "timeupdated": "1721175787"
            }
        },
        "privatebranches": "1"
    }
}