{
    "appid": "3020890",
    "type": "Demo",
    "name": "Dustland Delivery Demo",
    "schinese_name": "",
    "isfreeapp": "0",
    "change_number": "26183469",
    "update_time": "2024-11-14 07:26:20",
    "depot": {
        "3020891": {
            "manifests": {
                "public": {
                    "gid": "1420843279697387766",
                    "size": "2033618442",
                    "download": "212436944"
                }
            },
            "decryptionkey": "3fa7b3fbaa14dc1ee9f53524ebe8d5066817759a2b466adacdea8675535fe1a0"
        },
        "branches": {
            "public": {
                "buildid": "14625149",
                "timeupdated": "1717673564"
            }
        },
        "privatebranches": "1"
    }
}