{
    "appid": "3205290",
    "type": "Game",
    "name": "谁偷了我的女朋友",
    "schinese_name": "",
    "isfreeapp": "0",
    "change_number": "28711477",
    "update_time": "2025-04-29 01:29:11",
    "depot": {
        "baselanguages": "english,schinese",
        "hasdepotsindlc": "0",
        "3205291": {
            "manifests": {
                "public": {
                    "gid": "1109398657033117752",
                    "size": "446250483",
                    "download": "234233456"
                }
            },
            "decryptionkey": "25841acc955cad76efc389fa414b4074612751697b024dcac3987ae1da0ea888"
        },
        "3205292": {
            "config": {
                "language": "schinese"
            }
        },
        "branches": {
            "public": {
                "buildid": "16632701",
                "timeupdated": "1733334491"
            }
        }
    }
}