{
    "appid": "3033880",
    "type": "Game",
    "name": "Quescaper",
    "schinese_name": "",
    "isfreeapp": "0",
    "change_number": "28976122",
    "update_time": "2025-05-14 22:40:37",
    "depot": {
        "3033881": {
            "manifests": {
                "public": {
                    "gid": "4319895622871919066",
                    "size": "1349070531",
                    "download": "519857632"
                }
            },
            "decryptionkey": "67a36ca96d19242ad4bc4942a7c51794e84b41d4831b580c7d438248845338d1"
        },
        "branches": {
            "public": {
                "buildid": "14625441",
                "timeupdated": "1717676103"
            }
        }
    }
}