{
    "appid": "3088440",
    "type": "Game",
    "name": "Behind The Backrooms",
    "schinese_name": "",
    "isfreeapp": "0",
    "change_number": "29043292",
    "update_time": "2025-05-18 04:15:21",
    "depot": {
        "228989": {
            "config": {
                "oslist": "windows"
            },
            "depotfromapp": "228980",
            "sharedinstall": "1"
        },
        "228990": {
            "config": {
                "oslist": "windows"
            },
            "depotfromapp": "228980",
            "sharedinstall": "1"
        },
        "baselanguages": "english,thai",
        "3088441": {
            "manifests": {
                "public": {
                    "gid": "617112585773013577",
                    "size": "2766982050",
                    "download": "2544587408"
                }
            },
            "decryptionkey": "68fe26605c52a9ce3d5c749045d4d9b1d243eb8540328d1d7cf486a34ea9bb99"
        },
        "branches": {
            "public": {
                "buildid": "17475401",
                "timeupdated": "1740337645"
            }
        }
    }
}