{
    "appid": "3465460",
    "type": "Demo",
    "name": "Let Them Trade Demo",
    "schinese_name": "贸易之路 试玩版",
    "isfreeapp": "0",
    "change_number": "29037753",
    "update_time": "2025-05-17 15:31:42",
    "depot": {
        "228989": {
            "config": {
                "oslist": "windows"
            },
            "depotfromapp": "228980",
            "sharedinstall": "1"
        },
        "228990": {
            "config": {
                "oslist": "windows"
            },
            "depotfromapp": "228980",
            "sharedinstall": "1"
        },
        "3465461": {
            "config": {
                "language": "english",
                "oslist": "windows",
                "osarch": "64"
            },
            "manifests": {
                "public": {
                    "gid": "6932065059196763048",
                    "size": "2590571063",
                    "download": "2382311856"
                }
            },
            "decryptionkey": "ea42afeed9f81538ee5c900637f3f988ccd45a7e992116369d155ef05f468dc5"
        },
        "branches": {
            "public": {
                "buildid": "18501034",
                "timeupdated": "1747467098"
            }
        },
        "privatebranches": "1"
    }
}