{
    "appid": "3360970",
    "type": "Music",
    "name": "Naiad Soundtrack",
    "schinese_name": "",
    "isfreeapp": "0",
    "change_number": "28060386",
    "update_time": "2025-03-21 06:37:52",
    "depot": {
        "3360971": {
            "manifests": {
                "public": {
                    "gid": "8354440226850545620",
                    "size": "246311637",
                    "download": "243763104"
                }
            },
            "decryptionkey": "1b463d29c65cd83bffba630d71a8bf7286e2256c7946aa71c4a72537c844b8da"
        },
        "3360972": {
            "config": {
                "highqualityaudio": "1"
            },
            "manifests": {
                "public": {
                    "gid": "1808164749071087006",
                    "size": "292930127",
                    "download": "293227376"
                }
            },
            "decryptionkey": "65219c28e71df447cee902cb6317bac270f15a5c1f5aa7da1bca71e61f9252a7"
        },
        "branches": {
            "public": {
                "buildid": "16592635",
                "timeupdated": "1733053696"
            }
        }
    }
}