{
    "appid": "3201570",
    "type": "Game",
    "name": "VR Sailing",
    "schinese_name": "VR乘风破浪",
    "isfreeapp": "0",
    "change_number": "28724286",
    "update_time": "2025-04-29 17:54:05",
    "depot": {
        "hasdepotsindlc": "0",
        "3201571": {
            "config": {
                "oslist": "windows"
            },
            "manifests": {
                "public": {
                    "gid": "6617887013884596146",
                    "size": "3145979137",
                    "download": "777610384"
                }
            },
            "decryptionkey": "86dfd0bc7ba56cabc47474c595ea02f426ce169fed136602d8822cc9dfd10bbe"
        },
        "baselanguages": "english,german,french,italian,koreana,spanish,schinese,tchinese,russian,japanese,portuguese",
        "branches": {
            "public": {
                "buildid": "16508776",
                "timeupdated": "1732342767"
            }
        }
    }
}