{
    "appid": "3296370",
    "type": "Game",
    "name": "Cursed New Year",
    "schinese_name": "",
    "isfreeapp": "0",
    "change_number": "28919489",
    "update_time": "2025-05-11 02:35:45",
    "depot": {
        "3296371": {
            "manifests": {
                "public": {
                    "gid": "8750835392412779684",
                    "size": "2937325293",
                    "download": "1259132576"
                }
            },
            "decryptionkey": "fbc115df60af81ba03bb4f7fb7826ea1fab6db4a53ae1274ca1d7967c02368aa"
        },
        "branches": {
            "public": {
                "buildid": "18046791",
                "timeupdated": "1744232098"
            }
        },
        "privatebranches": "1"
    }
}