{
    "appid": "3313310",
    "type": "Game",
    "name": "Fishing The Abyss",
    "schinese_name": "",
    "isfreeapp": "0",
    "change_number": "28995107",
    "update_time": "2025-05-15 13:00:43",
    "depot": {
        "baselanguages": "english,german,french,italian,koreana,spanish,schinese,tchinese,russian,japanese,polish,brazilian,latam",
        "hasdepotsindlc": "1",
        "3313311": {
            "manifests": {
                "public": {
                    "gid": "962690654620236712",
                    "size": "418517106",
                    "download": "271851616"
                }
            },
            "decryptionkey": "24aefdfd75079cd737d52974848e0578283933d6fe98ea1fa58d63ec52390411"
        },
        "3313312": {},
        "branches": {
            "public": {
                "buildid": "16996476",
                "timeupdated": "1736840412"
            }
        }
    }
}