{
    "appid": "3236480",
    "type": "Demo",
    "name": "Legacy: Steel & Sorcery Demo",
    "schinese_name": "",
    "isfreeapp": "0",
    "change_number": "27989623",
    "update_time": "2025-03-17 16:28:44",
    "depot": {
        "228989": {
            "config": {
                "oslist": "windows"
            },
            "depotfromapp": "228980",
            "sharedinstall": "1"
        },
        "228990": {
            "config": {
                "oslist": "windows"
            },
            "depotfromapp": "228980",
            "sharedinstall": "1"
        },
        "3236481": {
            "config": {
                "oslist": "windows",
                "osarch": "64"
            },
            "manifests": {
                "public": {
                    "gid": "8091967934863090790",
                    "size": "11519887574",
                    "download": "11356027120"
                }
            },
            "decryptionkey": "b5a6cadc932c5084c41c939db58d31493937f2cf348cd31fc1fe67196ee76183"
        },
        "branches": {
            "public": {
                "buildid": "16060817",
                "timeupdated": "1729057247"
            }
        }
    }
}