{
    "appid": "3437060",
    "type": "Game",
    "name": "黑童话",
    "schinese_name": "黑童话",
    "isfreeapp": "0",
    "change_number": "29040185",
    "update_time": "2025-05-17 21:13:53",
    "depot": {
        "3437061": {
            "manifests": {
                "public": {
                    "gid": "1941003137599190882",
                    "size": "383086123",
                    "download": "245722560"
                }
            },
            "decryptionkey": "d3cd2f76f1f81178696186ad47d053231f9546331b1802bff2577ee9c76ad622"
        },
        "branches": {
            "public": {
                "buildid": "17334299",
                "timeupdated": "1739354707"
            }
        }
    }
}