{
    "appid": "3032690",
    "type": "Demo",
    "name": "Fadedlands Demo",
    "schinese_name": "黯淡之森 DEMO",
    "isfreeapp": "0",
    "change_number": "27079908",
    "update_time": "2025-01-21 01:24:45",
    "depot": {
        "3032691": {
            "manifests": {
                "public": {
                    "gid": "2578844756246570853",
                    "size": "48944352",
                    "download": "20558640"
                }
            },
            "decryptionkey": "cd1fbbf1cb052ad1f81050f507c33341504b1157c0d032847baac6017a30b114"
        },
        "baselanguages": "english,schinese",
        "branches": {
            "public": {
                "buildid": "14896879",
                "timeupdated": "1719851723"
            }
        }
    }
}