{
    "appid": "2974340",
    "type": "DLC",
    "name": "God of War Ragnarök - Digital Artbook",
    "schinese_name": "",
    "isfreeapp": "0",
    "change_number": "28400109",
    "update_time": "2025-04-10 13:10:00",
    "depot": {
        "2974340": {
            "manifests": {
                "public": {
                    "gid": "192176833100020722",
                    "size": "11945377",
                    "download": "11361744"
                }
            },
            "dlcappid": "2974340",
            "decryptionkey": "b54ec4dbd1528067329c6ce102d3dc0501401e41b08a6cabc0c947d0c9541baf"
        },
        "branches": {
            "public": {
                "buildid": "15179062",
                "timeupdated": "1722190241"
            }
        }
    },
    "access_token": 14621696841799701455
}