{
    "appid": "3238120",
    "type": "Demo",
    "name": "Lonely Mountains: Snow Riders Demo",
    "schinese_name": "",
    "isfreeapp": "0",
    "change_number": "27378204",
    "update_time": "2025-02-08 20:29:22",
    "depot": {
        "3238121": {
            "manifests": {
                "public": {
                    "gid": "1276315220968018354",
                    "size": "1031514378",
                    "download": "515868352"
                }
            },
            "decryptionkey": "90019ed446ca6ad07491d0c1dcaaf0254e58609df7010270b40fba38156ea723"
        },
        "baselanguages": "english,german,french,italian,koreana,spanish,schinese,russian,japanese,polish,turkish,brazilian",
        "branches": {
            "public": {
                "buildid": "16791193",
                "timeupdated": "1734550061"
            }
        },
        "privatebranches": "1"
    }
}