{
    "appid": "3062990",
    "type": "DLC",
    "name": "Living With Sister: Monochrome Fantasy - Expansion DLC",
    "schinese_name": "妹相随～黑白世界的缤纷冒险～DLC",
    "isfreeapp": "0",
    "change_number": "27994887",
    "update_time": "2025-03-17 21:57:17",
    "depot": {
        "3062991": {
            "manifests": {
                "public": {
                    "gid": "2766149779812098901",
                    "size": "418044206",
                    "download": "390834672"
                }
            },
            "dlcappid": "3062990",
            "decryptionkey": "c5ef48bd281fd9fa2a0f58271afb10e00623bdfe534a874521370383625a7175"
        },
        "3062992": {
            "config": {
                "language": "schinese"
            },
            "manifests": {
                "public": {
                    "gid": "1029888638983832146",
                    "size": "527121939",
                    "download": "496852288"
                }
            },
            "dlcappid": "3062990",
            "decryptionkey": "4cb983f7e363330d3da27cbe4fc083119cc928a0777f22fe93b61e294aae5412"
        },
        "3062993": {
            "config": {
                "language": "japanese"
            },
            "manifests": {
                "public": {
                    "gid": "1853285789711827287",
                    "size": "531366207",
                    "download": "501861424"
                }
            },
            "dlcappid": "3062990",
            "decryptionkey": "0a73d390eb7dca3a0177c8764144284b272fd58349bfb7b4ff1e4f55552d3cd8"
        },
        "branches": {
            "public": {
                "buildid": "16802017",
                "timeupdated": "1734619147"
            }
        }
    }
}