{
    "appid": "3227620",
    "type": "Beta",
    "name": "诸神竞技场 Playtest",
    "schinese_name": "",
    "isfreeapp": "0",
    "change_number": "27530030",
    "update_time": "2025-02-18 16:14:10",
    "depot": {
        "baselanguages": "schinese",
        "3227623": {
            "config": {
                "language": "schinese",
                "oslist": "windows",
                "osarch": "64"
            },
            "manifests": {
                "public": {
                    "gid": "1533541849399666383",
                    "size": "1196403501",
                    "download": "926841632"
                }
            },
            "decryptionkey": "2c86d92e1c13afe69b250dfea1f7a10ed178ca27c231339b679851f5d9c6df84"
        },
        "3227624": {
            "config": {
                "language": "schinese",
                "oslist": "windows",
                "osarch": "64"
            },
            "manifests": {
                "public": {
                    "gid": "1925952377569159255",
                    "size": "1198310087",
                    "download": "967349680"
                }
            },
            "decryptionkey": ""
        },
        "branches": {
            "public": {
                "buildid": "17403948",
                "timeupdated": "1739866412"
            }
        }
    }
}