{
    "appid": "3469190",
    "type": "Game",
    "name": "Touhou Spell Carnival",
    "schinese_name": "东方符卡嘉年华",
    "isfreeapp": "0",
    "change_number": "29028280",
    "update_time": "2025-05-17 00:15:36",
    "depot": {
        "228989": {
            "config": {
                "oslist": "windows"
            },
            "depotfromapp": "228980",
            "sharedinstall": "1"
        },
        "baselanguages": "english,french,spanish,schinese,tchinese,japanese",
        "3469191": {
            "manifests": {
                "public": {
                    "gid": "9196905165020400977",
                    "size": "2440472721",
                    "download": "2122454512"
                }
            },
            "decryptionkey": "50d374b0c0e272aff9b980f200e8813606e7b157616cfccad7c5318a30691369"
        },
        "3469192": {
            "manifests": {
                "public": {
                    "gid": "214060425832483402",
                    "size": "101373999",
                    "download": "28033840"
                }
            },
            "decryptionkey": "a5baa832c82725cc193f210b1ca1bd611ae8d45280cb521400ddf3753640fac1"
        },
        "hasdepotsindlc": "1",
        "branches": {
            "public": {
                "buildid": "17830002",
                "timeupdated": "1742779052"
            }
        },
        "privatebranches": "1"
    }
}