{
    "appid": "3045490",
    "type": "Beta",
    "name": "前哨站3 Playtest",
    "schinese_name": "",
    "isfreeapp": "0",
    "change_number": "24675684",
    "update_time": "2024-08-07 06:36:37",
    "depot": {
        "3045491": {
            "manifests": {
                "public": {
                    "gid": "745447003046738071",
                    "size": "819482560",
                    "download": "195303440"
                }
            },
            "decryptionkey": "958e4396704a99f6327fe628be323f3708b435ed0385d50b1be08c551492af50"
        },
        "branches": {
            "public": {
                "buildid": "14972111",
                "timeupdated": "1720497625"
            }
        }
    }
}