{
    "appid": "3158260",
    "type": "Game",
    "name": "HSS:Reload",
    "schinese_name": "重装岚影:重生",
    "isfreeapp": "0",
    "change_number": "28673079",
    "update_time": "2025-04-26 02:52:51",
    "depot": {
        "baselanguages": "english,german,french,koreana,spanish,schinese,tchinese,russian,japanese,portuguese",
        "3158261": {
            "manifests": {
                "public": {
                    "gid": "2815572081870595482",
                    "size": "5385996366",
                    "download": "2828453536"
                }
            },
            "decryptionkey": "efec6ecfe2df3b296f3c0c54c539366564d7bf4dd5c702acdf94334f590d259b"
        },
        "branches": {
            "public": {
                "buildid": "16094795",
                "timeupdated": "1733396051"
            }
        },
        "privatebranches": "1"
    }
}