{
    "appid": "3203750",
    "type": "Demo",
    "name": "动物栏：桌面牧场 Demo",
    "schinese_name": "",
    "isfreeapp": "0",
    "change_number": "27527643",
    "update_time": "2025-02-18 12:17:08",
    "depot": {
        "3203751": {
            "manifests": {
                "public": {
                    "gid": "5493977395181360688",
                    "size": "121089832",
                    "download": "51918368"
                }
            },
            "decryptionkey": "bce773534a7e3c7b0a40bcfd5c4c70c70def0315902ffc76df2b6c2a873078d4"
        },
        "baselanguages": "english,german,french,koreana,spanish,schinese,tchinese,russian,japanese,portuguese,polish",
        "branches": {
            "public": {
                "buildid": "16299797",
                "timeupdated": "1730805740"
            }
        }
    }
}