{
    "appid": "3011030",
    "type": "Game",
    "name": "NO-SKIN",
    "schinese_name": "",
    "isfreeapp": "0",
    "change_number": "29015780",
    "update_time": "2025-05-16 11:12:43",
    "depot": {
        "3011031": {
            "manifests": {
                "public": {
                    "gid": "3149832109796206992",
                    "size": "77185060",
                    "download": "63529072"
                }
            },
            "decryptionkey": "2cdd4aa4bbc72f79697ab80f6979ed6927919eac0cad4748b2cc09d2d8d77724"
        },
        "branches": {
            "public": {
                "buildid": "17989695",
                "timeupdated": "1743793933"
            }
        }
    }
}