{
    "appid": "3212400",
    "type": "Game",
    "name": "Elf Archer and The Disappearing Giant Tree - R18",
    "schinese_name": "精灵弓箭手 与 消失的大树 - R18",
    "isfreeapp": "0",
    "change_number": "28649566",
    "update_time": "2025-04-25 01:09:23",
    "depot": {
        "hasdepotsindlc": "0",
        "baselanguages": "english,koreana,schinese,tchinese,japanese",
        "3212401": {
            "manifests": {
                "public": {
                    "gid": "3865523212872801137",
                    "size": "389774126",
                    "download": "150341152"
                },
                "debug": {
                    "gid": "6438627975318114643",
                    "size": "391100434",
                    "download": "153773600"
                }
            },
            "decryptionkey": "b7d6bd3beaf70b97fe18c16e4a77e6fa2a767f4baa6533322749abd32fc52930"
        },
        "branches": {
            "public": {
                "buildid": "16311688",
                "timeupdated": "1730912293"
            },
            "debug": {
                "buildid": "15701119",
                "description": "Private debug branch",
                "timeupdated": "1726311897"
            }
        }
    }
}