{
    "appid": "3211900",
    "type": "Demo",
    "name": "Fuel Station Simulator: Drive & Pumping Demo",
    "schinese_name": "",
    "isfreeapp": "0",
    "change_number": "26548018",
    "update_time": "2024-12-09 01:18:47",
    "depot": {
        "hasdepotsindlc": "0",
        "3211901": {
            "config": {
                "oslist": "windows"
            },
            "manifests": {
                "public": {
                    "gid": "6832548600400438456",
                    "size": "2528891962",
                    "download": "2150195776"
                }
            },
            "decryptionkey": "b05142cd291d04784b6ef3d105a193761f32fe50b130b2f5a8af205ada57b1c8"
        },
        "branches": {
            "public": {
                "buildid": "15997463",
                "timeupdated": "1728631935"
            }
        },
        "privatebranches": "1"
    }
}