{
    "appid": "3339420",
    "type": "Game",
    "name": "你的老婆",
    "schinese_name": "你的老婆",
    "isfreeapp": "0",
    "change_number": "29032109",
    "update_time": "2025-05-17 04:15:53",
    "depot": {
        "3339421": {
            "manifests": {
                "public": {
                    "gid": "5750760154674937959",
                    "size": "75835066",
                    "download": "20352848"
                }
            },
            "decryptionkey": "1598c7432d564705f346ee3e22d08d65692a8badf2e71f02e88ad3cd003a42f0"
        },
        "branches": {
            "public": {
                "buildid": "16864873",
                "timeupdated": "1735372840"
            }
        }
    }
}