{
    "appid": "3014270",
    "type": "DLC",
    "name": "Fuga: Melodies of Steel Little Tail Bronx Archives",
    "schinese_name": "",
    "isfreeapp": "0",
    "change_number": "26183469",
    "update_time": "2024-11-14 07:25:54",
    "depot": {
        "3014271": {
            "manifests": {
                "public": {
                    "gid": "6896346467114406563",
                    "size": "161995380",
                    "download": "164134272"
                }
            },
            "dlcappid": "3014270",
            "decryptionkey": "90b556508f8cf87b02f190277041d8088749413170513ea21a3466f73754a7c7"
        },
        "3014272": {
            "dlcappid": "3014270"
        },
        "branches": {
            "public": {
                "buildid": "14892339",
                "timeupdated": "1719823088"
            }
        },
        "privatebranches": "1"
    }
}