{
    "appid": "3283960",
    "type": "Music",
    "name": "Cabernet Soundtrack",
    "schinese_name": "",
    "isfreeapp": "0",
    "change_number": "28257225",
    "update_time": "2025-04-02 06:44:17",
    "depot": {
        "3283961": {
            "manifests": {
                "public": {
                    "gid": "3717701437764534210",
                    "size": "87775247",
                    "download": "86915136"
                }
            },
            "decryptionkey": "24d78deaa13c6a8b36338c9599028c0a5b226d512573eede264ca34492f6bfac"
        },
        "3283962": {
            "config": {
                "highqualityaudio": "1"
            },
            "manifests": {
                "public": {
                    "gid": "3552614081813682355",
                    "size": "562614436",
                    "download": "507569024"
                }
            },
            "decryptionkey": "9fd59c657219dcdc072388cb52ba39587008e85fb6d56d3af4bc499256db3102"
        },
        "branches": {
            "public": {
                "buildid": "15985874",
                "timeupdated": "1728507500"
            }
        }
    }
}