{
    "appid": "3461780",
    "type": "Demo",
    "name": "Is This Seat Taken? Demo",
    "schinese_name": "",
    "isfreeapp": "0",
    "change_number": "27537461",
    "update_time": "2025-02-18 23:51:36",
    "depot": {
        "3461781": {},
        "3461782": {
            "config": {
                "oslist": "windows"
            },
            "manifests": {
                "public": {
                    "gid": "2478921967128776498",
                    "size": "170560900",
                    "download": "51556928"
                }
            },
            "decryptionkey": "6f342799c4ac5a96c2c177fb1fc1a58bdcb55e8dd86643d4d03532a419fe652d"
        },
        "3461783": {
            "config": {
                "oslist": "linux"
            },
            "manifests": {
                "public": {
                    "gid": "6317071460085915739",
                    "size": "183265280",
                    "download": "51551920"
                }
            },
            "decryptionkey": ""
        },
        "3461784": {
            "config": {
                "oslist": "macos"
            },
            "manifests": {
                "public": {
                    "gid": "8160930150066987636",
                    "size": "223475148",
                    "download": "65895616"
                }
            },
            "decryptionkey": ""
        },
        "branches": {
            "public": {
                "buildid": "17426741",
                "timeupdated": "1739990607"
            }
        },
        "privatebranches": "1"
    }
}