{
    "appid": "3288230",
    "type": "DLC",
    "name": "Massacre At The Mirage: Artbook",
    "schinese_name": "",
    "isfreeapp": "0",
    "change_number": "25932149",
    "update_time": "2024-10-28 22:05:43",
    "depot": {
        "3288230": {
            "manifests": {
                "public": {
                    "gid": "8006260637063607600",
                    "size": "30946836",
                    "download": "30760384"
                }
            },
            "dlcappid": "3288230",
            "decryptionkey": "fab1f63b7c3b54f1b7c6d709f4b063a31bcf1341d4e715eea288cd55ff49eb74"
        },
        "branches": {
            "public": {
                "buildid": "15993586",
                "timeupdated": "1728558712"
            }
        }
    }
}