{
    "appid": "3056270",
    "type": "Game",
    "name": "Mekkablood: Quarry Assault",
    "schinese_name": "",
    "isfreeapp": "0",
    "change_number": "28998584",
    "update_time": "2025-05-15 17:14:34",
    "depot": {
        "228989": {
            "config": {
                "oslist": "windows"
            },
            "depotfromapp": "228980",
            "sharedinstall": "1"
        },
        "228990": {
            "config": {
                "oslist": "windows"
            },
            "depotfromapp": "228980",
            "sharedinstall": "1"
        },
        "3056271": {
            "manifests": {
                "public": {
                    "gid": "7722487674672642942",
                    "size": "4095109143",
                    "download": "3951618304"
                }
            },
            "decryptionkey": "0a700a6c69869ea7df8393a83cb1d2e45e5f7ed0e56c12284970fc89df4f454a"
        },
        "hasdepotsindlc": "1",
        "branches": {
            "public": {
                "buildid": "17700838",
                "timeupdated": "1741823474"
            }
        }
    }
}