{
    "appid": "3446200",
    "type": "Game",
    "name": "Sharks and Minnows",
    "schinese_name": "",
    "isfreeapp": "0",
    "change_number": "28921393",
    "update_time": "2025-05-11 07:31:27",
    "depot": {
        "228989": {
            "config": {
                "oslist": "windows"
            },
            "depotfromapp": "228980",
            "sharedinstall": "1"
        },
        "228990": {
            "config": {
                "oslist": "windows"
            },
            "depotfromapp": "228980",
            "sharedinstall": "1"
        },
        "3446201": {
            "manifests": {
                "public": {
                    "gid": "1097728870812077188",
                    "size": "1363559283",
                    "download": "1056679648"
                }
            },
            "decryptionkey": "cfbf694f31ee8e4a28819ae123115bf23ade614b426f3c0a92c477cc32bcba85"
        },
        "branches": {
            "public": {
                "buildid": "18411182",
                "timeupdated": "1746844810"
            }
        }
    }
}