{
    "appid": "3399430",
    "type": "Game",
    "name": "18岁清纯少萝",
    "schinese_name": "",
    "isfreeapp": "0",
    "change_number": "28432297",
    "update_time": "2025-04-11 23:34:02",
    "depot": {
        "baselanguages": "english,schinese,tchinese",
        "3399432": {
            "config": {
                "oslist": "windows",
                "osarch": "64"
            },
            "manifests": {
                "public": {
                    "gid": "1434394658339162978",
                    "size": "77798770",
                    "download": "22747312"
                }
            },
            "decryptionkey": "e51d57dac2216d0ab0ffc40f1a05fd55fd9c4aff3ee46b577c5793c6bb723d8b"
        },
        "branches": {
            "public": {
                "buildid": "16981197",
                "timeupdated": "1736972776"
            }
        }
    }
}