{
    "appid": "3132560",
    "type": "DLC",
    "name": "Fuga: Melodies of Steel (Manga) Vol. 2",
    "schinese_name": "",
    "isfreeapp": "0",
    "change_number": "26183469",
    "update_time": "2024-11-14 07:34:06",
    "depot": {
        "3132561": {
            "manifests": {
                "public": {
                    "gid": "2225046089835674894",
                    "size": "106058811",
                    "download": "107365600"
                }
            },
            "dlcappid": "3132560",
            "decryptionkey": "284676b2dd9ab63efdafa1acacdd98fb454ecddd308c5398a00751952ecbc188"
        },
        "3132562": {
            "dlcappid": "3132560"
        },
        "branches": {
            "public": {
                "buildid": "15312215",
                "timeupdated": "1723166824"
            }
        },
        "privatebranches": "1"
    }
}