{
    "appid": "3202110",
    "type": "Game",
    "name": "Deadly Heart Gambit",
    "schinese_name": "死亡红心赌局",
    "isfreeapp": "0",
    "change_number": "28887323",
    "update_time": "2025-05-09 01:30:49",
    "depot": {
        "3202111": {
            "manifests": {
                "public": {
                    "gid": "795866947606312135",
                    "size": "2122783289",
                    "download": "242449536"
                }
            },
            "decryptionkey": "49e5cab226d156cbc74eb84e80c3e1d6c1b0f84fe672bf20fd1a93acda0ed13f"
        },
        "branches": {
            "public": {
                "buildid": "18254717",
                "timeupdated": "1745742808"
            }
        }
    }
}