{
    "appid": "3091440",
    "type": "Demo",
    "name": "三国英雄演义(Three Kingdoms Heroes Epic) Demo",
    "schinese_name": "",
    "isfreeapp": "0",
    "change_number": "25099670",
    "update_time": "2024-09-06 07:09:12",
    "depot": {
        "baselanguages": "schinese",
        "3091441": {
            "config": {
                "oslist": "windows",
                "osarch": "64"
            },
            "manifests": {
                "public": {
                    "gid": "1596079585240953589",
                    "size": "993651640",
                    "download": "337252624"
                }
            },
            "decryptionkey": "fabe9331c0dfd543a9b4d8bc4103f9096c28f8cdd0f8e2d1eb369c823a0811fb"
        },
        "branches": {
            "public": {
                "buildid": "15419729",
                "timeupdated": "1724071320"
            }
        }
    }
}