{
    "appid": "3166080",
    "type": "Demo",
    "name": "秘境探险者Mystic Explorer Demo",
    "schinese_name": "",
    "isfreeapp": "0",
    "change_number": "27516713",
    "update_time": "2025-02-17 21:58:07",
    "depot": {
        "3166081": {
            "manifests": {
                "public": {
                    "gid": "8537615926933047931",
                    "size": "1746144907",
                    "download": "381049248"
                }
            },
            "decryptionkey": "99c458d16ddb60ea735ecd72f9fd6bddc175f2cee37fb7beed0c8f9ddb40d645"
        },
        "baselanguages": "english,schinese",
        "branches": {
            "public": {
                "buildid": "17393950",
                "timeupdated": "1739800682"
            }
        },
        "privatebranches": "1"
    }
}