{
    "appid": "3090860",
    "type": "Game",
    "name": "The elevator",
    "schinese_name": "",
    "isfreeapp": "0",
    "change_number": "28823933",
    "update_time": "2025-05-05 22:30:22",
    "depot": {
        "3090861": {
            "config": {
                "oslist": "windows",
                "osarch": "64"
            },
            "manifests": {
                "public": {
                    "gid": "5630493746228544648",
                    "size": "1352305373",
                    "download": "1127372448"
                }
            },
            "decryptionkey": "557b2eb393a527d0cf119c3ce15e1af2939bf779baf99f94d118e8e0a24ccd9f"
        },
        "branches": {
            "public": {
                "buildid": "17204391",
                "timeupdated": "1738356817"
            }
        }
    }
}