{
    "appid": "3166020",
    "type": "Demo",
    "name": "TheFoolish Demo",
    "schinese_name": "愚公灭火Demo",
    "isfreeapp": "0",
    "change_number": "26375805",
    "update_time": "2024-12-05 03:54:24",
    "depot": {
        "baselanguages": "english,schinese",
        "3166021": {
            "manifests": {
                "public": {
                    "gid": "9027104587973612046",
                    "size": "76898112",
                    "download": "31307568"
                }
            },
            "decryptionkey": "45825c4f0e8467c64406c030bbff352d4bd0e8e2e9ad0c2d220abfbe692a17cc"
        },
        "branches": {
            "public": {
                "buildid": "15897618",
                "timeupdated": "1727842521"
            }
        }
    }
}