{
    "appid": "2956820",
    "type": "Game",
    "name": "近畿霊務局",
    "schinese_name": "",
    "isfreeapp": "0",
    "change_number": "28886168",
    "update_time": "2025-05-09 00:30:47",
    "depot": {
        "2956821": {
            "manifests": {
                "public": {
                    "gid": "3663858530450795471",
                    "size": "16666318114",
                    "download": "6968585616"
                }
            },
            "decryptionkey": "d85f0965b6ceadca1d4c00a1d750c5c8374707418384253a53c980d98ad7b3bd"
        },
        "branches": {
            "public": {
                "buildid": "16796828",
                "timeupdated": "1734591522"
            }
        }
    }
}