{
    "appid": "3139300",
    "type": "Music",
    "name": "Tactical Breach Wizards Soundtrack",
    "schinese_name": "",
    "isfreeapp": "0",
    "change_number": "25179879",
    "update_time": "2024-09-12 03:01:47",
    "depot": {
        "3139301": {
            "manifests": {
                "public": {
                    "gid": "7722179460516353737",
                    "size": "169322172",
                    "download": "162259472"
                }
            },
            "decryptionkey": "2a385bfca27e699e1178fd9cdafe4bd737451db355e3e5f1a9d3b997520368d5"
        },
        "branches": {
            "public": {
                "buildid": "15407776",
                "timeupdated": "1723935383"
            }
        }
    }
}