{
    "appid": "3019820",
    "type": "Demo",
    "name": "Bunker Invaders Demo",
    "schinese_name": "",
    "isfreeapp": "0",
    "change_number": "26165717",
    "update_time": "2024-11-13 07:36:44",
    "depot": {
        "3019821": {
            "manifests": {
                "public": {
                    "gid": "8845019722582122539",
                    "size": "1115528393",
                    "download": "440695808"
                }
            },
            "decryptionkey": "a4c9f7c8940b6015d9e0cc55468891a4e4791e0b26c56c014037f46548814fa5"
        },
        "branches": {
            "public": {
                "buildid": "16178529",
                "timeupdated": "1729849739"
            }
        }
    }
}