{
    "appid": "3304770",
    "type": "Game",
    "name": "Exposed Livestream",
    "schinese_name": "释放自我！户外直播体验",
    "isfreeapp": "0",
    "change_number": "29045689",
    "update_time": "2025-05-18 11:13:33",
    "depot": {
        "baselanguages": "english,schinese,tchinese,japanese",
        "3304771": {
            "config": {
                "language": "english"
            },
            "manifests": {
                "public": {
                    "gid": "7039608856086125601",
                    "size": "598550767",
                    "download": "250772896"
                }
            },
            "decryptionkey": "eeaca3018316d609d12d4bd90a7de215db16583f924117066441be6c8426f3f5"
        },
        "3304772": {
            "config": {
                "language": "japanese"
            },
            "manifests": {
                "public": {
                    "gid": "3274588183722147796",
                    "size": "598570377",
                    "download": "250762368"
                }
            },
            "decryptionkey": ""
        },
        "3304773": {
            "config": {
                "language": "schinese"
            },
            "manifests": {
                "public": {
                    "gid": "1234179830929857124",
                    "size": "598576481",
                    "download": "250788688"
                }
            },
            "decryptionkey": "92569f4b87fb47f4e004be1245a6619babc7da89b9de531a1ef5e0e9241d80eb"
        },
        "3304774": {
            "config": {
                "language": "tchinese"
            },
            "manifests": {
                "public": {
                    "gid": "2049402964121221194",
                    "size": "598572213",
                    "download": "250788496"
                }
            },
            "decryptionkey": "88d9421f9e08267459aa648ff8747d95980bfd2ef0abfd01dce9b66a72012175"
        },
        "branches": {
            "public": {
                "buildid": "17861688",
                "timeupdated": "1742962658"
            }
        }
    }
}