{
    "appid": "3023490",
    "type": "Game",
    "name": "Newton's Fourth Law",
    "schinese_name": "牛顿第四定律",
    "isfreeapp": "0",
    "change_number": "29015847",
    "update_time": "2025-05-16 11:19:23",
    "depot": {
        "3023491": {
            "manifests": {
                "public": {
                    "gid": "3742356394886519192",
                    "size": "4636530064",
                    "download": "1328859248"
                }
            },
            "decryptionkey": "c9bf695369430873040b6637b52a4f445ed8dae14e90d6d29b40b6eb3f2bdcf8"
        },
        "branches": {
            "public": {
                "buildid": "17646379",
                "timeupdated": "1741435258"
            }
        }
    }
}