{
    "appid": "3121480",
    "type": "Demo",
    "name": "Backpack Boy Demo",
    "schinese_name": "",
    "isfreeapp": "0",
    "change_number": "27509718",
    "update_time": "2025-02-17 12:41:51",
    "depot": {
        "3121481": {
            "manifests": {
                "public": {
                    "gid": "5181323246838220350",
                    "size": "422233050",
                    "download": "339262208"
                }
            },
            "decryptionkey": "2b2d721d89d10805a1d17d602a13958cd20ca3cc1371b5774fb81f3f349aa7fc"
        },
        "branches": {
            "public": {
                "buildid": "16999590",
                "timeupdated": "1736858090"
            }
        },
        "privatebranches": "1"
    }
}