{
    "appid": "2989460",
    "type": "Game",
    "name": "风物恋歌（The Memory of Mallet)",
    "schinese_name": "",
    "isfreeapp": "0",
    "change_number": "27817021",
    "update_time": "2025-03-06 23:08:53",
    "depot": {
        "2989461": {
            "manifests": {
                "public": {
                    "gid": "4966459893423316656",
                    "size": "1105278780",
                    "download": "584971072"
                }
            },
            "decryptionkey": "13d35aea2041f481d847a5a0ad57c56503ca6c540e36100c30968d13664ed0d5"
        },
        "baselanguages": "schinese",
        "branches": {
            "public": {
                "buildid": "16724166",
                "timeupdated": "1734022641"
            }
        }
    }
}