{
    "appid": "3236210",
    "type": "Demo",
    "name": "Vyanka's Memories Demo",
    "schinese_name": "",
    "isfreeapp": "0",
    "change_number": "25916347",
    "update_time": "2024-10-27 13:04:41",
    "depot": {
        "hasdepotsindlc": "0",
        "baselanguages": "english,brazilian",
        "3236211": {
            "manifests": {
                "public": {
                    "gid": "6352106981076223041",
                    "size": "432555309",
                    "download": "191678528"
                }
            },
            "decryptionkey": "fafe25c224a511dbeb91611c9717250ddd9eeb3f0e26c5b1537a8e2ba1e29227"
        },
        "branches": {
            "public": {
                "buildid": "16195476",
                "timeupdated": "1730005478"
            }
        }
    }
}