{
    "appid": "3249360",
    "type": "Game",
    "name": "Math Dash",
    "schinese_name": "",
    "isfreeapp": "1",
    "change_number": "25887204",
    "update_time": "2024-10-25 08:46:29",
    "depot": {
        "228989": {
            "config": {
                "oslist": "windows"
            },
            "depotfromapp": "228980",
            "sharedinstall": "1"
        },
        "228990": {
            "config": {
                "oslist": "windows"
            },
            "depotfromapp": "228980",
            "sharedinstall": "1"
        },
        "3249361": {
            "manifests": {
                "public": {
                    "gid": "5570579315372311393",
                    "size": "465233854",
                    "download": "346413488"
                },
                "steamcmd": {
                    "gid": "5570579315372311393",
                    "size": "465233854",
                    "download": "346413488"
                }
            },
            "decryptionkey": "90246e42ecdd594dcd4cd87592e08438c1f95077b73d76c7c1785337a03023db"
        },
        "branches": {
            "public": {
                "buildid": "15895367",
                "timeupdated": "1727825713"
            },
            "steamcmd": {
                "buildid": "15895367",
                "description": "Branch for Steam command",
                "timeupdated": "1727825061"
            }
        }
    }
}