{
    "appid": "3140640",
    "type": "Game",
    "name": "Nightmare",
    "schinese_name": "",
    "isfreeapp": "0",
    "change_number": "26253459",
    "update_time": "2024-11-21 01:02:29",
    "depot": {
        "3140641": {
            "manifests": {
                "public": {
                    "gid": "7839848778328629601",
                    "size": "79687811",
                    "download": "22166944"
                }
            },
            "decryptionkey": "929bc6b1bcb0dae791c1a6c3e16517dc3194b4aaebdedfa2fbdda8cca843f252"
        },
        "branches": {
            "public": {
                "buildid": "15199684",
                "timeupdated": "1722344217"
            }
        }
    },
    "access_token": 501244620553645554
}