{
    "appid": "2984990",
    "type": "Beta",
    "name": "剑心崛起 Playtest",
    "schinese_name": "剑心崛起 Playtest",
    "isfreeapp": "0",
    "change_number": "25240676",
    "update_time": "2024-09-16 16:42:24",
    "depot": {
        "2984991": {
            "manifests": {
                "public": {
                    "gid": "3777428926398367137",
                    "size": "389419684",
                    "download": "271192672"
                }
            },
            "decryptionkey": "2218896d984432fedf759ec338c92a2c586fad949972c1c9cd2f7b38c1db7669"
        },
        "baselanguages": "schinese",
        "branches": {
            "public": {
                "buildid": "14607599",
                "timeupdated": "1717564761"
            }
        }
    }
}