{
    "appid": "3291030",
    "type": "Game",
    "name": "SLASHING NIGHT",
    "schinese_name": "斩夜",
    "isfreeapp": "0",
    "change_number": "28574332",
    "update_time": "2025-04-21 02:59:36",
    "depot": {
        "baselanguages": "english,schinese,tchinese,japanese,portuguese,brazilian",
        "3291031": {
            "manifests": {
                "public": {
                    "gid": "7861713961684690380",
                    "size": "1862656608",
                    "download": "1572089824"
                }
            },
            "decryptionkey": "82fde7dc4e4be05e7569a30a0c08f2f51ba8c5fa76b438facf08f70630b16812"
        },
        "branches": {
            "public": {
                "buildid": "17464854",
                "timeupdated": "1740205177"
            }
        }
    }
}