{
    "appid": "3573860",
    "type": "DLC",
    "name": "RebellionGODSOUL-HD&DynamicWallpapers",
    "schinese_name": "叛逆神魂-额外高清&动态壁纸包",
    "isfreeapp": "0",
    "change_number": "28917782",
    "update_time": "2025-05-10 22:33:46",
    "depot": {
        "3573860": {
            "manifests": {
                "public": {
                    "gid": "2593333244860518111",
                    "size": "193429019",
                    "download": "191535248"
                }
            },
            "dlcappid": "3573860",
            "decryptionkey": "daa9c7677c0363903f504ee940a4451f70777b4b28ffb5ccd0175fbc7bff3a34"
        },
        "branches": {
            "public": {
                "buildid": "18322697",
                "timeupdated": "1746196374"
            }
        }
    }
}