{
    "appid": "3126870",
    "type": "Demo",
    "name": "Moon Watch Demo",
    "schinese_name": "",
    "isfreeapp": "0",
    "change_number": "26488469",
    "update_time": "2024-12-05 12:17:12",
    "depot": {
        "baselanguages": "english,german,french,spanish,polish",
        "3126872": {
            "config": {
                "oslist": "windows"
            },
            "manifests": {
                "public": {
                    "gid": "8062414470388849122",
                    "size": "179537543",
                    "download": "56913328"
                }
            },
            "decryptionkey": "b23be9b394872ef9637535ce7160b693dab6b292a693c7f72f6f19f7c185af74"
        },
        "3126873": {
            "config": {
                "oslist": "macos"
            },
            "manifests": {
                "public": {
                    "gid": "456086800998244945",
                    "size": "211571201",
                    "download": "66460960"
                }
            },
            "decryptionkey": ""
        },
        "3126874": {
            "config": {
                "oslist": "linux"
            },
            "manifests": {
                "public": {
                    "gid": "1393505292995533808",
                    "size": "190691452",
                    "download": "59110768"
                }
            },
            "decryptionkey": ""
        },
        "branches": {
            "public": {
                "buildid": "16124470",
                "timeupdated": "1729526890"
            }
        },
        "privatebranches": "1"
    }
}