{
    "appid": "3003060",
    "type": "Demo",
    "name": "永日的凝视-The Gaze of The Eternal Sun Demo",
    "schinese_name": "",
    "isfreeapp": "0",
    "change_number": "25720347",
    "update_time": "2024-10-15 10:46:49",
    "depot": {
        "baselanguages": "schinese",
        "3003061": {
            "config": {
                "oslist": "windows",
                "language": "schinese",
                "osarch": "64"
            },
            "manifests": {
                "public": {
                    "gid": "3225656652474687140",
                    "size": "270901099",
                    "download": "220532144"
                }
            },
            "decryptionkey": "081afb56285406aab0e687ae6532fefa1e7e8be398630839c4309d162cefbaff"
        },
        "branches": {
            "public": {
                "buildid": "15021814",
                "timeupdated": "1720855987"
            }
        }
    }
}