{
    "appid": "3400040",
    "type": "Game",
    "name": "心霊物件 | Haunted Property",
    "schinese_name": "",
    "isfreeapp": "0",
    "change_number": "29016664",
    "update_time": "2025-05-16 12:42:45",
    "depot": {
        "3400041": {
            "manifests": {
                "public": {
                    "gid": "1591521549433828240",
                    "size": "3282621805",
                    "download": "2758708016"
                }
            },
            "decryptionkey": "3c7645f525690adc1f954c769105033bf9034787c844e60024d7aac215ff8ddb"
        },
        "baselanguages": "english,japanese",
        "branches": {
            "public": {
                "buildid": "17940256",
                "timeupdated": "1743563276"
            }
        }
    }
}