{
    "appid": "3155110",
    "type": "Demo",
    "name": "One Boss One Fight Demo",
    "schinese_name": "",
    "isfreeapp": "0",
    "change_number": "26493677",
    "update_time": "2024-12-05 12:45:47",
    "depot": {
        "3155111": {
            "config": {
                "oslist": "windows",
                "osarch": "64"
            },
            "manifests": {
                "public": {
                    "gid": "6983988055597212113",
                    "size": "2390913178",
                    "download": "1977789792"
                }
            },
            "decryptionkey": "9c42dc60194a34f656063c71de44930a8993726fccff0fada0cea5531157210f"
        },
        "3155112": {
            "config": {
                "oslist": "macos",
                "osarch": "64"
            },
            "manifests": {
                "public": {
                    "gid": "5084904907544190",
                    "size": "2461271344",
                    "download": "2002475904"
                }
            },
            "decryptionkey": ""
        },
        "branches": {
            "public": {
                "buildid": "16632887",
                "timeupdated": "1733335731"
            }
        },
        "privatebranches": "1"
    }
}