{
    "appid": "3413590",
    "type": "Game",
    "name": "Raid Auctus",
    "schinese_name": "放置拼好团",
    "isfreeapp": "0",
    "change_number": "28990554",
    "update_time": "2025-05-15 06:11:49",
    "depot": {
        "hasdepotsindlc": "0",
        "3413592": {
            "manifests": {
                "public": {
                    "gid": "4026440789223623676",
                    "size": "140490744",
                    "download": "63504288"
                }
            },
            "decryptionkey": "a23e2fa96dd2382708beae33efbbc1196659d2a7e60f54c91792b12e9e95f9d8"
        },
        "baselanguages": "english,german,french,koreana,spanish,schinese,tchinese,russian,thai,japanese,portuguese,polish,hungarian,turkish",
        "branches": {
            "public": {
                "buildid": "18445948",
                "timeupdated": "1747145533"
            }
        },
        "privatebranches": "1"
    }
}