{
    "appid": "2983360",
    "type": "Demo",
    "name": "Nimbusfall Demo",
    "schinese_name": "",
    "isfreeapp": "0",
    "change_number": "25269390",
    "update_time": "2024-09-18 06:39:34",
    "depot": {
        "2983361": {
            "config": {
                "oslist": "windows"
            },
            "manifests": {
                "public": {
                    "gid": "2809728787800561471",
                    "size": "136797931",
                    "download": "40794688"
                }
            },
            "decryptionkey": "bcbc98d4b6d7642e7f9e426adcea4da9bb963a0367f7d19b4ea581edb9edbd99"
        },
        "2983362": {
            "config": {
                "oslist": "macos"
            },
            "manifests": {
                "public": {
                    "gid": "5185067798581040749",
                    "size": "207744980",
                    "download": "57037760"
                }
            },
            "decryptionkey": ""
        },
        "baselanguages": "english,spanish",
        "branches": {
            "public": {
                "buildid": "14661540",
                "timeupdated": "1718008030"
            }
        }
    }
}