{
    "appid": "2951580",
    "type": "Game",
    "name": "Rhythm Witch: Beat Death",
    "schinese_name": "节奏魔女 舞动的骷髅",
    "isfreeapp": "0",
    "change_number": "29046489",
    "update_time": "2025-05-18 14:14:58",
    "depot": {
        "baselanguages": "english,schinese,tchinese,japanese",
        "2951581": {
            "manifests": {
                "public": {
                    "gid": "7712994068437602390",
                    "size": "823734721",
                    "download": "265194688"
                }
            },
            "decryptionkey": "0eb91817f38b08e589a0c5a2cc41747e56ec3804b017b5337079a93380ab6872"
        },
        "hasdepotsindlc": "0",
        "branches": {
            "public": {
                "buildid": "18506816",
                "timeupdated": "1747546287"
            }
        },
        "privatebranches": "1"
    }
}