{
    "appid": "3278640",
    "type": "Demo",
    "name": "New Year Simulator 2025 Demo",
    "schinese_name": "新年模拟器2025",
    "isfreeapp": "0",
    "change_number": "27429209",
    "update_time": "2025-02-12 07:52:20",
    "depot": {
        "228989": {
            "config": {
                "oslist": "windows"
            },
            "depotfromapp": "228980",
            "sharedinstall": "1"
        },
        "228990": {
            "config": {
                "oslist": "windows"
            },
            "depotfromapp": "228980",
            "sharedinstall": "1"
        },
        "3278641": {
            "manifests": {
                "public": {
                    "gid": "7189544205639797424",
                    "size": "3254225882",
                    "download": "3068414160"
                }
            },
            "decryptionkey": "e392548c769c973692e9e5e66e841da5c68f5d4d80e42754f3e662bcc981d0e8"
        },
        "branches": {
            "public": {
                "buildid": "16468877",
                "timeupdated": "1732087060"
            }
        }
    }
}