{
    "appid": "3114140",
    "type": "Game",
    "name": "都市女友的私密约会",
    "schinese_name": "",
    "isfreeapp": "0",
    "change_number": "28081644",
    "update_time": "2025-03-22 07:20:22",
    "depot": {
        "3114141": {
            "manifests": {
                "public": {
                    "gid": "666300411239399673",
                    "size": "2446371205",
                    "download": "530219264"
                }
            },
            "decryptionkey": "54d08379e18ce0a71ed6be05864bf3f62b283401423e27479b6c54992d9c34b2"
        },
        "baselanguages": "english,schinese,tchinese,japanese",
        "branches": {
            "public": {
                "buildid": "17794623",
                "timeupdated": "1742476906"
            }
        }
    }
}