{
    "appid": "3315230",
    "type": "Game",
    "name": "Rocket Squad: Infinity",
    "schinese_name": "",
    "isfreeapp": "0",
    "change_number": "29029437",
    "update_time": "2025-05-17 01:15:38",
    "depot": {
        "228988": {
            "config": {
                "oslist": "windows"
            },
            "depotfromapp": "228980",
            "sharedinstall": "1"
        },
        "228989": {
            "config": {
                "oslist": "windows"
            },
            "depotfromapp": "228980",
            "sharedinstall": "1"
        },
        "228990": {
            "config": {
                "oslist": "windows"
            },
            "depotfromapp": "228980",
            "sharedinstall": "1"
        },
        "3315231": {
            "config": {
                "oslist": "windows",
                "osarch": "64"
            },
            "manifests": {
                "public": {
                    "gid": "4375508219974347717",
                    "size": "8556215201",
                    "download": "5913527168"
                }
            },
            "decryptionkey": "6844aec7149d9d1f3910405a9d6f6ad2eb78b1bba2cf892e26e7ea076d4042fc"
        },
        "baselanguages": "english,german,french,italian,koreana,spanish,schinese,tchinese,russian,thai,japanese,polish,turkish,brazilian,latam",
        "branches": {
            "public": {
                "buildid": "18235304",
                "timeupdated": "1745569718"
            }
        },
        "privatebranches": "1"
    }
}