{
    "appid": "3233080",
    "type": "Game",
    "name": "The Patient",
    "schinese_name": "",
    "isfreeapp": "0",
    "change_number": "28715320",
    "update_time": "2025-04-29 05:53:59",
    "depot": {
        "3233082": {
            "config": {
                "oslist": "windows",
                "osarch": "64"
            },
            "manifests": {
                "public": {
                    "gid": "7799266953078626559",
                    "size": "330732124",
                    "download": "243603424"
                }
            },
            "decryptionkey": "5450a64233671a0a018e23389890a71342782216e9c114c2a57f2ba6b3b4cb8a"
        },
        "3233083": {
            "config": {
                "oslist": "linux",
                "osarch": "64"
            },
            "manifests": {
                "public": {
                    "gid": "6686128583876824768",
                    "size": "331377260",
                    "download": "244507968"
                }
            },
            "decryptionkey": ""
        },
        "branches": {
            "public": {
                "buildid": "16070288",
                "timeupdated": "1729103796"
            }
        }
    }
}