{
    "appid": "3533860",
    "type": "Tool",
    "name": "The Elder Scrolls IV: Oblivion Remastered - Digital Artbook",
    "schinese_name": "",
    "isfreeapp": "0",
    "change_number": "28605814",
    "update_time": "2025-04-23 00:51:44",
    "depot": {
        "3533861": {
            "manifests": {
                "public": {
                    "gid": "3902588917343248639",
                    "size": "5706689545",
                    "download": "5140752368"
                }
            },
            "decryptionkey": "fa0c30a2bfa648a3f2286438f0e3cf92f01ee83293b28b7def5e3f98f9964f4b"
        },
        "branches": {
            "public": {
                "buildid": "17927176",
                "timeupdated": "1745249121"
            }
        },
        "privatebranches": "1"
    }
}