{
    "appid": "3318100",
    "type": "Demo",
    "name": "PINCHIMONO Demo",
    "schinese_name": "",
    "isfreeapp": "0",
    "change_number": "26379074",
    "update_time": "2024-12-05 00:57:59",
    "depot": {
        "3318101": {
            "manifests": {
                "public": {
                    "gid": "3811403362482718958",
                    "size": "1492677004",
                    "download": "210072272"
                }
            },
            "decryptionkey": "6ccca4d7a437d3ad5989c3fdbf55e6250169939f914b43338b3fa6cb1a6b12f7"
        },
        "baselanguages": "english,latam",
        "branches": {
            "public": {
                "buildid": "16532027",
                "timeupdated": "1732589198"
            }
        }
    }
}