{
    "appid": "3640770",
    "type": "DLC",
    "name": "Night is Coming - Artbook & Wallpapers",
    "schinese_name": "",
    "isfreeapp": "0",
    "change_number": "28532006",
    "update_time": "2025-04-17 23:14:37",
    "depot": {
        "3640770": {
            "manifests": {
                "public": {
                    "gid": "4013976769620217640",
                    "size": "278327464",
                    "download": "278047456"
                }
            },
            "dlcappid": "3640770",
            "decryptionkey": "e4584bcdb271e8a7d43b77bef0cd13e2cdc0fd67baaa2187168c55bcb4ba8a4f"
        },
        "branches": {
            "public": {
                "buildid": "18076618",
                "timeupdated": "1744397767"
            }
        }
    }
}