{
    "appid": "3402060",
    "type": "DLC",
    "name": "Raccoon Furry - DLC",
    "schinese_name": "",
    "isfreeapp": "0",
    "change_number": "26816795",
    "update_time": "2024-12-30 19:47:15",
    "depot": {
        "3402060": {
            "config": {
                "language": "english",
                "oslist": "windows"
            },
            "manifests": {
                "public": {
                    "gid": "7756674817791090796",
                    "size": "177662892",
                    "download": "176376240"
                }
            },
            "dlcappid": "3402060",
            "decryptionkey": "6278f87edd34e222785ec829fcdcccd98a3ea56362f28dd10dd88b60d4339471"
        },
        "branches": {
            "public": {
                "buildid": "16716700",
                "timeupdated": "1733979676"
            }
        }
    }
}