{
    "appid": "2967520",
    "type": "Game",
    "name": "Corner Abyss",
    "schinese_name": "角落的深淵",
    "isfreeapp": "0",
    "change_number": "24325813",
    "update_time": "2024-07-12 02:16:01",
    "depot": {
        "baselanguages": "english,schinese,tchinese,japanese",
        "2967521": {
            "config": {
                "oslist": "windows"
            },
            "manifests": {
                "public": {
                    "gid": "7705405314065674288",
                    "size": "440222096",
                    "download": "139028800"
                }
            },
            "decryptionkey": "a615f8558f4cdd551cc27665762591ebc9ce9452add9067137377a49ad51e1ca"
        },
        "branches": {
            "public": {
                "buildid": "14866588",
                "timeupdated": "1719543461"
            }
        }
    }
}