{
    "appid": "3099660",
    "type": "Game",
    "name": "完蛋！我被美女包围了！前传",
    "schinese_name": "完蛋！我被美女包围了！前传",
    "isfreeapp": "0",
    "change_number": "28719737",
    "update_time": "2025-04-29 12:21:29",
    "depot": {
        "baselanguages": "english,schinese,tchinese",
        "hasdepotsindlc": "1",
        "228989": {
            "config": {
                "oslist": "windows"
            },
            "depotfromapp": "228980",
            "sharedinstall": "1"
        },
        "3099661": {
            "config": {
                "oslist": "windows"
            },
            "manifests": {
                "public": {
                    "gid": "3872973883699955994",
                    "size": "26250904359",
                    "download": "24923471600"
                }
            },
            "decryptionkey": "8307ffd73510ab48dec77577266458532f5d90033565f1234fedc768ceef12e4"
        },
        "3099662": {
            "config": {
                "oslist": "macos"
            },
            "manifests": {
                "public": {
                    "gid": "1806209636550357791",
                    "size": "26390527413",
                    "download": "24954563136"
                }
            },
            "decryptionkey": "e0b56e1d2f42b2742e5c77cb4cfc5cc56cb1a774b4612aee8919d88582b10ff4"
        },
        "branches": {
            "public": {
                "buildid": "18274518",
                "timeupdated": "1745900482"
            }
        },
        "privatebranches": "1"
    }
}