{
    "appid": "3518780",
    "type": "Game",
    "name": "(The Lingering) Last Customer",
    "schinese_name": "",
    "isfreeapp": "0",
    "change_number": "28610983",
    "update_time": "2025-04-23 07:21:57",
    "depot": {
        "228989": {
            "config": {
                "oslist": "windows"
            },
            "depotfromapp": "228980",
            "sharedinstall": "1"
        },
        "228990": {
            "config": {
                "oslist": "windows"
            },
            "depotfromapp": "228980",
            "sharedinstall": "1"
        },
        "3518781": {
            "manifests": {
                "public": {
                    "gid": "1951240709825502958",
                    "size": "869547619",
                    "download": "555723664"
                }
            },
            "decryptionkey": "32b0e209849bdbc4408db0eb14c10267aab7f501f321c4f43d8ad4de089a111a"
        },
        "branches": {
            "public": {
                "buildid": "17835103",
                "timeupdated": "1742816913"
            }
        },
        "privatebranches": "1"
    }
}