{
    "appid": "3125900",
    "type": "Demo",
    "name": "Home 0 Demo",
    "schinese_name": "",
    "isfreeapp": "0",
    "change_number": "26165717",
    "update_time": "2024-11-13 07:35:12",
    "depot": {
        "3125901": {
            "config": {
                "language": "english",
                "oslist": "windows"
            },
            "manifests": {
                "public": {
                    "gid": "3842696823649402294",
                    "size": "381660830",
                    "download": "266856432"
                }
            },
            "decryptionkey": "2cc97be869a6e7cb6f5c19ff1160cc96a7f2632c393b3b9e569f66b210cd4ed1"
        },
        "branches": {
            "public": {
                "buildid": "15707587",
                "timeupdated": "1726413064"
            }
        }
    }
}