{
    "appid": "3653910",
    "type": "Game",
    "name": "The Old Woman | 無言老婆",
    "schinese_name": "",
    "isfreeapp": "0",
    "change_number": "29040656",
    "update_time": "2025-05-17 22:13:31",
    "depot": {
        "3653911": {
            "manifests": {
                "public": {
                    "gid": "7330550051993515958",
                    "size": "1810638612",
                    "download": "533823744"
                }
            },
            "decryptionkey": "98e8bd33910992f60abadf4af8054136615bb7aaacc3de8abeb51a3e0d95e2cc"
        },
        "branches": {
            "public": {
                "buildid": "18354419",
                "timeupdated": "1746503152"
            }
        }
    }
}