{
    "appid": "3248580",
    "type": "Game",
    "name": "New Eromancer",
    "schinese_name": "新～情色法师",
    "isfreeapp": "0",
    "change_number": "29016528",
    "update_time": "2025-05-16 12:24:49",
    "depot": {
        "3248581": {
            "config": {
                "language": "english"
            },
            "manifests": {
                "public": {
                    "gid": "4223224261559224355",
                    "size": "2183711454",
                    "download": "1738111840"
                }
            },
            "decryptionkey": ""
        },
        "3248582": {
            "config": {
                "language": "japanese"
            },
            "manifests": {
                "public": {
                    "gid": "8575029879913961078",
                    "size": "2187281742",
                    "download": "1741490576"
                }
            },
            "decryptionkey": ""
        },
        "3248583": {
            "config": {
                "language": "schinese"
            },
            "manifests": {
                "public": {
                    "gid": "7305347333680826211",
                    "size": "2184431660",
                    "download": "1738937440"
                }
            },
            "decryptionkey": "fd40c90d70dc493ca1c2088d3560ec6ff747a6457564c6ca9a04bf7082f14cc3"
        },
        "3248584": {
            "config": {
                "language": "tchinese"
            },
            "manifests": {
                "public": {
                    "gid": "1167769495652708204",
                    "size": "2184482439",
                    "download": "1738991792"
                }
            },
            "decryptionkey": ""
        },
        "branches": {
            "public": {
                "buildid": "17059503",
                "timeupdated": "1737336407"
            }
        }
    }
}