{
    "appid": "3229380",
    "type": "Game",
    "name": "黑悟空vs东瀛忍者",
    "schinese_name": "",
    "isfreeapp": "0",
    "change_number": "26253459",
    "update_time": "2024-11-21 01:02:37",
    "depot": {
        "3229381": {
            "manifests": {
                "public": {
                    "gid": "845777087811708751",
                    "size": "3183152580",
                    "download": "839093584"
                }
            },
            "decryptionkey": "01d6dbf5f25a94d40dc40602140d536c45c9342847107328fe8970a3e8f971ce"
        },
        "branches": {
            "public": {
                "buildid": "15902283",
                "timeupdated": "1727872129"
            }
        }
    },
    "access_token": 13808338945729963514
}