{
    "appid": "3325690",
    "type": "Game",
    "name": "Lost & Found Collection",
    "schinese_name": "",
    "isfreeapp": "1",
    "change_number": "27425188",
    "update_time": "2025-02-12 02:00:30",
    "depot": {
        "228989": {
            "config": {
                "oslist": "windows"
            },
            "depotfromapp": "228980",
            "sharedinstall": "1"
        },
        "228990": {
            "config": {
                "oslist": "windows"
            },
            "depotfromapp": "228980",
            "sharedinstall": "1"
        },
        "hasdepotsindlc": "1",
        "3325691": {
            "manifests": {
                "public": {
                    "gid": "3965563462934255812",
                    "size": "1324825265",
                    "download": "574104320"
                }
            },
            "decryptionkey": "e10b417aa292316164706cc21bfc56f4861b992a89a7df9c78d896862e619459"
        },
        "3325990": {
            "dlcappid": "3325990",
            "manifests": {
                "public": {
                    "gid": "5148601242837310554",
                    "size": "1374405365",
                    "download": "853050928"
                }
            },
            "decryptionkey": ""
        },
        "branches": {
            "public": {
                "buildid": "16666489",
                "timeupdated": "1733570666"
            }
        }
    }
}