{
    "appid": "3298900",
    "type": "DLC",
    "name": "东方：平野孤鸿 数字豪华版升级包",
    "schinese_name": "东方：平野孤鸿 数字豪华版升级包",
    "isfreeapp": "0",
    "change_number": "26627676",
    "update_time": "2024-12-13 18:43:50",
    "depot": {
        "3298900": {
            "config": {
                "oslist": "windows",
                "osarch": "64"
            },
            "manifests": {
                "public": {
                    "gid": "243632004459158116",
                    "size": "1920662537",
                    "download": "1919345024"
                }
            },
            "dlcappid": "3298900",
            "decryptionkey": "047fe37656b447580e81aee0dddb145f926b096789eda141652c89359908a786"
        },
        "branches": {
            "public": {
                "buildid": "16262930",
                "timeupdated": "1730454747"
            }
        },
        "privatebranches": "1"
    }
}