{
    "appid": "3003190",
    "type": "Demo",
    "name": "家族崛起模拟器 Demo",
    "schinese_name": "",
    "isfreeapp": "0",
    "change_number": "26025361",
    "update_time": "2024-11-03 17:31:45",
    "depot": {
        "baselanguages": "english,german,french,koreana,schinese,russian,japanese",
        "hasdepotsindlc": "0",
        "3003191": {
            "manifests": {
                "public": {
                    "gid": "7400592949755634072",
                    "size": "281547224",
                    "download": "107046688"
                }
            },
            "decryptionkey": "fca01cb7f2bd427f80f6ff7ddb272527eabd1adc99e8b9b401c0cbacc56d46ad"
        },
        "branches": {
            "public": {
                "buildid": "15945950",
                "timeupdated": "1728231644"
            }
        }
    }
}