{
    "appid": "3158380",
    "type": "Game",
    "name": "Please Subscribe! Magical Revantia Channel: The Magical Girl Powered by Viewers",
    "schinese_name": "求订阅！魔法少女莱万提亚频道：观众越多越强大",
    "isfreeapp": "0",
    "change_number": "29016345",
    "update_time": "2025-05-16 12:06:48",
    "depot": {
        "3158381": {
            "config": {
                "language": "japanese"
            },
            "manifests": {
                "public": {
                    "gid": "3780995753410133443",
                    "size": "1669358754",
                    "download": "1487660576"
                }
            },
            "decryptionkey": ""
        },
        "3158382": {
            "config": {
                "language": "schinese"
            },
            "manifests": {
                "public": {
                    "gid": "4214262029648762979",
                    "size": "1716579895",
                    "download": "1530558624"
                }
            },
            "decryptionkey": "1af119ce32c3b400f8aeee749011e4f75f49b8dc1f4e6d68a455b80163948c24"
        },
        "3158383": {
            "config": {
                "language": "tchinese"
            },
            "manifests": {
                "public": {
                    "gid": "2188235488968285705",
                    "size": "1718918846",
                    "download": "1532931184"
                }
            },
            "decryptionkey": "fa83fcbb5ca20e838bb51bec59b739701f15d5d953e6fb2deec5d71612bcedaf"
        },
        "3158384": {
            "config": {
                "language": "english"
            },
            "manifests": {
                "public": {
                    "gid": "514613629122524363",
                    "size": "1712081247",
                    "download": "1532177360"
                }
            },
            "decryptionkey": ""
        },
        "baselanguages": "english,schinese,tchinese,japanese",
        "branches": {
            "public": {
                "buildid": "17573613",
                "timeupdated": "1741003017"
            }
        }
    }
}