{
    "appid": "3357130",
    "type": "Game",
    "name": "Figure Skating Legends",
    "schinese_name": "",
    "isfreeapp": "0",
    "change_number": "28834023",
    "update_time": "2025-05-06 11:37:13",
    "depot": {
        "3357131": {
            "manifests": {
                "public": {
                    "gid": "1048675117086340728",
                    "size": "403777302",
                    "download": "230081632"
                }
            },
            "decryptionkey": "d71e71173fe98c896b91995c6d8965d9b6370f71471bd9af83f404aabe2123e6"
        },
        "branches": {
            "public": {
                "buildid": "18354337",
                "timeupdated": "1746502629"
            }
        }
    }
}