{
    "appid": "2990400",
    "type": "Game",
    "name": "Aberrant Nights",
    "schinese_name": "日志异常",
    "isfreeapp": "0",
    "change_number": "29048543",
    "update_time": "2025-05-18 20:15:56",
    "depot": {
        "baselanguages": "schinese",
        "228989": {
            "config": {
                "oslist": "windows"
            },
            "depotfromapp": "228980",
            "sharedinstall": "1"
        },
        "228990": {
            "config": {
                "oslist": "windows"
            },
            "depotfromapp": "228980",
            "sharedinstall": "1"
        },
        "2990401": {
            "manifests": {
                "public": {
                    "gid": "9136579441236400130",
                    "size": "5197253523",
                    "download": "4708311184"
                }
            },
            "decryptionkey": "329923102a8b34db2443cee3621f50b4f8d51d07aca4def58e960004e26ac743"
        },
        "2990402": {},
        "hasdepotsindlc": "0",
        "branches": {
            "public": {
                "buildid": "18501163",
                "timeupdated": "1747469669"
            }
        },
        "privatebranches": "1"
    }
}