{
    "appid": "3098890",
    "type": "Game",
    "name": "World Crafter TD",
    "schinese_name": "",
    "isfreeapp": "0",
    "change_number": "29038073",
    "update_time": "2025-05-17 16:12:08",
    "depot": {
        "228989": {
            "config": {
                "oslist": "windows"
            },
            "depotfromapp": "228980",
            "sharedinstall": "1"
        },
        "228990": {
            "config": {
                "oslist": "windows"
            },
            "depotfromapp": "228980",
            "sharedinstall": "1"
        },
        "3098891": {
            "manifests": {
                "public": {
                    "gid": "2264704415660949810",
                    "size": "13138041871",
                    "download": "11933728624"
                }
            },
            "decryptionkey": "7ac2c36340b5ec35259d94c143f63d84cf75384688651eae35e4850aa20c9898"
        },
        "branches": {
            "public": {
                "buildid": "16418489",
                "timeupdated": "1731665837"
            }
        }
    }
}