{
    "appid": "3287650",
    "type": "Game",
    "name": "Butcherbird",
    "schinese_name": "",
    "isfreeapp": "0",
    "change_number": "26380422",
    "update_time": "2024-12-05 05:07:04",
    "depot": {
        "3287651": {
            "manifests": {
                "public": {
                    "gid": "2192685618049862320",
                    "size": "145724077",
                    "download": "94807712"
                }
            },
            "decryptionkey": "e0d0b9009106a904d266d2c091feef654ed3b9cdd0f3007864880cb45ff914ce"
        },
        "branches": {
            "public": {
                "buildid": "15989735",
                "timeupdated": "1728536080"
            }
        }
    }
}