{
    "appid": "3019830",
    "type": "Game",
    "name": "Sandbox Apocalypse",
    "schinese_name": "",
    "isfreeapp": "0",
    "change_number": "29048685",
    "update_time": "2025-05-18 20:34:03",
    "depot": {
        "3019831": {
            "config": {
                "oslist": "windows",
                "osarch": "64"
            },
            "manifests": {
                "public": {
                    "gid": "4538198423502059194",
                    "size": "220093392",
                    "download": "78772720"
                }
            },
            "decryptionkey": "2ff31bdcd135c3226b91926f3f007b93248539c341438052b970e1a9a270fc2b"
        },
        "3019832": {
            "config": {
                "oslist": "macos",
                "osarch": "64"
            },
            "manifests": {
                "public": {
                    "gid": "6901492963959529619",
                    "size": "216104388",
                    "download": "80922752"
                }
            }
        },
        "3019833": {
            "config": {
                "oslist": "linux",
                "osarch": "64"
            },
            "manifests": {
                "public": {
                    "gid": "5377753639189127622",
                    "size": "249854630",
                    "download": "81127392"
                }
            }
        },
        "branches": {
            "public": {
                "buildid": "18241726",
                "timeupdated": "1745672426"
            }
        },
        "privatebranches": "1"
    }
}