{
    "appid": "2958010",
    "type": "Demo",
    "name": "Sex Change Contract and Molester Girl Demo",
    "schinese_name": "性转契约与痴汉少女 Demo",
    "isfreeapp": "0",
    "change_number": "26985552",
    "update_time": "2025-01-14 15:54:25",
    "depot": {
        "2958011": {
            "manifests": {
                "public": {
                    "gid": "5800798441849171278",
                    "size": "237413759",
                    "download": "98673584"
                }
            },
            "decryptionkey": "3939d2ead56aea1e17f54f5cd01d0fc5ee99ad25baa35b24a68886a41152890a"
        },
        "branches": {
            "public": {
                "buildid": "15713422",
                "timeupdated": "1726480787"
            }
        }
    }
}