{
    "appid": "3073000",
    "type": "Beta",
    "name": "深狱 Playtest",
    "schinese_name": "",
    "isfreeapp": "0",
    "change_number": "27477923",
    "update_time": "2025-02-14 19:15:33",
    "depot": {
        "baselanguages": "english,schinese",
        "3073001": {
            "manifests": {
                "public": {
                    "gid": "7849295368598644798",
                    "size": "934632219",
                    "download": "413734720"
                }
            },
            "decryptionkey": "6b3321e11a6d8283e8116414adccd9da0fe1e2603e4441fbd790a59af4149818"
        },
        "branches": {
            "public": {
                "buildid": "17365588",
                "timeupdated": "1739531695"
            }
        }
    }
}