{
    "appid": "3528290",
    "type": "DLC",
    "name": "Knights in Tight Spaces - Artbook",
    "schinese_name": "狭间骑士 - 美术设定集",
    "isfreeapp": "0",
    "change_number": "28030410",
    "update_time": "2025-03-19 18:29:03",
    "depot": {
        "3528290": {
            "manifests": {
                "public": {
                    "gid": "6130804874565378238",
                    "size": "87813198",
                    "download": "86761088"
                }
            },
            "dlcappid": "3528290",
            "decryptionkey": "1286f15d1b0ff1f689ed8e0d6e5941fa2f5f3176adbd98c83421b4add7795ae8"
        },
        "branches": {
            "public": {
                "buildid": "17778730",
                "timeupdated": "1742380136"
            }
        }
    }
}