{
    "appid": "3035570",
    "type": "Game",
    "name": "Assassin's Creed Mirage",
    "schinese_name": "",
    "isfreeapp": "0",
    "change_number": "29015909",
    "update_time": "2025-05-16 11:24:45",
    "depot": {
        "228988": {
            "config": {
                "oslist": "windows"
            },
            "depotfromapp": "228980",
            "sharedinstall": "1"
        },
        "baselanguages": "english,german,french,italian,koreana,spanish,schinese,tchinese,russian,japanese,polish,arabic,brazilian",
        "3035571": {
            "config": {
                "oslist": "windows",
                "osarch": "64"
            },
            "manifests": {
                "public": {
                    "gid": "3508643575109388440",
                    "size": "40146087085",
                    "download": "36980269744"
                }
            },
            "decryptionkey": "e5d6ddfebd010fdb77b506a1d38d0c9a8929e5da7e35d812cc31b60996765be8"
        },
        "3035572": {
            "config": {
                "oslist": "windows",
                "osarch": "64"
            },
            "manifests": {
                "public": {
                    "gid": "6498603598890717095",
                    "size": "392251603",
                    "download": "360263536"
                }
            },
            "decryptionkey": "6b8ab5f02c19f579e70f727bf5cf334dd677f79ce53f00d872838e45f5be8ff4"
        },
        "3035573": {
            "config": {
                "oslist": "windows",
                "osarch": "64"
            },
            "manifests": {
                "public": {
                    "gid": "898424073071536928",
                    "size": "438946206",
                    "download": "344007536"
                }
            },
            "decryptionkey": "0d3898c52be7bac07b224983d013dc1dc7f5604d012d8acf53705f27b2407f93"
        },
        "3035574": {
            "config": {
                "oslist": "windows",
                "osarch": "64"
            },
            "manifests": {
                "public": {
                    "gid": "6111328039693089051",
                    "size": "379767192",
                    "download": "348233792"
                }
            },
            "decryptionkey": "5fd1b7a0fcd0358604b077b36916c25306f56a02711bc81340adc8f931c14069"
        },
        "3035575": {
            "config": {
                "oslist": "windows",
                "osarch": "64"
            },
            "manifests": {
                "public": {
                    "gid": "4861899127952541273",
                    "size": "377566891",
                    "download": "345830736"
                }
            },
            "decryptionkey": "bea37d2097d85084367b1081b989393012083fcc6645ce27cfa030594d99b8e4"
        },
        "3035576": {
            "config": {
                "oslist": "windows",
                "osarch": "64"
            },
            "manifests": {
                "public": {
                    "gid": "8132513443619807766",
                    "size": "407752585",
                    "download": "376215232"
                }
            },
            "decryptionkey": "f3b973f43336ffe5eb19bf1005af5b1dd85c5549fb2d8bcffdbae21ad0ebcc49"
        },
        "3035577": {
            "config": {
                "oslist": "windows",
                "osarch": "64"
            },
            "manifests": {
                "public": {
                    "gid": "8740522754259994455",
                    "size": "363636128",
                    "download": "331238544"
                }
            },
            "decryptionkey": "78c5bd2ce6e71c7bd10040111312fdb376ff42e7ba46acb57e99e0b9804c38a5"
        },
        "3035578": {
            "config": {
                "oslist": "windows",
                "osarch": "64"
            },
            "manifests": {
                "public": {
                    "gid": "8901555832474035019",
                    "size": "369286669",
                    "download": "336685888"
                }
            },
            "decryptionkey": "a9edaf32fd28a1a2604b861adfd73d2cac3368a9db1699dafed5634581bd3986"
        },
        "3035579": {
            "config": {
                "oslist": "windows",
                "osarch": "64"
            },
            "manifests": {
                "public": {
                    "gid": "6984875896492391369",
                    "size": "393835906",
                    "download": "361336432"
                }
            },
            "decryptionkey": "3fbd2da5efa4409f73ddbb97d7be0ca837c1d277ec0fc2a919071a6069f64333"
        },
        "1716751": {
            "manifests": {
                "public": {
                    "gid": "3341282173115166582",
                    "size": "239900768",
                    "download": "241746080"
                }
            },
            "depotfromapp": "1716750",
            "decryptionkey": "84780b728a23b1dabbe8b064807ccd3dbd40c67139ed569101104a418c581675"
        },
        "3230750": {
            "dlcappid": "3230750",
            "config": {
                "oslist": "windows",
                "osarch": "64"
            }
        },
        "3230760": {
            "dlcappid": "3230760",
            "config": {
                "oslist": "windows",
                "osarch": "64"
            }
        },
        "branches": {
            "public": {
                "buildid": "17444354",
                "timeupdated": "1741874762"
            }
        },
        "privatebranches": "1"
    }
}