{
    "appid": "3078650",
    "type": "Game",
    "name": "Wedding Day",
    "schinese_name": "",
    "isfreeapp": "0",
    "change_number": "28095249",
    "update_time": "2025-03-23 19:19:46",
    "depot": {
        "3078651": {
            "manifests": {
                "public": {
                    "gid": "5369898752349543892",
                    "size": "603105500",
                    "download": "220396592"
                }
            },
            "decryptionkey": "e7275b0fde4538b85418e6939d54ce2d62efed6688b54a7c3569e41fe367ee71"
        },
        "branches": {
            "public": {
                "buildid": "15146417",
                "timeupdated": "1721888468"
            }
        }
    }
}