{
    "appid": "3220090",
    "type": "Game",
    "name": "100 hidden Cats : Kitty House",
    "schinese_name": "",
    "isfreeapp": "0",
    "change_number": "26997030",
    "update_time": "2025-01-15 05:30:58",
    "depot": {
        "3220091": {
            "manifests": {
                "public": {
                    "gid": "4774772778783931586",
                    "size": "237890952",
                    "download": "38518736"
                }
            },
            "decryptionkey": "e4b161566fca1dd4bf71783775970e5eaac80ae4457d517a4e103cc372a20a3d"
        },
        "3220092": {
            "config": {
                "oslist": "linux",
                "osarch": "64"
            },
            "manifests": {
                "public": {
                    "gid": "934210078247182068",
                    "size": "239419547",
                    "download": "37603696"
                }
            },
            "decryptionkey": ""
        },
        "baselanguages": "english",
        "branches": {
            "public": {
                "buildid": "15706735",
                "timeupdated": "1726399321"
            }
        }
    }
}