{
    "appid": "3109370",
    "type": "Game",
    "name": "Slot Waste",
    "schinese_name": "",
    "isfreeapp": "0",
    "change_number": "28442993",
    "update_time": "2025-04-12 17:07:38",
    "depot": {
        "3109371": {
            "manifests": {
                "public": {
                    "gid": "551696117550957990",
                    "size": "3521512392",
                    "download": "826372608"
                }
            },
            "decryptionkey": "ed831c6551039984ee434ae61590c9cf737c455bf5730143f1bc38c24f96139a"
        },
        "branches": {
            "public": {
                "buildid": "15031687",
                "timeupdated": "1721006570"
            }
        }
    }
}