{
    "appid": "2985950",
    "type": "Game",
    "name": "Save Daddy Trump 4: Maga 2024",
    "schinese_name": "",
    "isfreeapp": "0",
    "change_number": "29042804",
    "update_time": "2025-05-18 03:00:48",
    "depot": {
        "228989": {
            "config": {
                "oslist": "windows"
            },
            "depotfromapp": "228980",
            "sharedinstall": "1"
        },
        "228990": {
            "config": {
                "oslist": "windows"
            },
            "depotfromapp": "228980",
            "sharedinstall": "1"
        },
        "229000": {
            "config": {
                "oslist": "windows"
            },
            "depotfromapp": "228980",
            "sharedinstall": "1"
        },
        "2985951": {
            "manifests": {
                "public": {
                    "gid": "40651062839353002",
                    "size": "12504380119",
                    "download": "11348968304"
                }
            },
            "decryptionkey": "618c4cbabb2d10b59ac1647fef07fe0085fa5b78f16394fee0f7a548a308d04d"
        },
        "branches": {
            "public": {
                "buildid": "14313346",
                "timeupdated": "1715248213"
            }
        }
    }
}