{
    "appid": "2996000",
    "type": "Game",
    "name": "Faun Town",
    "schinese_name": "牧神镇物语",
    "isfreeapp": "0",
    "change_number": "29015726",
    "update_time": "2025-05-16 11:06:52",
    "depot": {
        "hasdepotsindlc": "0",
        "baselanguages": "english,schinese",
        "2996001": {
            "manifests": {
                "public": {
                    "gid": "4846646476111144356",
                    "size": "1378603445",
                    "download": "129410848"
                }
            },
            "decryptionkey": "d7e3eac93b6415fc81b711105d4b221a3306aea306d44c8b6e0a5b4835480307"
        },
        "branches": {
            "public": {
                "buildid": "18441039",
                "timeupdated": "1747191773"
            }
        },
        "privatebranches": "1"
    }
}