{
    "appid": "3374330",
    "type": "Beta",
    "name": "Color Escape 🌈 Playtest",
    "schinese_name": "",
    "isfreeapp": "0",
    "change_number": "27513735",
    "update_time": "2025-02-17 18:43:27",
    "depot": {
        "3374331": {
            "manifests": {
                "public": {
                    "gid": "4044260115399956213",
                    "size": "257674742",
                    "download": "84121952"
                }
            },
            "decryptionkey": "ae4d94c68dfe0e5b24e95f012db15bc7f2be2528bb571772f857ef7e34c5449a"
        },
        "branches": {
            "public": {
                "buildid": "17439513",
                "timeupdated": "1740057172"
            }
        }
    }
}