{
    "appid": "3205720",
    "type": "Demo",
    "name": "Schedule I: Free Sample",
    "schinese_name": "",
    "isfreeapp": "0",
    "change_number": "27528166",
    "update_time": "2025-02-18 13:15:07",
    "depot": {
        "3205721": {
            "config": {
                "oslist": "windows"
            },
            "manifests": {
                "public": {
                    "gid": "5154680139526396189",
                    "size": "2218309753",
                    "download": "1841490448"
                },
                "beta": {
                    "gid": "5154680139526396189",
                    "size": "2218309753",
                    "download": "1841490448"
                }
            },
            "decryptionkey": "aa9a905f9b8ecf4c29fa0e3c6f50d33e887ef1c83a523d9096ce889f6acc297b"
        },
        "branches": {
            "public": {
                "buildid": "17419935",
                "timeupdated": "1739956341"
            },
            "beta": {
                "buildid": "17419935",
                "description": "Hosts the beta version of the next Schedule I update.",
                "timeupdated": "1739956306"
            }
        },
        "privatebranches": "1"
    }
}