{
    "appid": "3218800",
    "type": "Demo",
    "name": "悲鳴 -地下室に囚われた１１人- 体験版",
    "schinese_name": "尖叫声 - 体験版 -",
    "isfreeapp": "0",
    "change_number": "26001591",
    "update_time": "2024-11-01 13:30:57",
    "depot": {
        "3218801": {
            "config": {
                "oslist": "windows"
            },
            "manifests": {
                "public": {
                    "gid": "4289532472512959300",
                    "size": "2334727173",
                    "download": "1884252944"
                }
            },
            "decryptionkey": "5c6f09087210552ba5399e6bee236d3cf961fb19e705ebf81130bb1cd41a21e3"
        },
        "3218802": {
            "config": {
                "language": "japanese",
                "oslist": "windows"
            },
            "manifests": {
                "public": {
                    "gid": "3933718158597605509",
                    "size": "363168",
                    "download": "363760"
                }
            },
            "decryptionkey": ""
        },
        "branches": {
            "public": {
                "buildid": "16261063",
                "timeupdated": "1730439053"
            }
        }
    }
}