{
    "appid": "3255600",
    "type": "Game",
    "name": "Poly Fire",
    "schinese_name": "",
    "isfreeapp": "1",
    "change_number": "26282878",
    "update_time": "2024-11-21 00:12:41",
    "depot": {
        "228989": {
            "config": {
                "oslist": "windows"
            },
            "depotfromapp": "228980",
            "sharedinstall": "1"
        },
        "228990": {
            "config": {
                "oslist": "windows"
            },
            "depotfromapp": "228980",
            "sharedinstall": "1"
        },
        "3255601": {
            "manifests": {
                "public": {
                    "gid": "5791986007266080908",
                    "size": "4251079603",
                    "download": "892951968"
                }
            },
            "decryptionkey": "e921bce89f70456a6cfedd6559e1aee6639d4ab9537f6beedd44338e168403aa"
        },
        "branches": {
            "public": {
                "buildid": "15832267",
                "timeupdated": "1727967317"
            }
        }
    }
}