{
    "appid": "3033520",
    "type": "Game",
    "name": "OYASUMII",
    "schinese_name": "",
    "isfreeapp": "0",
    "change_number": "29041581",
    "update_time": "2025-05-18 00:13:06",
    "depot": {
        "3033521": {
            "manifests": {
                "public": {
                    "gid": "5021248799826377504",
                    "size": "1087905996",
                    "download": "331748944"
                }
            },
            "decryptionkey": "8b0c6303c7d699ec5744e34977ab29e7b324ff1d72ce25d97fd18e2a7b3243b8"
        },
        "baselanguages": "english,german,french,italian,spanish,russian,brazilian,latam",
        "branches": {
            "public": {
                "buildid": "17650461",
                "timeupdated": "1741492161"
            }
        }
    }
}