{
    "appid": "3002620",
    "type": "Game",
    "name": "Football Referee Simulator",
    "schinese_name": "",
    "isfreeapp": "0",
    "change_number": "28302159",
    "update_time": "2025-04-04 13:03:11",
    "depot": {
        "3002621": {
            "config": {
                "oslist": "windows",
                "osarch": "64"
            },
            "manifests": {
                "public": {
                    "gid": "3199185182818453958",
                    "size": "369176141",
                    "download": "97214128"
                }
            },
            "decryptionkey": "7ebbf54c548bf412356905bbe77e7bea3d16190a7daa946b4d5ed8a0d263359e"
        },
        "branches": {
            "public": {
                "buildid": "17979952",
                "timeupdated": "1743742987"
            }
        }
    }
}