{
    "appid": "3095660",
    "type": "Game",
    "name": "Twizzle Puzzle: Mushrooms",
    "schinese_name": "",
    "isfreeapp": "0",
    "change_number": "28634394",
    "update_time": "2025-04-24 09:45:11",
    "depot": {
        "3095661": {
            "manifests": {
                "public": {
                    "gid": "6400335055771324722",
                    "size": "861800686",
                    "download": "862431984"
                }
            },
            "decryptionkey": "a5634097635f8a1824ae1dde4bb81e51310c4e1de5b940cde978390030c3f561"
        },
        "baselanguages": "english",
        "branches": {
            "public": {
                "buildid": "14950907",
                "timeupdated": "1720255926"
            }
        }
    }
}