{
    "appid": "2978130",
    "type": "Demo",
    "name": "百合太刀降魔伝 Demo",
    "schinese_name": "",
    "isfreeapp": "0",
    "change_number": "26373315",
    "update_time": "2024-12-05 04:48:26",
    "depot": {
        "2978131": {
            "manifests": {
                "public": {
                    "gid": "579228954447954225",
                    "size": "401905758",
                    "download": "262280880"
                }
            },
            "decryptionkey": "3bd6cf9ae9b84f8ed471e9864effa8ebba39aa07c709a858b67826316a5591b0"
        },
        "branches": {
            "public": {
                "buildid": "14692128",
                "timeupdated": "1718198350"
            }
        }
    }
}