{
    "appid": "3343330",
    "type": "Game",
    "name": "放置冒险团",
    "schinese_name": "放置冒险团",
    "isfreeapp": "0",
    "change_number": "27788963",
    "update_time": "2025-03-05 14:09:18",
    "depot": {
        "3343331": {
            "manifests": {
                "public": {
                    "gid": "2750400507507734623",
                    "size": "273562014",
                    "download": "87467504"
                }
            },
            "decryptionkey": "ec9b6a5f6dcf99594f2d218f51cf254b9aa8ce50517b230381687c56b7cd4a43"
        },
        "branches": {
            "public": {
                "buildid": "17314517",
                "timeupdated": "1739235770"
            }
        }
    }
}