{
    "appid": "2999160",
    "type": "DLC",
    "name": "SONIC X SHADOW GENERATIONS: Art Book with Mini Soundtrack",
    "schinese_name": "索尼克×夏特 世代重启：艺术集&原声集",
    "isfreeapp": "0",
    "change_number": "28875440",
    "update_time": "2025-05-08 13:32:37",
    "depot": {
        "2999160": {
            "manifests": {
                "public": {
                    "gid": "2720286388307715047",
                    "size": "959635796",
                    "download": "593551088"
                }
            },
            "dlcappid": "2999160",
            "decryptionkey": "5333f0019f11df5032e635e73031fddfb9d2b9a631779e9d4cf309b15397cf7a"
        },
        "branches": {
            "public": {
                "buildid": "15210514",
                "timeupdated": "1728527288"
            }
        },
        "privatebranches": "1"
    },
    "access_token": 7926112299363815962
}