{
    "appid": "3461920",
    "type": "Game",
    "name": "The Boba Teashop",
    "schinese_name": "",
    "isfreeapp": "0",
    "change_number": "29038877",
    "update_time": "2025-05-17 18:13:29",
    "depot": {
        "3461921": {
            "manifests": {
                "public": {
                    "gid": "2196770758799648607",
                    "size": "569749739",
                    "download": "384532224"
                }
            },
            "decryptionkey": "be49622c16cf04591bbdb523169e72248065c5fb1da12c4868c780e4dd8e131b"
        },
        "baselanguages": "english,german,koreana,schinese,russian,japanese",
        "branches": {
            "public": {
                "buildid": "18479504",
                "timeupdated": "1747332905"
            }
        },
        "privatebranches": "1"
    }
}