{
    "appid": "3213520",
    "type": "DLC",
    "name": "Summer For You - Exciting Animations Pack",
    "schinese_name": "",
    "isfreeapp": "0",
    "change_number": "27255485",
    "update_time": "2025-01-31 23:04:06",
    "depot": {
        "3213520": {
            "manifests": {
                "public": {
                    "gid": "2969511949185099487",
                    "size": "1792085819",
                    "download": "1806721472"
                }
            },
            "dlcappid": "3213520",
            "decryptionkey": "bbf16c6c8f2052b8ba69d170e174f43908b23184bd5bcc7a826c8dd38b7f43e6"
        },
        "branches": {
            "public": {
                "buildid": "17106478",
                "timeupdated": "1737642894"
            }
        }
    }
}