{
    "appid": "3107790",
    "type": "Game",
    "name": "ReBullet",
    "schinese_name": "",
    "isfreeapp": "0",
    "change_number": "25258656",
    "update_time": "2024-09-17 17:20:52",
    "depot": {
        "228988": {
            "config": {
                "oslist": "windows"
            },
            "depotfromapp": "228980",
            "sharedinstall": "1"
        },
        "228990": {
            "config": {
                "oslist": "windows"
            },
            "depotfromapp": "228980",
            "sharedinstall": "1"
        },
        "3107791": {
            "manifests": {
                "public": {
                    "gid": "8389477879671948851",
                    "size": "142601815",
                    "download": "24193600"
                },
                "rebullet1.1": {
                    "gid": "2699557112385302230",
                    "size": "140000459",
                    "download": "24139280"
                }
            },
            "decryptionkey": "a7f16e91a11b9fcd0be81e5df4d9a2e8d530489c6beecf224018d4e5b19fb6c8"
        },
        "baselanguages": "english,schinese",
        "branches": {
            "public": {
                "buildid": "15726689",
                "timeupdated": "1726564846"
            },
            "rebullet1.1": {
                "buildid": "15242594",
                "description": "fix bug",
                "timeupdated": "1722616523"
            }
        }
    }
}