{
    "appid": "3274290",
    "type": "DLC",
    "name": "Beat Saber - Alan Walker - Wake Up",
    "schinese_name": "",
    "isfreeapp": "0",
    "change_number": "26160074",
    "update_time": "2024-11-12 23:52:10",
    "depot": {
        "3274290": {
            "manifests": {
                "public": {
                    "gid": "8441017920809693513",
                    "size": "10435979",
                    "download": "10578800"
                }
            },
            "dlcappid": "3274290",
            "decryptionkey": "9e3faa44c9b3388e76b6295d61402cade160d03a99e9a39ee2fcd6f5d3a97a4b"
        },
        "branches": {
            "public": {
                "buildid": "15951302",
                "timeupdated": "1728294249"
            }
        }
    }
}