{
    "appid": "3214390",
    "type": "Game",
    "name": "不審者通報しました。",
    "schinese_name": "",
    "isfreeapp": "0",
    "change_number": "27238287",
    "update_time": "2025-01-31 00:19:13",
    "depot": {
        "3214391": {
            "manifests": {
                "public": {
                    "gid": "5571788005531068657",
                    "size": "1934739687",
                    "download": "1077263920"
                }
            },
            "decryptionkey": "c58959ae12d2231cd17124adec34e19be3ca6b39893a5bacc8c43358868caec2"
        },
        "branches": {
            "public": {
                "buildid": "16627661",
                "timeupdated": "1733312872"
            }
        },
        "privatebranches": "1"
    }
}