{
    "appid": "3498070",
    "type": "Game",
    "name": "Spring Adventure",
    "schinese_name": "",
    "isfreeapp": "1",
    "change_number": "28824163",
    "update_time": "2025-05-05 22:43:46",
    "depot": {
        "228985": {
            "config": {
                "oslist": "windows"
            },
            "depotfromapp": "228980",
            "sharedinstall": "1"
        },
        "228989": {
            "config": {
                "oslist": "windows"
            },
            "depotfromapp": "228980",
            "sharedinstall": "1"
        },
        "228990": {
            "config": {
                "oslist": "windows"
            },
            "depotfromapp": "228980",
            "sharedinstall": "1"
        },
        "baselanguages": "japanese",
        "hasdepotsindlc": "0",
        "3498071": {
            "config": {
                "oslist": "windows",
                "osarch": "64"
            },
            "manifests": {
                "public": {
                    "gid": "8973572890702156189",
                    "size": "24701367812",
                    "download": "24027545648"
                }
            },
            "decryptionkey": "023c5210b89c185b311f8fa5801906339b6c56964b3089a4f5bf9c64319c5824"
        },
        "branches": {
            "public": {
                "buildid": "18347417",
                "timeupdated": "1746456222"
            }
        }
    }
}