{
    "appid": "3198320",
    "type": "Game",
    "name": "Willie's Nightfall",
    "schinese_name": "",
    "isfreeapp": "0",
    "change_number": "29038875",
    "update_time": "2025-05-17 18:13:25",
    "depot": {
        "3198321": {
            "config": {
                "oslist": "windows"
            },
            "manifests": {
                "public": {
                    "gid": "908822591183782709",
                    "size": "2627999815",
                    "download": "946292592"
                }
            },
            "decryptionkey": "a68fc92a25b2bf2e6d42ee742bff66d75ec40c1c92792805843b22375ab07851"
        },
        "baselanguages": "english",
        "branches": {
            "public": {
                "buildid": "17069609",
                "timeupdated": "1737406799"
            }
        }
    }
}