{
    "appid": "3105230",
    "type": "Demo",
    "name": "Cybernated Demo",
    "schinese_name": "",
    "isfreeapp": "0",
    "change_number": "24789860",
    "update_time": "2024-08-15 04:30:27",
    "depot": {
        "228989": {
            "config": {
                "oslist": "windows"
            },
            "depotfromapp": "228980",
            "sharedinstall": "1"
        },
        "228990": {
            "config": {
                "oslist": "windows"
            },
            "depotfromapp": "228980",
            "sharedinstall": "1"
        },
        "3105231": {
            "manifests": {
                "public": {
                    "gid": "6834341913025447121",
                    "size": "13286381542",
                    "download": "5044452976"
                }
            },
            "decryptionkey": "23d5e2ccb5cb3df4705f8459f251149cda8f4bed62353bf44eb598187d3aa351"
        },
        "branches": {
            "public": {
                "buildid": "15330467",
                "timeupdated": "1723321219"
            }
        }
    }
}