{
    "appid": "3238050",
    "type": "DLC",
    "name": "Zero-Sum Heart Artbook",
    "schinese_name": "零和之心电子设定集",
    "isfreeapp": "0",
    "change_number": "26000931",
    "update_time": "2024-11-01 12:05:13",
    "depot": {
        "3238051": {
            "manifests": {
                "public": {
                    "gid": "1420701725794891859",
                    "size": "245462850",
                    "download": "185686512"
                }
            },
            "dlcappid": "3238050",
            "decryptionkey": "5a0c128732fcd909a3adb4a035b048bc9f2d206ba61b6ba6827e20b321d7bf91"
        },
        "branches": {
            "public": {
                "buildid": "16075890",
                "timeupdated": "1729141384"
            }
        }
    }
}