{
    "appid": "3011550",
    "type": "Game",
    "name": "Nihiland",
    "schinese_name": "",
    "isfreeapp": "0",
    "change_number": "25199418",
    "update_time": "2024-09-13 05:07:00",
    "depot": {
        "228989": {
            "config": {
                "oslist": "windows"
            },
            "depotfromapp": "228980",
            "sharedinstall": "1"
        },
        "228990": {
            "config": {
                "oslist": "windows"
            },
            "depotfromapp": "228980",
            "sharedinstall": "1"
        },
        "baselanguages": "english",
        "3011551": {
            "config": {
                "language": "english",
                "oslist": "windows"
            },
            "manifests": {
                "public": {
                    "gid": "4476388776711005907",
                    "size": "3031774313",
                    "download": "2645677680"
                }
            },
            "decryptionkey": "1b764d0753d1e9cd3ac72e1d6f8d42def1731b35f01507ced96cf64a8310f890"
        },
        "branches": {
            "public": {
                "buildid": "14863148",
                "timeupdated": "1719517928"
            }
        }
    }
}