{
    "appid": "3428590",
    "type": "Demo",
    "name": "Fish-Click Squad! Demo",
    "schinese_name": "一起来摸鱼 Demo",
    "isfreeapp": "0",
    "change_number": "28102245",
    "update_time": "2025-03-24 11:56:39",
    "depot": {
        "228989": {
            "config": {
                "oslist": "windows"
            },
            "depotfromapp": "228980",
            "sharedinstall": "1"
        },
        "228990": {
            "config": {
                "oslist": "windows"
            },
            "depotfromapp": "228980",
            "sharedinstall": "1"
        },
        "3428591": {
            "manifests": {
                "public": {
                    "gid": "571629002053928096",
                    "size": "452765658",
                    "download": "312883344"
                }
            },
            "decryptionkey": "7b17c66dc880a980d46067462f01edf3cee6b85326c121030c5855597f6dd778"
        },
        "3428592": {},
        "branches": {
            "public": {
                "buildid": "17297463",
                "timeupdated": "1739102416"
            }
        }
    }
}