{
    "appid": "3352920",
    "type": "DLC",
    "name": "On Your Tail - Digital Artbook",
    "schinese_name": "",
    "isfreeapp": "0",
    "change_number": "27165019",
    "update_time": "2025-01-26 00:35:47",
    "depot": {
        "3352920": {
            "manifests": {
                "public": {
                    "gid": "7279129715857763734",
                    "size": "182922708",
                    "download": "148110544"
                }
            },
            "dlcappid": "3352920",
            "decryptionkey": "15279105a0ebc57a5588ed22812aea706faafa66bb6ea6cc0bf07b4186e8e16a"
        },
        "branches": {
            "public": {
                "buildid": "17131353",
                "timeupdated": "1737822941"
            }
        }
    }
}