{
    "appid": "3426830",
    "type": "Music",
    "name": "Memories Off Sousou ～Not always true～ Sound Collection",
    "schinese_name": "《告别回忆 双想 ～Not always true～》Sound Collection ",
    "isfreeapp": "0",
    "change_number": "28393149",
    "update_time": "2025-04-10 03:13:41",
    "depot": {
        "3426831": {
            "manifests": {
                "public": {
                    "gid": "3584488492290297004",
                    "size": "214859469",
                    "download": "210115792"
                }
            },
            "decryptionkey": "61174e73d2797729ea3583f0c0bb6e0cb9b60aad8cb6340af2b3fb8a8fcc67a6"
        },
        "3426832": {
            "config": {
                "highqualityaudio": "1"
            },
            "manifests": {
                "public": {
                    "gid": "4590393144589278048",
                    "size": "958730751",
                    "download": "953209520"
                }
            },
            "decryptionkey": "d31bfe8a2d083c111c6b6f643e31aecc49fa7e68f2170cca6c055d5879e8332b"
        },
        "branches": {
            "public": {
                "buildid": "17419239",
                "timeupdated": "1739952425"
            }
        }
    }
}