{
    "appid": "3252030",
    "type": "DLC",
    "name": "Tower! Simulator 3 - EHAM Airport",
    "schinese_name": "",
    "isfreeapp": "0",
    "change_number": "26075053",
    "update_time": "2024-11-07 00:52:06",
    "depot": {
        "3252030": {
            "config": {
                "oslist": "windows",
                "osarch": "64"
            },
            "manifests": {
                "public": {
                    "gid": "2328308864103961911",
                    "size": "2211370833",
                    "download": "980613776"
                }
            },
            "dlcappid": "3252030",
            "decryptionkey": "987da4a6d5c7598676e47329dea0a8a33aeb8bcac8b6247849aab9ae09bedb3e"
        },
        "branches": {
            "public": {
                "buildid": "16316591",
                "timeupdated": "1730911922"
            }
        }
    }
}