{
    "appid": "3022950",
    "type": "Game",
    "name": "In Your Shoes",
    "schinese_name": "",
    "isfreeapp": "0",
    "change_number": "28918212",
    "update_time": "2025-05-10 23:33:35",
    "depot": {
        "3022951": {
            "manifests": {
                "public": {
                    "gid": "245765119724043745",
                    "size": "1436407080",
                    "download": "1304408576"
                }
            },
            "decryptionkey": "3687d7cd966a592515d6bd25ff5a92e8727e28d474c99a19ee683f252ea9224a"
        },
        "branches": {
            "public": {
                "buildid": "18202858",
                "timeupdated": "1745386055"
            }
        }
    }
}