{
    "appid": "3535810",
    "type": "Music",
    "name": "KARMA: The Dark World - EP",
    "schinese_name": "黑暗世界：因与果 - EP",
    "isfreeapp": "0",
    "change_number": "28800555",
    "update_time": "2025-05-03 21:30:32",
    "depot": {
        "3535811": {
            "manifests": {
                "public": {
                    "gid": "5520672284568275404",
                    "size": "35057109",
                    "download": "35008224"
                }
            },
            "decryptionkey": "e46697ff0a867ac283ca1c3ae3afd0cbb590d14503fddd82848909fd324e6973"
        },
        "3535812": {
            "config": {
                "highqualityaudio": "1"
            },
            "manifests": {
                "public": {
                    "gid": "4527529633944379981",
                    "size": "421158338",
                    "download": "409421200"
                }
            },
            "decryptionkey": "f5d208765313257994ea55c418ae337da82cbce050d93a0a5d1b7ae8a1d20779"
        },
        "branches": {
            "public": {
                "buildid": "17573642",
                "timeupdated": "1741003198"
            }
        }
    }
}