{
    "appid": "3311500",
    "type": "DLC",
    "name": "伯克利家的女仆：梦之溯源 DLC",
    "schinese_name": "",
    "isfreeapp": "0",
    "change_number": "28495743",
    "update_time": "2025-04-16 05:24:14",
    "depot": {
        "3311500": {
            "dlcappid": "3311500",
            "manifests": {
                "public": {
                    "gid": "1474116739216971749",
                    "size": "111411607",
                    "download": "102188944"
                }
            },
            "config": {
                "optionaldlc": "3311500"
            },
            "decryptionkey": "5e0668e0b08cc28a87e3a72a316a550e7de73f8a60832f59b57e29a52c14f3fb"
        },
        "branches": {
            "public": {
                "buildid": "17418144",
                "timeupdated": "1739946432"
            }
        },
        "appmanagesdlc": "1"
    }
}