{
    "appid": "3121110",
    "type": "Game",
    "name": "Zort",
    "schinese_name": "",
    "isfreeapp": "0",
    "change_number": "29016278",
    "update_time": "2025-05-16 12:00:46",
    "depot": {
        "228983": {
            "config": {
                "oslist": "windows"
            },
            "depotfromapp": "228980",
            "sharedinstall": "1"
        },
        "228985": {
            "config": {
                "oslist": "windows"
            },
            "depotfromapp": "228980",
            "sharedinstall": "1"
        },
        "228989": {
            "config": {
                "oslist": "windows"
            },
            "depotfromapp": "228980",
            "sharedinstall": "1"
        },
        "228990": {
            "config": {
                "oslist": "windows"
            },
            "depotfromapp": "228980",
            "sharedinstall": "1"
        },
        "229000": {
            "config": {
                "oslist": "windows"
            },
            "depotfromapp": "228980",
            "sharedinstall": "1"
        },
        "229007": {
            "config": {
                "oslist": "windows"
            },
            "depotfromapp": "228980",
            "sharedinstall": "1"
        },
        "3121111": {
            "config": {
                "oslist": "windows",
                "osarch": "64"
            },
            "manifests": {
                "public": {
                    "gid": "4101989441664751863",
                    "size": "3478388016",
                    "download": "1259900288"
                },
                "presents": {
                    "gid": "5734125606982491908",
                    "size": "3558122062",
                    "download": "1392296720"
                }
            },
            "decryptionkey": "806aeaed5d4ad4428cd6c1eba28ff88c387605abe45508700508db278de71391"
        },
        "baselanguages": "english,german,french,italian,koreana,spanish,schinese,russian,japanese,turkish,arabic",
        "branches": {
            "public": {
                "buildid": "17063185",
                "timeupdated": "1737368856"
            },
            "presents": {
                "buildid": "16893271",
                "description": "Presents still exist in this version",
                "timeupdated": "1736025750"
            }
        },
        "privatebranches": "1"
    }
}