{
    "appid": "3262750",
    "type": "Demo",
    "name": "Whispers of the Void Demo",
    "schinese_name": "",
    "isfreeapp": "0",
    "change_number": "26922350",
    "update_time": "2025-01-09 18:55:56",
    "depot": {
        "228989": {
            "config": {
                "oslist": "windows"
            },
            "depotfromapp": "228980",
            "sharedinstall": "1"
        },
        "228990": {
            "config": {
                "oslist": "windows"
            },
            "depotfromapp": "228980",
            "sharedinstall": "1"
        },
        "3262751": {
            "config": {
                "language": "english",
                "oslist": "windows",
                "osarch": "64"
            },
            "manifests": {
                "public": {
                    "gid": "2325475060244311743",
                    "size": "3493499504",
                    "download": "3302715968"
                }
            },
            "decryptionkey": "89d244997b8a96bfe98b6768222bf803a9278102bf9f808c17dc6f17b8a418c2"
        },
        "branches": {
            "public": {
                "buildid": "16125089",
                "timeupdated": "1729529401"
            }
        }
    }
}