{
    "appid": "3038580",
    "type": "Game",
    "name": "Art Shop Simulator",
    "schinese_name": "",
    "isfreeapp": "0",
    "change_number": "28955118",
    "update_time": "2025-05-13 15:32:50",
    "depot": {
        "3038581": {
            "config": {
                "oslist": "windows"
            },
            "manifests": {
                "public": {
                    "gid": "2344948632095490948",
                    "size": "4417924901",
                    "download": "1192718032"
                }
            },
            "decryptionkey": "38306b0f1b843ef6c6c64b093d2bac93f83e8946935bf265ebf68359afcf1ce9"
        },
        "branches": {
            "public": {
                "buildid": "18436383",
                "timeupdated": "1747091642"
            }
        }
    }
}