{
    "appid": "3245770",
    "type": "Application",
    "name": "Pavlov TV",
    "schinese_name": "",
    "isfreeapp": "1",
    "change_number": "29013220",
    "update_time": "2025-05-16 07:25:26",
    "depot": {
        "228989": {
            "config": {
                "oslist": "windows"
            },
            "depotfromapp": "228980",
            "sharedinstall": "1"
        },
        "228990": {
            "config": {
                "oslist": "windows"
            },
            "depotfromapp": "228980",
            "sharedinstall": "1"
        },
        "3245771": {
            "manifests": {
                "public": {
                    "gid": "1253527459800704073",
                    "size": "74845178620",
                    "download": "33470486400"
                }
            },
            "decryptionkey": "877713c24b00bf88934734029f458cbd2a941377b0a51328777887a66655d986"
        },
        "baselanguages": "english",
        "branches": {
            "public": {
                "buildid": "18483050",
                "timeupdated": "1747351519"
            }
        },
        "privatebranches": "1"
    }
}