{
    "appid": "3263960",
    "type": "Demo",
    "name": "Lovish Demo",
    "schinese_name": "",
    "isfreeapp": "0",
    "change_number": "25792800",
    "update_time": "2024-10-19 04:40:18",
    "depot": {
        "3263961": {
            "manifests": {
                "public": {
                    "gid": "7213777460069641261",
                    "size": "23120677",
                    "download": "18260624"
                }
            },
            "decryptionkey": "d414b7ed134d838209411a3d67b9c15e899f3a90812c9c0bae3e46dbb0534682"
        },
        "branches": {
            "public": {
                "buildid": "16101397",
                "timeupdated": "1729284012"
            }
        }
    }
}