{
    "appid": "3371100",
    "type": "Music",
    "name": "DJMAX RESPECT V - V LIBERTY II Original Soundtrack",
    "schinese_name": "",
    "isfreeapp": "0",
    "change_number": "27316086",
    "update_time": "2025-02-05 07:43:48",
    "depot": {
        "3371101": {
            "manifests": {
                "public": {
                    "gid": "3445982635205711503",
                    "size": "220695209",
                    "download": "221243936"
                }
            },
            "decryptionkey": "b9cfce1bdad0d8f7a0a78e04ddd0d0dee30aa496f7b80a2967067055f81f747a"
        },
        "3371102": {
            "config": {
                "highqualityaudio": "1"
            },
            "manifests": {
                "public": {
                    "gid": "2229611850643792319",
                    "size": "978324738",
                    "download": "963601104"
                }
            },
            "decryptionkey": "b8a8d734924c03bdf0fc7863b28951a4c8650536ddfe4eb4ef6c9cdc154f9846"
        },
        "branches": {
            "public": {
                "buildid": "16831959",
                "timeupdated": "1734936802"
            }
        }
    }
}