{
    "appid": "2941660",
    "type": "Game",
    "name": "Archean",
    "schinese_name": "",
    "isfreeapp": "0",
    "change_number": "29043009",
    "update_time": "2025-05-18 03:27:27",
    "depot": {
        "2941661": {
            "config": {
                "osarch": "64"
            },
            "manifests": {
                "public": {
                    "gid": "2892565196998655573",
                    "size": "779532855",
                    "download": "324098224"
                }
            },
            "decryptionkey": "9e9c4a4cb9451b1e189a13b090d38f79707b0a150a3bf50a17cdd38aedfb85c5"
        },
        "workshopdepot": "2941660",
        "branches": {
            "public": {
                "buildid": "18503883",
                "timeupdated": "1747510044"
            }
        },
        "privatebranches": "1",
        "workshopdepotdecryptionkey": ""
    }
}