{
    "appid": "3345050",
    "type": "Game",
    "name": "Programming Simulator",
    "schinese_name": "编程模拟器",
    "isfreeapp": "0",
    "change_number": "28169109",
    "update_time": "2025-03-27 20:01:31",
    "depot": {
        "workshopdepot": "3345050",
        "3345051": {
            "config": {
                "oslist": "windows",
                "osarch": "64"
            },
            "manifests": {
                "public": {
                    "gid": "1455696229610489743",
                    "size": "317732719",
                    "download": "70144240"
                }
            },
            "decryptionkey": "5d47c794da70446d03884953ae9f06e4e39aba9592701609a208b37882fda848"
        },
        "3345052": {
            "config": {
                "oslist": "windows",
                "osarch": "64"
            },
            "manifests": {
                "public": {
                    "gid": "1461581775985619161",
                    "size": "316629436",
                    "download": "70133296"
                }
            },
            "decryptionkey": ""
        },
        "branches": {
            "public": {
                "buildid": "17362926",
                "timeupdated": "1739519943"
            }
        },
        "privatebranches": "1",
        "workshopdepotdecryptionkey": ""
    }
}