{
    "appid": "3140700",
    "type": "Demo",
    "name": "False Spider Demo",
    "schinese_name": "",
    "isfreeapp": "0",
    "change_number": "24802539",
    "update_time": "2024-08-15 23:25:11",
    "depot": {
        "3140701": {
            "manifests": {
                "public": {
                    "gid": "2250962057178804411",
                    "size": "457715190",
                    "download": "363312384"
                }
            },
            "decryptionkey": "875ff57ee9e24165ad5ecc8f9647f18bf5cf9ad290355db4923b048185fb743f"
        },
        "branches": {
            "public": {
                "buildid": "15200787",
                "timeupdated": "1722351130"
            }
        }
    }
}