{
    "appid": "3228750",
    "type": "Music",
    "name": "PICO PARK 2 Soundtrack",
    "schinese_name": "",
    "isfreeapp": "0",
    "change_number": "28910223",
    "update_time": "2025-05-10 05:32:32",
    "depot": {
        "3228751": {
            "manifests": {
                "public": {
                    "gid": "7521323224473043392",
                    "size": "14898569",
                    "download": "13386352"
                }
            },
            "decryptionkey": "1ce75bd4ec604ed2c5df384bcdc404884c1137cda40f8193de696bc2d8c064b6"
        },
        "3228752": {
            "config": {
                "highqualityaudio": "1"
            },
            "manifests": {
                "public": {
                    "gid": "3579112180188329689",
                    "size": "176226654",
                    "download": "62070320"
                }
            },
            "decryptionkey": "e4aa0cc5b5bf2263966950a3d93e1b78f9622f69a106dcfe55f7652ff08d9dcc"
        },
        "branches": {
            "public": {
                "buildid": "17137400",
                "timeupdated": "1737909374"
            }
        }
    }
}