{
    "appid": "3165410",
    "type": "Demo",
    "name": "Bazaar Simulator Demo",
    "schinese_name": "",
    "isfreeapp": "0",
    "change_number": "27256749",
    "update_time": "2025-02-01 00:11:24",
    "depot": {
        "3165411": {
            "manifests": {
                "public": {
                    "gid": "1909723365308209632",
                    "size": "708822008",
                    "download": "462758672"
                }
            },
            "decryptionkey": "5bb8d75eb4dcee9afa1ac69661f886f6c5344970e227ebbfb4c4b7c9991c9972"
        },
        "branches": {
            "public": {
                "buildid": "16034040",
                "timeupdated": "1728897898"
            }
        }
    }
}