{
    "appid": "3185690",
    "type": "Music",
    "name": "Amber Isle - Soundtrack",
    "schinese_name": "",
    "isfreeapp": "0",
    "change_number": "28138716",
    "update_time": "2025-03-26 06:36:18",
    "depot": {
        "3185691": {
            "manifests": {
                "public": {
                    "gid": "5927281490177471108",
                    "size": "253313708",
                    "download": "249162016"
                }
            },
            "decryptionkey": "bdfafaa7cbe0c718bd8cee9625d3bf4013ab1bbe4a46ac65a1624f7d6e27f097"
        },
        "3185692": {
            "config": {
                "highqualityaudio": "1"
            },
            "manifests": {
                "public": {
                    "gid": "2985995864708096915",
                    "size": "2252269482",
                    "download": "1868635008"
                }
            },
            "decryptionkey": "c99fad40328ef7feed101f6628c7ef708892ad5ef57e2e00b5f89805a038ec7c"
        },
        "branches": {
            "public": {
                "buildid": "15649803",
                "timeupdated": "1725963832"
            }
        }
    }
}