{
    "appid": "3058320",
    "type": "Game",
    "name": "Yep!",
    "schinese_name": "",
    "isfreeapp": "0",
    "change_number": "27016032",
    "update_time": "2025-01-16 08:10:28",
    "depot": {
        "3058321": {
            "config": {
                "oslist": "windows"
            },
            "manifests": {
                "public": {
                    "gid": "3375613147426050473",
                    "size": "29592406421",
                    "download": "29651241248"
                },
                "testing": {
                    "gid": "6667973949310575076",
                    "size": "804879649",
                    "download": "501137344"
                }
            },
            "decryptionkey": "38558ce8f3ad4bf1f314db6b804bebb426ac9e41e9795c6f808ceea31c22cf5d"
        },
        "branches": {
            "public": {
                "buildid": "16732937",
                "timeupdated": "1734082296"
            },
            "testing": {
                "buildid": "15976983",
                "description": "测试",
                "timeupdated": "1728457639"
            }
        }
    },
    "access_token": 10602877716648824246
}