{
    "appid": "3114000",
    "type": "Demo",
    "name": "Alchemist Shop Simulator Demo",
    "schinese_name": "",
    "isfreeapp": "0",
    "change_number": "27519077",
    "update_time": "2025-02-18 00:21:17",
    "depot": {
        "3114001": {
            "manifests": {
                "public": {
                    "gid": "4173781223865028206",
                    "size": "2013228572",
                    "download": "691078400"
                }
            },
            "decryptionkey": "166626068f66378ab79b62dc54a246802ffc41b303924885d1bd64955623cf43"
        },
        "branches": {
            "public": {
                "buildid": "17387047",
                "timeupdated": "1739809254"
            }
        },
        "privatebranches": "1"
    }
}