{
    "appid": "3290170",
    "type": "Demo",
    "name": "Treasure 'n Trio Demo",
    "schinese_name": "",
    "isfreeapp": "0",
    "change_number": "27438041",
    "update_time": "2025-02-12 19:26:06",
    "depot": {
        "3290171": {
            "manifests": {
                "public": {
                    "gid": "4028122675383491051",
                    "size": "472984969",
                    "download": "80184576"
                }
            },
            "decryptionkey": "08544adc56367f0aa872019a258f7f32fb5e786b1fb8c18e3749fd9ffc73d20c"
        },
        "branches": {
            "public": {
                "buildid": "16896489",
                "timeupdated": "1735875942"
            }
        },
        "privatebranches": "1"
    }
}