{
    "appid": "3076400",
    "type": "Game",
    "name": "Tech Store Simulator",
    "schinese_name": "",
    "isfreeapp": "0",
    "change_number": "29016105",
    "update_time": "2025-05-16 11:42:42",
    "depot": {
        "baselanguages": "english",
        "3076401": {
            "config": {
                "oslist": "windows"
            },
            "manifests": {
                "public": {
                    "gid": "3031535728734956817",
                    "size": "6012474435",
                    "download": "2476855712"
                }
            },
            "decryptionkey": "a5bf77c64570c7fa895e9a95d02f36b442360e1741d18ad6a89488d318e1fe5a"
        },
        "branches": {
            "public": {
                "buildid": "16357211",
                "timeupdated": "1731239047"
            }
        }
    }
}