{
    "appid": "3353490",
    "type": "Game",
    "name": "Another Hole to Seduce a Married Woman",
    "schinese_name": "",
    "isfreeapp": "0",
    "change_number": "28361228",
    "update_time": "2025-04-08 16:16:56",
    "depot": {
        "3353491": {
            "manifests": {
                "public": {
                    "gid": "2916425868036717603",
                    "size": "288620014",
                    "download": "149606272"
                }
            },
            "decryptionkey": "448865df39ea678c0f6a3caa36c6afd3e91a671b1a06fcc468ded7e534cc26c6"
        },
        "branches": {
            "public": {
                "buildid": "16674998",
                "timeupdated": "1733701934"
            }
        }
    }
}