{
    "appid": "2987670",
    "type": "Game",
    "name": "FURRY ORGY",
    "schinese_name": "",
    "isfreeapp": "0",
    "change_number": "28826944",
    "update_time": "2025-05-06 01:31:47",
    "depot": {
        "2987671": {
            "manifests": {
                "public": {
                    "gid": "1715882331415836724",
                    "size": "329495945",
                    "download": "166236368"
                }
            },
            "decryptionkey": "7dc818d6bb3e2fff7cbe4e74d9bffa75f1e2e48377423b8dc0392b52a5750189"
        },
        "branches": {
            "public": {
                "buildid": "14460057",
                "timeupdated": "1716410373"
            }
        }
    }
}