{
    "appid": "3222380",
    "type": "Demo",
    "name": "Ultimate Hero Demo",
    "schinese_name": "大比斗传说 Demo",
    "isfreeapp": "0",
    "change_number": "27731274",
    "update_time": "2025-03-01 16:46:47",
    "depot": {
        "3222381": {
            "manifests": {
                "public": {
                    "gid": "6758089409186685846",
                    "size": "1274520650",
                    "download": "470173792"
                }
            },
            "decryptionkey": "488178a1754da8faeb953a31c9ab18f89f5ec98ef9620ac34be6bf5d8e1cf389"
        },
        "branches": {
            "public": {
                "buildid": "17499319",
                "timeupdated": "1740499858"
            }
        }
    }
}