{
    "appid": "2952240",
    "type": "DLC",
    "name": "Leximan - Basement Breakout Mini Campaign",
    "schinese_name": "",
    "isfreeapp": "0",
    "change_number": "24768196",
    "update_time": "2024-08-13 22:53:55",
    "depot": {
        "2952240": {
            "manifests": {
                "public": {
                    "gid": "1679072427043382216",
                    "size": "32569714",
                    "download": "29480080"
                }
            },
            "dlcappid": "2952240",
            "decryptionkey": "45b57c147df1c9b9b81ceedadb09804cfbb92f5974064802089737658d4c2e2b"
        },
        "branches": {
            "public": {
                "buildid": "15353739",
                "timeupdated": "1723545194"
            }
        }
    }
}