{
    "appid": "3182040",
    "type": "DLC",
    "name": "Cyber mission - Full armor",
    "schinese_name": "",
    "isfreeapp": "0",
    "change_number": "25766409",
    "update_time": "2024-10-17 20:15:53",
    "depot": {
        "3182040": {
            "dlcappid": "3182040",
            "config": {
                "oslist": "windows"
            },
            "manifests": {
                "public": {
                    "gid": "2119213363273136571",
                    "size": "277191597",
                    "download": "176604784"
                }
            },
            "decryptionkey": "8e4f7b0239b2ac799c57ecef9b796a31a0583fc5274e4b5ece12dea56aa823eb"
        },
        "branches": {
            "public": {
                "buildid": "15438370",
                "timeupdated": "1724178837"
            }
        }
    }
}