{
    "appid": "3362820",
    "type": "Beta",
    "name": "Exoborne Playtest",
    "schinese_name": "",
    "isfreeapp": "0",
    "change_number": "28597716",
    "update_time": "2025-04-22 17:18:16",
    "depot": {
        "228989": {
            "config": {
                "oslist": "windows"
            },
            "depotfromapp": "228980",
            "sharedinstall": "1"
        },
        "3362821": {
            "manifests": {
                "public": {
                    "gid": "4238367164333026518",
                    "size": "53814969463",
                    "download": "51486341520"
                }
            },
            "decryptionkey": "dc885a72e8f229f40f48cdf59759b4e024e009f0f414dd14ece8701b7f57670e"
        },
        "branches": {
            "public": {
                "buildid": "17723411",
                "timeupdated": "1742201854"
            }
        },
        "privatebranches": "1"
    },
    "access_token": 5482555545322926085
}