{
    "appid": "2998400",
    "type": "Demo",
    "name": "幻兽纸牌 Demo",
    "schinese_name": "",
    "isfreeapp": "0",
    "change_number": "26907683",
    "update_time": "2025-01-08 20:26:55",
    "depot": {
        "2998401": {
            "manifests": {
                "public": {
                    "gid": "5205820193064672567",
                    "size": "187717197",
                    "download": "97499728"
                }
            },
            "decryptionkey": "75637f5dadafb27b62da8920884aa45457100cee00f0a2824916a03e403bb662"
        },
        "branches": {
            "public": {
                "buildid": "14516742",
                "timeupdated": "1716886255"
            }
        }
    }
}