{
    "appid": "3351140",
    "type": "Game",
    "name": "Limoria",
    "schinese_name": "",
    "isfreeapp": "0",
    "change_number": "28685549",
    "update_time": "2025-04-27 02:54:20",
    "depot": {
        "228989": {
            "config": {
                "oslist": "windows"
            },
            "depotfromapp": "228980",
            "sharedinstall": "1"
        },
        "228990": {
            "config": {
                "oslist": "windows"
            },
            "depotfromapp": "228980",
            "sharedinstall": "1"
        },
        "baselanguages": "english,german,french,italian,koreana,spanish,schinese,russian,japanese,portuguese,polish,dutch,turkish,brazilian",
        "3351141": {
            "config": {
                "oslist": "windows"
            },
            "manifests": {
                "public": {
                    "gid": "3994466755937207464",
                    "size": "5508623201",
                    "download": "4952173248"
                }
            },
            "decryptionkey": "e6340bf55090bdb9a0a5d7149a9240cec31cc72c1a2ff50c737a48dfd3ae4ab9"
        },
        "branches": {
            "public": {
                "buildid": "16902810",
                "timeupdated": "1735943475"
            }
        }
    }
}