{
    "appid": "3096680",
    "type": "Demo",
    "name": "多元守卫者 Diverse Defenders Demo",
    "schinese_name": "",
    "isfreeapp": "0",
    "change_number": "25315333",
    "update_time": "2024-09-20 18:46:56",
    "depot": {
        "baselanguages": "schinese",
        "3096681": {
            "config": {
                "oslist": "windows"
            },
            "manifests": {
                "public": {
                    "gid": "3887901324020665458",
                    "size": "1745604362",
                    "download": "272678768"
                }
            },
            "decryptionkey": "0f30265918e73d8970d2dedcd9367077de45e53d97c0e215ca7a7a38d2b9b577"
        },
        "hasdepotsindlc": "0",
        "branches": {
            "public": {
                "buildid": "15432070",
                "timeupdated": "1724146125"
            }
        }
    }
}