{
    "appid": "3241490",
    "type": "Game",
    "name": "下一个就是你",
    "schinese_name": "",
    "isfreeapp": "0",
    "change_number": "28880448",
    "update_time": "2025-05-08 19:10:09",
    "depot": {
        "3241491": {
            "manifests": {
                "public": {
                    "gid": "6700184697746384013",
                    "size": "29357888058",
                    "download": "26948744736"
                }
            },
            "decryptionkey": "a8f003c38928098e1498ded63ced9b3dd68e3b2e067e5d878efdbcbca74eb8d2"
        },
        "baselanguages": "english,schinese",
        "branches": {
            "public": {
                "buildid": "16597013",
                "timeupdated": "1733121964"
            }
        },
        "privatebranches": "1"
    }
}