{
    "appid": "3642080",
    "type": "Music",
    "name": "ガールズメイドプディング BGM Soundtrack",
    "schinese_name": "Girls Made Pudding -少女布丁旅情- BGM Soundtrack",
    "isfreeapp": "0",
    "change_number": "28496382",
    "update_time": "2025-04-16 06:14:23",
    "depot": {
        "3642081": {
            "manifests": {
                "public": {
                    "gid": "1639567030878293154",
                    "size": "13443619",
                    "download": "13389536"
                }
            },
            "decryptionkey": "3c47b11617e4650af676d384a9103cc06c7dbb387a00faa86032bf2f6c768bfd"
        },
        "3642082": {
            "config": {
                "highqualityaudio": "1"
            },
            "manifests": {
                "public": {
                    "gid": "4653243802785079891",
                    "size": "242036994",
                    "download": "220753824"
                }
            },
            "decryptionkey": "511e2ec29449a885fa373f3d6814f8510843b6fc58c609aa79417a47edc8c085"
        },
        "branches": {
            "public": {
                "buildid": "18007029",
                "timeupdated": "1744003488"
            }
        }
    }
}