{
    "appid": "3011760",
    "type": "DLC",
    "name": "RPG Maker MZ - KR Country Cottage Tileset",
    "schinese_name": "",
    "isfreeapp": "0",
    "change_number": "24513986",
    "update_time": "2024-07-26 03:58:29",
    "depot": {
        "3011760": {
            "manifests": {
                "public": {
                    "gid": "9218424561826843604",
                    "size": "3572630",
                    "download": "3557120"
                }
            },
            "dlcappid": "3011760",
            "decryptionkey": "251483f07a42bfdab4cfa2c1292b2b67d8116ff100317eee29ab36b19b8fbf89"
        },
        "branches": {
            "public": {
                "buildid": "15113867",
                "timeupdated": "1721662894"
            }
        }
    }
}