{
    "appid": "3147190",
    "type": "Game",
    "name": "Julian & Friends",
    "schinese_name": "",
    "isfreeapp": "0",
    "change_number": "28712822",
    "update_time": "2025-04-29 02:54:38",
    "depot": {
        "baselanguages": "english",
        "3147191": {
            "manifests": {
                "public": {
                    "gid": "7062497276695755984",
                    "size": "779442686",
                    "download": "627578224"
                }
            },
            "decryptionkey": "0b13661beafd7ba0dd3178076e0622f12f0a7e98f7d0618059e4e7661bf042f1"
        },
        "branches": {
            "public": {
                "buildid": "16856954",
                "timeupdated": "1735256141"
            }
        }
    }
}