{
    "appid": "3333460",
    "type": "Game",
    "name": "No Space For All",
    "schinese_name": "",
    "isfreeapp": "0",
    "change_number": "28623766",
    "update_time": "2025-04-23 22:23:00",
    "depot": {
        "baselanguages": "english",
        "hasdepotsindlc": "0",
        "3333461": {
            "config": {
                "oslist": "windows"
            },
            "manifests": {
                "public": {
                    "gid": "40212941064376624",
                    "size": "612351497",
                    "download": "447217104"
                }
            },
            "decryptionkey": "b0bb348fd97d467b0eb1aff31a0ad5ad9067839156a7a70cbac55ada9a0bbd73"
        },
        "3333462": {
            "config": {
                "oslist": "linux"
            },
            "manifests": {
                "public": {
                    "gid": "3325217993809995209",
                    "size": "614536556",
                    "download": "440998288"
                }
            }
        },
        "3333463": {
            "config": {
                "oslist": "macos"
            },
            "manifests": {
                "public": {
                    "gid": "2938564420968484905",
                    "size": "595822762",
                    "download": "442766896"
                }
            }
        },
        "branches": {
            "public": {
                "buildid": "16905732",
                "timeupdated": "1735987447"
            }
        }
    }
}