{
    "appid": "3396060",
    "type": "Demo",
    "name": "Tower Networking Inc. Demo",
    "schinese_name": "",
    "isfreeapp": "0",
    "change_number": "27537681",
    "update_time": "2025-02-19 00:05:43",
    "depot": {
        "3396061": {
            "manifests": {
                "public": {
                    "gid": "8950791978098218538",
                    "size": "621416450",
                    "download": "572616368"
                }
            },
            "decryptionkey": "24c4cbdadf0bbae48a088826561b169b0b6a02d0c1408aa732a46d336d4cb584"
        },
        "branches": {
            "public": {
                "buildid": "17473151",
                "timeupdated": "1740309938"
            }
        }
    }
}