{
    "appid": "3111440",
    "type": "Demo",
    "name": "Fragile Reflection Demo",
    "schinese_name": "",
    "isfreeapp": "0",
    "change_number": "27505009",
    "update_time": "2025-02-17 02:14:38",
    "depot": {
        "3111441": {
            "config": {
                "oslist": "windows"
            },
            "manifests": {
                "public": {
                    "gid": "2882112161814699497",
                    "size": "2159748431",
                    "download": "781836384"
                }
            },
            "decryptionkey": "8bd23cde59ee4f96eb3cdbbac604b2a2128441f896d5973763c8a3502718a838"
        },
        "3111442": {
            "config": {
                "oslist": "linux"
            },
            "manifests": {
                "public": {
                    "gid": "4777655055703019928",
                    "size": "1543163779",
                    "download": "727872432"
                }
            },
            "decryptionkey": ""
        },
        "3111443": {
            "config": {
                "oslist": "macos",
                "osarch": "64"
            },
            "manifests": {
                "public": {
                    "gid": "7055635441693451392",
                    "size": "1598967028",
                    "download": "731796448"
                }
            },
            "decryptionkey": ""
        },
        "branches": {
            "public": {
                "buildid": "16112347",
                "timeupdated": "1729416616"
            }
        },
        "privatebranches": "1"
    }
}