{
    "appid": "3521320",
    "type": "Game",
    "name": "魔法書自走棋：契約",
    "schinese_name": "魔法书自走棋：契约",
    "isfreeapp": "0",
    "change_number": "29036512",
    "update_time": "2025-05-17 12:10:41",
    "depot": {
        "3521321": {
            "config": {
                "language": "tchinese"
            },
            "manifests": {
                "public": {
                    "gid": "2745977220158078264",
                    "size": "516572534",
                    "download": "454085296"
                }
            },
            "decryptionkey": "da8e5c19dbd799a01ab9954cdf822c966f4179b3d5d51a2e7a98627bf2c39165"
        },
        "baselanguages": "tchinese",
        "workshopdepot": "3521320",
        "branches": {
            "public": {
                "buildid": "18488034",
                "timeupdated": "1747455038"
            }
        },
        "privatebranches": "1",
        "workshopdepotdecryptionkey": ""
    }
}