{
    "appid": "3600700",
    "type": "Game",
    "name": "e-Racer",
    "schinese_name": "",
    "isfreeapp": "0",
    "change_number": "28830853",
    "update_time": "2025-05-06 06:29:36",
    "depot": {
        "3600701": {
            "manifests": {
                "public": {
                    "gid": "2280027090385638311",
                    "size": "427118034",
                    "download": "364067136"
                }
            },
            "decryptionkey": "0a17b378346acd4dd526493f58ed168023b291414d88ff47b4be45c3aa41b7f5"
        },
        "3600711": {
            "dlcappid": "3600710",
            "manifests": {
                "public": {
                    "gid": "7530892164180424662",
                    "size": "8656503",
                    "download": "8260992"
                }
            },
            "decryptionkey": "5668f77a40767cf069707bbfc585d93923496fb995ac167a570365a36a88b0cf"
        },
        "3600702": {
            "config": {
                "steamdeck": "1"
            },
            "manifests": {
                "public": {
                    "gid": "6577025525311318420",
                    "size": "458",
                    "download": "384"
                }
            },
            "decryptionkey": ""
        },
        "branches": {
            "public": {
                "buildid": "18211921",
                "timeupdated": "1745431715"
            }
        }
    }
}