{
    "appid": "2963230",
    "type": "Game",
    "name": "Joyville 2",
    "schinese_name": "",
    "isfreeapp": "0",
    "change_number": "28696278",
    "update_time": "2025-04-28 05:54:04",
    "depot": {
        "228989": {
            "config": {
                "oslist": "windows"
            },
            "depotfromapp": "228980",
            "sharedinstall": "1"
        },
        "228990": {
            "config": {
                "oslist": "windows"
            },
            "depotfromapp": "228980",
            "sharedinstall": "1"
        },
        "229007": {
            "config": {
                "oslist": "windows"
            },
            "depotfromapp": "228980",
            "sharedinstall": "1"
        },
        "2963231": {
            "manifests": {
                "public": {
                    "gid": "3009823608921339822",
                    "size": "16856941088",
                    "download": "16107594224"
                }
            },
            "decryptionkey": "0a85897111f938ecd23925e5c3f5a9b9aee10db3867e3a8bf919360978f5dbab"
        },
        "branches": {
            "public": {
                "buildid": "16855259",
                "timeupdated": "1735255078"
            }
        }
    }
}