{
    "appid": "2998040",
    "type": "Game",
    "name": "BLOODSAINT",
    "schinese_name": "",
    "isfreeapp": "0",
    "change_number": "27772772",
    "update_time": "2025-03-04 19:16:40",
    "depot": {
        "228990": {
            "config": {
                "oslist": "windows"
            },
            "depotfromapp": "228980",
            "sharedinstall": "1"
        },
        "2998041": {
            "manifests": {
                "public": {
                    "gid": "3662612385938876485",
                    "size": "146532238",
                    "download": "124159424"
                }
            },
            "decryptionkey": "7fb9fb05f05091bbbd762bfabba42518113747242dfa4ed88771a584a2a4256f"
        },
        "branches": {
            "public": {
                "buildid": "16463187",
                "timeupdated": "1732045623"
            }
        }
    }
}