{
    "appid": "3159570",
    "type": "Game",
    "name": "Lynked: Banner of the Spark",
    "schinese_name": "",
    "isfreeapp": "0",
    "change_number": "29012793",
    "update_time": "2025-05-16 06:45:46",
    "depot": {
        "228989": {
            "config": {
                "oslist": "windows"
            },
            "depotfromapp": "228980",
            "sharedinstall": "1"
        },
        "228990": {
            "config": {
                "oslist": "windows"
            },
            "depotfromapp": "228980",
            "sharedinstall": "1"
        },
        "3159571": {
            "manifests": {
                "public": {
                    "gid": "5868932788020279232",
                    "size": "12520482794",
                    "download": "10632121168"
                }
            },
            "decryptionkey": "8b67b11313f1da51f2ba40bab7831b79558154057a6270e935dfed05d85b9fef"
        },
        "branches": {
            "public": {
                "buildid": "17906498",
                "timeupdated": "1743227403"
            }
        },
        "privatebranches": "1"
    }
}