{
    "appid": "3241400",
    "type": "Music",
    "name": "无名者：屠龙 原声音轨",
    "schinese_name": "",
    "isfreeapp": "0",
    "change_number": "28917371",
    "update_time": "2025-05-10 21:32:34",
    "depot": {
        "3241401": {
            "manifests": {
                "public": {
                    "gid": "1866518618960072269",
                    "size": "208055107",
                    "download": "204145072"
                },
                "high-quality": {
                    "gid": "1866518618960072269",
                    "size": "208055107",
                    "download": "204145072"
                }
            },
            "decryptionkey": "4c7d7ea56be7802e225ecf9099121d71f3ad4dacd53e0b7ee1a7396650c3b1be"
        },
        "3241402": {
            "config": {
                "highqualityaudio": "1"
            },
            "manifests": {
                "public": {
                    "gid": "840124105332328680",
                    "size": "934335260",
                    "download": "833137344"
                },
                "high-quality": {
                    "gid": "840124105332328680",
                    "size": "934335260",
                    "download": "833137344"
                }
            },
            "decryptionkey": "550f68fbed33983c1490feeebb6dc968e50270a6105a5c18d76fcb6e8ad101ee"
        },
        "branches": {
            "public": {
                "buildid": "16909235",
                "timeupdated": "1736051748"
            },
            "high-quality": {
                "buildid": "16909235",
                "description": "wav",
                "timeupdated": "1736051693"
            }
        }
    }
}