{
    "appid": "3480440",
    "type": "DLC",
    "name": "Mark of the Deep - Supporter Pack",
    "schinese_name": "深渊之印 - 支持者包",
    "isfreeapp": "0",
    "change_number": "28787951",
    "update_time": "2025-05-02 23:26:33",
    "depot": {
        "3480441": {
            "manifests": {
                "public": {
                    "gid": "4210163054350831359",
                    "size": "754987460",
                    "download": "714315808"
                }
            },
            "dlcappid": "3480440",
            "decryptionkey": "a77215836227c0c0a7f67a64a3da77fa7e9c921460502930c0acecf424998318"
        },
        "3480440": {
            "dlcappid": "3480440",
            "config": {
                "oslist": "windows"
            },
            "manifests": {
                "public": {
                    "gid": "6718781305266958779",
                    "size": "754987460",
                    "download": "714315808"
                }
            },
            "decryptionkey": ""
        },
        "branches": {
            "public": {
                "buildid": "17131499",
                "timeupdated": "1737824598"
            }
        }
    }
}