{
    "appid": "3073040",
    "type": "Game",
    "name": "Seoul Station",
    "schinese_name": "",
    "isfreeapp": "0",
    "change_number": "28499847",
    "update_time": "2025-04-16 11:11:19",
    "depot": {
        "3073041": {
            "manifests": {
                "public": {
                    "gid": "8089371185506889323",
                    "size": "2164620291",
                    "download": "458213280"
                }
            },
            "decryptionkey": "d5355408014d53178ac224a6587a056472e7d3606d0ad44ee8c9862920a54b68"
        },
        "baselanguages": "english,koreana,japanese",
        "branches": {
            "public": {
                "buildid": "15415445",
                "timeupdated": "1724043977"
            }
        }
    }
}