{
    "appid": "3028730",
    "type": "Game",
    "name": "Love, Internet, and Murder Magic",
    "schinese_name": "爱、互联网、杀人魔法",
    "isfreeapp": "0",
    "change_number": "29015847",
    "update_time": "2025-05-16 11:19:18",
    "depot": {
        "3028731": {
            "manifests": {
                "public": {
                    "gid": "3630180858649137558",
                    "size": "1103563927",
                    "download": "838433136"
                }
            },
            "decryptionkey": "1390f042c30dc02a36a56078fcaaaf1366c27a1fb3a94e0cd478a200a8700bfc"
        },
        "branches": {
            "public": {
                "buildid": "17012306",
                "timeupdated": "1736941266"
            }
        }
    }
}