{
    "appid": "3375580",
    "type": "Game",
    "name": "Lustful Dead 🔞",
    "schinese_name": "",
    "isfreeapp": "0",
    "change_number": "29016664",
    "update_time": "2025-05-16 12:42:42",
    "depot": {
        "3375581": {
            "manifests": {
                "public": {
                    "gid": "8158881489791512611",
                    "size": "1200119878",
                    "download": "339319632"
                }
            },
            "decryptionkey": "356f9f51b32235d1960ba5c55dddff8f9ce4af31717026e1e314d0da2096e2a7"
        },
        "branches": {
            "public": {
                "buildid": "17220339",
                "timeupdated": "1738559429"
            }
        }
    }
}