{
    "appid": "3259360",
    "type": "Demo",
    "name": "Pinevale Settlements Demo",
    "schinese_name": "",
    "isfreeapp": "0",
    "change_number": "26165717",
    "update_time": "2024-11-13 07:32:50",
    "depot": {
        "3259361": {
            "manifests": {
                "public": {
                    "gid": "8274561077178669299",
                    "size": "1820413333",
                    "download": "713072944"
                }
            },
            "decryptionkey": "169c5223090c89e21c261c78ec0a0339ed1e5afa2fae2da7e2f6a777c3f9bb4c"
        },
        "branches": {
            "public": {
                "buildid": "16142152",
                "timeupdated": "1729631868"
            }
        }
    }
}