{
    "appid": "3214350",
    "type": "Demo",
    "name": "JR EAST Train Simulator Demo",
    "schinese_name": "",
    "isfreeapp": "0",
    "change_number": "28661653",
    "update_time": "2025-04-25 20:57:47",
    "depot": {
        "228989": {
            "config": {
                "oslist": "windows"
            },
            "depotfromapp": "228980",
            "sharedinstall": "1"
        },
        "3214351": {
            "manifests": {
                "public": {
                    "gid": "2388009317494786337",
                    "size": "4216837858",
                    "download": "3977761920"
                }
            },
            "decryptionkey": "e6b2355a5ebede375a4b4dcd7d01b9839598ec67159cd4ee9813638fa02669eb"
        },
        "branches": {
            "public": {
                "buildid": "18036540",
                "timeupdated": "1745568975"
            }
        },
        "privatebranches": "1"
    }
}