{
    "appid": "3093380",
    "type": "Demo",
    "name": "Deadlock Station Demo",
    "schinese_name": "",
    "isfreeapp": "0",
    "change_number": "27535019",
    "update_time": "2025-02-18 21:30:38",
    "depot": {
        "3093381": {
            "manifests": {
                "public": {
                    "gid": "5746933432852920439",
                    "size": "90470379",
                    "download": "59912464"
                }
            },
            "decryptionkey": "ee8f9268838bf89038e1421f0b474e989ad6566444971107eee5556122f2cd2f"
        },
        "branches": {
            "public": {
                "buildid": "17474550",
                "timeupdated": "1740328705"
            }
        }
    }
}