{
    "appid": "3593780",
    "type": "Game",
    "name": "Lumberjacked",
    "schinese_name": "",
    "isfreeapp": "0",
    "change_number": "29016726",
    "update_time": "2025-05-16 12:48:37",
    "depot": {
        "3593781": {
            "manifests": {
                "public": {
                    "gid": "325164196862082506",
                    "size": "478401262",
                    "download": "158787856"
                }
            },
            "decryptionkey": "05c5a610e203b9738ba23706949f63b99f6686dcf289dc94fe265ccb2c630f69"
        },
        "branches": {
            "public": {
                "buildid": "18342017",
                "timeupdated": "1746414717"
            }
        },
        "privatebranches": "1"
    }
}