{
    "appid": "3500970",
    "type": "Music",
    "name": "Lost Records: Bloom & Rage Soundtrack",
    "schinese_name": "",
    "isfreeapp": "0",
    "change_number": "29002957",
    "update_time": "2025-05-15 21:12:24",
    "depot": {
        "3500971": {
            "config": {
                "highqualityaudio": "1"
            },
            "manifests": {
                "public": {
                    "gid": "7556859437916873611",
                    "size": "812910638",
                    "download": "769758448"
                }
            },
            "decryptionkey": "bb95c48bbad3a6c01ba86d4f35b691500816c4938de5fef70828b0043194f247"
        },
        "3500972": {
            "manifests": {
                "public": {
                    "gid": "5468830288040073538",
                    "size": "112337573",
                    "download": "112263184"
                }
            },
            "decryptionkey": "72654922f8ffd8fd749ee9bd3bc6ef132a88006bcf7d91a8e6b747daf15d2f74"
        },
        "3500973": {
            "config": {
                "highqualityaudio": "1"
            },
            "manifests": {
                "public": {
                    "gid": "7445549312204266717",
                    "size": "731862860",
                    "download": "708742144"
                }
            },
            "decryptionkey": ""
        },
        "3500974": {
            "manifests": {
                "public": {
                    "gid": "6433780387163008762",
                    "size": "60703367",
                    "download": "60786480"
                }
            },
            "decryptionkey": ""
        },
        "branches": {
            "public": {
                "buildid": "18103063",
                "timeupdated": "1744732740"
            }
        },
        "privatebranches": "1"
    }
}