{
    "appid": "3070540",
    "type": "Demo",
    "name": "花恋月依 Demo",
    "schinese_name": "",
    "isfreeapp": "0",
    "change_number": "24649565",
    "update_time": "2024-08-05 17:09:44",
    "depot": {
        "3070541": {
            "manifests": {
                "public": {
                    "gid": "8376179468977928182",
                    "size": "2968290347",
                    "download": "607624144"
                }
            },
            "decryptionkey": "c2705de3ea32e62d5dcc9da51fae1ccbc4818f6bf474de07f2d042105bf5729f"
        },
        "branches": {
            "public": {
                "buildid": "15063695",
                "timeupdated": "1721228067"
            }
        }
    }
}