{
    "appid": "3175770",
    "type": "Game",
    "name": "Obduracy",
    "schinese_name": "",
    "isfreeapp": "0",
    "change_number": "26253459",
    "update_time": "2024-11-21 01:02:33",
    "depot": {
        "3175771": {
            "manifests": {
                "public": {
                    "gid": "6725568780156430585",
                    "size": "65567348",
                    "download": "13601280"
                }
            },
            "decryptionkey": "d1b5c1fb80b93ce9881712d213b68daa38742955dd6effb9b1325c6c7321e0a2"
        },
        "branches": {
            "public": {
                "buildid": "15404046",
                "timeupdated": "1723884081"
            }
        }
    },
    "access_token": 14394155831819331815
}