{
    "appid": "3213690",
    "type": "Game",
    "name": "ラブライブ！虹ヶ咲学園スクールアイドル同好会　トキメキの未来地図",
    "schinese_name": "",
    "isfreeapp": "0",
    "change_number": "29048543",
    "update_time": "2025-05-18 20:16:00",
    "depot": {
        "3213691": {
            "manifests": {
                "public": {
                    "gid": "7510428210980857660",
                    "size": "2107377849",
                    "download": "1937727744"
                }
            },
            "decryptionkey": "a8fcadf40a9c2180b878045ddb9e35d575ee71c6b49221e980c14cc52f81e02e"
        },
        "baselanguages": "english,schinese,tchinese,japanese",
        "branches": {
            "public": {
                "buildid": "16808576",
                "timeupdated": "1734660587"
            }
        },
        "privatebranches": "1"
    }
}