{
    "appid": "3505800",
    "type": "Game",
    "name": "Yurei Hunt",
    "schinese_name": "",
    "isfreeapp": "0",
    "change_number": "28391908",
    "update_time": "2025-04-10 01:44:36",
    "depot": {
        "228989": {
            "config": {
                "oslist": "windows"
            },
            "depotfromapp": "228980",
            "sharedinstall": "1"
        },
        "228990": {
            "config": {
                "oslist": "windows"
            },
            "depotfromapp": "228980",
            "sharedinstall": "1"
        },
        "3505801": {
            "manifests": {
                "public": {
                    "gid": "670155492515694319",
                    "size": "4569764643",
                    "download": "4293028928"
                }
            },
            "decryptionkey": "9521415f6188d413f1ceb9f8efa8aa01177dd315142a3d95cd6bd73c320ad8ed"
        },
        "branches": {
            "public": {
                "buildid": "17873722",
                "timeupdated": "1743026682"
            }
        }
    }
}