{
    "appid": "3086680",
    "type": "Game",
    "name": "ОБЖ VR",
    "schinese_name": "",
    "isfreeapp": "0",
    "change_number": "26183469",
    "update_time": "2024-11-14 07:31:07",
    "depot": {
        "3086681": {
            "config": {
                "language": "russian",
                "oslist": "windows",
                "osarch": "64"
            },
            "manifests": {
                "public": {
                    "gid": "5214579917509474271",
                    "size": "186942292",
                    "download": "53904064"
                }
            },
            "decryptionkey": "660ad14446dab91bcee42fd31e3993993fc6827991265a7572680d5d23b61dd1"
        },
        "baselanguages": "russian",
        "branches": {
            "public": {
                "buildid": "14906352",
                "timeupdated": "1719922732"
            }
        },
        "privatebranches": "1"
    }
}