{
    "appid": "3227940",
    "type": "Demo",
    "name": "Judofuri Demo",
    "schinese_name": "",
    "isfreeapp": "0",
    "change_number": "25533031",
    "update_time": "2024-10-04 20:08:03",
    "depot": {
        "3227941": {
            "config": {
                "oslist": "windows"
            },
            "manifests": {
                "public": {
                    "gid": "2104112672440726175",
                    "size": "203289490",
                    "download": "90610416"
                }
            },
            "decryptionkey": "9e9aa80b6f5c2ae424298c14b7fadb5ea4e7ef6f27cdcc11d6cfbbe964ed358d"
        },
        "baselanguages": "english",
        "branches": {
            "public": {
                "buildid": "15929633",
                "timeupdated": "1728043679"
            }
        }
    }
}