{
    "appid": "3172890",
    "type": "Tool",
    "name": "Sins of a Solar Empire II - Modding Tools",
    "schinese_name": "",
    "isfreeapp": "0",
    "change_number": "28478512",
    "update_time": "2025-04-15 10:41:08",
    "depot": {
        "229006": {
            "config": {
                "oslist": "windows"
            },
            "depotfromapp": "228980",
            "sharedinstall": "1"
        },
        "3172891": {
            "manifests": {
                "public": {
                    "gid": "8159950049902478984",
                    "size": "88138593",
                    "download": "18659440"
                }
            },
            "decryptionkey": "cc7fe5ea8be0769812de6398aa3d530f616718b5db4e19d5dd5e2558555e954f"
        },
        "baselanguages": "english",
        "branches": {
            "public": {
                "buildid": "18060685",
                "timeupdated": "1744309412"
            }
        },
        "privatebranches": "1"
    }
}