{
    "appid": "2966470",
    "type": "Game",
    "name": "IdontFall",
    "schinese_name": "",
    "isfreeapp": "0",
    "change_number": "27284149",
    "update_time": "2025-02-03 13:32:38",
    "depot": {
        "228989": {
            "config": {
                "oslist": "windows"
            },
            "depotfromapp": "228980",
            "sharedinstall": "1"
        },
        "228990": {
            "config": {
                "oslist": "windows"
            },
            "depotfromapp": "228980",
            "sharedinstall": "1"
        },
        "2966471": {
            "manifests": {
                "public": {
                    "gid": "5050109963926094750",
                    "size": "7183367152",
                    "download": "3355184704"
                }
            },
            "decryptionkey": "310dae15931c36c16dc93b44dc6ddf6fe52d9c8bfe07078f610e00052375f467"
        },
        "branches": {
            "public": {
                "buildid": "14580715",
                "timeupdated": "1717391822"
            }
        }
    }
}