{
    "appid": "3128430",
    "type": "Demo",
    "name": "十元怎么买下世界 Demo",
    "schinese_name": "",
    "isfreeapp": "0",
    "change_number": "25641350",
    "update_time": "2024-10-11 23:01:38",
    "depot": {
        "3128431": {
            "manifests": {
                "public": {
                    "gid": "2045486670268100074",
                    "size": "125802843",
                    "download": "72668272"
                }
            },
            "decryptionkey": "d190df967a05e05043348c38aea013fb8c9b892d63ef24cd2c10cf11f5034a46"
        },
        "baselanguages": "schinese",
        "branches": {
            "public": {
                "buildid": "15480375",
                "timeupdated": "1724488887"
            }
        }
    }
}