{
    "appid": "3092290",
    "type": "Music",
    "name": "Shin chan: Shiro and the Coal Town \"Digital Contents Set\"",
    "schinese_name": "蜡笔小新“煤炭镇的小白”数字内容套装",
    "isfreeapp": "0",
    "change_number": "27316086",
    "update_time": "2025-02-05 07:54:39",
    "depot": {
        "3092291": {
            "manifests": {
                "public": {
                    "gid": "4439495500910059025",
                    "size": "611067707",
                    "download": "481544384"
                }
            },
            "decryptionkey": "48598b3e5d4f571f099f1acdf7c94ac98acee865700c45fb1135e185543ffa3a"
        },
        "branches": {
            "public": {
                "buildid": "15633366",
                "timeupdated": "1725844684"
            }
        }
    }
}