{
    "appid": "3281870",
    "type": "Demo",
    "name": "Secret Agent Wizard Boy and the International Crime Syndicate Demo",
    "schinese_name": "",
    "isfreeapp": "0",
    "change_number": "27825469",
    "update_time": "2025-03-07 08:56:31",
    "depot": {
        "228989": {
            "config": {
                "oslist": "windows"
            },
            "depotfromapp": "228980",
            "sharedinstall": "1"
        },
        "228990": {
            "config": {
                "oslist": "windows"
            },
            "depotfromapp": "228980",
            "sharedinstall": "1"
        },
        "3281871": {
            "manifests": {
                "public": {
                    "gid": "8564853011898000612",
                    "size": "1628153730",
                    "download": "949084992"
                }
            },
            "decryptionkey": "010583d2f8806a211a4273aace2fa9f8c19cfcc7cd643f1a57535ee49ca7c256"
        },
        "branches": {
            "public": {
                "buildid": "16098321",
                "timeupdated": "1729266247"
            }
        }
    }
}