{
    "appid": "2964300",
    "type": "Game",
    "name": "City Bus Simulator 2024",
    "schinese_name": "",
    "isfreeapp": "0",
    "change_number": "28139501",
    "update_time": "2025-03-26 07:18:43",
    "depot": {
        "2964301": {
            "manifests": {
                "public": {
                    "gid": "6077119011140971447",
                    "size": "16869690362",
                    "download": "5222140112"
                }
            },
            "decryptionkey": "2881b5eb149171d1043d38d0e97e51502b11f41b8a718a87b5ead30fe88595bd"
        },
        "branches": {
            "public": {
                "buildid": "15894606",
                "timeupdated": "1727819336"
            }
        }
    }
}