{
    "appid": "2999790",
    "type": "Game",
    "name": "Just Skill Shooter 4",
    "schinese_name": "",
    "isfreeapp": "0",
    "change_number": "28143419",
    "update_time": "2025-03-26 13:40:59",
    "depot": {
        "228989": {
            "config": {
                "oslist": "windows"
            },
            "depotfromapp": "228980",
            "sharedinstall": "1"
        },
        "228990": {
            "config": {
                "oslist": "windows"
            },
            "depotfromapp": "228980",
            "sharedinstall": "1"
        },
        "2999791": {
            "manifests": {
                "public": {
                    "gid": "5468098457103483518",
                    "size": "3140089175",
                    "download": "3010970416"
                }
            },
            "decryptionkey": "74309f5166ce0ba7de4f8f43704c41868becfeca5c9b4176479831b849a999b9"
        },
        "branches": {
            "public": {
                "buildid": "15893912",
                "timeupdated": "1727815176"
            }
        }
    }
}