{
    "appid": "3038360",
    "type": "Demo",
    "name": "Pharmacy Simulator: Prologue",
    "schinese_name": "",
    "isfreeapp": "0",
    "change_number": "24424223",
    "update_time": "2024-07-19 08:31:32",
    "depot": {
        "228989": {
            "config": {
                "oslist": "windows"
            },
            "depotfromapp": "228980",
            "sharedinstall": "1"
        },
        "228990": {
            "config": {
                "oslist": "windows"
            },
            "depotfromapp": "228980",
            "sharedinstall": "1"
        },
        "3038361": {
            "manifests": {
                "public": {
                    "gid": "786808133245355370",
                    "size": "722322561",
                    "download": "574135968"
                }
            },
            "decryptionkey": "794b07119420bc535beee2e57f44c97738db0928d5b59a02db1230709776e7ce"
        },
        "baselanguages": "english,german,french,italian,koreana,schinese,tchinese,russian,japanese,portuguese,polish,dutch,swedish,czech,turkish,brazilian,ukrainian,latam",
        "branches": {
            "public": {
                "buildid": "15547893",
                "timeupdated": "1725041810"
            }
        }
    }
}