{
    "appid": "3242440",
    "type": "Demo",
    "name": "Globalism Demo",
    "schinese_name": "",
    "isfreeapp": "0",
    "change_number": "26183469",
    "update_time": "2024-11-14 07:40:21",
    "depot": {
        "228989": {
            "config": {
                "oslist": "windows"
            },
            "depotfromapp": "228980",
            "sharedinstall": "1"
        },
        "228990": {
            "config": {
                "oslist": "windows"
            },
            "depotfromapp": "228980",
            "sharedinstall": "1"
        },
        "3242441": {
            "manifests": {
                "public": {
                    "gid": "425565394631402312",
                    "size": "1070324556",
                    "download": "879899248"
                }
            },
            "decryptionkey": "963c0c2964e4c1bbf4e2ecaf476f05628565aaded8986fd8554268d526de912f"
        },
        "branches": {
            "public": {
                "buildid": "16180682",
                "timeupdated": "1729860822"
            }
        }
    }
}