{
    "appid": "2978660",
    "type": "DLC",
    "name": "Poozle Mania - Girls DLC #3",
    "schinese_name": "",
    "isfreeapp": "0",
    "change_number": "24780404",
    "update_time": "2024-08-14 16:45:59",
    "depot": {
        "2978660": {
            "dlcappid": "2978660",
            "manifests": {
                "public": {
                    "gid": "5184017913186543079",
                    "size": "31381488",
                    "download": "28212448"
                }
            },
            "decryptionkey": "2ffe02eea6c29440b5a63a8c79d3739d573c477edf7d381795da645ff0e5b9f5"
        },
        "branches": {
            "public": {
                "buildid": "14678332",
                "timeupdated": "1718112966"
            }
        }
    }
}