{
    "appid": "3001160",
    "type": "Game",
    "name": "真愿交错",
    "schinese_name": "",
    "isfreeapp": "0",
    "change_number": "27537802",
    "update_time": "2025-02-19 00:14:46",
    "depot": {
        "228988": {
            "config": {
                "oslist": "windows"
            },
            "depotfromapp": "228980",
            "sharedinstall": "1"
        },
        "3001161": {
            "manifests": {
                "public": {
                    "gid": "6284651551794278149",
                    "size": "1538018962",
                    "download": "1536246096"
                }
            },
            "decryptionkey": "4b60aed1d2b9c99ccbddf335a0296d99eee86147b3e80e85a43e700979f19690"
        },
        "branches": {
            "public": {
                "buildid": "14914711",
                "timeupdated": "1720856715"
            }
        }
    }
}