{
    "appid": "3211680",
    "type": "Game",
    "name": "Tobacco Shop Simulator",
    "schinese_name": "烟店模拟器",
    "isfreeapp": "0",
    "change_number": "28957793",
    "update_time": "2025-05-13 18:00:08",
    "depot": {
        "228988": {
            "config": {
                "oslist": "windows"
            },
            "depotfromapp": "228980",
            "sharedinstall": "1"
        },
        "228989": {
            "config": {
                "oslist": "windows"
            },
            "depotfromapp": "228980",
            "sharedinstall": "1"
        },
        "228990": {
            "config": {
                "oslist": "windows"
            },
            "depotfromapp": "228980",
            "sharedinstall": "1"
        },
        "3211681": {
            "manifests": {
                "public": {
                    "gid": "3815557227246100116",
                    "size": "1371883983",
                    "download": "1277939376"
                }
            },
            "decryptionkey": "aed98fb60883c779d208088e726974a236a005845a4d7f3b0bee908a0226ac1d"
        },
        "branches": {
            "public": {
                "buildid": "18374824",
                "timeupdated": "1746814366"
            }
        },
        "privatebranches": "1"
    }
}