{
    "appid": "3505700",
    "type": "Game",
    "name": "Lobotomy",
    "schinese_name": "",
    "isfreeapp": "0",
    "change_number": "29047034",
    "update_time": "2025-05-18 16:02:06",
    "depot": {
        "3505701": {
            "manifests": {
                "public": {
                    "gid": "9113087283811470359",
                    "size": "1771772645",
                    "download": "647129088"
                }
            },
            "decryptionkey": "572c2ee1aa84c75b8fca7243ce8791961ce01a594ebefe1c9a10f30be80e1551"
        },
        "branches": {
            "public": {
                "buildid": "18507495",
                "timeupdated": "1747555324"
            }
        }
    }
}