{
    "appid": "3478290",
    "type": "Game",
    "name": "Wasted",
    "schinese_name": "",
    "isfreeapp": "1",
    "change_number": "27513490",
    "update_time": "2025-02-17 18:25:41",
    "depot": {
        "228989": {
            "config": {
                "oslist": "windows"
            },
            "depotfromapp": "228980",
            "sharedinstall": "1"
        },
        "228990": {
            "config": {
                "oslist": "windows"
            },
            "depotfromapp": "228980",
            "sharedinstall": "1"
        },
        "229002": {
            "config": {
                "oslist": "windows"
            },
            "depotfromapp": "228980",
            "sharedinstall": "1"
        },
        "229003": {
            "config": {
                "oslist": "windows"
            },
            "depotfromapp": "228980",
            "sharedinstall": "1"
        },
        "3478291": {
            "manifests": {
                "public": {
                    "gid": "1459462383646007",
                    "size": "2859972147",
                    "download": "2707663744"
                }
            },
            "decryptionkey": "b07dcbd43f49d8030808231d6b5930d84e63d5b680b065ade061b15268c06a39"
        },
        "branches": {
            "public": {
                "buildid": "17063958",
                "timeupdated": "1737373190"
            }
        }
    }
}