{
    "appid": "3418940",
    "type": "Demo",
    "name": "Dolls Nest Demo",
    "schinese_name": "",
    "isfreeapp": "0",
    "change_number": "28736706",
    "update_time": "2025-04-30 06:19:16",
    "depot": {
        "228989": {
            "config": {
                "oslist": "windows"
            },
            "depotfromapp": "228980",
            "sharedinstall": "1"
        },
        "228990": {
            "config": {
                "oslist": "windows"
            },
            "depotfromapp": "228980",
            "sharedinstall": "1"
        },
        "3418941": {
            "manifests": {
                "public": {
                    "gid": "1345211454991061754",
                    "size": "6117508822",
                    "download": "6007974640"
                }
            },
            "decryptionkey": "fb590f14b08b706eddbf7561ed6a68871ac4bea251c873c49134c707b5edb116"
        },
        "baselanguages": "",
        "branches": {
            "public": {
                "buildid": "17452560",
                "timeupdated": "1740132107"
            }
        },
        "privatebranches": "1"
    }
}