{
    "appid": "3249940",
    "type": "Demo",
    "name": "Try to survive Today Demo",
    "schinese_name": "",
    "isfreeapp": "0",
    "change_number": "26964149",
    "update_time": "2025-01-13 03:08:41",
    "depot": {
        "228989": {
            "config": {
                "oslist": "windows"
            },
            "depotfromapp": "228980",
            "sharedinstall": "1"
        },
        "228990": {
            "config": {
                "oslist": "windows"
            },
            "depotfromapp": "228980",
            "sharedinstall": "1"
        },
        "3249941": {
            "config": {
                "oslist": "windows"
            },
            "manifests": {
                "public": {
                    "gid": "5867546563111632606",
                    "size": "6580584487",
                    "download": "6054926464"
                }
            },
            "decryptionkey": "736c73289e96877f17551a1b2a8d966857900721d7dcf91448f1f4b668868691"
        },
        "branches": {
            "public": {
                "buildid": "16253235",
                "timeupdated": "1730387128"
            }
        }
    }
}