{
    "appid": "3544970",
    "type": "Game",
    "name": "Obscured Stories: The Resentment",
    "schinese_name": "",
    "isfreeapp": "0",
    "change_number": "29036543",
    "update_time": "2025-05-17 12:13:58",
    "depot": {
        "3544971": {
            "manifests": {
                "public": {
                    "gid": "830413121848324372",
                    "size": "1405951456",
                    "download": "538831072"
                },
                "beta": {
                    "gid": "8215809839773246542",
                    "size": "1357032576",
                    "download": "511769856"
                }
            },
            "decryptionkey": "d72dc273fe4a6d5501c169fd1229dd780d69a3924d701174719bd9a44a6d3fad"
        },
        "branches": {
            "public": {
                "buildid": "18420526",
                "timeupdated": "1746975718"
            },
            "beta": {
                "buildid": "18250273",
                "description": "Tests",
                "timeupdated": "1745679404"
            }
        }
    }
}