{
    "appid": "2945480",
    "type": "DLC",
    "name": "RPG Maker MZ - SERIALGAMES Living Good City Tileset - 80's Scene SET",
    "schinese_name": "",
    "isfreeapp": "0",
    "change_number": "28163835",
    "update_time": "2025-03-27 14:03:34",
    "depot": {
        "2945480": {
            "manifests": {
                "public": {
                    "gid": "8277495375179083257",
                    "size": "42602389",
                    "download": "14528064"
                }
            },
            "dlcappid": "2945480",
            "decryptionkey": "1d8850cf1e9b22cb1487847b710f25a0882de99cf912026d8ee712803e97baeb"
        },
        "branches": {
            "public": {
                "buildid": "14154209",
                "timeupdated": "1713928089"
            }
        }
    }
}