{
    "appid": "2987590",
    "type": "DLC",
    "name": "卡库远古封印 - 首发特典",
    "schinese_name": "卡库远古封印 - 首发特典",
    "isfreeapp": "0",
    "change_number": "24330724",
    "update_time": "2024-07-16 02:47:07",
    "depot": {
        "2987590": {
            "config": {
                "oslist": "windows",
                "osarch": "64"
            },
            "manifests": {
                "public": {
                    "gid": "6731362843773639933",
                    "size": "18",
                    "download": "64"
                }
            },
            "dlcappid": "2987590",
            "decryptionkey": "2d772ceb4a91f072b19ea1ae0ea489020a0af6e6828cef0e68994db2cb714fb8"
        },
        "branches": {
            "public": {
                "buildid": "14372046",
                "timeupdated": "1715757176"
            }
        },
        "privatebranches": "1"
    }
}