{
    "appid": "3529070",
    "type": "DLC",
    "name": "Phantom Brave: The Lost Hero - Art Book",
    "schinese_name": "",
    "isfreeapp": "0",
    "change_number": "28653506",
    "update_time": "2025-04-25 05:34:23",
    "depot": {
        "3529070": {
            "manifests": {
                "public": {
                    "gid": "4349303088942931691",
                    "size": "70642305",
                    "download": "47312176"
                }
            },
            "dlcappid": "3529070",
            "decryptionkey": "b026350733364aae827ef7a7c5167c3ee7ee13282002f1996ed6bd765db6bc23"
        },
        "branches": {
            "public": {
                "buildid": "17859476",
                "timeupdated": "1742947108"
            }
        }
    }
}