{
    "appid": "3365640",
    "type": "Music",
    "name": "FINAL FANTASY VI PIXEL REMASTER Original Soundtrack",
    "schinese_name": "",
    "isfreeapp": "0",
    "change_number": "28883905",
    "update_time": "2025-05-08 22:30:46",
    "depot": {
        "3365641": {
            "manifests": {
                "public": {
                    "gid": "6143808103585842079",
                    "size": "671437384",
                    "download": "607179104"
                }
            },
            "decryptionkey": "07cd102ce6671f7b13c490a9d05da1b71b6cf3750d0f43ace5998b451105843b"
        },
        "branches": {
            "public": {
                "buildid": "16679630",
                "timeupdated": "1733743758"
            }
        }
    }
}