{
    "appid": "3432800",
    "type": "Game",
    "name": "Slingbot Survivors",
    "schinese_name": "",
    "isfreeapp": "0",
    "change_number": "28981100",
    "update_time": "2025-05-14 22:49:40",
    "depot": {
        "3432801": {
            "manifests": {
                "public": {
                    "gid": "3993855604989331066",
                    "size": "324553684",
                    "download": "62164080"
                }
            },
            "decryptionkey": "ab9839c4d84bad7afc18d3bb7b1945af2d5e058ac3d2f5751e2eb1f4d9eab70e"
        },
        "branches": {
            "public": {
                "buildid": "18419521",
                "timeupdated": "1746962294"
            }
        },
        "privatebranches": "1"
    }
}