{
    "appid": "3301340",
    "type": "Demo",
    "name": "Spray Paint Simulator Demo",
    "schinese_name": "",
    "isfreeapp": "0",
    "change_number": "27732184",
    "update_time": "2025-03-01 19:00:59",
    "depot": {
        "3301341": {
            "config": {
                "language": "english",
                "oslist": "windows",
                "osarch": "64"
            },
            "manifests": {
                "public": {
                    "gid": "7814591924801386116",
                    "size": "2272250036",
                    "download": "878326272"
                }
            },
            "decryptionkey": "18a76f9dfda9ec22c8a4c235a91252228be4131e8f7c51d1808302c4421cadfe"
        },
        "branches": {
            "public": {
                "buildid": "17503054",
                "timeupdated": "1740508669"
            }
        },
        "privatebranches": "1"
    }
}