{
    "appid": "3199990",
    "type": "DLC",
    "name": "The Sims™ 4 Restoration Workshop Kit",
    "schinese_name": "《The Sims™ 4 修复大师工作室》套件包",
    "isfreeapp": "0",
    "change_number": "28772181",
    "update_time": "2025-05-02 01:08:17",
    "depot": {
        "3199990": {
            "manifests": {
                "public": {
                    "gid": "4672711031966456433",
                    "size": "54972431",
                    "download": "52159488"
                }
            },
            "dlcappid": "3199990",
            "decryptionkey": "5d8a6186717dfee869c0378426af36d452bf35d0b20eb7715052e5dd406dcd35"
        },
        "3199991": {
            "config": {
                "language": "english"
            },
            "manifests": {
                "public": {
                    "gid": "6597300502045201481",
                    "size": "3567",
                    "download": "3216"
                }
            },
            "dlcappid": "3199990",
            "decryptionkey": ""
        },
        "3199992": {
            "config": {
                "language": "german"
            },
            "manifests": {
                "public": {
                    "gid": "8292659420001895215",
                    "size": "4058",
                    "download": "3680"
                }
            },
            "dlcappid": "3199990",
            "decryptionkey": ""
        },
        "3199993": {
            "config": {
                "language": "french"
            },
            "manifests": {
                "public": {
                    "gid": "6415468099870298285",
                    "size": "4036",
                    "download": "3696"
                }
            },
            "dlcappid": "3199990",
            "decryptionkey": ""
        },
        "3199994": {
            "config": {
                "language": "italian"
            },
            "manifests": {
                "public": {
                    "gid": "4150954632674970211",
                    "size": "3918",
                    "download": "3552"
                }
            },
            "dlcappid": "3199990",
            "decryptionkey": ""
        },
        "3199995": {
            "config": {
                "language": "koreana"
            },
            "manifests": {
                "public": {
                    "gid": "1810282793596940626",
                    "size": "3960",
                    "download": "3712"
                }
            },
            "dlcappid": "3199990",
            "decryptionkey": ""
        },
        "3199996": {
            "config": {
                "language": "spanish"
            },
            "manifests": {
                "public": {
                    "gid": "5429090302312385024",
                    "size": "3906",
                    "download": "3568"
                }
            },
            "dlcappid": "3199990",
            "decryptionkey": ""
        },
        "3199997": {
            "config": {
                "language": "schinese"
            },
            "manifests": {
                "public": {
                    "gid": "7518259471486878068",
                    "size": "3640",
                    "download": "3328"
                }
            },
            "dlcappid": "3199990",
            "decryptionkey": "8901e076b8d320b8c1deb1e1b6133ba92da3ad51e0efdfe8b3c59a10f1678377"
        },
        "3199998": {
            "config": {
                "language": "tchinese"
            },
            "manifests": {
                "public": {
                    "gid": "3874274224937346713",
                    "size": "3698",
                    "download": "3376"
                }
            },
            "dlcappid": "3199990",
            "decryptionkey": ""
        },
        "3199999": {
            "config": {
                "language": "russian"
            },
            "manifests": {
                "public": {
                    "gid": "1696451643327801175",
                    "size": "4355",
                    "download": "4048"
                }
            },
            "dlcappid": "3199990",
            "decryptionkey": ""
        },
        "3401250": {
            "config": {
                "language": "japanese"
            },
            "manifests": {
                "public": {
                    "gid": "1560556509354152206",
                    "size": "4119",
                    "download": "3840"
                }
            },
            "dlcappid": "3199990",
            "decryptionkey": ""
        },
        "3401251": {
            "config": {
                "language": "polish"
            },
            "manifests": {
                "public": {
                    "gid": "2354189150167346565",
                    "size": "4115",
                    "download": "3728"
                }
            },
            "dlcappid": "3199990",
            "decryptionkey": ""
        },
        "3401252": {
            "config": {
                "language": "danish"
            },
            "manifests": {
                "public": {
                    "gid": "5254496406330765622",
                    "size": "3844",
                    "download": "3504"
                }
            },
            "dlcappid": "3199990",
            "decryptionkey": ""
        },
        "3401253": {
            "config": {
                "language": "dutch"
            },
            "manifests": {
                "public": {
                    "gid": "4305659785787419943",
                    "size": "3718",
                    "download": "3376"
                }
            },
            "dlcappid": "3199990",
            "decryptionkey": ""
        },
        "3401254": {
            "config": {
                "language": "finnish"
            },
            "manifests": {
                "public": {
                    "gid": "7927983768517002700",
                    "size": "3537",
                    "download": "3200"
                }
            },
            "dlcappid": "3199990",
            "decryptionkey": ""
        },
        "3401255": {
            "config": {
                "language": "norwegian"
            },
            "manifests": {
                "public": {
                    "gid": "2540670175431716233",
                    "size": "3568",
                    "download": "3248"
                }
            },
            "dlcappid": "3199990",
            "decryptionkey": ""
        },
        "3401256": {
            "config": {
                "language": "swedish"
            },
            "manifests": {
                "public": {
                    "gid": "8804585148537896970",
                    "size": "3764",
                    "download": "3424"
                }
            },
            "dlcappid": "3199990",
            "decryptionkey": ""
        },
        "3401257": {
            "config": {
                "language": "czech"
            },
            "manifests": {
                "public": {
                    "gid": "5621314917195910508",
                    "size": "4493",
                    "download": "4064"
                }
            },
            "dlcappid": "3199990",
            "decryptionkey": ""
        },
        "3401258": {
            "config": {
                "language": "brazilian"
            },
            "manifests": {
                "public": {
                    "gid": "814512625678308366",
                    "size": "3710",
                    "download": "3392"
                }
            },
            "dlcappid": "3199990",
            "decryptionkey": ""
        },
        "branches": {
            "public": {
                "buildid": "18145188",
                "timeupdated": "1746118480"
            }
        },
        "privatebranches": "1"
    }
}