{
    "appid": "3135960",
    "type": "Demo",
    "name": "果宝跑酷: 挑战 Demo",
    "schinese_name": "果宝跑酷: 挑战 Demo",
    "isfreeapp": "0",
    "change_number": "27385823",
    "update_time": "2025-02-09 16:57:14",
    "depot": {
        "228989": {
            "config": {
                "oslist": "windows"
            },
            "depotfromapp": "228980",
            "sharedinstall": "1"
        },
        "228990": {
            "config": {
                "oslist": "windows"
            },
            "depotfromapp": "228980",
            "sharedinstall": "1"
        },
        "3135961": {
            "manifests": {
                "public": {
                    "gid": "995242269245519064",
                    "size": "447516276",
                    "download": "338858304"
                }
            },
            "decryptionkey": "9b11ebbf08538b05881c89c61a66b9a365b292237698c9438542fea9d58ffa79"
        },
        "branches": {
            "public": {
                "buildid": "16197715",
                "timeupdated": "1730039799"
            }
        }
    }
}