{
    "appid": "3148720",
    "type": "Demo",
    "name": "永无乡 Demo",
    "schinese_name": "",
    "isfreeapp": "0",
    "change_number": "26511283",
    "update_time": "2024-12-06 00:26:06",
    "depot": {
        "baselanguages": "schinese",
        "3148721": {
            "config": {
                "oslist": "windows",
                "osarch": "64"
            },
            "manifests": {
                "public": {
                    "gid": "1347265836755807339",
                    "size": "418756352",
                    "download": "115662384"
                }
            },
            "decryptionkey": "c16f7db3ee8659c1b17c344e40649ccfb46203a6244710004149cf0e07bc5d79"
        },
        "branches": {
            "public": {
                "buildid": "15597090",
                "timeupdated": "1725497345"
            }
        }
    }
}