{
    "appid": "3241770",
    "type": "Demo",
    "name": "Novice Dungeon Master Demo",
    "schinese_name": "",
    "isfreeapp": "0",
    "change_number": "26685919",
    "update_time": "2024-12-18 07:48:11",
    "depot": {
        "baselanguages": "english,koreana,schinese,japanese",
        "3241771": {
            "manifests": {
                "public": {
                    "gid": "7049158980773340517",
                    "size": "930193618",
                    "download": "85269312"
                }
            },
            "decryptionkey": "4d3bbc3a9d5c5936063f5a048352991a833cce77bd1d264de559add28f78b394"
        },
        "branches": {
            "public": {
                "buildid": "16407184",
                "timeupdated": "1731594100"
            }
        }
    }
}