{
    "appid": "3025850",
    "type": "Demo",
    "name": "SUPER ALICE DOLLS Demo",
    "schinese_name": "",
    "isfreeapp": "0",
    "change_number": "24679729",
    "update_time": "2024-08-07 13:34:20",
    "depot": {
        "baselanguages": "japanese",
        "3025851": {
            "config": {
                "oslist": "windows"
            },
            "manifests": {
                "public": {
                    "gid": "5214789087458580652",
                    "size": "134889014",
                    "download": "95528656"
                }
            },
            "decryptionkey": "83393513c064591ae39dc09072d3e29705a55ed76f37e3f5a170110e41127e04"
        },
        "branches": {
            "public": {
                "buildid": "15285993",
                "timeupdated": "1723008730"
            }
        }
    }
}