{
    "appid": "2981530",
    "type": "Game",
    "name": "索罗灵魂之戒—神界篇",
    "schinese_name": "",
    "isfreeapp": "0",
    "change_number": "28636868",
    "update_time": "2025-04-24 13:09:39",
    "depot": {
        "2981531": {
            "manifests": {
                "public": {
                    "gid": "8332871251675926089",
                    "size": "591237538",
                    "download": "444618880"
                }
            },
            "decryptionkey": "aeebb809d66af204db199636d7dce370436cacf73009ef67844b09e04d0b75a4"
        },
        "baselanguages": "english,schinese",
        "branches": {
            "public": {
                "buildid": "15113917",
                "timeupdated": "1721663575"
            }
        }
    }
}