{
    "appid": "3165350",
    "type": "Game",
    "name": "BECOME THE DEVIL",
    "schinese_name": "",
    "isfreeapp": "1",
    "change_number": "27442634",
    "update_time": "2025-02-13 00:16:35",
    "depot": {
        "228989": {
            "config": {
                "oslist": "windows"
            },
            "depotfromapp": "228980",
            "sharedinstall": "1"
        },
        "228990": {
            "config": {
                "oslist": "windows"
            },
            "depotfromapp": "228980",
            "sharedinstall": "1"
        },
        "3165351": {
            "manifests": {
                "public": {
                    "gid": "1811873747773710337",
                    "size": "4141840200",
                    "download": "3846194992"
                }
            },
            "decryptionkey": "e14154530888d548bd281f32e553d45a9bd39bce2e2d7d876fa1f1e81815f3fd"
        },
        "baselanguages": "english,thai",
        "branches": {
            "public": {
                "buildid": "17219978",
                "timeupdated": "1738555640"
            }
        },
        "privatebranches": "1"
    }
}