{
    "appid": "3024680",
    "type": "Demo",
    "name": "Skyward Extraction Demo",
    "schinese_name": "",
    "isfreeapp": "0",
    "change_number": "25375726",
    "update_time": "2024-09-25 04:45:38",
    "depot": {
        "228989": {
            "config": {
                "oslist": "windows"
            },
            "depotfromapp": "228980",
            "sharedinstall": "1"
        },
        "228990": {
            "config": {
                "oslist": "windows"
            },
            "depotfromapp": "228980",
            "sharedinstall": "1"
        },
        "3024681": {
            "manifests": {
                "public": {
                    "gid": "7465595694919295294",
                    "size": "759198093",
                    "download": "589021232"
                }
            },
            "decryptionkey": "ce29ebc3a03192b7a8d148973043a53ee290665537772340849b7b59cd08c927"
        },
        "branches": {
            "public": {
                "buildid": "14761408",
                "timeupdated": "1718754535"
            }
        }
    }
}