{
    "appid": "3097930",
    "type": "Game",
    "name": "Ghost Story",
    "schinese_name": "",
    "isfreeapp": "0",
    "change_number": "26253459",
    "update_time": "2024-11-21 01:02:21",
    "depot": {
        "3097931": {
            "manifests": {
                "public": {
                    "gid": "169501316984133791",
                    "size": "171247247",
                    "download": "43830048"
                }
            },
            "decryptionkey": "e6cef6fa3e9ea119c6be4b9da1144c557296512cd738b49d125e3e596abc6cf1"
        },
        "branches": {
            "public": {
                "buildid": "14963769",
                "timeupdated": "1720436717"
            }
        }
    },
    "access_token": 16708804662196003386
}