{
    "appid": "3317420",
    "type": "Game",
    "name": "Resilient",
    "schinese_name": "",
    "isfreeapp": "0",
    "change_number": "29016621",
    "update_time": "2025-05-16 12:36:44",
    "depot": {
        "3317421": {
            "manifests": {
                "public": {
                    "gid": "8475487284127356485",
                    "size": "63113617",
                    "download": "22318432"
                }
            },
            "decryptionkey": "7500875f45c7b4608e78182e555b36c2173727d09c3885502ca8c3a83c741d27"
        },
        "branches": {
            "public": {
                "buildid": "16189259",
                "timeupdated": "1729920568"
            }
        }
    },
    "access_token": 17545901597568383690
}