{
    "appid": "3259040",
    "type": "Game",
    "name": "Office Affairs : Executive Decisions",
    "schinese_name": "",
    "isfreeapp": "0",
    "change_number": "29024860",
    "update_time": "2025-05-16 21:17:40",
    "depot": {
        "3259041": {
            "manifests": {
                "public": {
                    "gid": "1952200719250820246",
                    "size": "8711134644",
                    "download": "3369448992"
                }
            },
            "decryptionkey": "d32191c7a911000adc85051b2a5677a34b70c12f34648b113fdcc7e318dc9c0c"
        },
        "3259042": {
            "config": {
                "oslist": "macos",
                "osarch": "64"
            },
            "manifests": {
                "public": {
                    "gid": "7027918540766109641",
                    "size": "8694894001",
                    "download": "3367361440"
                }
            }
        },
        "branches": {
            "public": {
                "buildid": "18076099",
                "timeupdated": "1744394804"
            }
        }
    }
}