{
    "appid": "3159680",
    "type": "Game",
    "name": "Hentai USSR",
    "schinese_name": "",
    "isfreeapp": "0",
    "change_number": "27493081",
    "update_time": "2025-02-15 18:15:09",
    "depot": {
        "3159681": {
            "manifests": {
                "public": {
                    "gid": "1555328260116280273",
                    "size": "1539631793",
                    "download": "516000832"
                }
            },
            "decryptionkey": "5b31fd1da72f8ff7ee29f9c9f2cb4bd78240b89f38f23d2ea307840c030d92f9"
        },
        "branches": {
            "public": {
                "buildid": "16673857",
                "timeupdated": "1733686676"
            }
        }
    }
}