{
    "appid": "3085770",
    "type": "Game",
    "name": "Cat On My Desktop",
    "schinese_name": "桌面猫猫",
    "isfreeapp": "0",
    "change_number": "28215990",
    "update_time": "2025-03-30 23:55:10",
    "depot": {
        "baselanguages": "english,german,french,spanish,schinese,russian,japanese,latam",
        "3085771": {
            "config": {
                "oslist": "windows"
            },
            "manifests": {
                "public": {
                    "gid": "1627100580076531141",
                    "size": "161275251",
                    "download": "41802224"
                }
            },
            "decryptionkey": "6278e42ea5727ecf4f4981a734c8a22d8258c6cadc469270b0ac3e8bcfe43526"
        },
        "branches": {
            "public": {
                "buildid": "17588958",
                "timeupdated": "1741092207"
            }
        },
        "privatebranches": "1"
    }
}