{
    "appid": "3334280",
    "type": "Game",
    "name": "SpyFall",
    "schinese_name": "",
    "isfreeapp": "0",
    "change_number": "29044412",
    "update_time": "2025-05-18 07:11:31",
    "depot": {
        "228989": {
            "config": {
                "oslist": "windows"
            },
            "depotfromapp": "228980",
            "sharedinstall": "1"
        },
        "228990": {
            "config": {
                "oslist": "windows"
            },
            "depotfromapp": "228980",
            "sharedinstall": "1"
        },
        "3334281": {
            "config": {
                "language": "english",
                "oslist": "windows",
                "osarch": "64"
            },
            "manifests": {
                "public": {
                    "gid": "4567835572986116919",
                    "size": "3350759097",
                    "download": "2798632560"
                }
            },
            "decryptionkey": "f132b1f8155d5142408ea46e8fc8b8fd5b49640e52382699db21a7a9cce85178"
        },
        "branches": {
            "public": {
                "buildid": "18258505",
                "timeupdated": "1745790900"
            }
        },
        "privatebranches": "1"
    }
}