{
    "appid": "3120370",
    "type": "Game",
    "name": "Click on clocks together",
    "schinese_name": "",
    "isfreeapp": "0",
    "change_number": "24817156",
    "update_time": "2024-08-16 21:01:13",
    "depot": {
        "3120371": {
            "manifests": {
                "public": {
                    "gid": "2344790802299448395",
                    "size": "29896895",
                    "download": "22911744"
                }
            },
            "decryptionkey": "6558fc0c224fe00275c4b1f5a517164ecfdc461d3cc293727468a38d33c57400"
        },
        "branches": {
            "public": {
                "buildid": "15386594",
                "timeupdated": "1723754451"
            }
        }
    }
}