{
    "appid": "3527610",
    "type": "Game",
    "name": "Money Theft",
    "schinese_name": "",
    "isfreeapp": "0",
    "change_number": "29037646",
    "update_time": "2025-05-17 15:15:19",
    "depot": {
        "228989": {
            "config": {
                "oslist": "windows"
            },
            "depotfromapp": "228980",
            "sharedinstall": "1"
        },
        "228990": {
            "config": {
                "oslist": "windows"
            },
            "depotfromapp": "228980",
            "sharedinstall": "1"
        },
        "229000": {
            "config": {
                "oslist": "windows"
            },
            "depotfromapp": "228980",
            "sharedinstall": "1"
        },
        "3527611": {
            "manifests": {
                "public": {
                    "gid": "6828020979955002533",
                    "size": "20025166465",
                    "download": "18565985808"
                }
            },
            "decryptionkey": "a5d1a06ef764858f647760d3e4b8717b0c2b611bc55f5d5e6da971818123ff3e"
        },
        "branches": {
            "public": {
                "buildid": "17549495",
                "timeupdated": "1740759828"
            }
        }
    }
}