{
    "appid": "3345620",
    "type": "Game",
    "name": "Adventure With Succubus",
    "schinese_name": "从魅魔开始的异世界冒险",
    "isfreeapp": "0",
    "change_number": "28292646",
    "update_time": "2025-04-04 00:10:30",
    "depot": {
        "baselanguages": "english,schinese,tchinese,japanese",
        "3345621": {
            "config": {
                "oslist": "windows",
                "osarch": "64"
            },
            "manifests": {
                "public": {
                    "gid": "8593069641874168978",
                    "size": "1988886524",
                    "download": "522559712"
                }
            },
            "decryptionkey": "149acd67c537ff568756a08591ef2cd334c51d83e269bee597ba938e532d6aa7"
        },
        "branches": {
            "public": {
                "buildid": "17197213",
                "timeupdated": "1738319240"
            }
        }
    }
}