{
    "appid": "3039770",
    "type": "Demo",
    "name": "小角色 Demo",
    "schinese_name": "",
    "isfreeapp": "0",
    "change_number": "24236127",
    "update_time": "2024-07-16 02:47:09",
    "depot": {
        "baselanguages": "schinese",
        "3039771": {
            "config": {
                "language": "schinese",
                "oslist": "windows",
                "osarch": "64"
            },
            "manifests": {
                "public": {
                    "gid": "1349349673567558496",
                    "size": "87744080",
                    "download": "32442560"
                }
            },
            "decryptionkey": "1a21ffba4d42fe0d96e98abe8b431a4286fa7d1ebb124957c2279bf2b1e50421"
        },
        "branches": {
            "public": {
                "buildid": "14930851",
                "timeupdated": "1720093467"
            }
        }
    }
}