{
    "appid": "3341040",
    "type": "Beta",
    "name": "Band of Crusaders Playtest",
    "schinese_name": "",
    "isfreeapp": "0",
    "change_number": "26817542",
    "update_time": "2024-12-30 21:49:40",
    "depot": {
        "228989": {
            "config": {
                "oslist": "windows"
            },
            "depotfromapp": "228980",
            "sharedinstall": "1"
        },
        "228990": {
            "config": {
                "oslist": "windows"
            },
            "depotfromapp": "228980",
            "sharedinstall": "1"
        },
        "3341041": {
            "manifests": {
                "public": {
                    "gid": "6169130897189348520",
                    "size": "5186724720",
                    "download": "3609500144"
                }
            },
            "decryptionkey": "f23a99e7b5967d4b693b2032a43bde96b498b5d0010e6bf47c1d1d7d90d92f76"
        },
        "branches": {
            "public": {
                "buildid": "16875494",
                "timeupdated": "1735566576"
            }
        }
    }
}