{
    "appid": "3272640",
    "type": "Demo",
    "name": "Castle Doombad Classic Demo",
    "schinese_name": "",
    "isfreeapp": "0",
    "change_number": "26616327",
    "update_time": "2024-12-13 02:00:58",
    "depot": {
        "3272641": {},
        "3272642": {
            "config": {
                "oslist": "windows"
            },
            "manifests": {
                "public": {
                    "gid": "3065298510611884781",
                    "size": "446597644",
                    "download": "122504288"
                }
            },
            "decryptionkey": "a0930c0ddbb5d791aa39e81a7148f46e464188bc3a43c9456e275bf98e3a324d"
        },
        "3272643": {
            "config": {
                "oslist": "macos"
            },
            "manifests": {
                "public": {
                    "gid": "4970129047048290836",
                    "size": "471093849",
                    "download": "129757200"
                }
            },
            "decryptionkey": ""
        },
        "branches": {
            "public": {
                "buildid": "16089176",
                "timeupdated": "1729214664"
            }
        },
        "privatebranches": "1"
    }
}