{
    "appid": "3440120",
    "type": "Game",
    "name": "Knights of the Crusades",
    "schinese_name": "",
    "isfreeapp": "0",
    "change_number": "29042053",
    "update_time": "2025-05-18 01:13:28",
    "depot": {
        "3440121": {
            "manifests": {
                "public": {
                    "gid": "663738841196305800",
                    "size": "6570563528",
                    "download": "1883479072"
                }
            },
            "decryptionkey": "7cc70acfc194ddb82e09fada54622a1eaa87031c9f147117a616a8cc2d727988"
        },
        "branches": {
            "public": {
                "buildid": "18460052",
                "timeupdated": "1747226468"
            }
        },
        "privatebranches": "1"
    }
}