{
    "appid": "3179470",
    "type": "Demo",
    "name": "Mars Mirage Demo",
    "schinese_name": "",
    "isfreeapp": "0",
    "change_number": "26071604",
    "update_time": "2024-11-06 20:52:23",
    "depot": {
        "228989": {
            "config": {
                "oslist": "windows"
            },
            "depotfromapp": "228980",
            "sharedinstall": "1"
        },
        "228990": {
            "config": {
                "oslist": "windows"
            },
            "depotfromapp": "228980",
            "sharedinstall": "1"
        },
        "3179471": {
            "manifests": {
                "public": {
                    "gid": "4281919156115873846",
                    "size": "1408331848",
                    "download": "1235947824"
                }
            },
            "decryptionkey": "887cf04ff49a9cc8aeae8f4cb0e68302bdc56715d47f076cd092ef1baff3314f"
        },
        "branches": {
            "public": {
                "buildid": "16108136",
                "timeupdated": "1729354841"
            }
        }
    }
}