{
    "appid": "3550260",
    "type": "Game",
    "name": "双雄风流传（Romantic Emperor）",
    "schinese_name": "",
    "isfreeapp": "0",
    "change_number": "28874324",
    "update_time": "2025-05-08 11:34:18",
    "depot": {
        "3550261": {
            "manifests": {
                "public": {
                    "gid": "2364193734218621568",
                    "size": "2005490407",
                    "download": "478732912"
                },
                "test": {
                    "gid": "1184343569156463849",
                    "size": "2005490745",
                    "download": "478733184"
                }
            },
            "decryptionkey": "d589ee7b53e966d702f9e70c1cc3e2e872c131a1010e751ed2c44c71c354b015"
        },
        "branches": {
            "public": {
                "buildid": "18288818",
                "timeupdated": "1745978971"
            },
            "test": {
                "buildid": "18383453",
                "description": "测试分支",
                "timeupdated": "1746675252"
            }
        }
    }
}