{
    "appid": "3062850",
    "type": "DLC",
    "name": "RPG Maker MZ - More Trees",
    "schinese_name": "",
    "isfreeapp": "0",
    "change_number": "24325813",
    "update_time": "2024-07-16 02:47:10",
    "depot": {
        "3062850": {
            "manifests": {
                "public": {
                    "gid": "8889276513835438175",
                    "size": "56237601",
                    "download": "38685248"
                }
            },
            "dlcappid": "3062850",
            "decryptionkey": "833a3d44c88cd919ba67bfac4ed9173128a43b3368187437fb0097fcda5573c0"
        },
        "branches": {
            "public": {
                "buildid": "14958269",
                "timeupdated": "1720376477"
            }
        }
    }
}