{
    "appid": "3132250",
    "type": "Game",
    "name": "Heian City Story",
    "schinese_name": "平安古都物语 (Heian City Story)",
    "isfreeapp": "0",
    "change_number": "29016278",
    "update_time": "2025-05-16 12:00:46",
    "depot": {
        "3132251": {
            "config": {
                "oslist": "windows"
            },
            "manifests": {
                "public": {
                    "gid": "3067289703960796856",
                    "size": "91940422",
                    "download": "39322160"
                }
            },
            "decryptionkey": "8c21599629aaea7b453ca44058a3578c32b4a666572836870420d58801299230"
        },
        "baselanguages": "",
        "branches": {
            "public": {
                "buildid": "17235245",
                "timeupdated": "1738659555"
            }
        },
        "privatebranches": "1"
    }
}