{
    "appid": "2981780",
    "type": "Demo",
    "name": "病娇X契约 Demo",
    "schinese_name": "",
    "isfreeapp": "0",
    "change_number": "23974799",
    "update_time": "2024-07-16 02:47:06",
    "depot": {
        "baselanguages": "english,schinese",
        "hasdepotsindlc": "1",
        "2981781": {
            "config": {
                "oslist": "windows"
            },
            "manifests": {
                "public": {
                    "gid": "6302939940573758533",
                    "size": "562725061",
                    "download": "427625024"
                }
            },
            "decryptionkey": "c781e6fdc848527d39cb39df36b671f50f3660bf89164e0d3ec50d2dc64c21e0"
        },
        "branches": {
            "public": {
                "buildid": "14720312",
                "timeupdated": "1718377124"
            }
        }
    }
}