{
    "appid": "3274520",
    "type": "Demo",
    "name": "Twilight Tails Demo",
    "schinese_name": "",
    "isfreeapp": "0",
    "change_number": "27332901",
    "update_time": "2025-02-06 04:26:51",
    "depot": {
        "3274521": {
            "config": {
                "oslist": "windows"
            },
            "manifests": {
                "public": {
                    "gid": "5015992329351169803",
                    "size": "1843590729",
                    "download": "657344832"
                }
            },
            "decryptionkey": "a353148cf8c6edec6f44a0b6999f896f38bc8aadec0ebf27264ebc8c355f8b80"
        },
        "baselanguages": "english",
        "branches": {
            "public": {
                "buildid": "16787386",
                "timeupdated": "1734528973"
            }
        }
    }
}