{
    "appid": "3013550",
    "type": "Game",
    "name": "Yu-Gi-Oh! EARLY DAYS COLLECTION",
    "schinese_name": "游戏王",
    "isfreeapp": "0",
    "change_number": "29015780",
    "update_time": "2025-05-16 11:12:44",
    "depot": {
        "228989": {
            "config": {
                "oslist": "windows"
            },
            "depotfromapp": "228980",
            "sharedinstall": "1"
        },
        "3013551": {
            "manifests": {
                "public": {
                    "gid": "382349740565759619",
                    "size": "5017393012",
                    "download": "5083704320"
                }
            },
            "decryptionkey": "3a90e491ecf2657c715ce3b366ea99455134e5fb02e320feb2040af8b82b327e"
        },
        "baselanguages": "english,german,french,italian,spanish,japanese",
        "branches": {
            "public": {
                "buildid": "16805876",
                "timeupdated": "1734640883"
            }
        },
        "privatebranches": "1"
    }
}