{
    "appid": "3293970",
    "type": "Game",
    "name": "Hidden Cats - Spring Festival",
    "schinese_name": "",
    "isfreeapp": "0",
    "change_number": "28746331",
    "update_time": "2025-04-30 18:15:10",
    "depot": {
        "baselanguages": "english,german,french,koreana,spanish,schinese,russian,japanese,portuguese",
        "3293971": {
            "manifests": {
                "public": {
                    "gid": "2354965368935061037",
                    "size": "213940489",
                    "download": "117408704"
                }
            },
            "decryptionkey": "67df347ee80a7fa49cbe0358e2d2281ade8faac144237bb45c3fd25bd7f0a109"
        },
        "3293972": {
            "config": {
                "language": "german"
            },
            "manifests": {
                "public": {
                    "gid": "882546241281953975",
                    "size": "892",
                    "download": "528"
                }
            },
            "decryptionkey": ""
        },
        "3293973": {
            "config": {
                "language": "french"
            },
            "manifests": {
                "public": {
                    "gid": "5185987017147989673",
                    "size": "892",
                    "download": "528"
                }
            },
            "decryptionkey": "15ceb321310984190e59cb2e9a1f53198930f8359e678f9fe39c6520153c8014"
        },
        "3293974": {
            "config": {
                "language": "russian"
            },
            "manifests": {
                "public": {
                    "gid": "4628642209110665074",
                    "size": "892",
                    "download": "528"
                }
            },
            "decryptionkey": "e9b51072de47bd8a4191721ba1af5e52b15d0249d9a8864980180815e40049ae"
        },
        "3293975": {
            "config": {
                "language": "spanish"
            },
            "manifests": {
                "public": {
                    "gid": "3450123326990405586",
                    "size": "890",
                    "download": "528"
                }
            },
            "decryptionkey": ""
        },
        "3293976": {
            "config": {
                "language": "japanese"
            },
            "manifests": {
                "public": {
                    "gid": "5820312865128236124",
                    "size": "896",
                    "download": "528"
                }
            },
            "decryptionkey": ""
        },
        "3293977": {
            "config": {
                "language": "koreana"
            },
            "manifests": {
                "public": {
                    "gid": "4286284826405952914",
                    "size": "894",
                    "download": "528"
                }
            },
            "decryptionkey": ""
        },
        "3293978": {
            "config": {
                "language": "schinese"
            },
            "manifests": {
                "public": {
                    "gid": "6171427658706992389",
                    "size": "890",
                    "download": "528"
                }
            },
            "decryptionkey": ""
        },
        "3293979": {
            "config": {
                "language": "portuguese"
            },
            "manifests": {
                "public": {
                    "gid": "5084935981118166049",
                    "size": "894",
                    "download": "528"
                }
            },
            "decryptionkey": ""
        },
        "branches": {
            "public": {
                "buildid": "16572614",
                "timeupdated": "1732838807"
            }
        }
    }
}