{
    "appid": "3387230",
    "type": "Game",
    "name": "MyPawnShop",
    "schinese_name": "",
    "isfreeapp": "0",
    "change_number": "28979118",
    "update_time": "2025-05-14 22:45:52",
    "depot": {
        "228989": {
            "config": {
                "oslist": "windows"
            },
            "depotfromapp": "228980",
            "sharedinstall": "1"
        },
        "228990": {
            "config": {
                "oslist": "windows"
            },
            "depotfromapp": "228980",
            "sharedinstall": "1"
        },
        "3387231": {
            "manifests": {
                "public": {
                    "gid": "8454378248884116796",
                    "size": "7593407770",
                    "download": "7156011568"
                }
            },
            "decryptionkey": "f5ce838deb061eda3627d796f26c5ed03e7a8dca0b821865eb51006c55e29321"
        },
        "branches": {
            "public": {
                "buildid": "18458829",
                "timeupdated": "1747220161"
            }
        }
    }
}