{
    "appid": "3332640",
    "type": "Game",
    "name": "女神氪金系统",
    "schinese_name": "",
    "isfreeapp": "0",
    "change_number": "29013895",
    "update_time": "2025-05-16 08:21:35",
    "depot": {
        "3332641": {
            "manifests": {
                "public": {
                    "gid": "5494134631094024176",
                    "size": "12319540554",
                    "download": "12273840080"
                }
            },
            "decryptionkey": "dc006eca05d8fe204ea017d8eb1aa782e7ba24c6493f2051557211458e82a016"
        },
        "branches": {
            "public": {
                "buildid": "18255642",
                "timeupdated": "1745768248"
            }
        },
        "privatebranches": "1"
    }
}