{
    "appid": "3242070",
    "type": "Demo",
    "name": "7 Nights Keeper Demo",
    "schinese_name": "",
    "isfreeapp": "0",
    "change_number": "26129767",
    "update_time": "2024-11-10 23:35:03",
    "depot": {
        "3242071": {
            "manifests": {
                "public": {
                    "gid": "2812883699882708615",
                    "size": "397073964",
                    "download": "148145280"
                }
            },
            "decryptionkey": "6ef79bc6d88ead1bd775f8757829a030a5307ab350e36b5bc3e7dbc261460a84"
        },
        "branches": {
            "public": {
                "buildid": "15836358",
                "timeupdated": "1727352636"
            }
        }
    }
}