{
    "appid": "3007760",
    "type": "DLC",
    "name": "Innocent Grape - Animations & Wallpapers",
    "schinese_name": "",
    "isfreeapp": "0",
    "change_number": "25090913",
    "update_time": "2024-09-05 19:58:56",
    "depot": {
        "3007760": {
            "manifests": {
                "public": {
                    "gid": "3014909838722683248",
                    "size": "2185340275",
                    "download": "1728018976"
                }
            },
            "dlcappid": "3007760",
            "decryptionkey": "bbfe96c3d73802644d2d8298b7ad91a08e056a0f3282eed0b721796b9b95dc4d"
        },
        "branches": {
            "public": {
                "buildid": "14786049",
                "timeupdated": "1718914219"
            }
        }
    }
}