{
    "appid": "3122350",
    "type": "Demo",
    "name": "史莱姆的抉择：The Slime's Choice：TSC Demo",
    "schinese_name": "",
    "isfreeapp": "0",
    "change_number": "25959487",
    "update_time": "2024-10-30 06:22:29",
    "depot": {
        "228989": {
            "config": {
                "oslist": "windows"
            },
            "depotfromapp": "228980",
            "sharedinstall": "1"
        },
        "228990": {
            "config": {
                "oslist": "windows"
            },
            "depotfromapp": "228980",
            "sharedinstall": "1"
        },
        "3122351": {
            "config": {
                "oslist": "windows",
                "osarch": "64"
            },
            "manifests": {
                "public": {
                    "gid": "4463119673142699584",
                    "size": "5345892004",
                    "download": "4788658000"
                }
            },
            "decryptionkey": "5c35ee2cf4d4dac54a3a3c14956417fca4345fc4898c9ef00c1d4ca0b7f39124"
        },
        "baselanguages": "english,schinese",
        "branches": {
            "public": {
                "buildid": "15274233",
                "timeupdated": "1722933892"
            }
        }
    }
}