{
    "appid": "3138500",
    "type": "Game",
    "name": "The Simp - 舔狗",
    "schinese_name": "",
    "isfreeapp": "0",
    "change_number": "28495752",
    "update_time": "2025-04-16 05:25:04",
    "depot": {
        "228989": {
            "config": {
                "oslist": "windows"
            },
            "depotfromapp": "228980",
            "sharedinstall": "1"
        },
        "228990": {
            "config": {
                "oslist": "windows"
            },
            "depotfromapp": "228980",
            "sharedinstall": "1"
        },
        "baselanguages": "english,schinese",
        "3138501": {
            "config": {
                "oslist": "windows",
                "osarch": "64"
            },
            "manifests": {
                "public": {
                    "gid": "1312831101665416470",
                    "size": "2821061785",
                    "download": "2560673392"
                }
            },
            "decryptionkey": "094240c1df1a7ff2da3357699cc92f7ef3613ac5f7ca417f0a24b0fe754c4066"
        },
        "branches": {
            "public": {
                "buildid": "15630588",
                "timeupdated": "1725803457"
            }
        }
    }
}