{
    "appid": "3028630",
    "type": "Beta",
    "name": "Cat Guardian Playtest",
    "schinese_name": "卡牌猫守卫战（测试版）",
    "isfreeapp": "0",
    "change_number": "26909656",
    "update_time": "2025-01-08 23:13:41",
    "depot": {
        "228988": {
            "config": {
                "oslist": "windows"
            },
            "depotfromapp": "228980",
            "sharedinstall": "1"
        },
        "228989": {
            "config": {
                "oslist": "windows"
            },
            "depotfromapp": "228980",
            "sharedinstall": "1"
        },
        "228990": {
            "config": {
                "oslist": "windows"
            },
            "depotfromapp": "228980",
            "sharedinstall": "1"
        },
        "3028631": {
            "manifests": {
                "public": {
                    "gid": "7379732352951565938",
                    "size": "422630524",
                    "download": "301469344"
                }
            },
            "decryptionkey": "2f82863422c7624dcbc186eaf724e1d009f01d0e620b45fd3a0611e86111caf9"
        },
        "baselanguages": "english,schinese",
        "hasdepotsindlc": "1",
        "branches": {
            "public": {
                "buildid": "16744766",
                "timeupdated": "1734169687"
            }
        },
        "privatebranches": "1"
    }
}