{
    "appid": "3047240",
    "type": "Demo",
    "name": "Jotunnslayer: Hordes of Hel Demo",
    "schinese_name": "巨人杀手：暗黑之潮 试玩版",
    "isfreeapp": "0",
    "change_number": "27399067",
    "update_time": "2025-02-10 19:13:26",
    "depot": {
        "baselanguages": "english,german,french,italian,koreana,spanish,schinese,tchinese,japanese,brazilian",
        "3047241": {
            "manifests": {
                "public": {
                    "gid": "1451739299598577936",
                    "size": "11021144320",
                    "download": "3721250416"
                }
            },
            "decryptionkey": "cb3bad4efd305f7a381a3d70d9d6a75e8205a83df7d09887f3f96dab7c1826cf"
        },
        "branches": {
            "public": {
                "buildid": "17282262",
                "timeupdated": "1739186001"
            }
        }
    }
}