{
    "appid": "2989520",
    "type": "Demo",
    "name": "My Wet Leto Comic-A Day of Green Demo",
    "schinese_name": "我的勒托物语——格林的一天 Demo",
    "isfreeapp": "0",
    "change_number": "26063137",
    "update_time": "2024-11-06 07:25:24",
    "depot": {
        "baselanguages": "english",
        "2989521": {
            "config": {
                "oslist": "windows"
            },
            "manifests": {
                "public": {
                    "gid": "6858295440429489966",
                    "size": "584515608",
                    "download": "343579872"
                }
            },
            "decryptionkey": "c9e2014153b91656a8d213f20fb94bccdaab00bd6b8f91c5a8d31991aa3ec69c"
        },
        "branches": {
            "public": {
                "buildid": "14410591",
                "timeupdated": "1715999478"
            }
        }
    }
}