{
    "appid": "2994260",
    "type": "Game",
    "name": "The Assistant Season 2",
    "schinese_name": "",
    "isfreeapp": "0",
    "change_number": "29015726",
    "update_time": "2025-05-16 11:06:50",
    "depot": {
        "2994261": {
            "config": {
                "oslist": "windows"
            },
            "manifests": {
                "public": {
                    "gid": "2700492749881023850",
                    "size": "3523700220",
                    "download": "3460484752"
                }
            },
            "decryptionkey": "57d6ee75cdd996bf4ce549b40bcb64948ac430f38d1a3f4c2ec9bd751c8d06b9"
        },
        "2994262": {
            "config": {
                "oslist": "macos"
            },
            "manifests": {
                "public": {
                    "gid": "4364457479843565674",
                    "size": "3511344577",
                    "download": "3455661648"
                }
            }
        },
        "branches": {
            "public": {
                "buildid": "15487431",
                "timeupdated": "1724616166"
            }
        }
    }
}