{
    "appid": "3329420",
    "type": "Game",
    "name": "Waifu App: 90 Days to Escape a Lonely Fate",
    "schinese_name": "福利姬APP",
    "isfreeapp": "0",
    "change_number": "29042527",
    "update_time": "2025-05-18 02:15:53",
    "depot": {
        "3329421": {
            "manifests": {
                "public": {
                    "gid": "5000956770063759642",
                    "size": "697849085",
                    "download": "467674880"
                }
            },
            "decryptionkey": "7e41e1035e2d893eb63df018d379377d17f8c02ece06629246e5f2a3e427ebc0"
        },
        "3329422": {
            "config": {
                "language": "schinese"
            },
            "manifests": {
                "public": {
                    "gid": "2377223205544175759",
                    "size": "434149380",
                    "download": "394018080"
                }
            },
            "decryptionkey": "5627ea67945fd966292aeaf6d71dd97c48651654cc0fddda16875f49e7d0637d"
        },
        "3329423": {
            "config": {
                "language": "japanese"
            },
            "manifests": {
                "public": {
                    "gid": "9029833550970141171",
                    "size": "401957595",
                    "download": "382803344"
                }
            },
            "decryptionkey": ""
        },
        "branches": {
            "public": {
                "buildid": "17930879",
                "timeupdated": "1743458092"
            }
        }
    }
}