{
    "appid": "3465680",
    "type": "Game",
    "name": "Sex Note",
    "schinese_name": "性爱笔记",
    "isfreeapp": "0",
    "change_number": "28895831",
    "update_time": "2025-05-09 14:06:25",
    "depot": {
        "3465681": {
            "manifests": {
                "public": {
                    "gid": "8095090117177456458",
                    "size": "1383534670",
                    "download": "603901456"
                }
            },
            "decryptionkey": "2d9b089d70c780c18405fad119c198bb32330e7c3629753aea8e902b058c3a96"
        },
        "branches": {
            "public": {
                "buildid": "18058650",
                "timeupdated": "1744299088"
            }
        }
    }
}