{
    "appid": "3059100",
    "type": "Demo",
    "name": "Forgotten house Demo",
    "schinese_name": "",
    "isfreeapp": "0",
    "change_number": "25695937",
    "update_time": "2024-10-14 02:35:04",
    "depot": {
        "3059101": {
            "config": {
                "language": "english",
                "oslist": "windows",
                "osarch": "64"
            },
            "manifests": {
                "public": {
                    "gid": "4336501337505205653",
                    "size": "339948492",
                    "download": "127438608"
                }
            },
            "decryptionkey": "a42804c5c5c03f6d9961f5169132d547df84c300aded768122a14eccb725b416"
        },
        "3059102": {
            "config": {
                "language": "english",
                "oslist": "windows",
                "osarch": "32"
            },
            "manifests": {
                "public": {
                    "gid": "4654940548960824565",
                    "size": "296066721",
                    "download": "119525040"
                }
            },
            "decryptionkey": ""
        },
        "branches": {
            "public": {
                "buildid": "16028170",
                "timeupdated": "1728844500"
            }
        }
    }
}