{
    "appid": "3253690",
    "type": "Game",
    "name": "Castle of Shikigami 3",
    "schinese_name": "",
    "isfreeapp": "0",
    "change_number": "29016528",
    "update_time": "2025-05-16 12:24:51",
    "depot": {
        "228990": {
            "config": {
                "oslist": "windows"
            },
            "depotfromapp": "228980",
            "sharedinstall": "1"
        },
        "baselanguages": "english,japanese",
        "3253691": {
            "manifests": {
                "public": {
                    "gid": "7952871595294486060",
                    "size": "539374512",
                    "download": "468239680"
                }
            },
            "decryptionkey": "6b47a121b2e47b13fec204501a1cdabac1c6d3e03fac38ce702dfdac868e6a56"
        },
        "branches": {
            "public": {
                "buildid": "17586011",
                "timeupdated": "1741078949"
            }
        },
        "privatebranches": "1"
    }
}