{
    "appid": "3191030",
    "type": "Game",
    "name": "Nubby's Number Factory",
    "schinese_name": "",
    "isfreeapp": "0",
    "change_number": "29033749",
    "update_time": "2025-05-17 06:42:11",
    "depot": {
        "baselanguages": "english",
        "3191032": {
            "config": {
                "language": "english",
                "oslist": "windows"
            },
            "manifests": {
                "public": {
                    "gid": "1006029961856832177",
                    "size": "215454755",
                    "download": "171903952"
                }
            },
            "decryptionkey": "fe1f138f1cbca290e8c586f5e6bab023a77a3e86abeeb58de673d1530ad5dc69"
        },
        "branches": {
            "public": {
                "buildid": "18497916",
                "timeupdated": "1747435326"
            }
        },
        "privatebranches": "1"
    }
}