{
    "appid": "3026280",
    "type": "Demo",
    "name": "Caracoles Demo",
    "schinese_name": "",
    "isfreeapp": "0",
    "change_number": "23904256",
    "update_time": "2024-07-16 02:47:09",
    "depot": {
        "3026281": {
            "config": {
                "oslist": "windows"
            },
            "manifests": {
                "public": {
                    "gid": "5517083046132033582",
                    "size": "145903866",
                    "download": "45904752"
                }
            },
            "decryptionkey": "4ed56238dce91814b6c508d7516c02d5f853547179f7bc77d1a969d0bbba32cd"
        },
        "3026282": {
            "config": {
                "oslist": "macos"
            },
            "manifests": {
                "public": {
                    "gid": "1329569553969283377",
                    "size": "171938268",
                    "download": "53498768"
                }
            },
            "decryptionkey": ""
        },
        "branches": {
            "public": {
                "buildid": "14639428",
                "timeupdated": "1717763839"
            }
        }
    }
}