{
    "appid": "3181990",
    "type": "Music",
    "name": "NanoApostle Soundtrack",
    "schinese_name": "",
    "isfreeapp": "0",
    "change_number": "25269390",
    "update_time": "2024-09-18 06:33:35",
    "depot": {
        "3181991": {
            "manifests": {
                "public": {
                    "gid": "3690704644765321895",
                    "size": "133357411",
                    "download": "96579680"
                }
            },
            "decryptionkey": "198103a23abeca0bded567d8ab9e8bc2744418c4608626ad5d4c3fe9784549b5"
        },
        "3181993": {
            "config": {
                "highqualityaudio": "1"
            },
            "manifests": {
                "public": {
                    "gid": "4454560601368468051",
                    "size": "508661275",
                    "download": "405098816"
                }
            },
            "decryptionkey": "76723193500033b269f38428eea54f29b005b17141b9bef9179dba3f0264e8c3"
        },
        "branches": {
            "public": {
                "buildid": "15660484",
                "timeupdated": "1726037399"
            }
        }
    }
}