{
    "appid": "3296880",
    "type": "Beta",
    "name": "好想躺平啊，但是 Playtest",
    "schinese_name": "",
    "isfreeapp": "0",
    "change_number": "27386306",
    "update_time": "2025-02-09 18:24:06",
    "depot": {
        "3296881": {
            "manifests": {
                "public": {
                    "gid": "8293111910465700433",
                    "size": "2210495550",
                    "download": "278762144"
                }
            },
            "decryptionkey": "9cfe911d55724f9d92e366a0d18ef2d327ecf928d80674013cc39d607781d2be"
        },
        "baselanguages": "english,schinese,tchinese",
        "branches": {
            "public": {
                "buildid": "17297089",
                "timeupdated": "1739096643"
            }
        }
    }
}