{
    "appid": "3220240",
    "type": "Demo",
    "name": "Scotophobia Demo",
    "schinese_name": "",
    "isfreeapp": "0",
    "change_number": "25861884",
    "update_time": "2024-10-24 00:59:47",
    "depot": {
        "3220241": {
            "config": {
                "oslist": "windows",
                "osarch": "64"
            },
            "manifests": {
                "public": {
                    "gid": "4019327068287683019",
                    "size": "2720205679",
                    "download": "1179607472"
                }
            },
            "decryptionkey": "b9749f1cfbfb445d20ba8430d35c7421491c2505aaadcb2f86f03308481ac521"
        },
        "branches": {
            "public": {
                "buildid": "15811491",
                "timeupdated": "1727196643"
            }
        }
    }
}