{
    "appid": "3460970",
    "type": "Demo",
    "name": "FESTERED Demo",
    "schinese_name": "",
    "isfreeapp": "0",
    "change_number": "27520701",
    "update_time": "2025-02-18 02:04:59",
    "depot": {
        "3460971": {
            "config": {
                "oslist": "windows"
            },
            "manifests": {
                "public": {
                    "gid": "7166566431921604676",
                    "size": "798637478",
                    "download": "378257008"
                }
            },
            "decryptionkey": "69b04f20c3fbf92bc8e525ef1cd406d53903f3efd630666c3dded28d852a8f23"
        },
        "branches": {
            "public": {
                "buildid": "17393781",
                "timeupdated": "1739799835"
            }
        }
    }
}