{
    "appid": "2991370",
    "type": "Demo",
    "name": "佛兰德斯的狗 A Dog of Flanders Demo",
    "schinese_name": "",
    "isfreeapp": "0",
    "change_number": "27509361",
    "update_time": "2025-02-17 11:50:44",
    "depot": {
        "2991371": {
            "manifests": {
                "public": {
                    "gid": "8148227148193923937",
                    "size": "3467152588",
                    "download": "2836000880"
                }
            },
            "decryptionkey": "27ecbe23f4043341d31e4660772c367410e89e717f9648444e7e5b91c744860a"
        },
        "branches": {
            "public": {
                "buildid": "16022263",
                "timeupdated": "1728760731"
            }
        }
    }
}