{
    "appid": "3225750",
    "type": "Game",
    "name": "メスしかいないエルフの村に迷い込んだら全員孕ませるまで帰れなくなった件",
    "schinese_name": "迷失在只有雌性精灵的村庄，必须让所有人怀孕才能离开",
    "isfreeapp": "0",
    "change_number": "29016468",
    "update_time": "2025-05-16 12:19:15",
    "depot": {
        "baselanguages": "japanese",
        "3225751": {
            "manifests": {
                "public": {
                    "gid": "5669775709510237059",
                    "size": "1112542111",
                    "download": "893466144"
                }
            },
            "decryptionkey": "95447f15e7c6fcb0f267bd7ec716d9afd49d4923dfe8e5057d54eb5ba1e66aa9"
        },
        "branches": {
            "public": {
                "buildid": "16085626",
                "timeupdated": "1729191038"
            }
        }
    }
}