{
    "appid": "3137100",
    "type": "Game",
    "name": "Where Girls Are Made",
    "schinese_name": "",
    "isfreeapp": "0",
    "change_number": "28861083",
    "update_time": "2025-05-07 20:11:20",
    "depot": {
        "3137101": {
            "manifests": {
                "public": {
                    "gid": "3338749010075359765",
                    "size": "916667160",
                    "download": "839764304"
                }
            },
            "decryptionkey": "bfd3c52314858cbf36141b98feb4c11851ec8fae9819ec977b4a28fd2b627bdb"
        },
        "branches": {
            "public": {
                "buildid": "18058273",
                "timeupdated": "1744297402"
            }
        }
    }
}