{
    "appid": "3319980",
    "type": "Game",
    "name": "The Legend of Heroes: Kai no Kiseki -Farewell, O Zemuria-",
    "schinese_name": "英雄传说 界之轨迹 -告别塞姆利亚-",
    "isfreeapp": "0",
    "change_number": "29016621",
    "update_time": "2025-05-16 12:36:45",
    "depot": {
        "228989": {
            "config": {
                "oslist": "windows"
            },
            "depotfromapp": "228980",
            "sharedinstall": "1"
        },
        "228990": {
            "config": {
                "oslist": "windows"
            },
            "depotfromapp": "228980",
            "sharedinstall": "1"
        },
        "3319981": {
            "manifests": {
                "public": {
                    "gid": "8564053314082154234",
                    "size": "55776858885",
                    "download": "22999066400"
                }
            },
            "decryptionkey": "beff603934cd406501df117644006c112bd48a71b1c1a0963e5e267ac56127d9"
        },
        "baselanguages": "koreana,schinese,tchinese",
        "branches": {
            "public": {
                "buildid": "17453267",
                "timeupdated": "1740971208"
            }
        },
        "privatebranches": "1"
    }
}