{
    "appid": "3181470",
    "type": "Game",
    "name": "Cat & Farm Pals",
    "schinese_name": "合成大猫咪",
    "isfreeapp": "0",
    "change_number": "29047091",
    "update_time": "2025-05-18 16:12:18",
    "depot": {
        "baselanguages": "english,german,french,italian,koreana,spanish,schinese,tchinese,russian,thai,japanese,portuguese,polish,danish,dutch,finnish,norwegian,swedish,hungarian,czech,romanian,turkish,arabic,brazilian,bulgarian,greek,ukrainian,latam,vietnamese,indonesian",
        "hasdepotsindlc": "1",
        "3181471": {
            "manifests": {
                "public": {
                    "gid": "7689109740496377169",
                    "size": "509518671",
                    "download": "254012480"
                }
            },
            "decryptionkey": "5066773f16781ea886f5c11a6b839fd41ed71983bb0a7efb147712f5a44e847b"
        },
        "branches": {
            "public": {
                "buildid": "18493059",
                "timeupdated": "1747407620"
            }
        },
        "privatebranches": "1"
    }
}