{
    "appid": "3058890",
    "type": "Game",
    "name": "Mewing Simulator",
    "schinese_name": "",
    "isfreeapp": "0",
    "change_number": "28854663",
    "update_time": "2025-05-07 13:10:26",
    "depot": {
        "3058891": {
            "manifests": {
                "public": {
                    "gid": "4994987898173970894",
                    "size": "119850189",
                    "download": "36973680"
                }
            },
            "decryptionkey": "b10c005b2f3de4f7d89d7661e812cbf52b0b86fedeab8871b5be48e2677956d9"
        },
        "branches": {
            "public": {
                "buildid": "15287260",
                "timeupdated": "1723017501"
            }
        }
    }
}