{
    "appid": "3173570",
    "type": "Demo",
    "name": "Cabin Crew Life Simulator Demo",
    "schinese_name": "",
    "isfreeapp": "0",
    "change_number": "26450197",
    "update_time": "2024-12-05 09:14:05",
    "depot": {
        "3173571": {
            "config": {
                "oslist": "windows",
                "osarch": "64"
            },
            "manifests": {
                "public": {
                    "gid": "7235371087120921332",
                    "size": "2018689306",
                    "download": "1275868848"
                }
            },
            "decryptionkey": "934ca846b83897faa96ea5f1b1221baef8b1e5803b60235dd3787677af50331c"
        },
        "branches": {
            "public": {
                "buildid": "16598900",
                "timeupdated": "1733132678"
            }
        }
    }
}