{
    "appid": "3354700",
    "type": "DLC",
    "name": "Beat Saber - Metallica - Seek & Destroy",
    "schinese_name": "",
    "isfreeapp": "0",
    "change_number": "26610787",
    "update_time": "2024-12-12 20:42:30",
    "depot": {
        "3354700": {
            "manifests": {
                "public": {
                    "gid": "2124632043983630051",
                    "size": "25530032",
                    "download": "25879232"
                }
            },
            "dlcappid": "3354700",
            "decryptionkey": "246def1b055d85477302baed99216bac14b0d5ba4448169d5d95e44711ae642a"
        },
        "branches": {
            "public": {
                "buildid": "16721085",
                "timeupdated": "1734007267"
            }
        }
    }
}