{
    "appid": "3147550",
    "type": "Game",
    "name": "Over Heroes",
    "schinese_name": "守望联盟",
    "isfreeapp": "0",
    "change_number": "29046575",
    "update_time": "2025-05-18 14:38:27",
    "depot": {
        "3147551": {
            "manifests": {
                "public": {
                    "gid": "7451075390450444565",
                    "size": "2574133941",
                    "download": "958187936"
                }
            },
            "decryptionkey": "dadbd0f5a301439ee8f566f4a8bfbc3c0a72006e3133e57acb9af3d8ec28136f"
        },
        "branches": {
            "public": {
                "buildid": "18507156",
                "timeupdated": "1747550303"
            }
        }
    }
}