{
    "appid": "3084750",
    "type": "Game",
    "name": "Jessica's Plight",
    "schinese_name": "",
    "isfreeapp": "0",
    "change_number": "24646982",
    "update_time": "2024-08-05 12:22:54",
    "depot": {
        "3084751": {
            "config": {
                "oslist": "windows"
            },
            "manifests": {
                "public": {
                    "gid": "5030132798137405262",
                    "size": "572012634",
                    "download": "447120144"
                }
            },
            "decryptionkey": "dc7c19406b3ec8560468628619e0f99a68ce771472e5216d9ca02aac8b5a6929"
        },
        "3084752": {
            "config": {
                "oslist": "macos"
            },
            "manifests": {
                "public": {
                    "gid": "4747457102631091397",
                    "size": "354630803",
                    "download": "211579856"
                }
            },
            "decryptionkey": ""
        },
        "branches": {
            "public": {
                "buildid": "15225581",
                "timeupdated": "1722509814"
            }
        }
    }
}