{
    "appid": "3445840",
    "type": "Demo",
    "name": "Beats&Boss Demo",
    "schinese_name": "跟着节奏打Boss Demo",
    "isfreeapp": "0",
    "change_number": "27728620",
    "update_time": "2025-03-01 09:51:32",
    "depot": {
        "3445841": {
            "manifests": {
                "public": {
                    "gid": "8866401641460724890",
                    "size": "208825706",
                    "download": "74572016"
                }
            },
            "decryptionkey": "6866841d705cc2ea76549f204f56b895aea56b7e446e94bf34f0f4ad640ea9d9"
        },
        "branches": {
            "public": {
                "buildid": "17555050",
                "timeupdated": "1740793890"
            }
        }
    }
}