{
    "appid": "3245820",
    "type": "Demo",
    "name": "Airport X-Ray Simulator Demo",
    "schinese_name": "",
    "isfreeapp": "0",
    "change_number": "26685919",
    "update_time": "2024-12-18 07:47:55",
    "depot": {
        "3245821": {
            "manifests": {
                "public": {
                    "gid": "5782422732041961545",
                    "size": "1092632859",
                    "download": "285645664"
                }
            },
            "decryptionkey": "b4c3eb21c15268ab8f54f1d97d6f6117d1c677a87b493c466e07b61942164012"
        },
        "branches": {
            "public": {
                "buildid": "16617267",
                "timeupdated": "1733243394"
            }
        }
    }
}