{
    "appid": "3262220",
    "type": "Game",
    "name": "RedBlue Cell",
    "schinese_name": "红蓝细胞",
    "isfreeapp": "0",
    "change_number": "27847022",
    "update_time": "2025-03-08 11:05:09",
    "depot": {
        "228988": {
            "config": {
                "oslist": "windows"
            },
            "depotfromapp": "228980",
            "sharedinstall": "1"
        },
        "228990": {
            "config": {
                "oslist": "windows"
            },
            "depotfromapp": "228980",
            "sharedinstall": "1"
        },
        "3262221": {
            "manifests": {
                "public": {
                    "gid": "1385043278018971603",
                    "size": "269988155",
                    "download": "47160464"
                }
            },
            "decryptionkey": "26a7c7c773ad8c54113a8bcd98ccb16ee255473501ff91653653dcc2ab139eca"
        },
        "branches": {
            "public": {
                "buildid": "17643710",
                "timeupdated": "1741403105"
            }
        }
    }
}