{
    "appid": "3111240",
    "type": "Game",
    "name": "Agent Horny - Season 1",
    "schinese_name": "",
    "isfreeapp": "0",
    "change_number": "28910920",
    "update_time": "2025-05-10 06:33:52",
    "depot": {
        "3111241": {
            "manifests": {
                "public": {
                    "gid": "473051737936876602",
                    "size": "12922557760",
                    "download": "12515923056"
                }
            },
            "decryptionkey": "f5e61931aaa6d6a0d9f3be337ce7f0652802ba9bf8ea94c64251f4f38e6e26c7"
        },
        "branches": {
            "public": {
                "buildid": "16367320",
                "timeupdated": "1731340207"
            }
        }
    }
}