{
    "appid": "3257070",
    "type": "Demo",
    "name": "The Jackbox Survey Scramble Demo",
    "schinese_name": "",
    "isfreeapp": "0",
    "change_number": "26183469",
    "update_time": "2024-11-14 07:41:05",
    "depot": {
        "228985": {
            "config": {
                "oslist": "windows"
            },
            "depotfromapp": "228980",
            "sharedinstall": "1"
        },
        "228988": {
            "config": {
                "oslist": "windows"
            },
            "depotfromapp": "228980",
            "sharedinstall": "1"
        },
        "3257071": {
            "config": {
                "oslist": "windows,linux",
                "osarch": "64"
            },
            "manifests": {
                "public": {
                    "gid": "5967927992132734482",
                    "size": "205662866",
                    "download": "193261200"
                }
            },
            "decryptionkey": "a7817fa9670527aa238ada362f8b56781e8666763a7094403fc7ea001cb4dd7b"
        },
        "3257072": {
            "config": {
                "oslist": "windows",
                "osarch": "64"
            },
            "manifests": {
                "public": {
                    "gid": "5271748563248820302",
                    "size": "22080392",
                    "download": "6266672"
                }
            },
            "decryptionkey": "058ff1a3dd3f3c537e7a594a8a87583026556128165c63b1c9e60d5e90787eb8"
        },
        "3257073": {
            "config": {
                "oslist": "macos",
                "osarch": "64"
            },
            "manifests": {
                "public": {
                    "gid": "8816388057041165963",
                    "size": "232276662",
                    "download": "201039616"
                }
            },
            "decryptionkey": ""
        },
        "3257074": {
            "config": {
                "oslist": "linux",
                "osarch": "64"
            },
            "manifests": {
                "public": {
                    "gid": "1937035552993440264",
                    "size": "48269214",
                    "download": "13604224"
                }
            },
            "decryptionkey": ""
        },
        "branches": {
            "public": {
                "buildid": "15986918",
                "timeupdated": "1728582904"
            }
        },
        "privatebranches": "1"
    }
}