{
    "appid": "3006160",
    "type": "Demo",
    "name": "T-深渊病毒:起源 Demo",
    "schinese_name": "",
    "isfreeapp": "0",
    "change_number": "25314469",
    "update_time": "2024-09-20 17:48:27",
    "depot": {
        "baselanguages": "english,schinese",
        "228988": {
            "config": {
                "oslist": "windows"
            },
            "depotfromapp": "228980",
            "sharedinstall": "1"
        },
        "228989": {
            "config": {
                "oslist": "windows"
            },
            "depotfromapp": "228980",
            "sharedinstall": "1"
        },
        "228990": {
            "config": {
                "oslist": "windows"
            },
            "depotfromapp": "228980",
            "sharedinstall": "1"
        },
        "3006161": {
            "config": {
                "language": "schinese",
                "oslist": "windows",
                "osarch": "64"
            },
            "manifests": {
                "public": {
                    "gid": "4517048837652610960",
                    "size": "19940475796",
                    "download": "19202662016"
                },
                "fps02": {
                    "gid": "4517048837652610960",
                    "size": "19940475796",
                    "download": "19202662016"
                }
            },
            "decryptionkey": "b03697eccb794c1360a90476db3ecf6be1e9e66d7ea1a43293f1764de70fbc5a"
        },
        "branches": {
            "public": {
                "buildid": "14649244",
                "timeupdated": "1717842295"
            },
            "fps02": {
                "buildid": "14649244",
                "description": "VCode1.0.2",
                "timeupdated": "1726136145"
            }
        }
    }
}