{
    "appid": "3108000",
    "type": "Game",
    "name": "Only Trump: Up To Presidents!",
    "schinese_name": "",
    "isfreeapp": "0",
    "change_number": "29043292",
    "update_time": "2025-05-18 04:15:22",
    "depot": {
        "228988": {
            "config": {
                "oslist": "windows"
            },
            "depotfromapp": "228980",
            "sharedinstall": "1"
        },
        "228989": {
            "config": {
                "oslist": "windows"
            },
            "depotfromapp": "228980",
            "sharedinstall": "1"
        },
        "228990": {
            "config": {
                "oslist": "windows"
            },
            "depotfromapp": "228980",
            "sharedinstall": "1"
        },
        "3108001": {
            "manifests": {
                "public": {
                    "gid": "6412897504608350983",
                    "size": "2641560518",
                    "download": "695740352"
                }
            },
            "decryptionkey": "e47efff0f15dfb3abd1424ea44b291672bbb059cdc8007e2597f597834f91dbd"
        },
        "branches": {
            "public": {
                "buildid": "16210857",
                "timeupdated": "1730282767"
            }
        }
    }
}