{
    "appid": "3233770",
    "type": "Game",
    "name": "Laundry Room Dilemma",
    "schinese_name": "",
    "isfreeapp": "0",
    "change_number": "27453500",
    "update_time": "2025-02-13 14:16:41",
    "depot": {
        "3233771": {
            "manifests": {
                "public": {
                    "gid": "7451080181549473696",
                    "size": "3342285302",
                    "download": "2444612784"
                }
            },
            "decryptionkey": "8b36089db35f3800915ae8a280db197a0fee7735eea4ba8215638e9b1c00ccae"
        },
        "branches": {
            "public": {
                "buildid": "17136921",
                "timeupdated": "1737903026"
            }
        }
    }
}