{
    "appid": "3041770",
    "type": "Game",
    "name": "Breakout Beyond",
    "schinese_name": "",
    "isfreeapp": "0",
    "change_number": "29015909",
    "update_time": "2025-05-16 11:24:45",
    "depot": {
        "3041771": {
            "manifests": {
                "public": {
                    "gid": "2362326888362807268",
                    "size": "585598739",
                    "download": "129794896"
                }
            },
            "decryptionkey": "b39b23f1b5b7105f9f5614188d9ee8be6bd7c15dea9f11d0f56f34d79dd23d76"
        },
        "branches": {
            "public": {
                "buildid": "18075129",
                "timeupdated": "1744411553"
            }
        },
        "privatebranches": "1"
    }
}