{
    "appid": "3307570",
    "type": "Demo",
    "name": "Crown of Greed Demo",
    "schinese_name": "",
    "isfreeapp": "0",
    "change_number": "27478889",
    "update_time": "2025-02-14 20:16:57",
    "depot": {
        "3307571": {
            "manifests": {
                "public": {
                    "gid": "7612586385930795941",
                    "size": "3426333572",
                    "download": "1396247280"
                }
            },
            "decryptionkey": "cc9a08d21284d3854a7e92f85dc792d20de69a80726d50d4514f7c5d73d33209"
        },
        "branches": {
            "public": {
                "buildid": "17124470",
                "timeupdated": "1737749629"
            }
        }
    }
}