{
    "appid": "3117690",
    "type": "Demo",
    "name": "Robabekya Demo",
    "schinese_name": "",
    "isfreeapp": "0",
    "change_number": "28488342",
    "update_time": "2025-04-15 21:56:36",
    "depot": {
        "baselanguages": "english",
        "hasdepotsindlc": "1",
        "228988": {
            "config": {
                "oslist": "windows"
            },
            "depotfromapp": "228980",
            "sharedinstall": "1"
        },
        "228989": {
            "config": {
                "oslist": "windows"
            },
            "depotfromapp": "228980",
            "sharedinstall": "1"
        },
        "228990": {
            "config": {
                "oslist": "windows"
            },
            "depotfromapp": "228980",
            "sharedinstall": "1"
        },
        "3117691": {
            "config": {
                "oslist": "windows",
                "osarch": "64"
            },
            "manifests": {
                "public": {
                    "gid": "3972336865166343332",
                    "size": "7742142214",
                    "download": "7000242816"
                }
            },
            "decryptionkey": "be93e1efb62205fa1a6101397229bda0764d40c20087474b4ba8db934e46125e"
        },
        "branches": {
            "public": {
                "buildid": "15980211",
                "timeupdated": "1728476240"
            }
        }
    }
}