{
    "appid": "3381200",
    "type": "Demo",
    "name": "Lost in Random: The Eternal Die Demo",
    "schinese_name": "",
    "isfreeapp": "0",
    "change_number": "27538163",
    "update_time": "2025-02-19 00:34:56",
    "depot": {
        "3381201": {
            "manifests": {
                "public": {
                    "gid": "7096969612233595785",
                    "size": "2822924340",
                    "download": "2200870080"
                }
            },
            "decryptionkey": "0bf744048f20700315c7bd846709212aba5c55b3127d953f350d05e1306013d8"
        },
        "branches": {
            "public": {
                "buildid": "17395425",
                "timeupdated": "1739888899"
            }
        },
        "privatebranches": "1"
    }
}