{
    "appid": "3319850",
    "type": "DLC",
    "name": "DYNASTY WARRIORS: ORIGINS - Early Works Soundtrack Collection (Digital Edition)",
    "schinese_name": "真・三国无双 起源 - 早期作品音乐BOX（数字版）",
    "isfreeapp": "0",
    "change_number": "27263785",
    "update_time": "2025-02-01 09:08:48",
    "depot": {
        "3319850": {
            "config": {
                "oslist": "windows"
            },
            "manifests": {
                "public": {
                    "gid": "575849332506894225",
                    "size": "1138596568",
                    "download": "1135050880"
                }
            },
            "dlcappid": "3319850",
            "decryptionkey": "95133ff39c5da8ae0536933d236bb7eab7c1df24a6fedc606bcf5d0867c1a016"
        },
        "branches": {
            "public": {
                "buildid": "16543881",
                "timeupdated": "1732666767"
            }
        }
    },
    "access_token": 10944105112804011624
}