{
    "appid": "3512770",
    "type": "Demo",
    "name": "The Beautiful Game Demo",
    "schinese_name": "",
    "isfreeapp": "0",
    "change_number": "27385829",
    "update_time": "2025-02-09 16:58:46",
    "depot": {
        "baselanguages": "english",
        "3512771": {
            "config": {
                "oslist": "windows,linux"
            },
            "manifests": {
                "public": {
                    "gid": "5993906090242781190",
                    "size": "1125969657",
                    "download": "956712224"
                }
            },
            "decryptionkey": "32b781926e40c59f1509a14bf46c6a77d73e9926ce239fb02a2e36e58aa9db7a"
        },
        "branches": {
            "public": {
                "buildid": "17248707",
                "timeupdated": "1738746564"
            }
        }
    }
}