{
    "appid": "3432970",
    "type": "Beta",
    "name": "REMATCH BETA TEST",
    "schinese_name": "",
    "isfreeapp": "0",
    "change_number": "28549631",
    "update_time": "2025-04-18 20:59:08",
    "depot": {
        "baselanguages": "english",
        "228989": {
            "config": {
                "oslist": "windows"
            },
            "depotfromapp": "228980",
            "sharedinstall": "1"
        },
        "228990": {
            "config": {
                "oslist": "windows"
            },
            "depotfromapp": "228980",
            "sharedinstall": "1"
        },
        "3432971": {
            "manifests": {
                "public": {
                    "gid": "949968967569002926",
                    "size": "4761775889",
                    "download": "4355797712"
                }
            },
            "decryptionkey": "acba842da42b42977676788e66c7e7f535f986c7799cdf3fad10e787ea413351"
        },
        "branches": {
            "public": {
                "buildid": "18147100",
                "timeupdated": "1744981118"
            }
        },
        "privatebranches": "1"
    }
}