{
    "appid": "3268920",
    "type": "Demo",
    "name": "Terrorbytes Demo",
    "schinese_name": "",
    "isfreeapp": "0",
    "change_number": "26183469",
    "update_time": "2024-11-14 07:41:34",
    "depot": {
        "3268921": {
            "manifests": {
                "public": {
                    "gid": "6909264913191431338",
                    "size": "1489848197",
                    "download": "573931904"
                }
            },
            "decryptionkey": "d4f9140bd7de4edb9085f985a309a746d1338c3f4df2822742a5c5ada33fbb65"
        },
        "branches": {
            "public": {
                "buildid": "16130996",
                "timeupdated": "1729571145"
            }
        },
        "privatebranches": "1"
    }
}