{
    "appid": "3169690",
    "type": "Demo",
    "name": "Minesweeper & Dungeon RPG Demo",
    "schinese_name": "扫雷与地下城Demo",
    "isfreeapp": "0",
    "change_number": "26183469",
    "update_time": "2024-11-14 07:36:22",
    "depot": {
        "3169691": {
            "config": {
                "oslist": "windows"
            },
            "manifests": {
                "public": {
                    "gid": "4307225497442603693",
                    "size": "177309782",
                    "download": "63081824"
                }
            },
            "decryptionkey": "5c601c281a89a0d4c5145a19fc2510883555a32800f74e6fa60a527cc4e22c3a"
        },
        "3169692": {
            "config": {
                "oslist": "macos"
            },
            "manifests": {
                "public": {
                    "gid": "4908893552017491525",
                    "size": "286332265",
                    "download": "84066048"
                }
            },
            "decryptionkey": ""
        },
        "branches": {
            "public": {
                "buildid": "16246703",
                "timeupdated": "1730347540"
            }
        },
        "privatebranches": "1"
    }
}