{
    "appid": "2981210",
    "type": "Game",
    "name": "snatch&swallow",
    "schinese_name": "吃一口拉一坨",
    "isfreeapp": "0",
    "change_number": "25836403",
    "update_time": "2024-10-22 18:12:01",
    "depot": {
        "2981211": {
            "manifests": {
                "public": {
                    "gid": "367890591339902117",
                    "size": "323249151",
                    "download": "175951888"
                }
            },
            "decryptionkey": "35c3175da1b472b6300499bd60698e98436103e99f69b63d9f380d9e819c0ac0"
        },
        "baselanguages": "english,schinese",
        "branches": {
            "public": {
                "buildid": "16134676",
                "timeupdated": "1729591915"
            }
        }
    }
}