{
    "appid": "3480930",
    "type": "Game",
    "name": "Midnight Taco",
    "schinese_name": "",
    "isfreeapp": "0",
    "change_number": "28932606",
    "update_time": "2025-05-12 13:32:29",
    "depot": {
        "3480931": {
            "manifests": {
                "public": {
                    "gid": "2644567767907734431",
                    "size": "212854960",
                    "download": "88561152"
                }
            },
            "decryptionkey": "b5ef40b7f5de1c9212c8284509b7cb62bf89be030bb918c4727e63b58ceb3875"
        },
        "baselanguages": "english,spanish",
        "branches": {
            "public": {
                "buildid": "17820626",
                "timeupdated": "1742651068"
            }
        }
    }
}