{
    "appid": "3329130",
    "type": "Game",
    "name": "Hentai Cho",
    "schinese_name": "",
    "isfreeapp": "0",
    "change_number": "29000751",
    "update_time": "2025-05-15 19:14:31",
    "depot": {
        "3329131": {
            "manifests": {
                "public": {
                    "gid": "628911246222245953",
                    "size": "139609339",
                    "download": "65982672"
                }
            },
            "decryptionkey": "25e44db0b239c9bbccc6cb2054d82733b9d635386203c2740958ca01e084c825"
        },
        "branches": {
            "public": {
                "buildid": "18096499",
                "timeupdated": "1744620174"
            }
        }
    }
}