{
    "appid": "3050490",
    "type": "Game",
    "name": "TIMEGAL HD Remaster",
    "schinese_name": "",
    "isfreeapp": "0",
    "change_number": "28851649",
    "update_time": "2025-05-07 08:09:29",
    "depot": {
        "3050491": {
            "manifests": {
                "public": {
                    "gid": "3554630413410977057",
                    "size": "752888188",
                    "download": "446420224"
                }
            },
            "decryptionkey": "7cb06610c52b6a112b27813a7e418bca13fba0be1a93c0c2977e2b3444416aaa"
        },
        "baselanguages": "english,schinese,tchinese,japanese",
        "branches": {
            "public": {
                "buildid": "15301111",
                "timeupdated": "1723104173"
            }
        },
        "privatebranches": "1"
    }
}