{
    "appid": "2944010",
    "type": "Game",
    "name": "Roll 'n' Watch",
    "schinese_name": "",
    "isfreeapp": "0",
    "change_number": "28399292",
    "update_time": "2025-04-10 11:43:06",
    "depot": {
        "228989": {
            "config": {
                "oslist": "windows"
            },
            "depotfromapp": "228980",
            "sharedinstall": "1"
        },
        "228990": {
            "config": {
                "oslist": "windows"
            },
            "depotfromapp": "228980",
            "sharedinstall": "1"
        },
        "baselanguages": "english",
        "2944011": {
            "config": {
                "language": "english",
                "oslist": "windows"
            },
            "manifests": {
                "public": {
                    "gid": "3486964740383792993",
                    "size": "595755686",
                    "download": "355230896"
                }
            },
            "decryptionkey": "bbd82911ade627353581be06becb69a631ef6c0b2eb7b72f96ad391f87ac97f4"
        },
        "branches": {
            "public": {
                "buildid": "15121446",
                "timeupdated": "1721719009"
            }
        }
    }
}