{
    "appid": "3022940",
    "type": "Music",
    "name": "Bunny Space Odyssey: The countdown Soundtrack",
    "schinese_name": "",
    "isfreeapp": "0",
    "change_number": "23864830",
    "update_time": "2024-07-16 02:47:08",
    "depot": {
        "3022941": {
            "manifests": {
                "public": {
                    "gid": "6413112267830779273",
                    "size": "3122607",
                    "download": "3130928"
                }
            },
            "decryptionkey": "e183f785e36082aebc05c5118002303053e82cefe1beb72cd46eebfd822027e1"
        },
        "branches": {
            "public": {
                "buildid": "14523216",
                "timeupdated": "1716921379"
            }
        }
    }
}