{
    "appid": "3152950",
    "type": "Demo",
    "name": "邪神的遗产 Demo",
    "schinese_name": "",
    "isfreeapp": "0",
    "change_number": "25849442",
    "update_time": "2024-10-23 10:24:12",
    "depot": {
        "baselanguages": "english,schinese,tchinese,japanese",
        "3152952": {
            "config": {
                "oslist": "windows"
            },
            "manifests": {
                "public": {
                    "gid": "4514404105135703671",
                    "size": "713829164",
                    "download": "439606720"
                }
            },
            "decryptionkey": ""
        },
        "3152953": {
            "config": {
                "oslist": "windows"
            },
            "manifests": {
                "public": {
                    "gid": "1801272026958224087",
                    "size": "713830077",
                    "download": "439599952"
                }
            },
            "decryptionkey": "e0bd9fc703f39b64286fa9540e113fc436ee9c99ff44aad63b8e061e1297fcf3"
        },
        "3152954": {
            "config": {
                "oslist": "windows"
            },
            "manifests": {
                "public": {
                    "gid": "743263697022517135",
                    "size": "713769783",
                    "download": "439536752"
                }
            },
            "decryptionkey": ""
        },
        "branches": {
            "public": {
                "buildid": "16075962",
                "timeupdated": "1729141888"
            }
        }
    }
}