{
    "appid": "2946170",
    "type": "Game",
    "name": "Pitfall Protocol",
    "schinese_name": "",
    "isfreeapp": "0",
    "change_number": "25121802",
    "update_time": "2024-09-07 22:39:04",
    "depot": {
        "228989": {
            "config": {
                "oslist": "windows"
            },
            "depotfromapp": "228980",
            "sharedinstall": "1"
        },
        "228990": {
            "config": {
                "oslist": "windows"
            },
            "depotfromapp": "228980",
            "sharedinstall": "1"
        },
        "2946171": {
            "config": {
                "oslist": "windows"
            },
            "manifests": {
                "public": {
                    "gid": "944148026447366590",
                    "size": "1815224188",
                    "download": "591098720"
                }
            },
            "decryptionkey": "6cd3f40f74db0def313d5353678533c276e0862012c65e033f37a1caf0fd53e9"
        },
        "branches": {
            "public": {
                "buildid": "15625858",
                "timeupdated": "1725719939"
            }
        }
    }
}