{
    "appid": "3449900",
    "type": "Game",
    "name": "Slime Squisher",
    "schinese_name": "",
    "isfreeapp": "0",
    "change_number": "28483129",
    "update_time": "2025-04-15 16:52:49",
    "depot": {
        "3449901": {
            "manifests": {
                "public": {
                    "gid": "2562838561168196731",
                    "size": "397810424",
                    "download": "66010272"
                }
            },
            "decryptionkey": "f179179e6135ba4b5b7a31de1bbcd54b0607db92a6b27cbd2fa69082f80b146d"
        },
        "branches": {
            "public": {
                "buildid": "18110896",
                "timeupdated": "1744707165"
            }
        }
    }
}