{
    "appid": "2949440",
    "type": "Game",
    "name": "与从画面中出来的我推Vtuber的同居生活 想跟庶民派的吸血鬼大小姐签下契约",
    "schinese_name": "",
    "isfreeapp": "0",
    "change_number": "28145897",
    "update_time": "2025-03-26 16:58:59",
    "depot": {
        "2949441": {
            "manifests": {
                "public": {
                    "gid": "8950244927682147347",
                    "size": "606109918",
                    "download": "561329392"
                }
            },
            "decryptionkey": "c937238ffb302b2f7dd5920fe37e93e01743ba7ae1e4423b26ec5bd0efb55b1a"
        },
        "branches": {
            "public": {
                "buildid": "14790490",
                "timeupdated": "1718950913"
            }
        }
    }
}