{
    "appid": "3159800",
    "type": "Game",
    "name": "DeviDevisurvivor",
    "schinese_name": "",
    "isfreeapp": "0",
    "change_number": "28992281",
    "update_time": "2025-05-15 08:42:23",
    "depot": {
        "baselanguages": "japanese",
        "3159801": {
            "config": {
                "language": "japanese",
                "oslist": "windows"
            },
            "manifests": {
                "public": {
                    "gid": "6212280673942159854",
                    "size": "773659205",
                    "download": "258507280"
                }
            },
            "decryptionkey": "4431a0a4b1da41035f777bed25b99f8ac7f0f26be25b0e78f4dc6c17991a900b"
        },
        "3159802": {
            "config": {
                "oslist": "macos"
            },
            "manifests": {
                "public": {
                    "gid": "6629721306644194104",
                    "size": "898937729",
                    "download": "284254672"
                }
            }
        },
        "branches": {
            "public": {
                "buildid": "18234001",
                "timeupdated": "1745562647"
            }
        },
        "privatebranches": "1"
    }
}