{
    "appid": "3335160",
    "type": "Music",
    "name": "Uncle Chop's Rocket Shop Original Soundtrack",
    "schinese_name": "",
    "isfreeapp": "0",
    "change_number": "26899676",
    "update_time": "2025-01-08 07:26:06",
    "depot": {
        "3335161": {
            "config": {
                "highqualityaudio": "1"
            },
            "manifests": {
                "public": {
                    "gid": "8330511467267790994",
                    "size": "1060324902",
                    "download": "950000048"
                }
            },
            "decryptionkey": "1e431bd976468ab1e9d7f53ad4f167a9c47d3b042d9c741fff54803794165abb"
        },
        "3335162": {
            "manifests": {
                "public": {
                    "gid": "8593731776294067019",
                    "size": "211905386",
                    "download": "174501296"
                }
            },
            "decryptionkey": "f95fbc44e54f2616830219b1520e83b8e809fa88720a640adc0dd541bbdc39e5"
        },
        "branches": {
            "public": {
                "buildid": "16471172",
                "timeupdated": "1732100359"
            }
        }
    }
}