{
    "appid": "3116150",
    "type": "Demo",
    "name": "蝶梦 Demo",
    "schinese_name": "",
    "isfreeapp": "0",
    "change_number": "28897391",
    "update_time": "2025-05-09 16:12:05",
    "depot": {
        "228989": {
            "config": {
                "oslist": "windows"
            },
            "depotfromapp": "228980",
            "sharedinstall": "1"
        },
        "228990": {
            "config": {
                "oslist": "windows"
            },
            "depotfromapp": "228980",
            "sharedinstall": "1"
        },
        "baselanguages": "english,schinese",
        "3116151": {
            "config": {
                "oslist": "windows"
            },
            "manifests": {
                "public": {
                    "gid": "8536594041812651925",
                    "size": "10641629283",
                    "download": "10075289312"
                },
                "test": {
                    "gid": "8536594041812651925",
                    "size": "10641629283",
                    "download": "10075289312"
                }
            },
            "decryptionkey": "e6c48dd4bf110a83368a755eb82574d662594cd6741f75cb1c664f343b75c864"
        },
        "branches": {
            "public": {
                "buildid": "18399672",
                "timeupdated": "1746778320"
            },
            "test": {
                "buildid": "18399672",
                "description": "test",
                "timeupdated": "1746776812"
            }
        }
    }
}