{
    "appid": "3364770",
    "type": "Game",
    "name": "迷雾审判",
    "schinese_name": "迷雾审判",
    "isfreeapp": "0",
    "change_number": "28996292",
    "update_time": "2025-05-15 14:51:49",
    "depot": {
        "3364771": {
            "manifests": {
                "public": {
                    "gid": "9047111917432860206",
                    "size": "9560044406",
                    "download": "9034077168"
                }
            },
            "decryptionkey": "b061675a65d705d308cee26aa86a742f9e8953a35ae2495bca9ca6196f7c7ef3"
        },
        "branches": {
            "public": {
                "buildid": "18471474",
                "timeupdated": "1747291906"
            }
        },
        "privatebranches": "1"
    }
}