{
    "appid": "3356740",
    "type": "Game",
    "name": "Weed Simulator",
    "schinese_name": "",
    "isfreeapp": "0",
    "change_number": "28957253",
    "update_time": "2025-05-13 17:32:42",
    "depot": {
        "228989": {
            "config": {
                "oslist": "windows"
            },
            "depotfromapp": "228980",
            "sharedinstall": "1"
        },
        "228990": {
            "config": {
                "oslist": "windows"
            },
            "depotfromapp": "228980",
            "sharedinstall": "1"
        },
        "3356741": {
            "config": {
                "oslist": "windows"
            },
            "manifests": {
                "public": {
                    "gid": "4655981168392302408",
                    "size": "514716475",
                    "download": "397075008"
                }
            },
            "decryptionkey": "647cc0706629b5126fd7ba42176e5e61ab0a9a0138ad2a60b7af50f157aeed90"
        },
        "branches": {
            "public": {
                "buildid": "16659977",
                "timeupdated": "1733507277"
            }
        }
    }
}