{
    "appid": "3195870",
    "type": "DLC",
    "name": "RPG Maker MZ - KR Peaceful Rest Graveyard Tileset",
    "schinese_name": "",
    "isfreeapp": "0",
    "change_number": "25305190",
    "update_time": "2024-09-20 04:15:52",
    "depot": {
        "3195870": {
            "manifests": {
                "public": {
                    "gid": "7982586810496415972",
                    "size": "3820253",
                    "download": "3803040"
                }
            },
            "dlcappid": "3195870",
            "decryptionkey": "580b026b6e6c81d7b70002edbc9a56fd33aca3aa94a5508d7552c9f3739e2822"
        },
        "branches": {
            "public": {
                "buildid": "15732146",
                "timeupdated": "1726594129"
            }
        }
    }
}