{
    "appid": "3483470",
    "type": "Demo",
    "name": "Legacy of Baal Demo",
    "schinese_name": "",
    "isfreeapp": "0",
    "change_number": "27534495",
    "update_time": "2025-02-18 20:58:35",
    "depot": {
        "3483471": {
            "manifests": {
                "public": {
                    "gid": "5725220836060798888",
                    "size": "1558314223",
                    "download": "360833504"
                }
            },
            "decryptionkey": "a2e9f168e447df8def456b5debe048426b6dd4df21db1c0e001a96ffed72a552"
        },
        "branches": {
            "public": {
                "buildid": "17437204",
                "timeupdated": "1740047252"
            }
        },
        "privatebranches": "1"
    }
}