{
    "appid": "3361800",
    "type": "DLC",
    "name": "Tower! Simulator 3 - KSLC Airport",
    "schinese_name": "",
    "isfreeapp": "0",
    "change_number": "26351591",
    "update_time": "2024-12-05 03:07:23",
    "depot": {
        "3361800": {
            "config": {
                "oslist": "windows",
                "osarch": "64"
            },
            "manifests": {
                "public": {
                    "gid": "5181577132106878240",
                    "size": "1636806696",
                    "download": "621923280"
                }
            },
            "dlcappid": "3361800",
            "decryptionkey": "54904fd1de27b414c06a9b310a2bf6c4a889dccc06595d5f66e1ebe7ba9a75d2"
        },
        "branches": {
            "public": {
                "buildid": "16524408",
                "timeupdated": "1732541368"
            }
        }
    }
}