{
    "appid": "2973820",
    "type": "Game",
    "name": "Feet Paradise",
    "schinese_name": "",
    "isfreeapp": "0",
    "change_number": "28960301",
    "update_time": "2025-05-13 20:34:43",
    "depot": {
        "hasdepotsindlc": "1",
        "baselanguages": "english",
        "2973821": {
            "manifests": {
                "public": {
                    "gid": "112474688150094045",
                    "size": "370255182",
                    "download": "267327360"
                }
            },
            "decryptionkey": "d22da2f1157c22cdb3bd7cfd4534673c726be2226f2f03e2afc9cf20f4e2063e"
        },
        "branches": {
            "public": {
                "buildid": "14406232",
                "timeupdated": "1715965404"
            }
        }
    }
}