{
    "appid": "3209620",
    "type": "Game",
    "name": "The Ethereal Dream",
    "schinese_name": "绮夜之梦",
    "isfreeapp": "0",
    "change_number": "29016468",
    "update_time": "2025-05-16 12:19:19",
    "depot": {
        "baselanguages": "schinese",
        "3209621": {
            "manifests": {
                "public": {
                    "gid": "7039528136347043635",
                    "size": "472212974",
                    "download": "384565552"
                }
            },
            "decryptionkey": "d64ba3118290919ce397e3e051d34e105f67cd15bd57339bdf01d8998c226ce2"
        },
        "branches": {
            "public": {
                "buildid": "16972365",
                "timeupdated": "1736570724"
            }
        },
        "privatebranches": "1"
    }
}