{
    "appid": "3016750",
    "type": "Game",
    "name": "ERO TRAP DUNGEON ROGUELIKE",
    "schinese_name": "色色陷阱地牢ROGUELIKE",
    "isfreeapp": "0",
    "change_number": "29015780",
    "update_time": "2025-05-16 11:12:48",
    "depot": {
        "3016751": {
            "manifests": {
                "public": {
                    "gid": "2476400551126983600",
                    "size": "579525533",
                    "download": "382642624"
                }
            },
            "decryptionkey": "e5423efe3de5218c11ef4479cee30368f4c767da361cba8b99fac34c4a8b0b19"
        },
        "3016752": {
            "config": {
                "language": "japanese"
            },
            "manifests": {
                "public": {
                    "gid": "3937596695229995213",
                    "size": "578141537",
                    "download": "381236672"
                }
            },
            "decryptionkey": "db21abaeeade79023bc54788467498fc7de3299b01c6d85e71ca2065625845d3"
        },
        "3016753": {},
        "hasdepotsindlc": "1",
        "branches": {
            "public": {
                "buildid": "15571828",
                "timeupdated": "1725319630"
            }
        }
    }
}