{
    "appid": "3271640",
    "type": "Demo",
    "name": "McBelle Manor Demo",
    "schinese_name": "",
    "isfreeapp": "0",
    "change_number": "26080184",
    "update_time": "2024-11-07 07:42:04",
    "depot": {
        "3271641": {
            "manifests": {
                "public": {
                    "gid": "5978759405474127333",
                    "size": "7802943203",
                    "download": "4332319552"
                }
            },
            "decryptionkey": "94dceec1ed2af84f50080513bf76d98a2915af004f934bfeec28d510deea290a"
        },
        "branches": {
            "public": {
                "buildid": "16319069",
                "timeupdated": "1730925863"
            }
        }
    }
}