{
    "appid": "3077840",
    "type": "Demo",
    "name": "出牌吧冒险家 Demo",
    "schinese_name": "",
    "isfreeapp": "0",
    "change_number": "24495654",
    "update_time": "2024-07-25 01:36:30",
    "depot": {
        "baselanguages": "english,schinese",
        "3077841": {
            "config": {
                "oslist": "windows"
            },
            "manifests": {
                "public": {
                    "gid": "1183021158185016006",
                    "size": "369349414",
                    "download": "132025488"
                }
            },
            "decryptionkey": "1ff8392c107c13d85aae76d562c421413940c82326f56a065a78ece40679d0c5"
        },
        "branches": {
            "public": {
                "buildid": "15140179",
                "timeupdated": "1721842584"
            }
        }
    }
}