{
    "appid": "3342350",
    "type": "Game",
    "name": "Scary Granny",
    "schinese_name": "",
    "isfreeapp": "0",
    "change_number": "29014717",
    "update_time": "2025-05-16 09:36:10",
    "depot": {
        "3342351": {
            "manifests": {
                "public": {
                    "gid": "4504395631269553632",
                    "size": "60788589",
                    "download": "17697552"
                }
            },
            "decryptionkey": "e85c6398875deacf80f1821b7bbff2a1fd92de1114f71c1cec2922a1bde856aa"
        },
        "branches": {
            "public": {
                "buildid": "16375039",
                "timeupdated": "1731396587"
            }
        }
    }
}