{
    "appid": "3041100",
    "type": "Game",
    "name": "Shogi",
    "schinese_name": "日本将棋",
    "isfreeapp": "0",
    "change_number": "28548841",
    "update_time": "2025-04-18 19:59:59",
    "depot": {
        "3041101": {},
        "3041102": {
            "config": {
                "oslist": "windows"
            },
            "manifests": {
                "public": {
                    "gid": "5431184049726257152",
                    "size": "74041840",
                    "download": "55649776"
                }
            },
            "decryptionkey": "73e063868e55cd3be626c3ffe3bf16036c1c6d44ec62354650a87c421a2c0fff"
        },
        "3041103": {
            "config": {
                "oslist": "macos"
            },
            "manifests": {
                "public": {
                    "gid": "9198772141979897573",
                    "size": "88862684",
                    "download": "58494640"
                }
            }
        },
        "baselanguages": "english,german,french,italian,koreana,spanish,schinese,tchinese,russian,thai,japanese,portuguese,dutch,hungarian,czech,turkish,arabic,brazilian,ukrainian,latam,vietnamese,indonesian",
        "branches": {
            "public": {
                "buildid": "15672216",
                "timeupdated": "1726113496"
            }
        }
    }
}