{
    "appid": "3015200",
    "type": "Demo",
    "name": "Cozy Marbles Demo",
    "schinese_name": "",
    "isfreeapp": "0",
    "change_number": "24779154",
    "update_time": "2024-08-14 15:18:59",
    "depot": {
        "3015201": {
            "manifests": {
                "public": {
                    "gid": "5593281265634901052",
                    "size": "328437717",
                    "download": "111089088"
                }
            },
            "decryptionkey": "a78831a4b776d1c5af9638e2fbf8290768e775c07353c8cb91d4722c98fac73b"
        },
        "branches": {
            "public": {
                "buildid": "15364859",
                "timeupdated": "1723619934"
            }
        }
    }
}