{
    "appid": "3664820",
    "type": "Game",
    "name": "Sandboxels",
    "schinese_name": "",
    "isfreeapp": "0",
    "change_number": "29043080",
    "update_time": "2025-05-18 03:39:03",
    "depot": {
        "3664821": {
            "config": {
                "oslist": "windows"
            },
            "manifests": {
                "public": {
                    "gid": "4905870338763384749",
                    "size": "325896404",
                    "download": "115947888"
                }
            },
            "decryptionkey": "a5f074a366a8dd4ab0bd26ffde13a7503f5081b8a683e089237f418194ee04c3"
        },
        "3664822": {
            "config": {
                "oslist": "macos",
                "osarch": "64"
            },
            "manifests": {
                "public": {
                    "gid": "4441021742476946606",
                    "size": "301458333",
                    "download": "104124832"
                }
            }
        },
        "branches": {
            "public": {
                "buildid": "18493917",
                "timeupdated": "1747411416"
            }
        }
    }
}