{
    "appid": "3159870",
    "type": "Demo",
    "name": "Atomic Owl Demo",
    "schinese_name": "",
    "isfreeapp": "0",
    "change_number": "26118773",
    "update_time": "2024-11-09 12:37:52",
    "depot": {
        "3159871": {
            "config": {
                "oslist": "windows",
                "osarch": "64"
            },
            "manifests": {
                "public": {
                    "gid": "4410114717713379265",
                    "size": "1190274043",
                    "download": "524126992"
                },
                "public1.0build": {
                    "gid": "4410114717713379265",
                    "size": "1190274043",
                    "download": "524126992"
                }
            },
            "decryptionkey": "f387e2cbe87387bdf3e345447f7cb3f288a4a03103c0bd2c4af697ec2f3b1fb5"
        },
        "branches": {
            "public": {
                "buildid": "16350131",
                "timeupdated": "1731126936"
            },
            "public1.0build": {
                "buildid": "16350131",
                "description": "Helium Fix",
                "timeupdated": "1731126872"
            }
        }
    }
}