{
    "appid": "3188830",
    "type": "Game",
    "name": "I'm Still Here",
    "schinese_name": "",
    "isfreeapp": "0",
    "change_number": "28988029",
    "update_time": "2025-05-15 03:14:43",
    "depot": {
        "228989": {
            "config": {
                "oslist": "windows"
            },
            "depotfromapp": "228980",
            "sharedinstall": "1"
        },
        "228990": {
            "config": {
                "oslist": "windows"
            },
            "depotfromapp": "228980",
            "sharedinstall": "1"
        },
        "3188831": {
            "manifests": {
                "public": {
                    "gid": "7566695375310043821",
                    "size": "3308796230",
                    "download": "3201538336"
                }
            },
            "decryptionkey": "fcaa01d5cf116526dfb6b4cd3639f8707c0bb73b9b7f86854766081f20f88b53"
        },
        "branches": {
            "public": {
                "buildid": "16345203",
                "timeupdated": "1731087718"
            }
        }
    }
}