{
    "appid": "3230870",
    "type": "Game",
    "name": "Archaeology - FROZEN WALL",
    "schinese_name": "",
    "isfreeapp": "0",
    "change_number": "28414754",
    "update_time": "2025-04-11 03:11:21",
    "depot": {
        "3230871": {
            "manifests": {
                "public": {
                    "gid": "7928312258612420434",
                    "size": "1226484979",
                    "download": "218081808"
                }
            },
            "decryptionkey": "569737f9ddab7a6a817123f988b63ecea5cdce90250e2f6b17b107b6cb2c0e89"
        },
        "branches": {
            "public": {
                "buildid": "17581503",
                "timeupdated": "1741047019"
            }
        }
    }
}