{
    "appid": "3099560",
    "type": "Demo",
    "name": "Money And Lady Demo",
    "schinese_name": "",
    "isfreeapp": "0",
    "change_number": "25959487",
    "update_time": "2024-10-30 06:22:58",
    "depot": {
        "3099561": {
            "config": {
                "oslist": "windows",
                "osarch": "64"
            },
            "manifests": {
                "public": {
                    "gid": "4653462332668788202",
                    "size": "6862555544",
                    "download": "1340122192"
                }
            },
            "decryptionkey": "4d4811c5fcc1c7c61b5db846f6ad5edf1bb17c314a23deeab17a6c1ba33f31b8"
        },
        "branches": {
            "public": {
                "buildid": "16110560",
                "timeupdated": "1729388158"
            }
        }
    }
}