{
    "appid": "2987550",
    "type": "Music",
    "name": "卡库远古封印 Soundtrack",
    "schinese_name": "卡库远古封印 - 游戏原声音乐集",
    "isfreeapp": "0",
    "change_number": "27165356",
    "update_time": "2025-01-26 01:27:59",
    "depot": {
        "2987551": {
            "manifests": {
                "public": {
                    "gid": "839037073262491935",
                    "size": "71104633",
                    "download": "66645888"
                }
            },
            "decryptionkey": "843c97d57b27b7667679c5c34051162de47eb658aaada4f87d1dcc903b59918a"
        },
        "2987552": {
            "config": {
                "highqualityaudio": "1"
            },
            "manifests": {
                "public": {
                    "gid": "1224388374528342809",
                    "size": "706626258",
                    "download": "626743776"
                }
            },
            "decryptionkey": "956d06df4508e5dd3ba28957dcb7d8a6170be6218c06c32f4956d053a88c2a7d"
        },
        "branches": {
            "public": {
                "buildid": "14839375",
                "timeupdated": "1719370892"
            }
        }
    }
}