{
    "appid": "3118940",
    "type": "DLC",
    "name": "RPG Developer Bakin PixelScapes Town Pack",
    "schinese_name": "",
    "isfreeapp": "0",
    "change_number": "25203701",
    "update_time": "2024-09-13 11:55:32",
    "depot": {
        "3118940": {
            "manifests": {
                "public": {
                    "gid": "5571860479359872727",
                    "size": "65317693",
                    "download": "46950400"
                }
            },
            "dlcappid": "3118940",
            "decryptionkey": "a9d980b0a805d10fa773b2f923a8f501f763b17799a4df0f8187ea3b78c4c08a"
        },
        "branches": {
            "public": {
                "buildid": "15470875",
                "timeupdated": "1724408674"
            }
        }
    }
}