{
    "appid": "3349150",
    "type": "Game",
    "name": "Crab Game 2",
    "schinese_name": "",
    "isfreeapp": "0",
    "change_number": "28330496",
    "update_time": "2025-04-06 16:17:36",
    "depot": {
        "228989": {
            "config": {
                "oslist": "windows"
            },
            "depotfromapp": "228980",
            "sharedinstall": "1"
        },
        "228990": {
            "config": {
                "oslist": "windows"
            },
            "depotfromapp": "228980",
            "sharedinstall": "1"
        },
        "3349151": {
            "manifests": {
                "public": {
                    "gid": "3466267378914866701",
                    "size": "588470158",
                    "download": "459106624"
                }
            },
            "decryptionkey": "deb3857f2ce656c271ac99ce400be90d4608701551e960b7ee1c07310ae13ac6"
        },
        "branches": {
            "public": {
                "buildid": "16768483",
                "timeupdated": "1734408994"
            }
        }
    }
}