{
    "appid": "3242000",
    "type": "Demo",
    "name": "Magic Pussy: Chapter 3 Demo",
    "schinese_name": "",
    "isfreeapp": "0",
    "change_number": "26506830",
    "update_time": "2024-12-05 20:14:59",
    "depot": {
        "3242001": {
            "config": {
                "oslist": "windows"
            },
            "manifests": {
                "public": {
                    "gid": "366188014492502027",
                    "size": "4141764663",
                    "download": "2717354592"
                }
            },
            "decryptionkey": "7ec50b9354a41f6c8ab9f28b1148a6524909020dff4ff2c894bf9f1a1be296f7"
        },
        "3242002": {
            "config": {
                "oslist": "macos"
            },
            "manifests": {}
        },
        "branches": {
            "public": {
                "buildid": "16033314",
                "timeupdated": "1728893943"
            }
        },
        "privatebranches": "1"
    }
}