{
    "appid": "3132230",
    "type": "Demo",
    "name": "旅人的紫阳 Demo",
    "schinese_name": "",
    "isfreeapp": "0",
    "change_number": "26417508",
    "update_time": "2024-12-05 04:08:23",
    "depot": {
        "baselanguages": "schinese",
        "3132231": {
            "config": {
                "oslist": "windows",
                "osarch": "64"
            },
            "manifests": {
                "public": {
                    "gid": "1050064393606093189",
                    "size": "876649542",
                    "download": "689613712"
                }
            },
            "decryptionkey": "4a587a5e26cb089a988c742c54f0e3f8e69874cb38bf6329c6a83098aab5e031"
        },
        "branches": {
            "public": {
                "buildid": "16098514",
                "timeupdated": "1729267123"
            }
        }
    }
}