{
    "appid": "3293660",
    "type": "Game",
    "name": "Cartier 06",
    "schinese_name": "",
    "isfreeapp": "0",
    "change_number": "28695806",
    "update_time": "2025-04-28 04:54:32",
    "depot": {
        "228989": {
            "config": {
                "oslist": "windows"
            },
            "depotfromapp": "228980",
            "sharedinstall": "1"
        },
        "228990": {
            "config": {
                "oslist": "windows"
            },
            "depotfromapp": "228980",
            "sharedinstall": "1"
        },
        "3293661": {},
        "3293662": {
            "config": {
                "oslist": "windows",
                "osarch": "64"
            },
            "manifests": {
                "public": {
                    "gid": "7770473724403757912",
                    "size": "8768347387",
                    "download": "8507558400"
                }
            },
            "decryptionkey": "c7c158277a4221a34e8a77b79badc1dda2ec27f727fa035a9e8ff11ebc8e7ff2"
        },
        "branches": {
            "public": {
                "buildid": "17648462",
                "timeupdated": "1741463696"
            }
        }
    }
}