{
    "appid": "2955820",
    "type": "Game",
    "name": "Sex, Camera, Action! 🔞",
    "schinese_name": "",
    "isfreeapp": "0",
    "change_number": "29013636",
    "update_time": "2025-05-16 08:02:01",
    "depot": {
        "2955821": {
            "manifests": {
                "public": {
                    "gid": "8540343565185785686",
                    "size": "4022883417",
                    "download": "3926787472"
                }
            },
            "decryptionkey": "1b028cac40e62c2d7815521286a9e69daedc6e35a5d064d767c52966ffe1fe18"
        },
        "branches": {
            "public": {
                "buildid": "15171810",
                "timeupdated": "1722079458"
            }
        },
        "privatebranches": "1"
    }
}