{
    "appid": "3167260",
    "type": "Game",
    "name": "WAR RATS: The Rat em Up",
    "schinese_name": "",
    "isfreeapp": "0",
    "change_number": "28855120",
    "update_time": "2025-05-07 13:46:45",
    "depot": {
        "3167261": {
            "manifests": {
                "public": {
                    "gid": "6083623304170309935",
                    "size": "779302560",
                    "download": "622973952"
                }
            },
            "decryptionkey": "64f729afde32c0b59748d1f0998122df22b315d2624d4e435c2d90c72db0b98b"
        },
        "branches": {
            "public": {
                "buildid": "18361356",
                "timeupdated": "1746545082"
            }
        }
    }
}