{
    "appid": "3276060",
    "type": "Application",
    "name": "Movavi Video Editor 2025",
    "schinese_name": "",
    "isfreeapp": "0",
    "change_number": "29038467",
    "update_time": "2025-05-17 17:13:21",
    "depot": {
        "hasdepotsindlc": "1",
        "baselanguages": "english,german,french,italian,koreana,spanish,schinese,tchinese,russian,japanese,polish,dutch,turkish,brazilian",
        "3276061": {
            "config": {
                "oslist": "windows",
                "osarch": "64"
            },
            "manifests": {
                "public": {
                    "gid": "1976478924364317196",
                    "size": "394077914",
                    "download": "130094832"
                }
            },
            "decryptionkey": "939e715ce6ccbaa1ef3912c3a492b1ae7bab55a809a3f96c91655c403678b2f6"
        },
        "branches": {
            "public": {
                "buildid": "16597329",
                "timeupdated": "1733119402"
            }
        }
    }
}