{
    "appid": "2996830",
    "type": "Music",
    "name": "Nobody Wants to Die Soundtrack",
    "schinese_name": "无人愿死 原声带",
    "isfreeapp": "0",
    "change_number": "27829697",
    "update_time": "2025-03-07 14:11:24",
    "depot": {
        "2996831": {
            "manifests": {
                "public": {
                    "gid": "1955093715882694429",
                    "size": "138741400",
                    "download": "138107328"
                }
            },
            "decryptionkey": "94a10689e1f5fdb739c5757b587f91ef70d1f1cf0e0ed9ec8c9fe310b0cb9613"
        },
        "branches": {
            "public": {
                "buildid": "14895171",
                "timeupdated": "1719842119"
            }
        }
    }
}