{
    "appid": "3004600",
    "type": "Game",
    "name": "炒飯マスター",
    "schinese_name": "",
    "isfreeapp": "0",
    "change_number": "25992692",
    "update_time": "2024-11-01 00:11:43",
    "depot": {
        "3004601": {
            "manifests": {
                "public": {
                    "gid": "1139344050091860792",
                    "size": "360756615",
                    "download": "132194032"
                }
            },
            "decryptionkey": "cfaa3de04456b52ed3cd1ee2f28ebc501413aead8f2e9e91f68ccb591ccc4f88"
        },
        "branches": {
            "public": {
                "buildid": "15392557",
                "timeupdated": "1723798859"
            }
        }
    }
}