{
    "appid": "3154090",
    "type": "Music",
    "name": "Sins of a Solar Empire II - Soundtrack",
    "schinese_name": "",
    "isfreeapp": "0",
    "change_number": "28848486",
    "update_time": "2025-05-07 03:33:13",
    "depot": {
        "3154091": {
            "manifests": {
                "public": {
                    "gid": "6270943639327688332",
                    "size": "313708173",
                    "download": "302539872"
                }
            },
            "decryptionkey": "53c778d79fd92445d1905ee5a9dd0cb59daa0a864834f9642246462a85c6bde2"
        },
        "3154092": {
            "config": {
                "highqualityaudio": "1"
            },
            "manifests": {
                "public": {
                    "gid": "1082350897927998127",
                    "size": "2978877562",
                    "download": "2976373248"
                }
            },
            "decryptionkey": "e584c4afb43e58a84342bb65134beee58af1b65b965c58b5fa08579b5bc37488"
        },
        "branches": {
            "public": {
                "buildid": "15823935",
                "timeupdated": "1727275299"
            }
        }
    }
}