{
    "appid": "3142830",
    "type": "Demo",
    "name": "透明的她与真实的我 Demo",
    "schinese_name": "",
    "isfreeapp": "0",
    "change_number": "26888252",
    "update_time": "2025-01-07 15:29:58",
    "depot": {
        "baselanguages": "schinese",
        "3142831": {
            "config": {
                "oslist": "windows"
            },
            "manifests": {
                "public": {
                    "gid": "8642203480474092759",
                    "size": "1995372632",
                    "download": "595506208"
                }
            },
            "decryptionkey": "8e9db92c6f741ac1c66732fa1be8348c8c09867cb3c05df3c70b8513f806181e"
        },
        "branches": {
            "public": {
                "buildid": "16891620",
                "timeupdated": "1735826458"
            }
        },
        "privatebranches": "1"
    }
}