{
    "appid": "3363660",
    "type": "DLC",
    "name": "Blackthorn Arena: Reforged - Supporter Pack",
    "schinese_name": "黑荆棘角斗场：重铸版 - 角斗士支持礼包",
    "isfreeapp": "0",
    "change_number": "26630397",
    "update_time": "2024-12-13 21:44:35",
    "depot": {
        "3363660": {
            "manifests": {
                "public": {
                    "gid": "9113216547409956970",
                    "size": "519917148",
                    "download": "249287856"
                }
            },
            "dlcappid": "3363660",
            "decryptionkey": "55b793da8c0f3c1924b44589a6ba46aa73793e0de3a39afce32ea5fac4de9c4d"
        },
        "branches": {
            "public": {
                "buildid": "16641216",
                "timeupdated": "1733391590"
            }
        }
    }
}