{
    "appid": "3034560",
    "type": "Game",
    "name": "重返地球",
    "schinese_name": "重返地球",
    "isfreeapp": "0",
    "change_number": "29015847",
    "update_time": "2025-05-16 11:19:17",
    "depot": {
        "baselanguages": "english,german,french,italian,koreana,spanish,schinese,tchinese,russian,thai,japanese,portuguese,polish,turkish,brazilian,latam,vietnamese,indonesian",
        "3034562": {
            "config": {
                "oslist": "windows",
                "osarch": "64"
            },
            "manifests": {
                "public": {
                    "gid": "3001283134011320741",
                    "size": "482414915",
                    "download": "209107152"
                }
            },
            "decryptionkey": "51593b4111fd7b04f2a5353d2b0d8cf82c811bfbcf8272890ecccf41a096ad96"
        },
        "branches": {
            "public": {
                "buildid": "16782718",
                "timeupdated": "1734502139"
            }
        }
    }
}