{
    "appid": "2973540",
    "type": "Game",
    "name": "3D PUZZLE - Hospital 2",
    "schinese_name": "",
    "isfreeapp": "0",
    "change_number": "28201696",
    "update_time": "2025-03-29 09:14:58",
    "depot": {
        "2973541": {
            "manifests": {
                "public": {
                    "gid": "5741872397977181184",
                    "size": "1192831493",
                    "download": "164176096"
                }
            },
            "decryptionkey": "1a8b4626ce24980dfb8467331b8dc97c6bc333ade45afa2ba4c02510748687a0"
        },
        "branches": {
            "public": {
                "buildid": "14421686",
                "timeupdated": "1716850845"
            }
        }
    }
}