{
    "appid": "3003680",
    "type": "Game",
    "name": "Adventure Allies",
    "schinese_name": "",
    "isfreeapp": "0",
    "change_number": "29007771",
    "update_time": "2025-05-16 01:11:06",
    "depot": {
        "3003681": {
            "config": {
                "oslist": "windows"
            },
            "manifests": {
                "public": {
                    "gid": "7191022662605951046",
                    "size": "2154741342",
                    "download": "479985680"
                },
                "development": {
                    "gid": "2968717762083183456",
                    "size": "2154741342",
                    "download": "479995776"
                }
            },
            "decryptionkey": "7c266c233c1a8af1df7d1e591019d43d637c7184fbe7ed06b9b9ee27a570ce0d"
        },
        "3003682": {
            "config": {
                "oslist": "windows"
            }
        },
        "baselanguages": "english,german,french,koreana,spanish,schinese,tchinese,russian,japanese,polish,brazilian",
        "branches": {
            "public": {
                "buildid": "17806197",
                "timeupdated": "1742550651"
            },
            "development": {
                "buildid": "17782360",
                "description": "test",
                "timeupdated": "1742399001"
            }
        }
    }
}