{
    "appid": "2947970",
    "type": "Game",
    "name": "The Restless Sheep & The Lone Wolf -A Tale of Cutthroat Lovers-",
    "schinese_name": "失眠的羊与孤独的狼",
    "isfreeapp": "0",
    "change_number": "28894513",
    "update_time": "2025-05-09 11:41:19",
    "depot": {
        "2947971": {
            "manifests": {
                "public": {
                    "gid": "8531398385421502672",
                    "size": "1420381400",
                    "download": "1393379792"
                }
            },
            "decryptionkey": "a9d6563439db5ea33b44e76e7df22cf64b44fc3ae7c11610ed05020660224796"
        },
        "2947972": {
            "config": {
                "language": "schinese"
            },
            "manifests": {
                "public": {
                    "gid": "3781625602653114266",
                    "size": "1411172601",
                    "download": "1383987904"
                }
            },
            "decryptionkey": "2743e46e4759f246450037d6c126c38e1b9c79148008a4087c44b09589aea990"
        },
        "2947973": {
            "config": {
                "language": "tchinese"
            },
            "manifests": {
                "public": {
                    "gid": "131163167603509579",
                    "size": "1411638958",
                    "download": "1384576336"
                }
            },
            "decryptionkey": "5965311159078bdb6b7ddd9956678c9423f838d8c3a2e068cdc926310d4e8427"
        },
        "baselanguages": "english,schinese,tchinese",
        "branches": {
            "public": {
                "buildid": "17233647",
                "timeupdated": "1738660656"
            }
        }
    }
}