{
    "appid": "3617260",
    "type": "DLC",
    "name": "旅行恋恋Art Book: 恋恋新天地喂养指南",
    "schinese_name": "",
    "isfreeapp": "0",
    "change_number": "28740385",
    "update_time": "2025-04-30 11:27:04",
    "depot": {
        "3617261": {
            "manifests": {
                "public": {
                    "gid": "8853754793931855572",
                    "size": "40942679",
                    "download": "38870672"
                }
            },
            "dlcappid": "3617260",
            "decryptionkey": "b134c0a62bf43bf0c3fcb98accd36064e0f6388e7fbb82b60889ccb365d53923"
        },
        "branches": {
            "public": {
                "buildid": "17833732",
                "timeupdated": "1742810597"
            }
        }
    }
}