{
    "appid": "3129520",
    "type": "DLC",
    "name": "REYNATIS - Art Book",
    "schinese_name": "",
    "isfreeapp": "0",
    "change_number": "28253203",
    "update_time": "2025-04-02 01:17:03",
    "depot": {
        "3129520": {
            "manifests": {
                "public": {
                    "gid": "8101043997248204235",
                    "size": "186181740",
                    "download": "179413648"
                }
            },
            "dlcappid": "3129520",
            "decryptionkey": "8d55bf573b4a9d8a7ae7eeac014aa5282fa63edb7663939a2e3947b0a7617547"
        },
        "branches": {
            "public": {
                "buildid": "15610127",
                "timeupdated": "1725585175"
            }
        }
    }
}