{
    "appid": "3022680",
    "type": "Game",
    "name": "Book of Spells 2",
    "schinese_name": "",
    "isfreeapp": "0",
    "change_number": "28578438",
    "update_time": "2025-04-21 12:59:49",
    "depot": {
        "3022681": {
            "manifests": {
                "public": {
                    "gid": "8669941234878931265",
                    "size": "2091889604",
                    "download": "497971600"
                }
            },
            "decryptionkey": "a1a3c620e89f6b726070c5292d6a9b84963d18d0d35109f7a20a55a9b93c426f"
        },
        "branches": {
            "public": {
                "buildid": "14698402",
                "timeupdated": "1718234310"
            }
        }
    }
}