{
    "appid": "2986400",
    "type": "Game",
    "name": "Roundscape Adorevia",
    "schinese_name": "",
    "isfreeapp": "0",
    "change_number": "28595525",
    "update_time": "2025-04-22 14:57:42",
    "depot": {
        "2986401": {
            "manifests": {
                "public": {
                    "gid": "1142931895040297161",
                    "size": "3877317267",
                    "download": "3472762992"
                }
            },
            "decryptionkey": "522dcc8ee62826eabb0eb037f621ba89ed41dc5e97c6d6009ffe08c9437791b8"
        },
        "branches": {
            "public": {
                "buildid": "16672896",
                "timeupdated": "1733670668"
            }
        }
    }
}