{
    "appid": "3065720",
    "type": "Game",
    "name": "life is not auto",
    "schinese_name": "生命不是自动的",
    "isfreeapp": "0",
    "change_number": "27167549",
    "update_time": "2025-01-26 07:28:18",
    "depot": {
        "baselanguages": "english,german,french,italian,koreana,spanish,schinese,tchinese,russian,japanese,portuguese",
        "3065721": {
            "manifests": {
                "public": {
                    "gid": "6888445850545339128",
                    "size": "1761390943",
                    "download": "201079856"
                }
            },
            "decryptionkey": "06f2213285900ea984a0d737482f398144ed7c16a59a88fe1209a86f4b8d42fc"
        },
        "branches": {
            "public": {
                "buildid": "14792816",
                "timeupdated": "1718964840"
            }
        }
    }
}