{
    "appid": "3642110",
    "type": "Game",
    "name": "少女武士-葵纹(JK-Girl-Samurai)",
    "schinese_name": "少女武士-葵纹",
    "isfreeapp": "0",
    "change_number": "29047435",
    "update_time": "2025-05-18 17:15:20",
    "depot": {
        "baselanguages": "schinese",
        "hasdepotsindlc": "0",
        "3642111": {
            "config": {
                "oslist": "macos"
            },
            "manifests": {
                "public": {
                    "gid": "3412075574411582709",
                    "size": "233395942",
                    "download": "94730720"
                }
            }
        },
        "3642112": {
            "config": {
                "oslist": "windows"
            },
            "manifests": {
                "public": {
                    "gid": "6064517352290290982",
                    "size": "133529368",
                    "download": "74519792"
                }
            },
            "decryptionkey": "664468061b178da97e9e46183dfaf43537bf2730f00302838ed74015fc1a2b62"
        },
        "branches": {
            "public": {
                "buildid": "18304488",
                "timeupdated": "1746065204"
            }
        }
    }
}