{
    "appid": "3018180",
    "type": "Demo",
    "name": "异世界超级战争 序章 P1 Demo",
    "schinese_name": "",
    "isfreeapp": "0",
    "change_number": "25830824",
    "update_time": "2024-10-22 10:23:43",
    "depot": {
        "3018181": {
            "manifests": {
                "public": {
                    "gid": "5116877159647226731",
                    "size": "739257711",
                    "download": "456537248"
                }
            },
            "decryptionkey": "3c23faa5ff4ae1316d20d2fb9d08beff792f482010fba116ea343da1bc92280b"
        },
        "baselanguages": "",
        "branches": {
            "public": {
                "buildid": "16050064",
                "timeupdated": "1728987535"
            }
        }
    }
}