{
    "appid": "3130280",
    "type": "Demo",
    "name": "There's No Monsters Demo",
    "schinese_name": "",
    "isfreeapp": "0",
    "change_number": "25959487",
    "update_time": "2024-10-30 06:22:17",
    "depot": {
        "3130281": {
            "manifests": {
                "public": {
                    "gid": "371794019292567473",
                    "size": "330155806",
                    "download": "112016832"
                }
            },
            "decryptionkey": "612b7aec9a066c47393ad5c2fcdd6b960c1d2b9832ea6a0cab098a5773291f9e"
        },
        "3130282": {
            "config": {
                "oslist": "macos"
            },
            "manifests": {
                "public": {
                    "gid": "4774007404589485507",
                    "size": "347012886",
                    "download": "118798528"
                }
            },
            "decryptionkey": ""
        },
        "3130283": {
            "config": {
                "oslist": "linux"
            },
            "manifests": {
                "public": {
                    "gid": "4887129195256839488",
                    "size": "346438470",
                    "download": "111643632"
                }
            },
            "decryptionkey": ""
        },
        "branches": {
            "public": {
                "buildid": "16071924",
                "timeupdated": "1729113655"
            }
        }
    }
}