{
    "appid": "3068580",
    "type": "Game",
    "name": "Divine Dynamo Flamefrit",
    "schinese_name": "精灵机弗烈利特",
    "isfreeapp": "0",
    "change_number": "29016036",
    "update_time": "2025-05-16 11:36:48",
    "depot": {
        "228989": {
            "config": {
                "oslist": "windows"
            },
            "depotfromapp": "228980",
            "sharedinstall": "1"
        },
        "228990": {
            "config": {
                "oslist": "windows"
            },
            "depotfromapp": "228980",
            "sharedinstall": "1"
        },
        "3068581": {
            "manifests": {
                "public": {
                    "gid": "1564892849419626511",
                    "size": "80804102",
                    "download": "78693712"
                }
            },
            "decryptionkey": "5383f9f5644c3a1dcbbd1e9eed815e508f129d994e9659fda9240f231b41c1cb"
        },
        "baselanguages": "english,german,french,italian,koreana,spanish,schinese,tchinese,japanese,brazilian",
        "branches": {
            "public": {
                "buildid": "16847427",
                "timeupdated": "1735200001"
            }
        },
        "privatebranches": "1"
    }
}