{
    "appid": "3280130",
    "type": "DLC",
    "name": "JR EAST Train Simulator: Yokosuka Line (Kurihama to Tokyo) Series E217",
    "schinese_name": "",
    "isfreeapp": "0",
    "change_number": "27534151",
    "update_time": "2025-02-18 20:38:18",
    "depot": {
        "3280131": {
            "manifests": {
                "public": {
                    "gid": "1062135683757198534",
                    "size": "534536624",
                    "download": "346117744"
                }
            },
            "dlcappid": "3280130",
            "decryptionkey": "4d87325309a7a72f58a7b31964266411da7e49de0ecda62bbe34e8d5b1ff32b3"
        },
        "3280132": {
            "manifests": {
                "public": {
                    "gid": "2801479134400224156",
                    "size": "17279257168",
                    "download": "17515691200"
                }
            },
            "dlcappid": "3280130",
            "decryptionkey": "6a44ce73c83a16c9ecfee5ba3910e2e485415f970df9fce2c12df6d7bcb953a9"
        },
        "3280133": {
            "manifests": {
                "public": {
                    "gid": "8358044904817032256",
                    "size": "399879744",
                    "download": "183101536"
                }
            },
            "dlcappid": "3280130",
            "decryptionkey": "f9a6ec763d4a171ef0894a441321a5aab59c8fa6e8941a29f9a1c7236ae184a2"
        },
        "3280134": {
            "manifests": {
                "public": {
                    "gid": "232957393882780908",
                    "size": "5031594768",
                    "download": "5100443504"
                }
            },
            "dlcappid": "3280130",
            "decryptionkey": "17fe0244944bf45a1695c4031e0f8f9e700c776c865c4ef0287c3e8d873fdc63"
        },
        "branches": {
            "public": {
                "buildid": "16261191",
                "timeupdated": "1730446697"
            }
        }
    }
}