{
    "appid": "3072060",
    "type": "Game",
    "name": "101 Cats Hidden in Las Vegas",
    "schinese_name": "",
    "isfreeapp": "0",
    "change_number": "28378748",
    "update_time": "2025-04-09 12:11:02",
    "depot": {
        "3072061": {
            "manifests": {
                "public": {
                    "gid": "3334577572468239019",
                    "size": "566893542",
                    "download": "92584432"
                }
            },
            "decryptionkey": "5a73caea40ea2d9b7a7ac55c8623fe01778a520337ad16dce31646e67a7c9961"
        },
        "branches": {
            "public": {
                "buildid": "15029704",
                "timeupdated": "1720978803"
            }
        }
    }
}