{
    "appid": "3445320",
    "type": "Demo",
    "name": "Tower of Babel: Survivors of Chaos (Demo)",
    "schinese_name": "巴别塔 ：混乱的幸存者 (Demo)",
    "isfreeapp": "0",
    "change_number": "27523280",
    "update_time": "2025-02-18 05:15:24",
    "depot": {
        "baselanguages": "english,german,french,koreana,spanish,schinese,tchinese,japanese",
        "3445321": {
            "config": {
                "oslist": "windows"
            },
            "manifests": {
                "public": {
                    "gid": "4629195798368531185",
                    "size": "331965129",
                    "download": "74460816"
                }
            },
            "decryptionkey": "51cf33f2344f7b2756b9cab33bd55e7e45dc7a16c3dd84beca7997c66e5c0f7e"
        },
        "3445322": {
            "config": {
                "oslist": "macos"
            },
            "manifests": {
                "public": {
                    "gid": "8916187052083265991",
                    "size": "168112002",
                    "download": "82751200"
                }
            },
            "decryptionkey": ""
        },
        "branches": {
            "public": {
                "buildid": "17452325",
                "timeupdated": "1740130034"
            }
        }
    }
}