{
    "appid": "3300670",
    "type": "Game",
    "name": "Elevator 25",
    "schinese_name": "",
    "isfreeapp": "0",
    "change_number": "27054403",
    "update_time": "2025-01-18 16:41:52",
    "depot": {
        "3300671": {
            "config": {
                "language": "english",
                "oslist": "windows",
                "osarch": "64"
            },
            "manifests": {
                "public": {
                    "gid": "5258310664463741694",
                    "size": "2047501238",
                    "download": "684296592"
                }
            },
            "decryptionkey": "5d516b4c1f40c716b7f41b6701aee692a6537259f34dfb60d6b4fc1251529736"
        },
        "branches": {
            "public": {
                "buildid": "17049190",
                "timeupdated": "1737189707"
            }
        }
    }
}