{
    "appid": "3416980",
    "type": "Demo",
    "name": "领土崛起 Demo",
    "schinese_name": "",
    "isfreeapp": "0",
    "change_number": "27054340",
    "update_time": "2025-01-18 16:30:22",
    "depot": {
        "3416981": {
            "manifests": {
                "public": {
                    "gid": "7668270586287493520",
                    "size": "608573095",
                    "download": "283369328"
                }
            },
            "decryptionkey": "45b7266a59f359b83a8b474a4c371ef8855c1cb0432fb4031094fb93bce727f0"
        },
        "branches": {
            "public": {
                "buildid": "17012923",
                "timeupdated": "1736945000"
            }
        }
    }
}