{
    "appid": "3204120",
    "type": "Game",
    "name": "Maestro's Cold War 2",
    "schinese_name": "",
    "isfreeapp": "0",
    "change_number": "28914583",
    "update_time": "2025-05-10 14:06:37",
    "depot": {
        "hasdepotsindlc": "1",
        "baselanguages": "english",
        "3204121": {
            "config": {
                "oslist": "windows",
                "osarch": "64"
            },
            "manifests": {
                "public": {
                    "gid": "1763068290249471279",
                    "size": "1068464008",
                    "download": "757895888"
                }
            },
            "decryptionkey": "8e5979fb805b0194cd6f902c893ae3ca24d9cc297407aa0d57b26e7f6fe04f62"
        },
        "3204122": {
            "config": {
                "oslist": "macos",
                "osarch": "64"
            },
            "manifests": {
                "public": {
                    "gid": "1274140989250519600",
                    "size": "1149531892",
                    "download": "775270336"
                }
            }
        },
        "3204123": {
            "config": {
                "language": "english",
                "oslist": "linux",
                "osarch": "64"
            },
            "manifests": {
                "public": {
                    "gid": "6117501259904884737",
                    "size": "1051297680",
                    "download": "754198032"
                }
            }
        },
        "workshopdepot": "3204120",
        "branches": {
            "public": {
                "buildid": "18182176",
                "timeupdated": "1745253264"
            }
        },
        "workshopdepotdecryptionkey": ""
    }
}