{
    "appid": "3070520",
    "type": "Game",
    "name": "Granny: Escape Together",
    "schinese_name": "",
    "isfreeapp": "0",
    "change_number": "29016036",
    "update_time": "2025-05-16 11:36:50",
    "depot": {
        "228989": {
            "config": {
                "oslist": "windows"
            },
            "depotfromapp": "228980",
            "sharedinstall": "1"
        },
        "228990": {
            "config": {
                "oslist": "windows"
            },
            "depotfromapp": "228980",
            "sharedinstall": "1"
        },
        "3070521": {
            "config": {
                "oslist": "windows",
                "osarch": "64"
            },
            "manifests": {
                "public": {
                    "gid": "8672649190083141735",
                    "size": "5011471028",
                    "download": "4726616144"
                }
            },
            "decryptionkey": "a624ab03d223bb7e405e6c834738fca46393c4cf737fb3b154202f53dbc62c18"
        },
        "branches": {
            "public": {
                "buildid": "17499518",
                "timeupdated": "1740488391"
            }
        },
        "privatebranches": "1"
    }
}