{
    "appid": "3212570",
    "type": "Demo",
    "name": "Riftstorm Demo",
    "schinese_name": "",
    "isfreeapp": "0",
    "change_number": "26183469",
    "update_time": "2024-11-14 07:38:44",
    "depot": {
        "3212571": {
            "config": {
                "oslist": "windows",
                "osarch": "64"
            },
            "manifests": {
                "public": {
                    "gid": "2667528824592968136",
                    "size": "6688946473",
                    "download": "3146818944"
                }
            },
            "decryptionkey": "712f1624e0bceb3854f83a72c49e609e13b1f731406977578f24ff491110f777"
        },
        "branches": {
            "public": {
                "buildid": "15899194",
                "timeupdated": "1727856396"
            }
        },
        "privatebranches": "1"
    }
}