{
    "appid": "3186190",
    "type": "Demo",
    "name": "Tempus Triad Demo",
    "schinese_name": "",
    "isfreeapp": "0",
    "change_number": "28235967",
    "update_time": "2025-04-01 04:52:14",
    "depot": {
        "228989": {
            "config": {
                "oslist": "windows"
            },
            "depotfromapp": "228980",
            "sharedinstall": "1"
        },
        "228990": {
            "config": {
                "oslist": "windows"
            },
            "depotfromapp": "228980",
            "sharedinstall": "1"
        },
        "3186191": {
            "config": {
                "oslist": "windows"
            },
            "manifests": {
                "public": {
                    "gid": "5429651903946093980",
                    "size": "2945273169",
                    "download": "2759682992"
                }
            },
            "decryptionkey": "cc946626bd7ce571ce7b6e8935bb984caae7337acebe397dba464ba7f911bf45"
        },
        "branches": {
            "public": {
                "buildid": "17693185",
                "timeupdated": "1741785531"
            }
        }
    }
}