{
    "appid": "3220010",
    "type": "Game",
    "name": "Mangui",
    "schinese_name": "",
    "isfreeapp": "0",
    "change_number": "29041056",
    "update_time": "2025-05-17 23:04:03",
    "depot": {
        "baselanguages": "english,koreana",
        "3220011": {
            "config": {
                "oslist": "windows"
            },
            "manifests": {
                "public": {
                    "gid": "5085509818454206873",
                    "size": "785942134",
                    "download": "120804560"
                }
            },
            "decryptionkey": "54bfe07fe3455190a0a9f0489ba360d40469e9f5a7ac7a727bba84e71be38c77"
        },
        "branches": {
            "public": {
                "buildid": "18503347",
                "timeupdated": "1747494240"
            }
        }
    }
}