{
    "appid": "3145320",
    "type": "Game",
    "name": "Elements and Build",
    "schinese_name": "元素与构筑",
    "isfreeapp": "0",
    "change_number": "29016345",
    "update_time": "2025-05-16 12:06:44",
    "depot": {
        "3145321": {
            "manifests": {
                "public": {
                    "gid": "4314852888680315706",
                    "size": "357070630",
                    "download": "168095552"
                }
            },
            "decryptionkey": "62d81b3af6a664b111d82164de5063075fdd70c0c8c045eeb69b75b419c327f6"
        },
        "branches": {
            "public": {
                "buildid": "16890963",
                "timeupdated": "1735817553"
            }
        },
        "privatebranches": "1"
    }
}