{
    "appid": "3064700",
    "type": "Tool",
    "name": "Darkest Dungeon® II: Mod Tools",
    "schinese_name": "",
    "isfreeapp": "0",
    "change_number": "28868725",
    "update_time": "2025-05-08 03:41:25",
    "depot": {
        "3064701": {
            "manifests": {
                "public": {
                    "gid": "430694415207355983",
                    "size": "190670751",
                    "download": "179426528"
                },
                "coming_in_hot": {
                    "gid": "9175580214654257037",
                    "size": "198484019",
                    "download": "182933600"
                }
            },
            "decryptionkey": "91bf97a9c24b4c5d94ca4b30371c8e55c5b64ce038baa4c90f54a74060d3a6ba"
        },
        "workshopdepot": "3064700",
        "branches": {
            "public": {
                "buildid": "15295731",
                "timeupdated": "1723228440"
            },
            "coming_in_hot": {
                "buildid": "16686359",
                "description": "Experimental builds",
                "timeupdated": "1733783649"
            }
        },
        "privatebranches": "1",
        "workshopdepotdecryptionkey": ""
    }
}