{
    "appid": "3180260",
    "type": "Demo",
    "name": "Pairs & Perils Demo",
    "schinese_name": "勇者翻翻看 试玩版",
    "isfreeapp": "0",
    "change_number": "27102243",
    "update_time": "2025-01-22 07:59:24",
    "depot": {
        "3180261": {
            "config": {
                "oslist": "windows"
            },
            "manifests": {
                "public": {
                    "gid": "4740024195676121031",
                    "size": "450415368",
                    "download": "113060656"
                }
            },
            "decryptionkey": "487e53def7c9a6ceacaf4a5bf3cabe8696016e9ad8c99017cc259e566c97df37"
        },
        "3180262": {
            "config": {
                "oslist": "macos"
            },
            "manifests": {
                "public": {
                    "gid": "2687022757939788923",
                    "size": "474334357",
                    "download": "120164752"
                }
            },
            "decryptionkey": ""
        },
        "3180263": {
            "config": {
                "oslist": "linux"
            },
            "manifests": {
                "public": {
                    "gid": "3067464991325205702",
                    "size": "451191072",
                    "download": "111948544"
                }
            },
            "decryptionkey": ""
        },
        "branches": {
            "public": {
                "buildid": "16754425",
                "timeupdated": "1734316276"
            }
        }
    }
}