{
    "appid": "3158370",
    "type": "Game",
    "name": "Knight and the three servants",
    "schinese_name": "骑士与三从者",
    "isfreeapp": "0",
    "change_number": "28951515",
    "update_time": "2025-05-13 10:22:04",
    "depot": {
        "3158371": {
            "config": {
                "oslist": "windows",
                "language": "english"
            },
            "manifests": {
                "public": {
                    "gid": "6170416102936230042",
                    "size": "1451672242",
                    "download": "1288832064"
                }
            },
            "decryptionkey": ""
        },
        "3158372": {
            "config": {
                "language": "japanese",
                "oslist": "windows"
            },
            "manifests": {
                "public": {
                    "gid": "8749552110245259328",
                    "size": "1436410078",
                    "download": "1278952160"
                }
            },
            "decryptionkey": ""
        },
        "3158373": {
            "config": {
                "language": "schinese",
                "oslist": "windows"
            },
            "manifests": {
                "public": {
                    "gid": "1619613048690491193",
                    "size": "1450120139",
                    "download": "1287937296"
                }
            },
            "decryptionkey": "6c5d678627f4c980379b3ec7c47012a37e458a1bd1696190197179c1768948ff"
        },
        "3158374": {
            "config": {
                "language": "tchinese",
                "oslist": "windows"
            },
            "manifests": {
                "public": {
                    "gid": "459284696707896033",
                    "size": "1451899708",
                    "download": "1288729072"
                }
            },
            "decryptionkey": ""
        },
        "baselanguages": "english,schinese,tchinese,japanese",
        "branches": {
            "public": {
                "buildid": "17478370",
                "timeupdated": "1740366683"
            }
        }
    }
}