{
    "appid": "3128740",
    "type": "Game",
    "name": "Beff Jezos Simulator",
    "schinese_name": "",
    "isfreeapp": "0",
    "change_number": "28889088",
    "update_time": "2025-05-09 03:35:57",
    "depot": {
        "3128741": {
            "manifests": {
                "public": {
                    "gid": "2662602837178329472",
                    "size": "3997437032",
                    "download": "1007517136"
                }
            },
            "decryptionkey": "d1955de2d3a4b90777926e083bbe6a24c960a34197a53acda90172f56892ffc6"
        },
        "branches": {
            "public": {
                "buildid": "18156867",
                "timeupdated": "1744978463"
            }
        }
    }
}