{
    "appid": "3437110",
    "type": "Game",
    "name": "Satan's Dungeon",
    "schinese_name": "",
    "isfreeapp": "0",
    "change_number": "27879967",
    "update_time": "2025-03-11 06:01:37",
    "depot": {
        "baselanguages": "english",
        "228989": {
            "config": {
                "oslist": "windows"
            },
            "depotfromapp": "228980",
            "sharedinstall": "1"
        },
        "228990": {
            "config": {
                "oslist": "windows"
            },
            "depotfromapp": "228980",
            "sharedinstall": "1"
        },
        "3437111": {
            "config": {
                "oslist": "windows",
                "osarch": "64"
            },
            "manifests": {
                "public": {
                    "gid": "8700770705685904486",
                    "size": "7944234405",
                    "download": "7495807968"
                }
            },
            "decryptionkey": "ab21a2dc60eb0eafbd167b4e90d742c3bf9a8ca58a1c846df5853e06c70dd49d"
        },
        "3437113": {
            "config": {
                "oslist": "windows",
                "osarch": "32"
            }
        },
        "branches": {
            "public": {
                "buildid": "17340919",
                "timeupdated": "1739385770"
            }
        },
        "privatebranches": "1"
    }
}