{
    "appid": "3087170",
    "type": "Demo",
    "name": "Hero's Warband Demo",
    "schinese_name": "",
    "isfreeapp": "0",
    "change_number": "25612952",
    "update_time": "2024-10-10 20:27:00",
    "depot": {
        "3087171": {
            "manifests": {
                "public": {
                    "gid": "5098101231516325253",
                    "size": "199012574",
                    "download": "33133360"
                }
            },
            "decryptionkey": "3ed322b8bdfe1f46dc5da2be23122385f78dfb217d5f0edca8ca7ba171eb03a1"
        },
        "branches": {
            "public": {
                "buildid": "14952423",
                "timeupdated": "1720279188"
            }
        }
    }
}