{
    "appid": "3385290",
    "type": "Beta",
    "name": "ChromaGun 2: Dye Hard Playtest",
    "schinese_name": "",
    "isfreeapp": "0",
    "change_number": "28436569",
    "update_time": "2025-04-12 03:48:50",
    "depot": {
        "228989": {
            "config": {
                "oslist": "windows"
            },
            "depotfromapp": "228980",
            "sharedinstall": "1"
        },
        "228990": {
            "config": {
                "oslist": "windows"
            },
            "depotfromapp": "228980",
            "sharedinstall": "1"
        },
        "229007": {
            "config": {
                "oslist": "windows"
            },
            "depotfromapp": "228980",
            "sharedinstall": "1"
        },
        "3385291": {
            "manifests": {
                "public": {
                    "gid": "1998086020892753089",
                    "size": "7440547432",
                    "download": "6684129120"
                },
                "second_demo": {
                    "gid": "6933728740634114617",
                    "size": "7069244533",
                    "download": "6271518016"
                }
            },
            "decryptionkey": "33544add12f25217798f521540d6568e9fec2d40f206679adc86d3b5cc78c528"
        },
        "branches": {
            "public": {
                "buildid": "17466966",
                "timeupdated": "1740234141"
            },
            "second_demo": {
                "buildid": "17124637",
                "description": "This is a second version of the demo",
                "timeupdated": "1737750793"
            }
        },
        "privatebranches": "1"
    }
}