{
    "appid": "3546240",
    "type": "Game",
    "name": "치르노의 카드교실",
    "schinese_name": "琪露诺的卡牌教室",
    "isfreeapp": "0",
    "change_number": "29039464",
    "update_time": "2025-05-17 19:30:09",
    "depot": {
        "3546241": {
            "manifests": {
                "public": {
                    "gid": "7315481910467882950",
                    "size": "72016580",
                    "download": "44022272"
                }
            },
            "decryptionkey": "3be53f71993b362dfb07f9a24a1a2392ac26b4c17d28b8ff81a041eee63aba83"
        },
        "branches": {
            "public": {
                "buildid": "18502264",
                "timeupdated": "1747481405"
            }
        }
    }
}