{
    "appid": "3427670",
    "type": "Demo",
    "name": "Mega Gem Demo",
    "schinese_name": "无尽宝石 demo",
    "isfreeapp": "0",
    "change_number": "27529598",
    "update_time": "2025-02-18 15:40:30",
    "depot": {
        "3427671": {
            "manifests": {
                "public": {
                    "gid": "774613089881463870",
                    "size": "656901623",
                    "download": "260410592"
                }
            },
            "decryptionkey": "06804e40736f32f3839dd0ffe39256131f2b240caeee68c91e2ab312b4d34ddb"
        },
        "branches": {
            "public": {
                "buildid": "17467628",
                "timeupdated": "1740236824"
            }
        }
    }
}