{
    "appid": "3342570",
    "type": "Demo",
    "name": "琉隐神渡 Demo",
    "schinese_name": "",
    "isfreeapp": "0",
    "change_number": "28138716",
    "update_time": "2025-03-26 06:33:55",
    "depot": {
        "228988": {
            "config": {
                "oslist": "windows"
            },
            "depotfromapp": "228980",
            "sharedinstall": "1"
        },
        "228989": {
            "config": {
                "oslist": "windows"
            },
            "depotfromapp": "228980",
            "sharedinstall": "1"
        },
        "228990": {
            "config": {
                "oslist": "windows"
            },
            "depotfromapp": "228980",
            "sharedinstall": "1"
        },
        "hasdepotsindlc": "1",
        "3342571": {
            "config": {
                "oslist": "windows",
                "osarch": "64"
            },
            "manifests": {
                "public": {
                    "gid": "9032672476529268127",
                    "size": "4415740850",
                    "download": "4288291840"
                }
            },
            "decryptionkey": "b5e36cee36231cc8e201776d535ca6a6a8a103e4ca047c738fa312e077115a77"
        },
        "baselanguages": "english,schinese",
        "branches": {
            "public": {
                "buildid": "17776049",
                "timeupdated": "1742364621"
            }
        }
    }
}