{
    "appid": "3426930",
    "type": "Game",
    "name": "Adult Education",
    "schinese_name": "",
    "isfreeapp": "0",
    "change_number": "29040656",
    "update_time": "2025-05-17 22:13:31",
    "depot": {
        "3426931": {
            "config": {
                "oslist": "windows,linux"
            },
            "manifests": {
                "public": {
                    "gid": "8673035221495403018",
                    "size": "156735170",
                    "download": "82054944"
                }
            },
            "decryptionkey": "881f90d84860112c8e525911a0d050c05ac90354e8dcb494f857250038f4cb35"
        },
        "3426932": {
            "config": {
                "oslist": "macos"
            },
            "manifests": {
                "public": {
                    "gid": "7869036865123128769",
                    "size": "144338784",
                    "download": "77475536"
                }
            },
            "decryptionkey": ""
        },
        "branches": {
            "public": {
                "buildid": "17438383",
                "timeupdated": "1740051806"
            }
        }
    }
}