{
    "appid": "3271010",
    "type": "Demo",
    "name": "Tearscape Demo",
    "schinese_name": "",
    "isfreeapp": "0",
    "change_number": "27385677",
    "update_time": "2025-02-09 16:27:26",
    "depot": {
        "3271011": {
            "config": {
                "oslist": "windows",
                "osarch": "64"
            },
            "manifests": {
                "public": {
                    "gid": "480742543038707955",
                    "size": "184657056",
                    "download": "63633344"
                }
            },
            "decryptionkey": "10c438509321d21f3be5a36933b2b0f6434672c31190d8b75ff3d59641e9eebb"
        },
        "branches": {
            "public": {
                "buildid": "17236728",
                "timeupdated": "1738668006"
            }
        }
    }
}