{
    "appid": "3202450",
    "type": "Demo",
    "name": "Don't Fret Demo",
    "schinese_name": "",
    "isfreeapp": "0",
    "change_number": "26201580",
    "update_time": "2024-11-15 06:34:27",
    "depot": {
        "228989": {
            "config": {
                "oslist": "windows"
            },
            "depotfromapp": "228980",
            "sharedinstall": "1"
        },
        "228990": {
            "config": {
                "oslist": "windows"
            },
            "depotfromapp": "228980",
            "sharedinstall": "1"
        },
        "3202451": {
            "config": {
                "oslist": "windows"
            },
            "manifests": {
                "public": {
                    "gid": "3399201423769189955",
                    "size": "5219199023",
                    "download": "3685454016"
                }
            },
            "decryptionkey": "66ea222067e75d6445ac4377ff852217111ec454b7794e3f4f86e2df1a812fd1"
        },
        "branches": {
            "public": {
                "buildid": "16277248",
                "timeupdated": "1730596335"
            }
        }
    }
}