{
    "appid": "3182890",
    "type": "Demo",
    "name": "Grey Heritage: Noble Duty Demo",
    "schinese_name": "",
    "isfreeapp": "0",
    "change_number": "25317358",
    "update_time": "2024-09-20 21:05:31",
    "depot": {
        "3182891": {
            "manifests": {
                "public": {
                    "gid": "9064198011338673392",
                    "size": "896749358",
                    "download": "668818688"
                }
            },
            "decryptionkey": "fdca7a4115d9664482aa79ef2818077eea42e32a779f4c0e4a32f282a07223e8"
        },
        "branches": {
            "public": {
                "buildid": "15626348",
                "timeupdated": "1725727643"
            }
        }
    }
}