{
    "appid": "3462980",
    "type": "Game",
    "name": "Nirvana",
    "schinese_name": "",
    "isfreeapp": "1",
    "change_number": "28501022",
    "update_time": "2025-04-16 13:08:04",
    "depot": {
        "228989": {
            "config": {
                "oslist": "windows"
            },
            "depotfromapp": "228980",
            "sharedinstall": "1"
        },
        "228990": {
            "config": {
                "oslist": "windows"
            },
            "depotfromapp": "228980",
            "sharedinstall": "1"
        },
        "3462981": {
            "manifests": {
                "public": {
                    "gid": "3960465263617721108",
                    "size": "2789076643",
                    "download": "2643873248"
                }
            },
            "decryptionkey": "53a62c9c1e61879a958e93e137c15aabcceb757025648f13f6f31d401fa72a44"
        },
        "branches": {
            "public": {
                "buildid": "16989703",
                "timeupdated": "1736789849"
            }
        }
    }
}