{
    "appid": "3365710",
    "type": "Music",
    "name": "FINAL FANTASY IX Original Soundtrack",
    "schinese_name": "",
    "isfreeapp": "0",
    "change_number": "28736706",
    "update_time": "2025-04-30 06:19:32",
    "depot": {
        "3365711": {
            "manifests": {
                "public": {
                    "gid": "82533368349494245",
                    "size": "690286927",
                    "download": "620835056"
                }
            },
            "decryptionkey": "c67081096b66ce35a2f6fd8f4fa18281a6d942eba6140ec174c98a816f4bd0f3"
        },
        "branches": {
            "public": {
                "buildid": "16767183",
                "timeupdated": "1734399175"
            }
        }
    }
}