{
    "appid": "2951420",
    "type": "Game",
    "name": "Jin Ping Mei",
    "schinese_name": "金瓶梅",
    "isfreeapp": "0",
    "change_number": "28732132",
    "update_time": "2025-04-30 00:54:34",
    "depot": {
        "2951421": {
            "manifests": {
                "public": {
                    "gid": "511571628412387079",
                    "size": "1772048895",
                    "download": "1669238304"
                }
            },
            "decryptionkey": "eef89d641db2d2a644d85caee59d83b4f9d62e4bb16699029909b8fe6df6e00c"
        },
        "branches": {
            "public": {
                "buildid": "14470532",
                "timeupdated": "1716478083"
            }
        }
    }
}