{
    "appid": "3023890",
    "type": "Demo",
    "name": "Building Relationships Demo",
    "schinese_name": "",
    "isfreeapp": "0",
    "change_number": "27514407",
    "update_time": "2025-02-17 19:29:30",
    "depot": {
        "3023891": {
            "config": {
                "oslist": "windows"
            },
            "manifests": {
                "public": {
                    "gid": "3124989293240985116",
                    "size": "624798852",
                    "download": "227706096"
                }
            },
            "decryptionkey": "a7cd23d66b5fc82bd182e6b9eb94988a435c0c008affc9fb339662e1777032ff"
        },
        "branches": {
            "public": {
                "buildid": "17391827",
                "timeupdated": "1739790580"
            }
        },
        "privatebranches": "1"
    }
}