{
    "appid": "3093310",
    "type": "Game",
    "name": "Super M Sweeper",
    "schinese_name": "超级扫雷",
    "isfreeapp": "0",
    "change_number": "26688465",
    "update_time": "2024-12-18 11:40:15",
    "depot": {
        "baselanguages": "english,schinese",
        "3093311": {
            "config": {
                "oslist": "windows",
                "osarch": "64"
            },
            "manifests": {
                "public": {
                    "gid": "1544854789660978671",
                    "size": "500697509",
                    "download": "66296064"
                }
            },
            "decryptionkey": "7f3521f2a0b36a6640747a11ea3a6e779f4739653d4f4606bdfddeee3d9e923a"
        },
        "workshopdepot": "3093310",
        "branches": {
            "public": {
                "buildid": "15328973",
                "timeupdated": "1723300123"
            }
        },
        "workshopdepotdecryptionkey": ""
    }
}