{
    "appid": "3449590",
    "type": "Game",
    "name": "Murim Survival",
    "schinese_name": "武林生存",
    "isfreeapp": "0",
    "change_number": "29045922",
    "update_time": "2025-05-18 12:12:51",
    "depot": {
        "3449591": {
            "manifests": {
                "public": {
                    "gid": "6938600546406681497",
                    "size": "551615070",
                    "download": "142601024"
                }
            },
            "decryptionkey": "80c64ca6bb584e1917ae422b2136a7f6b64847fa8f40f0270b8cee2ef33b08fd"
        },
        "branches": {
            "public": {
                "buildid": "18007136",
                "timeupdated": "1744004153"
            }
        },
        "privatebranches": "1"
    }
}