{
    "appid": "3569980",
    "type": "Game",
    "name": "Trash Horror Collection 5",
    "schinese_name": "",
    "isfreeapp": "0",
    "change_number": "28830853",
    "update_time": "2025-05-06 06:29:36",
    "depot": {
        "3569981": {
            "manifests": {
                "public": {
                    "gid": "6281345893410451962",
                    "size": "5036017550",
                    "download": "3890618048"
                }
            },
            "decryptionkey": "02ad7595c306b0af5fdc6d4e48c1b5693e2c9d2ed4ab8342433739d6424ebb08"
        },
        "branches": {
            "public": {
                "buildid": "17776081",
                "timeupdated": "1742365207"
            }
        }
    }
}