{
    "appid": "3407310",
    "type": "Game",
    "name": "Consumables",
    "schinese_name": "燃料",
    "isfreeapp": "0",
    "change_number": "28935762",
    "update_time": "2025-05-12 17:32:17",
    "depot": {
        "3407311": {
            "manifests": {
                "public": {
                    "gid": "7819513370302152096",
                    "size": "666959291",
                    "download": "420686688"
                }
            },
            "decryptionkey": "6ef1ad943ac077def22e5bb2288116f7076edca908413462b9cce6063006fa97"
        },
        "baselanguages": "english,german,french,italian,koreana,schinese,tchinese,russian,thai,japanese",
        "branches": {
            "public": {
                "buildid": "18384282",
                "timeupdated": "1746682182"
            }
        }
    }
}