{
    "appid": "2999660",
    "type": "DLC",
    "name": "Atlus 35th Digital All-Time Best Soundtrack",
    "schinese_name": "ATLUS品牌35周年 数字历年精选",
    "isfreeapp": "0",
    "change_number": "25660866",
    "update_time": "2024-10-11 23:47:42",
    "depot": {
        "2999660": {
            "manifests": {
                "public": {
                    "gid": "329033940057783353",
                    "size": "2152787566",
                    "download": "2006451888"
                }
            },
            "dlcappid": "2999660",
            "decryptionkey": "64e42d838da4dc83cc7878389b50de24d9aebe6102a7ed346f3d5f69b830d5b6"
        },
        "branches": {
            "public": {
                "buildid": "15610188",
                "timeupdated": "1726816961"
            }
        },
        "privatebranches": "1"
    }
}