{
    "appid": "3404010",
    "type": "Game",
    "name": "恐惧深处（Fear deeps）",
    "schinese_name": "恐惧深处",
    "isfreeapp": "0",
    "change_number": "29013895",
    "update_time": "2025-05-16 08:21:34",
    "depot": {
        "228989": {
            "config": {
                "oslist": "windows"
            },
            "depotfromapp": "228980",
            "sharedinstall": "1"
        },
        "228990": {
            "config": {
                "oslist": "windows"
            },
            "depotfromapp": "228980",
            "sharedinstall": "1"
        },
        "baselanguages": "schinese",
        "3404011": {
            "config": {
                "language": "schinese",
                "oslist": "windows",
                "osarch": "64"
            },
            "manifests": {
                "public": {
                    "gid": "1749914889187117701",
                    "size": "2530158921",
                    "download": "2356011376"
                }
            },
            "decryptionkey": "bb4e093de34be8b5132e6ddbd6b5d51783a2cbd96f0f595fe7e8537ab553ee95"
        },
        "branches": {
            "public": {
                "buildid": "16917626",
                "timeupdated": "1736169262"
            }
        }
    }
}