{
    "appid": "3163450",
    "type": "Game",
    "name": "GTAQ",
    "schinese_name": "",
    "isfreeapp": "0",
    "change_number": "26253459",
    "update_time": "2024-11-21 01:02:32",
    "depot": {
        "3163451": {
            "manifests": {
                "public": {
                    "gid": "8753172087999782625",
                    "size": "272558279",
                    "download": "58515040"
                }
            },
            "decryptionkey": "35aa2f50126bb053300dca97a62c30cdf9fb73a15581006531c57dc429a0af36"
        },
        "branches": {
            "public": {
                "buildid": "15680621",
                "timeupdated": "1726192403"
            }
        }
    },
    "access_token": 58863727561258423
}