{
    "appid": "3230000",
    "type": "Music",
    "name": "Europa: Ambient Moods",
    "schinese_name": "",
    "isfreeapp": "0",
    "change_number": "25959487",
    "update_time": "2024-10-30 06:19:42",
    "depot": {
        "3230001": {
            "manifests": {
                "public": {
                    "gid": "1747362930358789182",
                    "size": "44775032",
                    "download": "43456128"
                }
            },
            "decryptionkey": "11589860b5787f6c58d66072f4afdbc9772f55683b6ad9d37beb3e3fb6aaf129"
        },
        "branches": {
            "public": {
                "buildid": "16150633",
                "timeupdated": "1729685136"
            }
        }
    }
}