{
    "appid": "3147690",
    "type": "Game",
    "name": "Neverland永无乡",
    "schinese_name": "永无乡",
    "isfreeapp": "0",
    "change_number": "28090037",
    "update_time": "2025-03-23 03:20:18",
    "depot": {
        "baselanguages": "english,schinese",
        "3147691": {
            "config": {
                "language": "schinese",
                "oslist": "windows"
            },
            "manifests": {
                "public": {
                    "gid": "4334262375624723482",
                    "size": "387022502",
                    "download": "180623744"
                }
            },
            "decryptionkey": "cd513f0e9f59e0cc9cf6e7fac9cd79997e5612f17c0169f63a407730eeaf7473"
        },
        "3147692": {
            "config": {
                "language": "english",
                "oslist": "windows"
            },
            "manifests": {
                "public": {
                    "gid": "520286409343725494",
                    "size": "387123367",
                    "download": "180647008"
                }
            },
            "decryptionkey": ""
        },
        "branches": {
            "public": {
                "buildid": "17362390",
                "timeupdated": "1739513431"
            }
        }
    }
}