{
    "appid": "3037760",
    "type": "Demo",
    "name": "蜥学东渐—蓝血与尖耳朵 Demo",
    "schinese_name": "",
    "isfreeapp": "0",
    "change_number": "24579276",
    "update_time": "2024-07-31 06:23:56",
    "depot": {
        "baselanguages": "",
        "3037769": {
            "manifests": {
                "public": {
                    "gid": "1335841678092360657",
                    "size": "4490302619",
                    "download": "1079996960"
                }
            },
            "decryptionkey": "10112a81a2e77f6931b4e449cd4f8022a03dff1c9bc10479474209f2badac845"
        },
        "branches": {
            "public": {
                "buildid": "14666163",
                "timeupdated": "1718033041"
            }
        }
    }
}