{
    "appid": "2957830",
    "type": "Game",
    "name": "Kajun-chan's Lucid Room",
    "schinese_name": "",
    "isfreeapp": "0",
    "change_number": "28737456",
    "update_time": "2025-04-30 07:15:59",
    "depot": {
        "2957831": {
            "config": {
                "oslist": "windows"
            },
            "manifests": {
                "public": {
                    "gid": "6339766536344407209",
                    "size": "1680679927",
                    "download": "1548335024"
                }
            },
            "decryptionkey": "cf170c9f188faa422330bbd7815ea19d09cf289e4bf5c60bd3e80b5295fed978"
        },
        "branches": {
            "public": {
                "buildid": "16453680",
                "timeupdated": "1731990693"
            }
        }
    }
}