{
    "appid": "3016840",
    "type": "Game",
    "name": "I Am Cat",
    "schinese_name": "",
    "isfreeapp": "0",
    "change_number": "29015780",
    "update_time": "2025-05-16 11:12:47",
    "depot": {
        "hasdepotsindlc": "1",
        "baselanguages": "english",
        "3016842": {
            "config": {
                "oslist": "windows",
                "osarch": "64"
            },
            "manifests": {
                "public": {
                    "gid": "8006007473833897396",
                    "size": "4361266385",
                    "download": "1447933936"
                }
            },
            "decryptionkey": "3d7444d482bcbf25c3b9c9a5c2ffd579f296091057a48c85a9bf8e96d356be2a"
        },
        "branches": {
            "public": {
                "buildid": "18188838",
                "timeupdated": "1745316698"
            }
        },
        "privatebranches": "1"
    }
}