{
    "appid": "3255390",
    "type": "Demo",
    "name": "The Stalked 2 Demo",
    "schinese_name": "",
    "isfreeapp": "0",
    "change_number": "25837636",
    "update_time": "2024-10-22 19:37:38",
    "depot": {
        "3255391": {
            "manifests": {
                "public": {
                    "gid": "3192439941134861727",
                    "size": "6974606390",
                    "download": "2924083760"
                }
            },
            "decryptionkey": "34232d31b212faa9698afc0e743a7bd864f505cd4139e47acd62f440013f1d49"
        },
        "branches": {
            "public": {
                "buildid": "16135685",
                "timeupdated": "1729597054"
            }
        }
    }
}