{
    "appid": "3073610",
    "type": "Music",
    "name": "WARCANA - Original Soundtrack",
    "schinese_name": "",
    "isfreeapp": "0",
    "change_number": "24996780",
    "update_time": "2024-08-30 00:02:34",
    "depot": {
        "3073611": {
            "manifests": {
                "public": {
                    "gid": "7193415904067542056",
                    "size": "69312357",
                    "download": "68194064"
                }
            },
            "decryptionkey": "c6e811f8d7cbc7215031d6dc2f1e4c473ce43590464de8b7619dcb7c18b7e75e"
        },
        "3073612": {
            "config": {
                "highqualityaudio": "1"
            },
            "manifests": {
                "public": {
                    "gid": "6989564650340822516",
                    "size": "305301168",
                    "download": "262763664"
                }
            },
            "decryptionkey": "1107aa6a7a8c49dd1570f5ac078185b386d2d81f7aba576d9c57cc0fd9c1f597"
        },
        "branches": {
            "public": {
                "buildid": "15507564",
                "timeupdated": "1724774370"
            }
        }
    }
}