{
    "appid": "3042190",
    "type": "Game",
    "name": "Nomad Idle",
    "schinese_name": "",
    "isfreeapp": "0",
    "change_number": "29015909",
    "update_time": "2025-05-16 11:24:47",
    "depot": {
        "baselanguages": "english",
        "3042191": {
            "manifests": {
                "public": {
                    "gid": "7161907712826364751",
                    "size": "432860272",
                    "download": "122481952"
                }
            },
            "decryptionkey": "5912d9d3e294fc23fdbe980a157736bc0b31da7caf49d13f3f38dbb708c5e2b1"
        },
        "branches": {
            "public": {
                "buildid": "18089870",
                "timeupdated": "1744552182"
            }
        },
        "privatebranches": "1"
    }
}