{
    "appid": "2996270",
    "type": "Demo",
    "name": "Ark of Charon Demo",
    "schinese_name": "",
    "isfreeapp": "0",
    "change_number": "24328596",
    "update_time": "2024-07-16 02:47:07",
    "depot": {
        "2996271": {
            "manifests": {
                "public": {
                    "gid": "7361840400236711842",
                    "size": "554923076",
                    "download": "318364784"
                }
            },
            "decryptionkey": "12815dc074d13ccd472d81e5be4337a923d5c53f99f2e1945f7a51e4f874a87c"
        },
        "branches": {
            "public": {
                "buildid": "14659933",
                "timeupdated": "1717993313"
            }
        },
        "privatebranches": "1"
    }
}