{
    "appid": "3001920",
    "type": "Game",
    "name": "TOKAI Girl -Block Breaking RPG-",
    "schinese_name": "",
    "isfreeapp": "0",
    "change_number": "28538007",
    "update_time": "2025-04-18 04:59:16",
    "depot": {
        "baselanguages": "english,koreana,schinese,tchinese,japanese",
        "3001921": {
            "manifests": {
                "public": {
                    "gid": "5999460668717951013",
                    "size": "2185904143",
                    "download": "337730288"
                }
            },
            "decryptionkey": "e9d2782af891eec389985b0df74a34046a397fdafb4426cc1669a3d5aab731ca"
        },
        "branches": {
            "public": {
                "buildid": "15820306",
                "timeupdated": "1727257063"
            }
        }
    }
}