{
    "appid": "3522230",
    "type": "Game",
    "name": "Death Stream",
    "schinese_name": "",
    "isfreeapp": "0",
    "change_number": "28930793",
    "update_time": "2025-05-12 09:32:27",
    "depot": {
        "baselanguages": "english,german,french,italian,koreana,schinese,russian,thai,japanese,polish,swedish,czech,turkish,brazilian,latam",
        "3522231": {
            "config": {
                "oslist": "windows"
            },
            "manifests": {
                "public": {
                    "gid": "564412746830279190",
                    "size": "2339145189",
                    "download": "966672160"
                }
            },
            "decryptionkey": "51b49635da4b8cd343c456531e1738a01eedae39fe4f664c0952d0204fc70283"
        },
        "3522232": {
            "config": {
                "oslist": "macos"
            },
            "manifests": {
                "public": {
                    "gid": "8990617263433090066",
                    "size": "2380068288",
                    "download": "979112560"
                }
            },
            "decryptionkey": ""
        },
        "3522233": {
            "config": {
                "oslist": "linux"
            },
            "manifests": {
                "public": {
                    "gid": "3297643173261929016",
                    "size": "2437818314",
                    "download": "1019614240"
                }
            },
            "decryptionkey": ""
        },
        "branches": {
            "public": {
                "buildid": "18212723",
                "timeupdated": "1745436681"
            }
        }
    }
}