{
    "appid": "3460190",
    "type": "Game",
    "name": "Color Madness",
    "schinese_name": "",
    "isfreeapp": "0",
    "change_number": "29043297",
    "update_time": "2025-05-18 04:15:27",
    "depot": {
        "3460191": {
            "manifests": {
                "public": {
                    "gid": "570705153009953401",
                    "size": "142870299",
                    "download": "96591632"
                }
            },
            "decryptionkey": "72fedbd6c1ded132a91511fe71679346209b288521b210522f1e7b7214938539"
        },
        "branches": {
            "public": {
                "buildid": "16988795",
                "timeupdated": "1736784345"
            }
        }
    }
}