{
    "appid": "3313700",
    "type": "Demo",
    "name": "Deck of Haunts Demo",
    "schinese_name": "《幽室鬼牌》（Deck of Haunts）Demo",
    "isfreeapp": "0",
    "change_number": "28933844",
    "update_time": "2025-05-12 15:27:51",
    "depot": {
        "228989": {
            "config": {
                "oslist": "windows"
            },
            "depotfromapp": "228980",
            "sharedinstall": "1"
        },
        "228990": {
            "config": {
                "oslist": "windows"
            },
            "depotfromapp": "228980",
            "sharedinstall": "1"
        },
        "3313701": {
            "manifests": {
                "public": {
                    "gid": "564478741881514531",
                    "size": "1167051565",
                    "download": "1014907600"
                }
            },
            "decryptionkey": "d5479199291993c6237d1de4eff8a2f85b75391b2e926778d7aa5ddb88ded175"
        },
        "branches": {
            "public": {
                "buildid": "18322340",
                "timeupdated": "1746433228"
            }
        },
        "privatebranches": "1"
    }
}