{
    "appid": "3216840",
    "type": "DLC",
    "name": "Love n Life: Lucky Teacher - Light of a New Day",
    "schinese_name": "爱与生活：幸运老师——新一天的曙光",
    "isfreeapp": "0",
    "change_number": "28967322",
    "update_time": "2025-05-14 03:31:56",
    "depot": {
        "3216840": {
            "config": {
                "oslist": "windows"
            },
            "manifests": {
                "public": {
                    "gid": "6502525602116179232",
                    "size": "6196",
                    "download": "4752"
                }
            },
            "dlcappid": "3216840",
            "decryptionkey": "a21b3b1006ac0dd168b788865ae03cfc0b9cca83e1a78d5f539306d8beea10db"
        },
        "branches": {
            "public": {
                "buildid": "16947532",
                "timeupdated": "1736415641"
            }
        },
        "privatebranches": "1"
    }
}