{
    "appid": "3118020",
    "type": "Demo",
    "name": "Dog Man: Mission Impawsible Demo",
    "schinese_name": "神探狗狗 爪不可及 试玩版",
    "isfreeapp": "0",
    "change_number": "27444656",
    "update_time": "2025-02-13 02:21:07",
    "depot": {
        "3118021": {
            "manifests": {
                "public": {
                    "gid": "7109105352973737",
                    "size": "603101589",
                    "download": "446974672"
                },
                "local": {
                    "gid": "2206204035663130428",
                    "size": "594217981",
                    "download": "442617808"
                }
            },
            "decryptionkey": "167c32874056d33e7092d42b4fa532e389a0c131731e739b1a8ccfe225a5f2b5"
        },
        "branches": {
            "public": {
                "buildid": "16724747",
                "timeupdated": "1739188686"
            },
            "local": {
                "buildid": "16001257",
                "description": "Local Content Server",
                "lcsrequired": "1",
                "timeupdated": "1728601507"
            }
        },
        "privatebranches": "1"
    }
}