{
    "appid": "3010950",
    "type": "Music",
    "name": "PANICORE Soundtrack",
    "schinese_name": "",
    "isfreeapp": "0",
    "change_number": "28257225",
    "update_time": "2025-04-02 06:49:12",
    "depot": {
        "3010951": {
            "manifests": {
                "public": {
                    "gid": "348289925607137872",
                    "size": "15960417",
                    "download": "15672784"
                }
            },
            "decryptionkey": "5ff0b7e631f1568e1bf9a514c2a198a66046e00db631309308486fff32c828e2"
        },
        "branches": {
            "public": {
                "buildid": "15618902",
                "timeupdated": "1725642063"
            }
        }
    }
}