{
    "appid": "3486510",
    "type": "Demo",
    "name": "Dragon Song Tavern: Cozy & Adventurous Demo",
    "schinese_name": "龙之歌：美食与冒险Demo",
    "isfreeapp": "0",
    "change_number": "27475171",
    "update_time": "2025-02-14 16:17:51",
    "depot": {
        "3486511": {
            "manifests": {
                "public": {
                    "gid": "4706749547056031838",
                    "size": "4585339141",
                    "download": "908956384"
                }
            },
            "decryptionkey": "ea685e97fb7c882b8c961e0aae1fa5afc2723998f9f44c2e34bb4658a93ea598"
        },
        "branches": {
            "public": {
                "buildid": "17419302",
                "timeupdated": "1739952728"
            }
        }
    }
}