{
    "appid": "3374140",
    "type": "Game",
    "name": "The Gears: Factory",
    "schinese_name": "",
    "isfreeapp": "0",
    "change_number": "27145650",
    "update_time": "2025-01-24 16:40:24",
    "depot": {
        "baselanguages": "english,german,french,italian,koreana,spanish,schinese,tchinese,russian,thai,japanese,portuguese,polish,danish,dutch,finnish,norwegian,swedish,hungarian,czech,romanian,turkish,arabic,brazilian,bulgarian,greek,ukrainian,latam,vietnamese,indonesian",
        "3374141": {
            "config": {
                "oslist": "windows",
                "osarch": "64"
            },
            "manifests": {
                "public": {
                    "gid": "192866414475394988",
                    "size": "1135536703",
                    "download": "362283856"
                }
            },
            "decryptionkey": "a6de069ee74c91ece2f0b9b40624436574c284354432dd9adb79a427b6f3b98f"
        },
        "branches": {
            "public": {
                "buildid": "17116550",
                "timeupdated": "1737708018"
            }
        }
    }
}