{
    "appid": "2941860",
    "type": "Beta",
    "name": "重檐 Playtest",
    "schinese_name": "",
    "isfreeapp": "0",
    "change_number": "23358238",
    "update_time": "2024-07-16 02:47:04",
    "depot": {
        "2941861": {
            "manifests": {
                "public": {
                    "gid": "7610712043648977146",
                    "size": "225264322",
                    "download": "55754848"
                }
            },
            "decryptionkey": "591afbca9c36c7273bfcd3aa9edfa55e005ed530d2b3da5d438de0750a4cf852"
        },
        "baselanguages": "english,schinese",
        "branches": {
            "public": {
                "buildid": "14219968",
                "timeupdated": "1714475658"
            }
        }
    }
}