{
    "appid": "3051560",
    "type": "Demo",
    "name": "Teenage Mutant Ninja Turtles: Splintered Fate Demo",
    "schinese_name": "",
    "isfreeapp": "0",
    "change_number": "26530065",
    "update_time": "2024-12-07 01:16:53",
    "depot": {
        "228988": {
            "config": {
                "oslist": "windows"
            },
            "depotfromapp": "228980",
            "sharedinstall": "1"
        },
        "3051561": {
            "manifests": {
                "public": {
                    "gid": "2803996236445039519",
                    "size": "2777334534",
                    "download": "1027337232"
                }
            },
            "decryptionkey": "aa2a7671e50d842e946b7c01bbbdfb9193cefb50df68bbe288b19330c6aee177"
        },
        "branches": {
            "public": {
                "buildid": "15981766",
                "timeupdated": "1728502095"
            }
        },
        "privatebranches": "1"
    }
}