{
    "appid": "3187730",
    "type": "Game",
    "name": "Clicker Clicker Clicker",
    "schinese_name": "",
    "isfreeapp": "0",
    "change_number": "29016408",
    "update_time": "2025-05-16 12:12:48",
    "depot": {
        "3187731": {
            "manifests": {
                "public": {
                    "gid": "2876979165284668535",
                    "size": "460541238",
                    "download": "58595440"
                }
            },
            "decryptionkey": "c6a0e52965ac975ca9da53fee354828a0f10f85b3f2b39ac1ad6177f8848c8d4"
        },
        "3187732": {
            "dlcappid": "3274550",
            "manifests": {
                "public": {
                    "gid": "5585854894366667644",
                    "size": "460541238",
                    "download": "58588176"
                }
            },
            "decryptionkey": "8b0e47c494f1d1d0e744d7d501b2c1962a6526e9c34e739ce8d6dec469426a7d"
        },
        "3274550": {
            "dlcappid": "3274550"
        },
        "branches": {
            "public": {
                "buildid": "16706558",
                "timeupdated": "1733916287"
            }
        }
    }
}