{
    "appid": "3561590",
    "type": "Game",
    "name": "Hentai Tales: Isekai Uncle Reversal",
    "schinese_name": "",
    "isfreeapp": "0",
    "change_number": "28943317",
    "update_time": "2025-05-13 00:33:29",
    "depot": {
        "3561591": {
            "config": {
                "oslist": "windows"
            },
            "manifests": {
                "public": {
                    "gid": "5708760135665213731",
                    "size": "622276197",
                    "download": "130846352"
                }
            },
            "decryptionkey": "187aec4f10eb678d903b2e79d1434cc31fcb74fec485d6eebc919cd396090bf5"
        },
        "3561592": {
            "config": {
                "oslist": "macos"
            },
            "manifests": {
                "public": {
                    "gid": "2040950465547584545",
                    "size": "616499822",
                    "download": "129590256"
                }
            }
        },
        "3561593": {
            "config": {
                "oslist": "linux"
            },
            "manifests": {
                "public": {
                    "gid": "5539825616858286467",
                    "size": "662447172",
                    "download": "130510992"
                }
            }
        },
        "baselanguages": "english",
        "branches": {
            "public": {
                "buildid": "17939861",
                "timeupdated": "1743512955"
            }
        }
    }
}