{
    "appid": "3003110",
    "type": "Demo",
    "name": "Zector 7 Demo",
    "schinese_name": "",
    "isfreeapp": "0",
    "change_number": "26685919",
    "update_time": "2024-12-18 07:58:05",
    "depot": {
        "baselanguages": "english",
        "228989": {
            "config": {
                "oslist": "windows"
            },
            "depotfromapp": "228980",
            "sharedinstall": "1"
        },
        "228990": {
            "config": {
                "oslist": "windows"
            },
            "depotfromapp": "228980",
            "sharedinstall": "1"
        },
        "2935283": {
            "config": {
                "oslist": "windows"
            },
            "manifests": {
                "public": {
                    "gid": "5796806160064853150",
                    "size": "7524932204",
                    "download": "7069358800"
                }
            },
            "depotfromapp": "2935280",
            "decryptionkey": "8637fc0ea396c9b71a825e127b31c3eda141ffe786fa536787e1553fbe29640f"
        },
        "branches": {
            "public": {
                "buildid": "14631142",
                "timeupdated": "1717708120"
            }
        }
    }
}