{
    "appid": "3084130",
    "type": "Game",
    "name": "Ruruka and the Grand Sorcerer's Erotic Trap Dungeon",
    "schinese_name": "露露卡和大魔导士的色情陷阱地牢！ ～追寻古代的大秘宝～",
    "isfreeapp": "0",
    "change_number": "28923992",
    "update_time": "2025-05-11 16:32:51",
    "depot": {
        "baselanguages": "english,japanese",
        "228990": {
            "config": {
                "oslist": "windows"
            },
            "depotfromapp": "228980",
            "sharedinstall": "1"
        },
        "3084131": {
            "manifests": {
                "public": {
                    "gid": "2134914055526215305",
                    "size": "358744754",
                    "download": "240704608"
                }
            },
            "decryptionkey": "f260b4fc9bafe37a827baa62e3a719471999f2ccf86b1562f3946075bac899b4"
        },
        "3084132": {
            "config": {
                "language": "japanese"
            },
            "manifests": {
                "public": {
                    "gid": "7827088240318402225",
                    "size": "357687314",
                    "download": "239837280"
                }
            },
            "decryptionkey": ""
        },
        "3084133": {
            "config": {
                "language": "schinese"
            },
            "manifests": {
                "public": {
                    "gid": "716811345637990639",
                    "size": "370730671",
                    "download": "245440144"
                }
            },
            "decryptionkey": "31e047ab69597f312b920ec3157378ca9ce0bcd7ca23f250c891e901c7e83f8a"
        },
        "3084134": {
            "config": {
                "language": "tchinese"
            },
            "manifests": {
                "public": {
                    "gid": "4416614525710474868",
                    "size": "365998299",
                    "download": "244436912"
                }
            },
            "decryptionkey": "22023fc038a0da2a5d16ae04604125020f8d38fff9528c05e7321e317ae6c841"
        },
        "branches": {
            "public": {
                "buildid": "15660222",
                "timeupdated": "1726035429"
            }
        }
    }
}