{
    "appid": "2945100",
    "type": "Game",
    "name": "Idle Taoist Mage Warrior 2",
    "schinese_name": "道法战传说2",
    "isfreeapp": "0",
    "change_number": "28565249",
    "update_time": "2025-04-20 01:59:29",
    "depot": {
        "2945101": {
            "manifests": {
                "public": {
                    "gid": "3316502842694213962",
                    "size": "2474937040",
                    "download": "777862320"
                }
            },
            "decryptionkey": "399d7c65ce23ff5f921d48f05f8edb48bae45dd17ee1157ab152ad3a47d88ac3"
        },
        "branches": {
            "public": {
                "buildid": "14635057",
                "timeupdated": "1717738343"
            }
        }
    }
}