{
    "appid": "3044590",
    "type": "Demo",
    "name": "Ale & Tale Tavern Demo",
    "schinese_name": "",
    "isfreeapp": "0",
    "change_number": "25164552",
    "update_time": "2024-09-11 06:22:33",
    "depot": {
        "228988": {
            "config": {
                "oslist": "windows"
            },
            "depotfromapp": "228980",
            "sharedinstall": "1"
        },
        "3044591": {
            "manifests": {
                "public": {
                    "gid": "4763081041535609398",
                    "size": "4895589739",
                    "download": "1287183072"
                },
                "test": {
                    "gid": "4763081041535609398",
                    "size": "4895589739",
                    "download": "1287183072"
                }
            },
            "decryptionkey": "a1a222ff75544ba547eabe8305dacc78c30be1914679ce6dd5eefa80ed7c6071"
        },
        "branches": {
            "public": {
                "buildid": "14753111",
                "timeupdated": "1718705403"
            },
            "test": {
                "buildid": "14753111",
                "description": "Test",
                "timeupdated": "1718705014"
            }
        }
    }
}