{
    "appid": "3208160",
    "type": "Game",
    "name": "Coffee Extra: Ukuzala",
    "schinese_name": "",
    "isfreeapp": "0",
    "change_number": "26752733",
    "update_time": "2024-12-22 19:23:18",
    "depot": {
        "3208161": {
            "config": {
                "oslist": "windows"
            },
            "manifests": {
                "public": {
                    "gid": "3351482508972230038",
                    "size": "251883248",
                    "download": "175569840"
                }
            },
            "decryptionkey": "96a144c366ef2718517b56126253bfab7e8638e0cf207dca6c8e5d66b16e2f64"
        },
        "branches": {
            "public": {
                "buildid": "16168528",
                "timeupdated": "1729788455"
            }
        }
    }
}