{
    "appid": "3134620",
    "type": "Game",
    "name": "Torture",
    "schinese_name": "",
    "isfreeapp": "0",
    "change_number": "26253459",
    "update_time": "2024-11-21 01:02:27",
    "depot": {
        "3134621": {
            "manifests": {
                "public": {
                    "gid": "2388370465038915182",
                    "size": "73288064",
                    "download": "20664416"
                }
            },
            "decryptionkey": "5ac6a54e4ded3bd226c74c152d526dc960897e23618689a8cda32acf20cd92ca"
        },
        "branches": {
            "public": {
                "buildid": "15171724",
                "timeupdated": "1722077532"
            }
        }
    },
    "access_token": 18021208358088083390
}