{
    "appid": "3430880",
    "type": "Game",
    "name": "Chinese Chess - Xiangqi",
    "schinese_name": "中国象棋",
    "isfreeapp": "0",
    "change_number": "28388998",
    "update_time": "2025-04-09 23:11:10",
    "depot": {
        "3430881": {},
        "3430882": {
            "config": {
                "oslist": "macos"
            },
            "manifests": {
                "public": {
                    "gid": "8297272798079876473",
                    "size": "88287006",
                    "download": "57997088"
                }
            }
        },
        "3430883": {
            "config": {
                "oslist": "windows"
            },
            "manifests": {
                "public": {
                    "gid": "4756752513451429212",
                    "size": "73650613",
                    "download": "55065216"
                }
            },
            "decryptionkey": "2e94b04f562757a91cbf9543eb0506ac8b66f317056c8bce50a9bd94b9d2064a"
        },
        "baselanguages": "english,german,french,italian,koreana,spanish,schinese,tchinese,russian,thai,japanese,portuguese,dutch,hungarian,czech,turkish,arabic,brazilian,ukrainian,latam,vietnamese,indonesian",
        "branches": {
            "public": {
                "buildid": "16995982",
                "timeupdated": "1736837218"
            }
        }
    }
}