{
    "appid": "3467620",
    "type": "Game",
    "name": "No throwing",
    "schinese_name": "",
    "isfreeapp": "1",
    "change_number": "27976086",
    "update_time": "2025-03-16 05:56:05",
    "depot": {
        "hasdepotsindlc": "0",
        "baselanguages": "english",
        "228989": {
            "config": {
                "oslist": "windows"
            },
            "depotfromapp": "228980",
            "sharedinstall": "1"
        },
        "228990": {
            "config": {
                "oslist": "windows"
            },
            "depotfromapp": "228980",
            "sharedinstall": "1"
        },
        "3467621": {
            "config": {
                "language": "english",
                "oslist": "windows",
                "osarch": "64"
            },
            "manifests": {
                "public": {
                    "gid": "5527816189804356965",
                    "size": "645767788",
                    "download": "481914720"
                }
            },
            "decryptionkey": "2aa9e842b67acd1973c8ef4f1c8c32cacff0142a6a9a91c1ac2fb0aef2d19447"
        },
        "branches": {
            "public": {
                "buildid": "17010080",
                "timeupdated": "1736928210"
            }
        }
    }
}