{
    "appid": "3038070",
    "type": "Game",
    "name": "GYM ORGASM",
    "schinese_name": "",
    "isfreeapp": "0",
    "change_number": "28499847",
    "update_time": "2025-04-16 11:11:23",
    "depot": {
        "3038071": {
            "manifests": {
                "public": {
                    "gid": "9028368380149103678",
                    "size": "319965774",
                    "download": "158576864"
                }
            },
            "decryptionkey": "770ac032bd507d6faf98503bb62adad310dbfb30b9420d95489c5c0f958479d7"
        },
        "branches": {
            "public": {
                "buildid": "14765792",
                "timeupdated": "1718787473"
            }
        }
    }
}