{
    "appid": "3247250",
    "type": "Game",
    "name": "Hentai Clicker: Lily is streaming",
    "schinese_name": "",
    "isfreeapp": "0",
    "change_number": "28206399",
    "update_time": "2025-03-29 22:07:04",
    "depot": {
        "3247251": {
            "config": {
                "oslist": "windows"
            },
            "manifests": {
                "public": {
                    "gid": "4704744725032949965",
                    "size": "124250848",
                    "download": "47501072"
                },
                "beta": {
                    "gid": "33294132208482676",
                    "size": "124214208",
                    "download": "47486304"
                }
            },
            "decryptionkey": "2e3718a515f9b4c89d416b8fcc3d34ba42a670cbb30b566fa581f98d19af434d"
        },
        "3247252": {
            "config": {
                "oslist": "macos"
            },
            "manifests": {
                "public": {
                    "gid": "8551597230713384728",
                    "size": "159163865",
                    "download": "58416928"
                },
                "beta": {
                    "gid": "133471674693131387",
                    "size": "159146321",
                    "download": "58406640"
                }
            },
            "decryptionkey": ""
        },
        "3247253": {
            "config": {
                "oslist": "linux"
            },
            "manifests": {
                "public": {
                    "gid": "8956536421513965438",
                    "size": "173536239",
                    "download": "49985680"
                },
                "beta": {
                    "gid": "2012940093588086734",
                    "size": "173518695",
                    "download": "49975008"
                }
            },
            "decryptionkey": ""
        },
        "baselanguages": "english,german,french,italian,spanish,russian,portuguese",
        "branches": {
            "public": {
                "buildid": "16667549",
                "timeupdated": "1733584979"
            },
            "beta": {
                "buildid": "16632838",
                "description": "Beta",
                "timeupdated": "1733335514"
            }
        }
    }
}