{
    "appid": "3077610",
    "type": "Game",
    "name": "无尽噩梦6捕盗行纪",
    "schinese_name": "",
    "isfreeapp": "0",
    "change_number": "27398338",
    "update_time": "2025-02-10 18:27:14",
    "depot": {
        "hasdepotsindlc": "0",
        "baselanguages": "schinese",
        "3077611": {
            "manifests": {
                "public": {
                    "gid": "5129231879734075530",
                    "size": "3470689904",
                    "download": "1837759184"
                }
            },
            "decryptionkey": "a51bfcdd0e97ce1e174d4360800d16de4f7a64965ad854ce69a920d5a1b5d043"
        },
        "branches": {
            "public": {
                "buildid": "15613418",
                "timeupdated": "1725610689"
            }
        }
    }
}