{
    "appid": "3150430",
    "type": "Beta",
    "name": "Haddie's Pizzeria Playtest",
    "schinese_name": "",
    "isfreeapp": "0",
    "change_number": "25242118",
    "update_time": "2024-09-16 18:35:46",
    "depot": {
        "228989": {
            "config": {
                "oslist": "windows"
            },
            "depotfromapp": "228980",
            "sharedinstall": "1"
        },
        "228990": {
            "config": {
                "oslist": "windows"
            },
            "depotfromapp": "228980",
            "sharedinstall": "1"
        },
        "3150431": {
            "manifests": {
                "public": {
                    "gid": "501905508948175110",
                    "size": "2841093381",
                    "download": "2679757712"
                }
            },
            "decryptionkey": "aa2a146964300bfe225f368a15035e2deb69a2033589dcff053c5ec02a5288e6"
        },
        "branches": {
            "public": {
                "buildid": "15364071",
                "timeupdated": "1723624069"
            }
        }
    }
}