{
    "appid": "3225970",
    "type": "Game",
    "name": "封神榜重置版",
    "schinese_name": "",
    "isfreeapp": "0",
    "change_number": "28934819",
    "update_time": "2025-05-12 16:31:28",
    "depot": {
        "baselanguages": "schinese",
        "228988": {
            "config": {
                "oslist": "windows"
            },
            "depotfromapp": "228980",
            "sharedinstall": "1"
        },
        "228990": {
            "config": {
                "oslist": "windows"
            },
            "depotfromapp": "228980",
            "sharedinstall": "1"
        },
        "3225971": {
            "config": {
                "language": "schinese",
                "oslist": "windows"
            },
            "manifests": {
                "public": {
                    "gid": "6464584843040012195",
                    "size": "216478485",
                    "download": "81930432"
                }
            },
            "decryptionkey": "20736836ee781c40a4b50828e87681a664f2bade60914b02729080f522de119b"
        },
        "hasdepotsindlc": "0",
        "branches": {
            "public": {
                "buildid": "18426278",
                "timeupdated": "1747038682"
            }
        }
    }
}