{
    "appid": "3002930",
    "type": "Game",
    "name": "心动满屋",
    "schinese_name": "心动满屋",
    "isfreeapp": "0",
    "change_number": "27085047",
    "update_time": "2025-01-21 08:56:40",
    "depot": {
        "228989": {
            "config": {
                "oslist": "windows"
            },
            "depotfromapp": "228980",
            "sharedinstall": "1"
        },
        "228990": {
            "config": {
                "oslist": "windows"
            },
            "depotfromapp": "228980",
            "sharedinstall": "1"
        },
        "229007": {
            "config": {
                "oslist": "windows"
            },
            "depotfromapp": "228980",
            "sharedinstall": "1"
        },
        "3002931": {
            "manifests": {
                "public": {
                    "gid": "5190918894209652691",
                    "size": "21981239302",
                    "download": "19303022496"
                }
            },
            "decryptionkey": "681c6023c9a396ad42fde6c2c0b2de9cd8bcdec5fa734fd98a56049de288d84d"
        },
        "baselanguages": "schinese",
        "branches": {
            "public": {
                "buildid": "15460112",
                "timeupdated": "1724331594"
            }
        }
    }
}