{
    "appid": "3265950",
    "type": "Demo",
    "name": "River Towns Demo",
    "schinese_name": "",
    "isfreeapp": "0",
    "change_number": "28138716",
    "update_time": "2025-03-26 06:35:26",
    "depot": {
        "228989": {
            "config": {
                "oslist": "windows"
            },
            "depotfromapp": "228980",
            "sharedinstall": "1"
        },
        "228990": {
            "config": {
                "oslist": "windows"
            },
            "depotfromapp": "228980",
            "sharedinstall": "1"
        },
        "3265951": {
            "manifests": {
                "public": {
                    "gid": "1944789965049155930",
                    "size": "1017636314",
                    "download": "690872864"
                }
            },
            "decryptionkey": "c13f0e7d1168476027289425dccb87abf9825f8e5601c4675c59add3084ce6c2"
        },
        "branches": {
            "public": {
                "buildid": "17482362",
                "timeupdated": "1740396113"
            }
        },
        "privatebranches": "1"
    }
}