{
    "appid": "3095860",
    "type": "Music",
    "name": "The Dragonhood Soundtrack",
    "schinese_name": "",
    "isfreeapp": "0",
    "change_number": "24344806",
    "update_time": "2024-07-16 02:47:11",
    "depot": {
        "3095862": {
            "config": {
                "highqualityaudio": "1"
            },
            "manifests": {
                "public": {
                    "gid": "1021650527001752748",
                    "size": "114076590",
                    "download": "108134960"
                }
            },
            "decryptionkey": "3093ec875f699eec900c55b3bdcba098779dc045b9e1dd050a8449ccb1ecaa48"
        },
        "3095863": {
            "manifests": {
                "public": {
                    "gid": "5192761631281339944",
                    "size": "15833419",
                    "download": "15768080"
                }
            },
            "decryptionkey": "ba398646223fbeb0cf6805d6af9cf410705ce48585fa9e35eb25caa8712b5084"
        },
        "branches": {
            "public": {
                "buildid": "14987202",
                "timeupdated": "1720603945"
            }
        }
    }
}