{
    "appid": "3187720",
    "type": "Demo",
    "name": "Crack it Up! Demo",
    "schinese_name": "",
    "isfreeapp": "0",
    "change_number": "26165717",
    "update_time": "2024-11-13 07:34:16",
    "depot": {
        "228989": {
            "config": {
                "oslist": "windows"
            },
            "depotfromapp": "228980",
            "sharedinstall": "1"
        },
        "228990": {
            "config": {
                "oslist": "windows"
            },
            "depotfromapp": "228980",
            "sharedinstall": "1"
        },
        "3187721": {
            "manifests": {
                "public": {
                    "gid": "8092571516315524305",
                    "size": "1364695067",
                    "download": "1237719568"
                }
            },
            "decryptionkey": "52450de6f45084788309514f75797ccc333975a70b3c8b7024290bb1b1940346"
        },
        "branches": {
            "public": {
                "buildid": "16032413",
                "timeupdated": "1728887695"
            }
        }
    }
}