{
    "appid": "3116720",
    "type": "Game",
    "name": "Five Nights At Skibidi Toilets",
    "schinese_name": "",
    "isfreeapp": "0",
    "change_number": "29008902",
    "update_time": "2025-05-16 02:10:45",
    "depot": {
        "228989": {
            "config": {
                "oslist": "windows"
            },
            "depotfromapp": "228980",
            "sharedinstall": "1"
        },
        "228990": {
            "config": {
                "oslist": "windows"
            },
            "depotfromapp": "228980",
            "sharedinstall": "1"
        },
        "baselanguages": "english,german,french,spanish,russian,polish",
        "3116721": {
            "config": {
                "oslist": "windows",
                "osarch": "64"
            },
            "manifests": {
                "public": {
                    "gid": "7440706038718649323",
                    "size": "733961280",
                    "download": "609868912"
                }
            },
            "decryptionkey": "00ea8a923f665487de7ba632cc2ddb16a5d210b1d7ee5ce5572bf4f8619b87b7"
        },
        "branches": {
            "public": {
                "buildid": "16352820",
                "timeupdated": "1731164987"
            }
        }
    }
}