{
    "appid": "2952120",
    "type": "Demo",
    "name": "Neon Village Demo",
    "schinese_name": "",
    "isfreeapp": "0",
    "change_number": "26328895",
    "update_time": "2024-12-05 01:05:40",
    "depot": {
        "2952121": {
            "manifests": {
                "public": {
                    "gid": "137756948419480825",
                    "size": "502193500",
                    "download": "215819520"
                }
            },
            "decryptionkey": "b20a2b697edf8c3591463dd1e92793735b9e438a2354c54bafa628e86ee16e70"
        },
        "branches": {
            "public": {
                "buildid": "15884584",
                "timeupdated": "1727761184"
            }
        }
    }
}