{
    "appid": "3216100",
    "type": "Game",
    "name": "Decayed Evil",
    "schinese_name": "",
    "isfreeapp": "0",
    "change_number": "28527802",
    "update_time": "2025-04-17 19:29:35",
    "depot": {
        "228988": {
            "config": {
                "oslist": "windows"
            },
            "depotfromapp": "228980",
            "sharedinstall": "1"
        },
        "228990": {
            "config": {
                "oslist": "windows"
            },
            "depotfromapp": "228980",
            "sharedinstall": "1"
        },
        "baselanguages": "english,schinese,japanese",
        "3216101": {
            "manifests": {
                "public": {
                    "gid": "3845307633202799906",
                    "size": "4790984412",
                    "download": "4299257104"
                }
            },
            "decryptionkey": "f5a532107015fa7706221a170be265185dfd2b55203f854b4da25723096ac52f"
        },
        "branches": {
            "public": {
                "buildid": "15845453",
                "timeupdated": "1727408668"
            }
        }
    }
}