{
    "appid": "3031590",
    "type": "Game",
    "name": "13F",
    "schinese_name": "",
    "isfreeapp": "0",
    "change_number": "28321776",
    "update_time": "2025-04-05 16:10:34",
    "depot": {
        "baselanguages": "english,schinese,tchinese,japanese",
        "3031591": {
            "config": {
                "oslist": "windows"
            },
            "manifests": {
                "public": {
                    "gid": "3260435055865555577",
                    "size": "896524005",
                    "download": "144741120"
                }
            },
            "decryptionkey": "6a1c0acb6a48a705e14429a4a272d9f7b615272ac4e1e9f878f3734e5e4ffe4f"
        },
        "3031592": {
            "config": {
                "language": "english",
                "oslist": "macos"
            }
        },
        "branches": {
            "public": {
                "buildid": "14798407",
                "timeupdated": "1718997990"
            }
        }
    }
}