{
    "appid": "3386920",
    "type": "Tool",
    "name": "KLETKA UGC Uploader",
    "schinese_name": "",
    "isfreeapp": "0",
    "change_number": "28606938",
    "update_time": "2025-04-23 02:01:52",
    "depot": {
        "3386921": {
            "manifests": {
                "public": {
                    "gid": "7107403770066471647",
                    "size": "377314360",
                    "download": "238233920"
                }
            },
            "decryptionkey": "fe25111d402704a112e5c581e3de620920aa3c9ca5d52ab0143370a186b35eca"
        },
        "branches": {
            "public": {
                "buildid": "18196963",
                "timeupdated": "1745344905"
            }
        }
    }
}