{
    "appid": "3338540",
    "type": "Demo",
    "name": "The Great Villainess: Strategy of Lily Demo",
    "schinese_name": "大恶人千金 枭雌百合战记 Demo",
    "isfreeapp": "0",
    "change_number": "27726797",
    "update_time": "2025-03-01 06:45:55",
    "depot": {
        "3338541": {
            "manifests": {
                "public": {
                    "gid": "741711720821838794",
                    "size": "3198924283",
                    "download": "1310757664"
                }
            },
            "decryptionkey": "5d7d627382083b0122856f77b7d39ff3711969cfb19645646cd5d73a3ab418a4"
        },
        "baselanguages": "english,koreana,schinese,tchinese,japanese",
        "hasdepotsindlc": "0",
        "branches": {
            "public": {
                "buildid": "17072668",
                "timeupdated": "1737450643"
            }
        },
        "privatebranches": "1"
    }
}