{
    "appid": "3381020",
    "type": "DLC",
    "name": "Shapelab 2025 Upgrade",
    "schinese_name": "",
    "isfreeapp": "0",
    "change_number": "28998921",
    "update_time": "2025-05-15 17:31:22",
    "depot": {
        "3381021": {
            "config": {
                "language": "english",
                "oslist": "windows",
                "osarch": "64"
            },
            "manifests": {
                "public": {
                    "gid": "6165571121162382726",
                    "size": "846641964",
                    "download": "266017392"
                }
            },
            "dlcappid": "3381020",
            "decryptionkey": "1fb8580c8fbcbc1343c0537f217290f278963c70fe5d15a23c4b683aeacd1d74"
        },
        "branches": {
            "public": {
                "buildid": "18473298",
                "timeupdated": "1747301036"
            }
        },
        "privatebranches": "1"
    }
}