{
    "appid": "3160390",
    "type": "DLC",
    "name": "Fort Solis - 1 Year Anniversary Digital Goodies",
    "schinese_name": "",
    "isfreeapp": "1",
    "change_number": "24997066",
    "update_time": "2024-08-30 00:18:01",
    "depot": {
        "3160390": {
            "manifests": {
                "public": {
                    "gid": "8483743732992104885",
                    "size": "3238374975",
                    "download": "2815588384"
                }
            },
            "dlcappid": "3160390",
            "decryptionkey": "1085cf46d657900b21a57d1eaed394acf64024a046f970529106d4c98b2da385"
        },
        "branches": {
            "public": {
                "buildid": "15318056",
                "timeupdated": "1723204823"
            }
        }
    }
}