{
    "appid": "3130500",
    "type": "Demo",
    "name": "Jitter Demo",
    "schinese_name": "",
    "isfreeapp": "0",
    "change_number": "27518869",
    "update_time": "2025-02-18 00:08:34",
    "depot": {
        "baselanguages": "",
        "hasdepotsindlc": "0",
        "3130501": {
            "config": {
                "oslist": "windows"
            },
            "manifests": {
                "public": {
                    "gid": "3367646892195031956",
                    "size": "132241104",
                    "download": "86224240"
                }
            },
            "decryptionkey": "38543845d3a8ebb2f970affb49597963cf810de6dfeb15a2f2a5524b813e39a9"
        },
        "branches": {
            "public": {
                "buildid": "17395585",
                "timeupdated": "1739808506"
            }
        },
        "privatebranches": "1"
    }
}