{
    "appid": "3280460",
    "type": "Demo",
    "name": "Blackthorn Arena: Reforged Demo",
    "schinese_name": "",
    "isfreeapp": "0",
    "change_number": "26021334",
    "update_time": "2024-11-03 02:11:29",
    "depot": {
        "3280461": {
            "manifests": {
                "public": {
                    "gid": "1219916628215775774",
                    "size": "27652526527",
                    "download": "23879624560"
                }
            },
            "decryptionkey": "31e60bd339d8422c9dbaad6469156ad3bcc7b6cd7992effff786218abc78ffa4"
        },
        "branches": {
            "public": {
                "buildid": "16275724",
                "timeupdated": "1730571053"
            }
        }
    }
}