{
    "appid": "3089040",
    "type": "Game",
    "name": "泳装乱舞",
    "schinese_name": "",
    "isfreeapp": "0",
    "change_number": "28400113",
    "update_time": "2025-04-10 13:10:03",
    "depot": {
        "3089041": {
            "manifests": {
                "public": {
                    "gid": "2790123731696403759",
                    "size": "391706457",
                    "download": "174097952"
                }
            },
            "decryptionkey": "c54caf9790efda2628041670f1070e1bb7498de219b5360742a0cea263b3ad46"
        },
        "branches": {
            "public": {
                "buildid": "16152695",
                "timeupdated": "1729695272"
            }
        }
    }
}