{
    "appid": "3447570",
    "type": "Game",
    "name": "Get a midnight snack without mom knowing",
    "schinese_name": "瞒着妈妈吃夜宵",
    "isfreeapp": "0",
    "change_number": "29039325",
    "update_time": "2025-05-17 19:13:11",
    "depot": {
        "228989": {
            "config": {
                "oslist": "windows"
            },
            "depotfromapp": "228980",
            "sharedinstall": "1"
        },
        "228990": {
            "config": {
                "oslist": "windows"
            },
            "depotfromapp": "228980",
            "sharedinstall": "1"
        },
        "3447571": {
            "manifests": {
                "public": {
                    "gid": "7661461375971975258",
                    "size": "1071282673",
                    "download": "745136512"
                }
            },
            "decryptionkey": "f9bb61e4615afefa730b28be97bbdde15dec611b9f63dc6c754adcf7dee9b70a"
        },
        "branches": {
            "public": {
                "buildid": "18111313",
                "timeupdated": "1744709328"
            }
        }
    }
}