{
    "appid": "2976870",
    "type": "Game",
    "name": "Taiwan Love Story⁵",
    "schinese_name": "台湾恋爱物语⁵",
    "isfreeapp": "0",
    "change_number": "29030351",
    "update_time": "2025-05-17 02:15:05",
    "depot": {
        "hasdepotsindlc": "1",
        "baselanguages": "english",
        "2976871": {
            "manifests": {
                "public": {
                    "gid": "2943770608701930525",
                    "size": "3016453459",
                    "download": "2532014912"
                },
                "oldversion": {
                    "gid": "8753433396460919285",
                    "size": "2791154368",
                    "download": "2310846400"
                }
            },
            "decryptionkey": "dd7f2fcca7b54c05fbefb4870fbc60e3b2534bb47180fb21efb6e0da183b62d4"
        },
        "branches": {
            "public": {
                "buildid": "17570915",
                "timeupdated": "1741020936"
            },
            "oldversion": {
                "buildid": "16817947",
                "description": "只有中文版",
                "timeupdated": "1741073994"
            }
        },
        "privatebranches": "1"
    }
}