{
    "appid": "3082540",
    "type": "Demo",
    "name": "Shadow Strikers Arena of Rivals Demo",
    "schinese_name": "",
    "isfreeapp": "0",
    "change_number": "24328460",
    "update_time": "2024-07-16 02:47:11",
    "depot": {
        "3082541": {
            "manifests": {
                "public": {
                    "gid": "5716378252429391610",
                    "size": "4492951181",
                    "download": "1308534704"
                }
            },
            "decryptionkey": "c28bf1a5cd909be1634f1da52fc442f04d66fb4e2316cc0cad472d0765ec0983"
        },
        "branches": {
            "public": {
                "buildid": "14878121",
                "timeupdated": "1719621453"
            }
        }
    }
}