{
    "appid": "2945160",
    "type": "Demo",
    "name": "悲哀朋克：劳动、生存与火箭 Demo",
    "schinese_name": "",
    "isfreeapp": "0",
    "change_number": "26301985",
    "update_time": "2024-11-22 02:08:22",
    "depot": {
        "baselanguages": "schinese",
        "2945161": {
            "config": {
                "oslist": "windows",
                "osarch": "64"
            },
            "manifests": {
                "public": {
                    "gid": "8076084887825164731",
                    "size": "1439363695",
                    "download": "116258400"
                }
            },
            "decryptionkey": "98760aa8d2a523ee1295102efa5a86c2aec7b611dd9c2c90902230e478bfd234"
        },
        "branches": {
            "public": {
                "buildid": "16489249",
                "timeupdated": "1732207281"
            }
        }
    }
}