{
    "appid": "3148810",
    "type": "Game",
    "name": "DronesKillAnimals",
    "schinese_name": "",
    "isfreeapp": "0",
    "change_number": "26197462",
    "update_time": "2024-11-15 01:27:58",
    "depot": {
        "228989": {
            "config": {
                "oslist": "windows"
            },
            "depotfromapp": "228980",
            "sharedinstall": "1"
        },
        "228990": {
            "config": {
                "oslist": "windows"
            },
            "depotfromapp": "228980",
            "sharedinstall": "1"
        },
        "3148811": {
            "manifests": {
                "public": {
                    "gid": "4677639009341038613",
                    "size": "2701026190",
                    "download": "2515077952"
                }
            },
            "decryptionkey": "9e54ef982ed510f7a35cfd23d32fe168f58607ab2e350b02657876c99a51e3b6"
        },
        "branches": {
            "public": {
                "buildid": "15753790",
                "timeupdated": "1726735411"
            }
        }
    }
}