{
    "appid": "2968430",
    "type": "Game",
    "name": "Beer Simulator",
    "schinese_name": "",
    "isfreeapp": "0",
    "change_number": "29015559",
    "update_time": "2025-05-16 10:54:48",
    "depot": {
        "2968431": {
            "manifests": {
                "public": {
                    "gid": "8165646151818161386",
                    "size": "85589727",
                    "download": "30207904"
                }
            },
            "decryptionkey": "b069536af19203cbeb508cf1f045b08920e698e957be9256a082bce2195d72e2"
        },
        "branches": {
            "public": {
                "buildid": "14818877",
                "timeupdated": "1719238975"
            }
        },
        "privatebranches": "1"
    }
}