{
    "appid": "3311570",
    "type": "Game",
    "name": "Frontline: Assault Corps WW2",
    "schinese_name": "",
    "isfreeapp": "0",
    "change_number": "28470088",
    "update_time": "2025-04-15 00:09:22",
    "depot": {
        "3311571": {
            "manifests": {
                "public": {
                    "gid": "2506315958959614713",
                    "size": "1288051419",
                    "download": "699326928"
                }
            },
            "decryptionkey": "7c27c950fc9e739f43e85bf5ff98719e003428aa6b18929fdc1ce3e22a02a986"
        },
        "branches": {
            "public": {
                "buildid": "18090282",
                "timeupdated": "1744557762"
            }
        }
    }
}