{
    "appid": "3040390",
    "type": "Game",
    "name": "Old Coin Pusher Friends 3",
    "schinese_name": "",
    "isfreeapp": "0",
    "change_number": "28837271",
    "update_time": "2025-05-06 16:27:33",
    "depot": {
        "3040391": {
            "manifests": {
                "public": {
                    "gid": "1791251660518803322",
                    "size": "1744886577",
                    "download": "724298720"
                }
            },
            "decryptionkey": "ed93093fda173889775fd24d60acb0871a4c602a75f4cab18904a2afa800860a"
        },
        "branches": {
            "public": {
                "buildid": "16861521",
                "timeupdated": "1735316856"
            }
        }
    }
}