{
    "appid": "3007810",
    "type": "Demo",
    "name": "Factory Outlet Simulator Demo",
    "schinese_name": "",
    "isfreeapp": "0",
    "change_number": "26183469",
    "update_time": "2024-11-14 07:25:21",
    "depot": {
        "3007811": {
            "manifests": {
                "public": {
                    "gid": "5503286766832366491",
                    "size": "5052650553",
                    "download": "1205712800"
                }
            },
            "decryptionkey": "a0c3734d6fdaf312561d88f6ca925154a94cef90eed3a8030d6567bbf7a90a49"
        },
        "branches": {
            "public": {
                "buildid": "14492495",
                "timeupdated": "1716634847"
            }
        },
        "privatebranches": "1"
    }
}