{
    "appid": "3257440",
    "type": "Demo",
    "name": "咒语回声 试用版",
    "schinese_name": "",
    "isfreeapp": "0",
    "change_number": "27128704",
    "update_time": "2025-01-23 18:44:10",
    "depot": {
        "3257441": {
            "manifests": {
                "public": {
                    "gid": "8179820703030972049",
                    "size": "295770018",
                    "download": "180395680"
                }
            },
            "decryptionkey": "9bee057af548be0de40fcb1880893d756283c306ebb9d2c546437e57f6063fdb"
        },
        "baselanguages": "english,schinese",
        "branches": {
            "public": {
                "buildid": "16575493",
                "timeupdated": "1733100750"
            }
        },
        "privatebranches": "1"
    }
}