{
    "appid": "3127660",
    "type": "Demo",
    "name": "MY DEAR☆LOVE Demo",
    "schinese_name": "",
    "isfreeapp": "0",
    "change_number": "25905525",
    "update_time": "2024-10-26 08:10:59",
    "depot": {
        "hasdepotsindlc": "1",
        "baselanguages": "english,japanese",
        "3127661": {
            "config": {
                "oslist": "windows"
            },
            "manifests": {
                "public": {
                    "gid": "2899358876889831752",
                    "size": "281557069",
                    "download": "238350672"
                }
            },
            "decryptionkey": "debd68ffcb2956aa00be3e17d1a157e8dce5109e6e3fe523eaa62f3a9af41c88"
        },
        "branches": {
            "public": {
                "buildid": "15166600",
                "timeupdated": "1722021625"
            }
        }
    }
}