{
    "appid": "3365570",
    "type": "Music",
    "name": "FINAL FANTASY I PIXEL REMASTER Original Soundtrack",
    "schinese_name": "",
    "isfreeapp": "0",
    "change_number": "28736706",
    "update_time": "2025-04-30 06:19:24",
    "depot": {
        "3365571": {
            "manifests": {
                "public": {
                    "gid": "5009933770146986833",
                    "size": "150668274",
                    "download": "135048976"
                }
            },
            "decryptionkey": "4bcfe9c8da487e83c61231f4b6c25cd018caa5941e527aea204f778eb6678d8c"
        },
        "branches": {
            "public": {
                "buildid": "16679798",
                "timeupdated": "1733744783"
            }
        }
    }
}