{
    "appid": "3272890",
    "type": "Game",
    "name": "江湖宝鉴",
    "schinese_name": "",
    "isfreeapp": "0",
    "change_number": "27980138",
    "update_time": "2025-03-16 18:56:52",
    "depot": {
        "3272891": {
            "manifests": {
                "public": {
                    "gid": "7203088578974544544",
                    "size": "547223223",
                    "download": "289154192"
                }
            },
            "decryptionkey": "79b6b4280e56ca45db34d333bf32e7e923f3990191977c95efee5c6d183a47b2"
        },
        "baselanguages": "english,schinese",
        "branches": {
            "public": {
                "buildid": "16577118",
                "timeupdated": "1732875838"
            }
        }
    }
}