{
    "appid": "3284280",
    "type": "Demo",
    "name": "幸运农场 Demo",
    "schinese_name": "幸运农场Demo",
    "isfreeapp": "0",
    "change_number": "26209843",
    "update_time": "2024-11-15 18:33:12",
    "depot": {
        "228988": {
            "config": {
                "oslist": "windows"
            },
            "depotfromapp": "228980",
            "sharedinstall": "1"
        },
        "baselanguages": "",
        "3284282": {
            "config": {
                "oslist": "windows"
            },
            "manifests": {
                "public": {
                    "gid": "548010598569920998",
                    "size": "279695863",
                    "download": "57128880"
                }
            },
            "decryptionkey": "8b882b0f684f80e98265604bc459239fe004835f4b3fca919cea2c9cb6f5a57a"
        },
        "3284283": {
            "config": {
                "oslist": "macos"
            },
            "manifests": {
                "public": {
                    "gid": "7916879817428725819",
                    "size": "303462856",
                    "download": "64137104"
                }
            },
            "decryptionkey": ""
        },
        "branches": {
            "public": {
                "buildid": "16017568",
                "timeupdated": "1728701198"
            }
        }
    }
}