{
    "appid": "2999680",
    "type": "Game",
    "name": "Lost Estate Agent",
    "schinese_name": "",
    "isfreeapp": "0",
    "change_number": "28961302",
    "update_time": "2025-05-13 21:33:19",
    "depot": {
        "2999681": {
            "manifests": {
                "public": {
                    "gid": "1522603380340162957",
                    "size": "266700304",
                    "download": "142066560"
                }
            },
            "decryptionkey": "547c3a841d357a0babdb8534cb4bafe1b12ef25699c49209812cf115815e4574"
        },
        "branches": {
            "public": {
                "buildid": "16928040",
                "timeupdated": "1736253659"
            }
        }
    }
}