{
    "appid": "2989250",
    "type": "Demo",
    "name": "Visions of Mana Demo",
    "schinese_name": "圣剑传说 Visions of Mana 体验版",
    "isfreeapp": "0",
    "change_number": "25294629",
    "update_time": "2024-09-19 17:09:46",
    "depot": {
        "228988": {
            "config": {
                "oslist": "windows"
            },
            "depotfromapp": "228980",
            "sharedinstall": "1"
        },
        "228990": {
            "config": {
                "oslist": "windows"
            },
            "depotfromapp": "228980",
            "sharedinstall": "1"
        },
        "2989251": {
            "manifests": {
                "public": {
                    "gid": "726688628210092396",
                    "size": "15332957218",
                    "download": "12443635488"
                }
            },
            "decryptionkey": "6b2b2ccc5405296835862ec9c5920c9e437a6929a9a9f6944122e084c4d60f70"
        },
        "baselanguages": "english",
        "branches": {
            "public": {
                "buildid": "15671258",
                "timeupdated": "1726736981"
            }
        },
        "privatebranches": "1"
    }
}