{
    "appid": "3010520",
    "type": "Game",
    "name": "Pub Sim",
    "schinese_name": "",
    "isfreeapp": "0",
    "change_number": "28644624",
    "update_time": "2025-04-24 21:07:36",
    "depot": {
        "228989": {
            "config": {
                "oslist": "windows"
            },
            "depotfromapp": "228980",
            "sharedinstall": "1"
        },
        "228990": {
            "config": {
                "oslist": "windows"
            },
            "depotfromapp": "228980",
            "sharedinstall": "1"
        },
        "3010521": {
            "manifests": {
                "public": {
                    "gid": "7040893452784042978",
                    "size": "11208531375",
                    "download": "8115986320"
                }
            },
            "decryptionkey": "877cf606b46e20683d68b3e173bb538fd5711121346035a798c28478abfeffcd"
        },
        "baselanguages": "english,hungarian",
        "branches": {
            "public": {
                "buildid": "18110702",
                "timeupdated": "1744721992"
            }
        },
        "privatebranches": "1"
    }
}