{
    "appid": "2997750",
    "type": "Demo",
    "name": "Stream or Die! Demo",
    "schinese_name": "",
    "isfreeapp": "0",
    "change_number": "24023535",
    "update_time": "2024-07-16 02:47:07",
    "depot": {
        "2997751": {
            "config": {
                "oslist": "windows",
                "osarch": "64"
            },
            "manifests": {
                "public": {
                    "gid": "2185170554018659573",
                    "size": "3848000377",
                    "download": "1666309888"
                }
            },
            "decryptionkey": "9088f833e16c57da9a19e2603a4af6bc66883681fa1b4aed22839e2e6343b68d"
        },
        "branches": {
            "public": {
                "buildid": "14759581",
                "timeupdated": "1718742429"
            }
        }
    }
}