{
    "appid": "3493190",
    "type": "Demo",
    "name": "Deep Hell Demo",
    "schinese_name": "",
    "isfreeapp": "0",
    "change_number": "27265713",
    "update_time": "2025-02-01 13:42:49",
    "depot": {
        "3493191": {
            "config": {
                "oslist": "windows"
            },
            "manifests": {
                "public": {
                    "gid": "1906021533148197517",
                    "size": "1039007212",
                    "download": "419251296"
                }
            },
            "decryptionkey": "6f60765d6973388bdf481d9b080421ef9b0aeb10805d162718091e753b6154ba"
        },
        "baselanguages": "english",
        "branches": {
            "public": {
                "buildid": "17142559",
                "timeupdated": "1737969341"
            }
        }
    }
}