{
    "appid": "2983910",
    "type": "Game",
    "name": "Power Grid",
    "schinese_name": "",
    "isfreeapp": "0",
    "change_number": "29015648",
    "update_time": "2025-05-16 11:00:47",
    "depot": {
        "2983911": {
            "config": {
                "oslist": "windows"
            },
            "manifests": {
                "public": {
                    "gid": "976834021863962421",
                    "size": "270822345",
                    "download": "179153792"
                }
            },
            "decryptionkey": "fb379c565a66ebee124b2e7a9294f6b54c26735ef8a7ce72443078752524cc5c"
        },
        "2983912": {
            "config": {
                "oslist": "macos",
                "osarch": "64"
            },
            "manifests": {
                "public": {
                    "gid": "2606909872638233402",
                    "size": "305180117",
                    "download": "181455136"
                }
            },
            "decryptionkey": ""
        },
        "2983913": {
            "config": {
                "oslist": "macos",
                "osarch": "32"
            },
            "manifests": {
                "public": {
                    "gid": "7275201938162318023",
                    "size": "311994055",
                    "download": "187143856"
                }
            },
            "decryptionkey": ""
        },
        "branches": {
            "public": {
                "buildid": "14931878",
                "timeupdated": "1720099169"
            }
        }
    }
}