{
    "appid": "3072130",
    "type": "Game",
    "name": "Oceanlust: Erotic Descent",
    "schinese_name": "Oceanlust：情色深渊",
    "isfreeapp": "0",
    "change_number": "28955118",
    "update_time": "2025-05-13 15:32:52",
    "depot": {
        "baselanguages": "",
        "3072131": {
            "config": {
                "osarch": "64"
            },
            "manifests": {
                "public": {
                    "gid": "128510540759492797",
                    "size": "707278996",
                    "download": "562171888"
                }
            },
            "decryptionkey": "9aad255b548e8077835eb7cdf2fa7cd061809a9f5ac9a5351da31b17faffa41c"
        },
        "branches": {
            "public": {
                "buildid": "18418764",
                "timeupdated": "1746951230"
            }
        }
    }
}