{
    "appid": "3049980",
    "type": "Game",
    "name": "Broke Alchemist Emma's Debt Repayment Plan",
    "schinese_name": "炼金术师艾玛的还债故事",
    "isfreeapp": "0",
    "change_number": "28693725",
    "update_time": "2025-04-28 00:13:58",
    "depot": {
        "3049981": {
            "manifests": {
                "public": {
                    "gid": "5769668543216749369",
                    "size": "1425738143",
                    "download": "1132683040"
                }
            },
            "decryptionkey": "07796d7e90630813d11129f1f7c45619400e1faff02dab8341dfa04e5b9c3e2c"
        },
        "3049982": {
            "config": {
                "language": "schinese"
            },
            "manifests": {
                "public": {
                    "gid": "7317494885734045857",
                    "size": "1266808955",
                    "download": "1081161344"
                }
            },
            "decryptionkey": "fbe59dc757745431bae5cc2bbefbdaaf047ca7b15eb957af8f8102205482308b"
        },
        "3049983": {
            "config": {
                "language": "japanese"
            },
            "manifests": {
                "public": {
                    "gid": "5534324751309099274",
                    "size": "1262030847",
                    "download": "1079846912"
                }
            },
            "decryptionkey": "a699abc4b2505d9f918b7691fb50f268625dbdcb6a01ee9c45c1bed27486fa3c"
        },
        "branches": {
            "public": {
                "buildid": "16688497",
                "timeupdated": "1733799726"
            }
        }
    }
}