{
    "appid": "3311830",
    "type": "Music",
    "name": "Wild Woods - Soundtrack",
    "schinese_name": "喵门镖局 - Wild Woods - 完整原声音乐",
    "isfreeapp": "0",
    "change_number": "26719627",
    "update_time": "2024-12-20 03:04:13",
    "depot": {
        "3311831": {
            "manifests": {
                "public": {
                    "gid": "8080433554055692811",
                    "size": "26987591",
                    "download": "26840000"
                }
            },
            "decryptionkey": "783d0d997a7c1acf18e51f6dd96c04601542b6cbedb8cbab517e67147cc11714"
        },
        "3311832": {
            "config": {
                "highqualityaudio": "1"
            },
            "manifests": {
                "public": {
                    "gid": "4224798514104154505",
                    "size": "116715986",
                    "download": "118185344"
                }
            },
            "decryptionkey": "8a35c732225809d62db620a4b27e77b19a826539ca12474d8d988adf1ddac6a0"
        },
        "branches": {
            "public": {
                "buildid": "16644378",
                "timeupdated": "1733408676"
            }
        },
        "privatebranches": "1"
    }
}