{
    "appid": "3385420",
    "type": "Game",
    "name": "How Much Items - Weapon",
    "schinese_name": "",
    "isfreeapp": "0",
    "change_number": "28929267",
    "update_time": "2025-05-12 05:33:12",
    "depot": {
        "3385421": {
            "manifests": {
                "public": {
                    "gid": "2351456627498447134",
                    "size": "3181023517",
                    "download": "385661840"
                }
            },
            "decryptionkey": "0323892df3477abfcef1062dad87175fad259c030aa3cb8154ef2a22d73d6e6b"
        },
        "branches": {
            "public": {
                "buildid": "16780511",
                "timeupdated": "1734485089"
            }
        }
    }
}