{
    "appid": "3086600",
    "type": "Game",
    "name": "Sex Clinic 18+",
    "schinese_name": "",
    "isfreeapp": "0",
    "change_number": "29016152",
    "update_time": "2025-05-16 11:48:46",
    "depot": {
        "3086601": {
            "config": {
                "oslist": "windows"
            },
            "manifests": {
                "public": {
                    "gid": "3796763227003301246",
                    "size": "3005648304",
                    "download": "2654900640"
                }
            },
            "decryptionkey": "fa072ba5da4de8aa6c3d00221ae30af052f8f82ca7f39e31add49d9a086520e7"
        },
        "3086602": {
            "config": {
                "oslist": "macos"
            },
            "manifests": {
                "public": {
                    "gid": "5273705309205007567",
                    "size": "3030297381",
                    "download": "2662558144"
                }
            },
            "decryptionkey": ""
        },
        "3086603": {
            "config": {
                "oslist": "linux"
            },
            "manifests": {
                "public": {
                    "gid": "2839645808400723519",
                    "size": "3007207813",
                    "download": "2653880416"
                }
            },
            "decryptionkey": ""
        },
        "branches": {
            "public": {
                "buildid": "16191640",
                "timeupdated": "1729950757"
            }
        }
    }
}