{
    "appid": "3015340",
    "type": "Demo",
    "name": "Clamb Demo",
    "schinese_name": "",
    "isfreeapp": "0",
    "change_number": "26713358",
    "update_time": "2024-12-19 20:40:09",
    "depot": {
        "3015341": {
            "manifests": {
                "public": {
                    "gid": "5979403455221527913",
                    "size": "2474061820",
                    "download": "916570384"
                }
            },
            "decryptionkey": "e7180a0f1641eed21b7c42cb0f7b4dbb029d88a464e12c9b395c9debeac14ef9"
        },
        "branches": {
            "public": {
                "buildid": "16660273",
                "timeupdated": "1734612003"
            }
        }
    }
}