{
    "appid": "3255060",
    "type": "Demo",
    "name": "STRAFTAT Demo",
    "schinese_name": "",
    "isfreeapp": "0",
    "change_number": "25871954",
    "update_time": "2024-10-24 15:44:41",
    "depot": {
        "3255061": {
            "manifests": {
                "public": {
                    "gid": "4826678483617526022",
                    "size": "2132668755",
                    "download": "740797440"
                }
            },
            "decryptionkey": "78439312a54d0f1a4a25d49100f76d3d207a8ecff18f68937a6cf4f280c80184"
        },
        "branches": {
            "public": {
                "buildid": "16087900",
                "timeupdated": "1729204641"
            }
        }
    }
}