{
    "appid": "3292420",
    "type": "Game",
    "name": "Phantom Asylum VR",
    "schinese_name": "",
    "isfreeapp": "0",
    "change_number": "28735729",
    "update_time": "2025-04-30 04:53:02",
    "depot": {
        "228989": {
            "config": {
                "oslist": "windows"
            },
            "depotfromapp": "228980",
            "sharedinstall": "1"
        },
        "228990": {
            "config": {
                "oslist": "windows"
            },
            "depotfromapp": "228980",
            "sharedinstall": "1"
        },
        "3292421": {
            "manifests": {
                "public": {
                    "gid": "2926208866584106141",
                    "size": "5809274366",
                    "download": "5585399072"
                }
            },
            "decryptionkey": "cfe7ed63bed06a12b6fcbdc7f5a88a90bab781f455d95b5598e01656b51af48a"
        },
        "branches": {
            "public": {
                "buildid": "18073230",
                "timeupdated": "1744381491"
            }
        }
    }
}