{
    "appid": "3265860",
    "type": "Demo",
    "name": "Alnico Smithery Demo",
    "schinese_name": "",
    "isfreeapp": "0",
    "change_number": "25959487",
    "update_time": "2024-10-30 06:18:18",
    "depot": {
        "3265861": {
            "config": {
                "oslist": "windows"
            },
            "manifests": {
                "public": {
                    "gid": "3517151425737206973",
                    "size": "192024506",
                    "download": "104726592"
                }
            },
            "decryptionkey": "6fdcca79ff0715ad77882118085aee3d95416344ce11728212114befffe939b8"
        },
        "branches": {
            "public": {
                "buildid": "16100985",
                "timeupdated": "1729281242"
            }
        }
    }
}