{
    "appid": "3478250",
    "type": "DLC",
    "name": "Tempest Rising - Digital Artbook",
    "schinese_name": "",
    "isfreeapp": "0",
    "change_number": "28651596",
    "update_time": "2025-04-25 03:13:34",
    "depot": {
        "3478250": {
            "config": {
                "oslist": "windows"
            },
            "dlcappid": "3478250",
            "manifests": {
                "public": {
                    "gid": "6423062365868499672",
                    "size": "367162629",
                    "download": "347529808"
                }
            },
            "decryptionkey": "9e5ff25c95b392c64f062155f91ef29f7378057b6e0f5e2742daf764e74f0aa4"
        },
        "branches": {
            "public": {
                "buildid": "18143782",
                "timeupdated": "1744892223"
            }
        },
        "privatebranches": "1"
    },
    "access_token": 832652260017266002
}