{
    "appid": "3177420",
    "type": "Demo",
    "name": "不屈者传说 No Give up Demo",
    "schinese_name": "",
    "isfreeapp": "0",
    "change_number": "27102243",
    "update_time": "2025-01-22 07:59:29",
    "depot": {
        "3177421": {
            "manifests": {
                "public": {
                    "gid": "4853477059348948684",
                    "size": "264285333",
                    "download": "74107616"
                }
            },
            "decryptionkey": "f290551faf23e5f51e530acee2a945cc540df7d84dee4d0f380a51e7462b1a5a"
        },
        "branches": {
            "public": {
                "buildid": "16055785",
                "timeupdated": "1729018277"
            }
        }
    }
}