{
    "appid": "3296940",
    "type": "DLC",
    "name": "Awaken: Hentai Dice - Wallpaper Pack",
    "schinese_name": "",
    "isfreeapp": "0",
    "change_number": "26117384",
    "update_time": "2024-11-09 09:06:22",
    "depot": {
        "3296940": {
            "manifests": {
                "public": {
                    "gid": "7034938322087167961",
                    "size": "192529486",
                    "download": "189857616"
                }
            },
            "dlcappid": "3296940",
            "decryptionkey": "bed706587164d7911a7055c5b0b3e1d508d59aedd99b91cd0713014b8cc22074"
        },
        "branches": {
            "public": {
                "buildid": "16327671",
                "timeupdated": "1730983909"
            }
        }
    }
}