{
    "appid": "3535130",
    "type": "Game",
    "name": "寻踪",
    "schinese_name": "",
    "isfreeapp": "0",
    "change_number": "28915210",
    "update_time": "2025-05-10 15:44:32",
    "depot": {
        "hasdepotsindlc": "1",
        "baselanguages": "english",
        "228989": {
            "config": {
                "oslist": "windows"
            },
            "depotfromapp": "228980",
            "sharedinstall": "1"
        },
        "228990": {
            "config": {
                "oslist": "windows"
            },
            "depotfromapp": "228980",
            "sharedinstall": "1"
        },
        "3535134": {
            "config": {
                "oslist": "windows",
                "osarch": "64"
            },
            "manifests": {
                "public": {
                    "gid": "3474281421417167529",
                    "size": "3071480312",
                    "download": "2709463344"
                }
            },
            "decryptionkey": ""
        },
        "3535131": {
            "config": {
                "oslist": "windows",
                "osarch": "64"
            },
            "manifests": {
                "public": {
                    "gid": "4338723812843802395",
                    "size": "2787306013",
                    "download": "2630351920"
                }
            },
            "decryptionkey": ""
        },
        "3535135": {
            "config": {
                "oslist": "windows",
                "osarch": "64"
            },
            "manifests": {
                "public": {
                    "gid": "8520207706166864851",
                    "size": "2815893256",
                    "download": "2659807104"
                }
            },
            "decryptionkey": "5324f321f49154a6eaee52425103daebc7854fd148879911d8ec579d1acf761c"
        },
        "branches": {
            "public": {
                "buildid": "18345365",
                "timeupdated": "1746443026"
            }
        }
    }
}