{
    "appid": "2997380",
    "type": "DLC",
    "name": "Land of the Vikings: Thralls DLC",
    "schinese_name": "",
    "isfreeapp": "0",
    "change_number": "24128216",
    "update_time": "2024-07-16 02:47:07",
    "depot": {
        "2997380": {
            "manifests": {
                "public": {
                    "gid": "7228167481880482109",
                    "size": "33",
                    "download": "80"
                }
            },
            "dlcappid": "2997380",
            "decryptionkey": "381309f7d05c85b60c138b2907b6a053a904cbd09764c78bebe959e9ae617af6"
        },
        "branches": {
            "public": {
                "buildid": "14390827",
                "timeupdated": "1715870408"
            }
        }
    }
}