{
    "appid": "3393150",
    "type": "Demo",
    "name": "Ninth Hotel Demo",
    "schinese_name": "",
    "isfreeapp": "0",
    "change_number": "26655716",
    "update_time": "2024-12-16 13:16:31",
    "depot": {
        "3393151": {
            "manifests": {
                "public": {
                    "gid": "5676841081636860201",
                    "size": "652395206",
                    "download": "209863392"
                }
            },
            "decryptionkey": "80407ff7dc13d950330c243c2d336817a1503566792eb8f6b27a6e5d61e698cc"
        },
        "branches": {
            "public": {
                "buildid": "16689554",
                "timeupdated": "1733808498"
            }
        },
        "privatebranches": "1"
    }
}