{
    "appid": "3594270",
    "type": "Music",
    "name": "All in Abyss: Judge the Fake - SOUNDTRACK",
    "schinese_name": "深渊绝赌：千王处刑 - SOUNDTRACK",
    "isfreeapp": "0",
    "change_number": "28496382",
    "update_time": "2025-04-16 06:14:41",
    "depot": {
        "3594271": {
            "manifests": {
                "public": {
                    "gid": "6544894478370634822",
                    "size": "68790996",
                    "download": "68468544"
                }
            },
            "decryptionkey": "b3d9ccdbacf0a7cb748ebc94c62a4e7ec92421fbaa257e998f13b3bfa2ef7df7"
        },
        "branches": {
            "public": {
                "buildid": "17897310",
                "timeupdated": "1743162526"
            }
        }
    }
}