{
    "appid": "3164060",
    "type": "Game",
    "name": "莎可莉与堕落之都",
    "schinese_name": "",
    "isfreeapp": "0",
    "change_number": "29009962",
    "update_time": "2025-05-16 03:15:01",
    "depot": {
        "baselanguages": "schinese",
        "3164061": {
            "config": {
                "language": "schinese",
                "oslist": "windows"
            },
            "manifests": {
                "public": {
                    "gid": "7958647251515288054",
                    "size": "860032891",
                    "download": "724164720"
                }
            },
            "decryptionkey": "d45b7885d06ed23508fd631804631dd8412cd6b17a41e9c7e1148ab2fd9e1376"
        },
        "branches": {
            "public": {
                "buildid": "15790081",
                "timeupdated": "1727059731"
            }
        }
    }
}