{
    "appid": "3111910",
    "type": "Demo",
    "name": "Gedonia 2 Demo",
    "schinese_name": "",
    "isfreeapp": "0",
    "change_number": "26158855",
    "update_time": "2024-11-12 22:34:03",
    "depot": {
        "baselanguages": "english,russian",
        "3111911": {
            "manifests": {
                "public": {
                    "gid": "8074908952408950965",
                    "size": "5741899749",
                    "download": "2116474672"
                }
            },
            "decryptionkey": "564a3a5fad4f9b4d75316efecf77ca68323fd29e6744443153b6dcecaf3b93af"
        },
        "branches": {
            "public": {
                "buildid": "16053286",
                "timeupdated": "1729004326"
            }
        }
    }
}