{
    "appid": "3266000",
    "type": "Demo",
    "name": "陷阵之塔 Demo",
    "schinese_name": "",
    "isfreeapp": "0",
    "change_number": "26015630",
    "update_time": "2024-11-02 09:37:33",
    "depot": {
        "3266001": {
            "manifests": {
                "public": {
                    "gid": "7276102302225639961",
                    "size": "2603802980",
                    "download": "817110720"
                }
            },
            "decryptionkey": "56800feca8e610e9f7f5f614786c10b477883c107f6b5319e714b71d27614710"
        },
        "baselanguages": "english,schinese",
        "branches": {
            "public": {
                "buildid": "16092673",
                "timeupdated": "1729239785"
            }
        }
    }
}