{
    "appid": "2951630",
    "type": "Game",
    "name": "Total War: PHARAOH DYNASTIES",
    "schinese_name": "全面战争：法老王朝",
    "isfreeapp": "0",
    "change_number": "28929596",
    "update_time": "2025-05-12 06:27:49",
    "depot": {
        "workshopdepot": "2951630",
        "228988": {
            "config": {
                "oslist": "windows"
            },
            "depotfromapp": "228980",
            "sharedinstall": "1"
        },
        "228990": {
            "config": {
                "oslist": "windows"
            },
            "depotfromapp": "228980",
            "sharedinstall": "1"
        },
        "2951631": {
            "config": {
                "oslist": "windows"
            },
            "manifests": {
                "public": {
                    "gid": "5981526964309170670",
                    "size": "419939325",
                    "download": "215497504"
                }
            },
            "decryptionkey": "384befa01fb6616021e25f7c1ac002c73297a5bf8e917f025944520d92c6774d"
        },
        "2951632": {
            "config": {
                "oslist": "windows",
                "osarch": "64"
            },
            "manifests": {
                "public": {
                    "gid": "5593647077486756941",
                    "size": "79574646196",
                    "download": "46059781968"
                }
            },
            "decryptionkey": "9888f47695c6181074cc70ef0a0810717215f0c28dd28d7f4bcbdc1fdd6279c6"
        },
        "2951633": {
            "config": {
                "language": "english",
                "oslist": "windows",
                "osarch": "64"
            },
            "manifests": {
                "public": {
                    "gid": "8707746514799956810",
                    "size": "2",
                    "download": "48"
                }
            },
            "decryptionkey": "f902f7fd40d53a83bb195642af7c9b22a88a00224b2940577879e40aa1df33bd"
        },
        "2951634": {
            "config": {
                "language": "brazilian",
                "oslist": "windows",
                "osarch": "64"
            },
            "manifests": {
                "public": {
                    "gid": "8440775190564218323",
                    "size": "2",
                    "download": "48"
                }
            },
            "decryptionkey": "38123e494e4d76ce29c3cd49671011b25ca04af9be38c305ac52082eaefe1962"
        },
        "2951635": {
            "config": {
                "language": "czech",
                "oslist": "windows",
                "osarch": "64"
            },
            "manifests": {
                "public": {
                    "gid": "6696512113706244824",
                    "size": "2",
                    "download": "48"
                }
            },
            "decryptionkey": "95f20333d4f8fe3511e2bf59959bca53d4a609660656a4d4438c06ab97f336cd"
        },
        "2951636": {
            "config": {
                "language": "german",
                "oslist": "windows",
                "osarch": "64"
            },
            "manifests": {
                "public": {
                    "gid": "6939505020142560265",
                    "size": "2",
                    "download": "48"
                }
            },
            "decryptionkey": "d412f6e8216987bff15784cea83d5b272bbca7def5df189ca7d233bea3019b19"
        },
        "2951637": {
            "config": {
                "language": "spanish",
                "oslist": "windows",
                "osarch": "64"
            },
            "manifests": {
                "public": {
                    "gid": "9061697590603603240",
                    "size": "2",
                    "download": "48"
                }
            },
            "decryptionkey": "af184e26a61ae2989f0b9aa085f713a6ab4ef38e7b5d0904ebc15972618978e8"
        },
        "2951638": {
            "config": {
                "language": "french",
                "oslist": "windows",
                "osarch": "64"
            },
            "manifests": {
                "public": {
                    "gid": "8482194652313052337",
                    "size": "2",
                    "download": "48"
                }
            },
            "decryptionkey": "7ded47358516253efaaac91c4729fc9267b6c038a7b19281f373dac043f9e166"
        },
        "2951639": {
            "config": {
                "language": "italian",
                "oslist": "windows",
                "osarch": "64"
            },
            "manifests": {
                "public": {
                    "gid": "7719813622713384338",
                    "size": "2",
                    "download": "48"
                }
            },
            "decryptionkey": "fabee4d2547565ccf84d736407bf56eb66c34dac7b4faa588d8eccdfc8ee3eca"
        },
        "2975491": {
            "config": {
                "language": "koreana",
                "oslist": "windows",
                "osarch": "64"
            },
            "manifests": {
                "public": {
                    "gid": "9053416116767962943",
                    "size": "2",
                    "download": "48"
                }
            },
            "decryptionkey": "5e179679c01e237be1455b89522eb9fda99247e34228cb18479f238ac2bc2cf1"
        },
        "2975492": {
            "config": {
                "language": "polish",
                "oslist": "windows",
                "osarch": "64"
            },
            "manifests": {
                "public": {
                    "gid": "8435044220721439537",
                    "size": "2",
                    "download": "48"
                }
            },
            "decryptionkey": "3d442bc136ce1a8adfe0a234a1710fb7d85637e33eb096c974e656857597fc27"
        },
        "2975493": {
            "config": {
                "language": "turkish",
                "oslist": "windows",
                "osarch": "64"
            },
            "manifests": {
                "public": {
                    "gid": "7907443711009177352",
                    "size": "2",
                    "download": "48"
                }
            },
            "decryptionkey": "ecf440c3fd2b4a9d347bd20f785ead050dca30fdaae13f03f8287f87205f7d51"
        },
        "2975494": {
            "config": {
                "language": "schinese",
                "oslist": "windows",
                "osarch": "64"
            },
            "manifests": {
                "public": {
                    "gid": "9025811457173925235",
                    "size": "2",
                    "download": "48"
                }
            },
            "decryptionkey": "72385dbdfcb232a9565bda8d652899657a5e917e35287adf290647f00e54a704"
        },
        "2975495": {
            "config": {
                "language": "tchinese",
                "oslist": "windows",
                "osarch": "64"
            },
            "manifests": {
                "public": {
                    "gid": "7396469103927015232",
                    "size": "2",
                    "download": "48"
                }
            },
            "decryptionkey": "1bd68334869e1d17680ede39ff364ad56d40f57ff5a6ed0eab1196848f0ddd03"
        },
        "2975490": {
            "dlcappid": "2975490",
            "config": {
                "oslist": "windows",
                "osarch": "64"
            },
            "manifests": {
                "public": {
                    "gid": "6619924015740370458",
                    "size": "173898988",
                    "download": "113056288"
                }
            },
            "decryptionkey": "f52d3e3cd4de6cd95c58bd44a28d7ec114160bbf8d9cc6fd4a999bdb1be54680"
        },
        "372531": {
            "config": {
                "oslist": "windows"
            },
            "manifests": {
                "public": {
                    "gid": "1128077100884847891",
                    "size": "204350459",
                    "download": "57465616"
                }
            },
            "depotfromapp": "372530",
            "decryptionkey": "85fd9e7e0a0f07b17dcb14263b94e436306270f02200d7a6669de0ba70602504"
        },
        "2975496": {
            "config": {
                "oslist": "macos",
                "osarch": "64"
            },
            "manifests": {
                "public": {
                    "gid": "5886842107236982251",
                    "size": "224314111",
                    "download": "65270608"
                }
            },
            "decryptionkey": "9e44bb304a6f9c7b13855d27c7f98010a57330d8c88bf29d62a9e240ee748cd5"
        },
        "2975497": {
            "config": {
                "oslist": "macos",
                "osarch": "64"
            },
            "manifests": {
                "public": {
                    "gid": "6890255498241050375",
                    "size": "79592340319",
                    "download": "46102931200"
                }
            },
            "decryptionkey": "6028f8e60c5cac44c53010cf7c752a0f9bf8e28a8967f7ebdb3c02e72b74668b"
        },
        "2975498": {
            "config": {
                "language": "english",
                "oslist": "macos",
                "osarch": "64"
            },
            "manifests": {
                "public": {
                    "gid": "1143758153853002408",
                    "size": "2",
                    "download": "48"
                }
            },
            "decryptionkey": "06a3f41de860b3d6be4edb12383da808ae521db9d3463f604988d40eb2e14d55"
        },
        "2975499": {
            "config": {
                "language": "brazilian",
                "oslist": "macos",
                "osarch": "64"
            },
            "manifests": {
                "public": {
                    "gid": "1383893282783412409",
                    "size": "2",
                    "download": "48"
                }
            },
            "decryptionkey": "5fef24c8df1cba05968b2374a891fe9cdadfebcd57dbf9517e4e0fede96c0559"
        },
        "3023751": {
            "config": {
                "language": "czech",
                "oslist": "macos",
                "osarch": "64"
            },
            "manifests": {
                "public": {
                    "gid": "1867279775368490912",
                    "size": "2",
                    "download": "48"
                }
            },
            "decryptionkey": "d1082b85fbab148df8a4047933f0f6508e32a91f91127a194866bb2156401750"
        },
        "3023752": {
            "config": {
                "language": "german",
                "oslist": "macos",
                "osarch": "64"
            },
            "manifests": {
                "public": {
                    "gid": "236393347119782218",
                    "size": "2",
                    "download": "48"
                }
            },
            "decryptionkey": "6b323f378b71343c7cfb56a945565a119060a8c4b5c00ee648e9691dec566899"
        },
        "3023753": {
            "config": {
                "language": "spanish",
                "oslist": "macos",
                "osarch": "64"
            },
            "manifests": {
                "public": {
                    "gid": "2187179246789572948",
                    "size": "2",
                    "download": "48"
                }
            },
            "decryptionkey": "00256abe7d14cb19228ab86458c8a849e4673aa38a7c199ae2551f59ef435276"
        },
        "3023754": {
            "config": {
                "language": "french",
                "oslist": "macos",
                "osarch": "64"
            },
            "manifests": {
                "public": {
                    "gid": "98773603987150178",
                    "size": "2",
                    "download": "48"
                }
            },
            "decryptionkey": "a7a286bb13f2229b76663aab8bb93dcf48015ad2f47b0d182320be6330dfc939"
        },
        "3023755": {
            "config": {
                "language": "italian",
                "oslist": "macos",
                "osarch": "64"
            },
            "manifests": {
                "public": {
                    "gid": "3837669852272789320",
                    "size": "2",
                    "download": "48"
                }
            },
            "decryptionkey": "bedd59e4be856265ce9073751f2ad5b6f326ddba3b932b19477bb166e76ed68e"
        },
        "3023756": {
            "config": {
                "language": "koreana",
                "oslist": "macos",
                "osarch": "64"
            },
            "manifests": {
                "public": {
                    "gid": "2579790402299044221",
                    "size": "2",
                    "download": "48"
                }
            },
            "decryptionkey": "670106fb5f4c214b1f8bf163e7b26a5cab86ef5fee42f07a9c26e405b88309ca"
        },
        "3023757": {
            "config": {
                "language": "polish",
                "oslist": "macos",
                "osarch": "64"
            },
            "manifests": {
                "public": {
                    "gid": "66567600421156899",
                    "size": "2",
                    "download": "48"
                }
            },
            "decryptionkey": "40d9d4ec701f06e81773d1f525407099059012f47a0cd5a82c0b4c7f92f8da05"
        },
        "3023758": {
            "config": {
                "language": "turkish",
                "oslist": "macos",
                "osarch": "64"
            },
            "manifests": {
                "public": {
                    "gid": "80337119113872560",
                    "size": "2",
                    "download": "48"
                }
            },
            "decryptionkey": "4f19d441781ee64a33d6b5f8b6051c293cb1d08cb97250d91197f12421ed7cd2"
        },
        "3023759": {
            "config": {
                "language": "schinese",
                "oslist": "macos",
                "osarch": "64"
            },
            "manifests": {
                "public": {
                    "gid": "6298207696624355309",
                    "size": "2",
                    "download": "48"
                }
            },
            "decryptionkey": "55a1cb06b57c1cee6a10568922b276f2c97d7e5ba5292a9e94ad4ffaba198bcd"
        },
        "3113461": {
            "config": {
                "language": "tchinese",
                "oslist": "macos",
                "osarch": "64"
            },
            "manifests": {
                "public": {
                    "gid": "3542479645262273864",
                    "size": "2",
                    "download": "48"
                }
            },
            "decryptionkey": "c0154f84fda5af22b406acc29de837a9b883e25b474b0e6da929f5d3439b7123"
        },
        "3113460": {
            "dlcappid": "2975490",
            "config": {
                "oslist": "macos",
                "osarch": "64"
            },
            "manifests": {
                "public": {
                    "gid": "3797277722505807392",
                    "size": "173898988",
                    "download": "113030400"
                }
            }
        },
        "branches": {
            "public": {
                "buildid": "17040197",
                "timeupdated": "1737118661"
            }
        },
        "privatebranches": "1",
        "workshopdepotdecryptionkey": "2d6e2f32b339599c2cf70edc4b8787bca43591878961f0c37854fb71f859bc10"
    }
}