{
    "appid": "3125250",
    "type": "Game",
    "name": "STORROR Parkour Pro",
    "schinese_name": "",
    "isfreeapp": "0",
    "change_number": "29016278",
    "update_time": "2025-05-16 12:00:49",
    "depot": {
        "baselanguages": "english",
        "228989": {
            "config": {
                "oslist": "windows"
            },
            "depotfromapp": "228980",
            "sharedinstall": "1"
        },
        "228990": {
            "config": {
                "oslist": "windows"
            },
            "depotfromapp": "228980",
            "sharedinstall": "1"
        },
        "3125253": {
            "config": {
                "oslist": "windows"
            },
            "manifests": {
                "public": {
                    "gid": "3346168656599206841",
                    "size": "24501893046",
                    "download": "23638255504"
                },
                "beta": {
                    "gid": "3346168656599206841",
                    "size": "24501893046",
                    "download": "23638255504"
                }
            },
            "decryptionkey": "7161c64494cbeb2a1d23e06b21436c98c8c2af403e0c720ddd4d2b9446ae1a12"
        },
        "branches": {
            "public": {
                "buildid": "18373308",
                "timeupdated": "1746633115"
            },
            "beta": {
                "buildid": "18373308",
                "description": "Test builds",
                "timeupdated": "1746633058"
            }
        },
        "privatebranches": "1"
    }
}