{
    "appid": "3034780",
    "type": "Demo",
    "name": "Wukong Survivors Demo",
    "schinese_name": "黑枪神悟空2：弑神 Demo",
    "isfreeapp": "0",
    "change_number": "25759641",
    "update_time": "2024-10-17 11:39:02",
    "depot": {
        "228989": {
            "config": {
                "oslist": "windows"
            },
            "depotfromapp": "228980",
            "sharedinstall": "1"
        },
        "228990": {
            "config": {
                "oslist": "windows"
            },
            "depotfromapp": "228980",
            "sharedinstall": "1"
        },
        "3034781": {
            "manifests": {
                "public": {
                    "gid": "2557747729924638007",
                    "size": "7411074814",
                    "download": "7015713328"
                }
            },
            "decryptionkey": "23c296885019bd4b62bf533effdc149c6043b1f14bdd887845f6d596ea0b2e20"
        },
        "branches": {
            "public": {
                "buildid": "15340934",
                "timeupdated": "1723462476"
            }
        }
    }
}