{
    "appid": "3268450",
    "type": "Game",
    "name": "GOHome_PICO",
    "schinese_name": "",
    "isfreeapp": "1",
    "change_number": "26370480",
    "update_time": "2024-12-05 00:56:43",
    "depot": {
        "228989": {
            "config": {
                "oslist": "windows"
            },
            "depotfromapp": "228980",
            "sharedinstall": "1"
        },
        "228990": {
            "config": {
                "oslist": "windows"
            },
            "depotfromapp": "228980",
            "sharedinstall": "1"
        },
        "3268451": {
            "manifests": {
                "public": {
                    "gid": "2252771759842782758",
                    "size": "2974288571",
                    "download": "1010290768"
                }
            },
            "decryptionkey": "b99428f5fa4dff554ad8e6b0385e049350a5789bb3278b8846386495a64bab3e"
        },
        "baselanguages": "english,koreana",
        "branches": {
            "public": {
                "buildid": "16484201",
                "timeupdated": "1732182744"
            }
        }
    }
}