{
    "appid": "3495790",
    "type": "Game",
    "name": "Hopshot",
    "schinese_name": "",
    "isfreeapp": "0",
    "change_number": "28885328",
    "update_time": "2025-05-08 23:42:20",
    "depot": {
        "3495791": {
            "manifests": {
                "public": {
                    "gid": "7100976219428074557",
                    "size": "189450213",
                    "download": "128702064"
                }
            },
            "decryptionkey": "461481d72859870b42ffc336f9cb75264399cb5aa5158ec805cd1538ca3f0a36"
        },
        "baselanguages": "english,german,italian,koreana,schinese,tchinese,japanese,brazilian,latam",
        "branches": {
            "public": {
                "buildid": "18334963",
                "timeupdated": "1746316469"
            }
        }
    }
}