{
    "appid": "3017240",
    "type": "Demo",
    "name": "Tank Team Demo",
    "schinese_name": "",
    "isfreeapp": "0",
    "change_number": "26528924",
    "update_time": "2024-12-07 00:04:02",
    "depot": {
        "2587452": {
            "config": {
                "oslist": "windows"
            },
            "manifests": {
                "public": {
                    "gid": "5682932809269495476",
                    "size": "1741637701",
                    "download": "97177616"
                }
            },
            "depotfromapp": "2587450",
            "decryptionkey": "48a1ae821269ffaa82c7c6f5e9b18a907053d7cb3417fec8273625cecf3bc8da"
        },
        "2587453": {
            "config": {
                "oslist": "macos"
            },
            "manifests": {
                "public": {
                    "gid": "4179475089917900586",
                    "size": "1766308046",
                    "download": "104115696"
                }
            },
            "depotfromapp": "2587450",
            "decryptionkey": ""
        },
        "2587454": {
            "config": {
                "oslist": "linux"
            },
            "manifests": {
                "public": {
                    "gid": "6013131887282889345",
                    "size": "1745437692",
                    "download": "96933792"
                }
            },
            "depotfromapp": "2587450",
            "decryptionkey": ""
        },
        "branches": {
            "public": {
                "buildid": "14577555",
                "timeupdated": "1717348341"
            }
        }
    }
}