{
    "appid": "2981350",
    "type": "Game",
    "name": "My Girlfriend is... Centaur",
    "schinese_name": "我的女友是...半人马",
    "isfreeapp": "0",
    "change_number": "28871025",
    "update_time": "2025-05-08 06:30:56",
    "depot": {
        "2981351": {
            "config": {
                "oslist": "windows,linux"
            },
            "manifests": {
                "public": {
                    "gid": "4810778240199461843",
                    "size": "802402023",
                    "download": "722021408"
                }
            },
            "decryptionkey": "46f21bdb495ebb6c4f89aeb868a1c2f71cf60a7d7d7d6762106d5a989a754117"
        },
        "2981352": {
            "config": {
                "oslist": "macos"
            },
            "manifests": {
                "public": {
                    "gid": "1499029461392838740",
                    "size": "790004625",
                    "download": "725690288"
                }
            }
        },
        "branches": {
            "public": {
                "buildid": "14814237",
                "timeupdated": "1719208253"
            }
        }
    }
}