{
    "appid": "3239430",
    "type": "Demo",
    "name": "VARK SHORTS Premium Demo",
    "schinese_name": "",
    "isfreeapp": "0",
    "change_number": "25868067",
    "update_time": "2024-10-24 09:28:15",
    "depot": {
        "baselanguages": "",
        "3239431": {
            "config": {
                "oslist": "windows",
                "osarch": "64"
            },
            "manifests": {
                "public": {
                    "gid": "2648302299235693839",
                    "size": "10993981373",
                    "download": "9140392336"
                }
            },
            "decryptionkey": "b9424a697f76babce2825d45a06c68dc718ed3b53b387e5cac3d5ee2a89d1218"
        },
        "branches": {
            "public": {
                "buildid": "15913009",
                "timeupdated": "1727943392"
            }
        }
    }
}