{
    "appid": "2983370",
    "type": "Game",
    "name": "天海之域",
    "schinese_name": "",
    "isfreeapp": "0",
    "change_number": "26918480",
    "update_time": "2025-01-09 13:03:17",
    "depot": {
        "2983371": {
            "manifests": {
                "public": {
                    "gid": "303180103827783588",
                    "size": "1126914665",
                    "download": "193635776"
                }
            },
            "decryptionkey": "c2090c98bc5d2dfee8e98613757bae6955120dc59c8e12eceecc02c58bb1a18e"
        },
        "hasdepotsindlc": "0",
        "baselanguages": "schinese",
        "branches": {
            "public": {
                "buildid": "16947118",
                "timeupdated": "1736398993"
            }
        }
    }
}