{
    "appid": "3172230",
    "type": "Game",
    "name": "Sexuality with girlfriends : Laler&Reese",
    "schinese_name": "合约女友的一日体验:拉莱尔与里斯",
    "isfreeapp": "0",
    "change_number": "29042527",
    "update_time": "2025-05-18 02:15:54",
    "depot": {
        "3172231": {
            "manifests": {
                "public": {
                    "gid": "2242159750705032060",
                    "size": "3297687183",
                    "download": "716767584"
                }
            },
            "decryptionkey": "9b10f7bd51dcaab20ddf76a4c2d3259714228fb09a2509d7fd0a66d303ca0ced"
        },
        "branches": {
            "public": {
                "buildid": "18165535",
                "timeupdated": "1745047445"
            }
        }
    }
}