{
    "appid": "3657530",
    "type": "Game",
    "name": "BACKROOMS LIMINAL ESCAPE",
    "schinese_name": "",
    "isfreeapp": "0",
    "change_number": "29045922",
    "update_time": "2025-05-18 12:12:52",
    "depot": {
        "228989": {
            "config": {
                "oslist": "windows"
            },
            "depotfromapp": "228980",
            "sharedinstall": "1"
        },
        "228990": {
            "config": {
                "oslist": "windows"
            },
            "depotfromapp": "228980",
            "sharedinstall": "1"
        },
        "3657531": {
            "manifests": {
                "public": {
                    "gid": "5941328414874507144",
                    "size": "5368831856",
                    "download": "5138855744"
                }
            },
            "decryptionkey": "82b57d6bca95c3ddc7767ebd156fa32a1123b619cf6039e0b84188468d266493"
        },
        "branches": {
            "public": {
                "buildid": "18491427",
                "timeupdated": "1747400383"
            }
        }
    }
}