{
    "appid": "3199480",
    "type": "Demo",
    "name": "Aurora Defense Demo",
    "schinese_name": "曙光防线 Demo",
    "isfreeapp": "0",
    "change_number": "27382140",
    "update_time": "2025-02-09 05:27:29",
    "depot": {
        "3199481": {
            "manifests": {
                "public": {
                    "gid": "1203611860079823219",
                    "size": "623909672",
                    "download": "199912928"
                }
            },
            "decryptionkey": "be962c1a32b22b7feab040a05899412363b7246e14f22f22d2511cedefc9cb1b"
        },
        "branches": {
            "public": {
                "buildid": "16202540",
                "timeupdated": "1730098322"
            }
        },
        "privatebranches": "1"
    }
}