{
    "appid": "3596270",
    "type": "DLC",
    "name": "All in Abyss: Judge the Fake - OFFICIAL DESIGN WORKS",
    "schinese_name": "深渊绝赌：千王处刑 - OFFICIAL DESIGN WORKS",
    "isfreeapp": "0",
    "change_number": "28388837",
    "update_time": "2025-04-09 23:02:38",
    "depot": {
        "3596270": {
            "manifests": {
                "public": {
                    "gid": "4019714337254574532",
                    "size": "493504021",
                    "download": "341084400"
                }
            },
            "dlcappid": "3596270",
            "decryptionkey": "5071da911f985110ad193604c0038bed600a240e2797c60021b8d6a8238e68db"
        },
        "branches": {
            "public": {
                "buildid": "17898051",
                "timeupdated": "1743166085"
            }
        }
    }
}