{
    "appid": "3172560",
    "type": "Demo",
    "name": "诡墓 Demo",
    "schinese_name": "",
    "isfreeapp": "0",
    "change_number": "27825469",
    "update_time": "2025-03-07 08:55:55",
    "depot": {
        "228983": {
            "config": {
                "oslist": "windows"
            },
            "depotfromapp": "228980",
            "sharedinstall": "1"
        },
        "228984": {
            "config": {
                "oslist": "windows"
            },
            "depotfromapp": "228980",
            "sharedinstall": "1"
        },
        "228985": {
            "config": {
                "oslist": "windows"
            },
            "depotfromapp": "228980",
            "sharedinstall": "1"
        },
        "228988": {
            "config": {
                "oslist": "windows"
            },
            "depotfromapp": "228980",
            "sharedinstall": "1"
        },
        "228989": {
            "config": {
                "oslist": "windows"
            },
            "depotfromapp": "228980",
            "sharedinstall": "1"
        },
        "228990": {
            "config": {
                "oslist": "windows"
            },
            "depotfromapp": "228980",
            "sharedinstall": "1"
        },
        "3172561": {
            "manifests": {
                "public": {
                    "gid": "7200349955035827616",
                    "size": "9195541731",
                    "download": "8375202528"
                }
            },
            "decryptionkey": "24095ad077fe9f9e2a885246e54011875d5c70456b7cfe82b47ed288d18a8205"
        },
        "branches": {
            "public": {
                "buildid": "17484062",
                "timeupdated": "1740449634"
            }
        },
        "privatebranches": "1"
    }
}