{
    "appid": "3146800",
    "type": "Demo",
    "name": "Seed in Demo",
    "schinese_name": "",
    "isfreeapp": "0",
    "change_number": "26538208",
    "update_time": "2024-12-07 17:16:23",
    "depot": {
        "baselanguages": "english",
        "hasdepotsindlc": "0",
        "3146802": {
            "config": {
                "oslist": "windows",
                "osarch": "64"
            },
            "manifests": {
                "public": {
                    "gid": "5006042821990843399",
                    "size": "271286224",
                    "download": "179153456"
                }
            },
            "decryptionkey": "b2946259625ea10f51ba5877c73010e0e6f5bd20ea7d7ac1bf26d8b79efd4caa"
        },
        "branches": {
            "public": {
                "buildid": "16430061",
                "timeupdated": "1731759162"
            }
        }
    }
}