{
    "appid": "3173200",
    "type": "Game",
    "name": "Kuri Kuri Click! 3 ~My Sweet Model!~",
    "schinese_name": "Kuri Kuri Click! ~我的写真偶像~",
    "isfreeapp": "0",
    "change_number": "28628984",
    "update_time": "2025-04-24 03:13:59",
    "depot": {
        "3173201": {
            "manifests": {
                "public": {
                    "gid": "6353882351411449157",
                    "size": "902977108",
                    "download": "575937856"
                }
            },
            "decryptionkey": "a2a1dbf489ca127e0a6e5f35205295db77ab51bc8bbef8619eecbae00d3e1f31"
        },
        "3412810": {
            "dlcappid": "3412810",
            "config": {
                "oslist": "windows"
            },
            "manifests": {
                "public": {
                    "gid": "8456762646842562719",
                    "size": "403917746",
                    "download": "400654592"
                }
            },
            "decryptionkey": ""
        },
        "branches": {
            "public": {
                "buildid": "16779110",
                "timeupdated": "1734473582"
            }
        }
    }
}