{
    "appid": "3402050",
    "type": "DLC",
    "name": "Rabbit Furry - DLC",
    "schinese_name": "",
    "isfreeapp": "0",
    "change_number": "26816761",
    "update_time": "2024-12-30 19:43:19",
    "depot": {
        "3402050": {
            "config": {
                "language": "english",
                "oslist": "windows"
            },
            "manifests": {
                "public": {
                    "gid": "472572628163191162",
                    "size": "177690976",
                    "download": "176165840"
                }
            },
            "dlcappid": "3402050",
            "decryptionkey": "ec6fcdb9edb29bb90b568c581929f8945b434d50651b85706cd6e816d59788f1"
        },
        "branches": {
            "public": {
                "buildid": "16716528",
                "timeupdated": "1733978284"
            }
        }
    }
}