{
    "appid": "3198160",
    "type": "Music",
    "name": "Wild Bastards Soundtrack",
    "schinese_name": "",
    "isfreeapp": "0",
    "change_number": "26749278",
    "update_time": "2024-12-22 06:23:09",
    "depot": {
        "3198162": {
            "manifests": {
                "public": {
                    "gid": "390678478678464090",
                    "size": "221521956",
                    "download": "220500848"
                }
            },
            "decryptionkey": "0d65af0518b7f0a092c21a1f84a0fac845a4aac3ec53078b06da78f28b6f863c"
        },
        "branches": {
            "public": {
                "buildid": "15581924",
                "timeupdated": "1725392418"
            }
        }
    }
}