{
    "appid": "3070370",
    "type": "Game",
    "name": "Invasion of The Halloween Fiends",
    "schinese_name": "",
    "isfreeapp": "0",
    "change_number": "29016036",
    "update_time": "2025-05-16 11:36:49",
    "depot": {
        "3070371": {
            "manifests": {
                "public": {
                    "gid": "5033254257908662927",
                    "size": "693946735",
                    "download": "375856976"
                }
            },
            "decryptionkey": "632611f90b772984cb9cb3b2a4aef87363d0188693707ef6e96de0762c3917d2"
        },
        "branches": {
            "public": {
                "buildid": "15910463",
                "timeupdated": "1727921931"
            }
        },
        "privatebranches": "1"
    }
}