{
    "appid": "3277330",
    "type": "Demo",
    "name": "对弈五千年 Demo",
    "schinese_name": "",
    "isfreeapp": "0",
    "change_number": "26160086",
    "update_time": "2024-11-12 23:53:03",
    "depot": {
        "baselanguages": "schinese",
        "3277331": {
            "config": {
                "oslist": "windows",
                "osarch": "64"
            },
            "manifests": {
                "public": {
                    "gid": "8431447107305797419",
                    "size": "791633911",
                    "download": "165681344"
                }
            },
            "decryptionkey": "7e1fee88be0880a94066d9017466084416b2db6b4db63e87442fc94d64dc5e11"
        },
        "3277332": {
            "config": {
                "language": "schinese",
                "oslist": "macos",
                "osarch": "64"
            },
            "manifests": {
                "public": {
                    "gid": "1318518354808742308",
                    "size": "783610280",
                    "download": "163545200"
                }
            },
            "decryptionkey": ""
        },
        "branches": {
            "public": {
                "buildid": "16380396",
                "timeupdated": "1731426780"
            }
        }
    }
}