{
    "appid": "3010460",
    "type": "Game",
    "name": "Backroom Company",
    "schinese_name": "",
    "isfreeapp": "0",
    "change_number": "29040976",
    "update_time": "2025-05-17 22:53:17",
    "depot": {
        "baselanguages": "english",
        "228989": {
            "config": {
                "oslist": "windows"
            },
            "depotfromapp": "228980",
            "sharedinstall": "1"
        },
        "228990": {
            "config": {
                "oslist": "windows"
            },
            "depotfromapp": "228980",
            "sharedinstall": "1"
        },
        "3010461": {
            "manifests": {
                "public": {
                    "gid": "827214574203308090",
                    "size": "2142172949",
                    "download": "1866108592"
                }
            },
            "decryptionkey": "e62116c41a5959c1ff5040fdd41271c8b2629fc47b804069ea2d897ee48d2f2d"
        },
        "branches": {
            "public": {
                "buildid": "18503281",
                "timeupdated": "1747493593"
            }
        },
        "privatebranches": "1"
    }
}