{
    "appid": "3288990",
    "type": "Game",
    "name": "Grove Fisher",
    "schinese_name": "Grove Fisher 捕捞",
    "isfreeapp": "0",
    "change_number": "28978359",
    "update_time": "2025-05-14 22:44:45",
    "depot": {
        "3288991": {
            "config": {
                "oslist": "windows"
            },
            "manifests": {
                "public": {
                    "gid": "6098873553317975905",
                    "size": "133837722",
                    "download": "39614976"
                }
            },
            "decryptionkey": "4fc4639c695a0585ea902ffce2bc05a20fcb6cca4080aabcb0aa80b6f9f9c05c"
        },
        "3288992": {
            "config": {
                "oslist": "macos"
            },
            "manifests": {
                "public": {
                    "gid": "3903274352578338190",
                    "size": "117290724",
                    "download": "41581296"
                }
            }
        },
        "3288993": {
            "config": {
                "oslist": "linux"
            },
            "manifests": {
                "public": {
                    "gid": "3790733053911468240",
                    "size": "99627622",
                    "download": "34178192"
                }
            }
        },
        "baselanguages": "english,german,french,italian,koreana,spanish,schinese,russian,japanese,finnish,brazilian",
        "branches": {
            "public": {
                "buildid": "17369326",
                "timeupdated": "1739566586"
            }
        },
        "privatebranches": "1"
    }
}