{
    "appid": "3111580",
    "type": "Game",
    "name": "Record Shop Simulator",
    "schinese_name": "",
    "isfreeapp": "0",
    "change_number": "28580769",
    "update_time": "2025-04-21 16:58:55",
    "depot": {
        "3111581": {
            "config": {
                "oslist": "windows"
            },
            "manifests": {
                "public": {
                    "gid": "8787975067775594657",
                    "size": "1835468967",
                    "download": "681712368"
                }
            },
            "decryptionkey": "387ff37c7044fc545f710a0e76d6a0b389562a15640fea0d8a16b577d8f59abd"
        },
        "branches": {
            "public": {
                "buildid": "18177691",
                "timeupdated": "1745216196"
            }
        }
    }
}