{
    "appid": "3197070",
    "type": "DLC",
    "name": "Fairy Massage: Wallpapers Pack",
    "schinese_name": "仙女按摩: Wallpapers Pack",
    "isfreeapp": "0",
    "change_number": "25400397",
    "update_time": "2024-09-26 15:04:14",
    "depot": {
        "3197070": {
            "manifests": {
                "public": {
                    "gid": "4403661124028840792",
                    "size": "468510749",
                    "download": "448418832"
                }
            },
            "dlcappid": "3197070",
            "decryptionkey": "d3bdd3f3f02f51765aa43481349d480fece40a93db387e7d9cf15030577601a0"
        },
        "branches": {
            "public": {
                "buildid": "15504770",
                "timeupdated": "1724758308"
            }
        }
    }
}