{
    "appid": "3015350",
    "type": "Game",
    "name": "Echoes of Dread",
    "schinese_name": "",
    "isfreeapp": "0",
    "change_number": "28789953",
    "update_time": "2025-05-03 01:30:14",
    "depot": {
        "3015351": {
            "config": {
                "oslist": "windows"
            },
            "manifests": {
                "public": {
                    "gid": "3608627760344362936",
                    "size": "3588939303",
                    "download": "1622969952"
                }
            },
            "decryptionkey": "1896d3386c55b924b02b458f571daa983260b59e3a4f556a661b8f84cd710e22"
        },
        "branches": {
            "public": {
                "buildid": "16408454",
                "timeupdated": "1731600547"
            }
        },
        "privatebranches": "1"
    }
}