{
    "appid": "3296930",
    "type": "DLC",
    "name": "Awaken: Hentai Dice - Digital Artbook",
    "schinese_name": "",
    "isfreeapp": "0",
    "change_number": "26117381",
    "update_time": "2024-11-09 09:05:50",
    "depot": {
        "3296930": {
            "manifests": {
                "public": {
                    "gid": "7458961805448017669",
                    "size": "347370207",
                    "download": "344352368"
                }
            },
            "dlcappid": "3296930",
            "decryptionkey": "1d318bfeee7b1871cf53b4f4487e95b9889962a166b6cc3d123815617cb4f850"
        },
        "branches": {
            "public": {
                "buildid": "16327688",
                "timeupdated": "1730984001"
            }
        }
    }
}