{
    "appid": "3014680",
    "type": "Game",
    "name": "本草归元录",
    "schinese_name": "",
    "isfreeapp": "0",
    "change_number": "28836157",
    "update_time": "2025-05-06 15:19:33",
    "depot": {
        "3014681": {
            "manifests": {
                "public": {
                    "gid": "7241118017413085378",
                    "size": "2768555074",
                    "download": "538168960"
                }
            },
            "decryptionkey": "19c48bfe2cae77e41a9b5919d5660c15a85b50afc64787190ba83cc866779888"
        },
        "branches": {
            "public": {
                "buildid": "18355976",
                "timeupdated": "1746515968"
            }
        }
    }
}