{
    "appid": "3073370",
    "type": "Game",
    "name": "Lust Galaxy 🪐 🔞",
    "schinese_name": "",
    "isfreeapp": "0",
    "change_number": "29016105",
    "update_time": "2025-05-16 11:42:45",
    "depot": {
        "3073371": {
            "manifests": {
                "public": {
                    "gid": "93907823900709500",
                    "size": "6429093276",
                    "download": "5999149296"
                }
            },
            "decryptionkey": "f144b0b2031ae79fb5959f8c86d35dba74ae77d796a9cc2d0b588158dfde3bbb"
        },
        "branches": {
            "public": {
                "buildid": "15354487",
                "timeupdated": "1723830616"
            }
        }
    }
}