{
    "appid": "3219650",
    "type": "Demo",
    "name": "Squeakross: Home Squeak Home Demo",
    "schinese_name": "",
    "isfreeapp": "0",
    "change_number": "27541447",
    "update_time": "2025-02-19 03:58:06",
    "depot": {
        "3219651": {
            "config": {
                "oslist": "windows"
            },
            "manifests": {
                "public": {
                    "gid": "3103431652367150315",
                    "size": "360786045",
                    "download": "111532288"
                }
            },
            "decryptionkey": "0b49cd2eb7ea49c1fb5a689031adf4ad8e959b31be9ef4c39b1c1b58659b6a43"
        },
        "3219652": {
            "config": {
                "oslist": "macos"
            },
            "manifests": {
                "public": {
                    "gid": "4587733292130739887",
                    "size": "465877390",
                    "download": "133041216"
                }
            },
            "decryptionkey": ""
        },
        "branches": {
            "public": {
                "buildid": "17415414",
                "timeupdated": "1739927387"
            }
        },
        "privatebranches": "1"
    }
}