{
    "appid": "3180060",
    "type": "Game",
    "name": "Big Boobie Boss Blackmail",
    "schinese_name": "翘屁美臀甜心老板",
    "isfreeapp": "0",
    "change_number": "27240647",
    "update_time": "2025-01-31 02:46:36",
    "depot": {
        "3180061": {
            "config": {
                "oslist": "windows,linux"
            },
            "manifests": {
                "public": {
                    "gid": "6856398011260708103",
                    "size": "869305226",
                    "download": "743892992"
                }
            },
            "decryptionkey": "d1c2baa6997fc98e525070aa34d821f301ddb5316ec5caad00573a88517a1e0e"
        },
        "3180062": {
            "config": {
                "oslist": "macos"
            },
            "manifests": {
                "public": {
                    "gid": "8807683042390951560",
                    "size": "853521046",
                    "download": "735515424"
                }
            },
            "decryptionkey": ""
        },
        "branches": {
            "public": {
                "buildid": "16071447",
                "timeupdated": "1729112506"
            }
        },
        "privatebranches": "1"
    }
}