{
    "appid": "3311770",
    "type": "Music",
    "name": "Factorio: Space Age - Soundtrack",
    "schinese_name": "",
    "isfreeapp": "0",
    "change_number": "28917782",
    "update_time": "2025-05-10 22:33:39",
    "depot": {
        "3311771": {
            "manifests": {
                "public": {
                    "gid": "7297438335085052778",
                    "size": "1517422971",
                    "download": "1510326736"
                }
            },
            "decryptionkey": "0565f14b3a4c063e57b257b849a52b2778d79106d0a3dacc462dabf6dc7bf0e7"
        },
        "3311772": {
            "config": {
                "highqualityaudio": "1"
            },
            "manifests": {
                "public": {
                    "gid": "9105904954403112113",
                    "size": "2908165645",
                    "download": "2925115424"
                }
            },
            "decryptionkey": "a990370a5957f13aa9ffa191a2f9fdb2bce9723697971288d0cdb65f2779cfa2"
        },
        "branches": {
            "public": {
                "buildid": "16498853",
                "timeupdated": "1732275176"
            }
        },
        "privatebranches": "1"
    }
}