{
    "appid": "3284700",
    "type": "Demo",
    "name": "Dead Wells: The Devil Fragment Demo",
    "schinese_name": "",
    "isfreeapp": "0",
    "change_number": "25699475",
    "update_time": "2024-10-14 09:52:56",
    "depot": {
        "3284701": {
            "manifests": {
                "public": {
                    "gid": "754915360717498884",
                    "size": "2708118783",
                    "download": "2178178928"
                }
            },
            "decryptionkey": "95df2d8ad089da4ea919510425bc184f02fdfa80d960b1855bdaf6c03ed59706"
        },
        "baselanguages": "english",
        "branches": {
            "public": {
                "buildid": "15973885",
                "timeupdated": "1728433332"
            }
        }
    }
}