{
    "appid": "3144970",
    "type": "Demo",
    "name": "МЕМОЛОГИЯ: ЕГЭ ПО МЕМАМ Demo",
    "schinese_name": "",
    "isfreeapp": "0",
    "change_number": "24936066",
    "update_time": "2024-08-26 10:03:57",
    "depot": {
        "3144971": {
            "manifests": {
                "public": {
                    "gid": "5914197088292010012",
                    "size": "142166341",
                    "download": "140792816"
                }
            },
            "decryptionkey": "4dbca7eafe87c5621d2c1159dd35ff6c7bad3d69aec23564ed1ddc3c7baa1aab"
        },
        "branches": {
            "public": {
                "buildid": "15230729",
                "timeupdated": "1722539455"
            }
        }
    }
}