{
    "appid": "3145510",
    "type": "Game",
    "name": "鉄道にっぽん！路線たびＥＸ 登山電車 小田急箱根編",
    "schinese_name": "铁路日本！轨道之旅EX 登山电车 小田急箱根篇",
    "isfreeapp": "0",
    "change_number": "26814950",
    "update_time": "2024-12-30 14:40:45",
    "depot": {
        "228989": {
            "config": {
                "oslist": "windows"
            },
            "depotfromapp": "228980",
            "sharedinstall": "1"
        },
        "228990": {
            "config": {
                "oslist": "windows"
            },
            "depotfromapp": "228980",
            "sharedinstall": "1"
        },
        "3145511": {
            "manifests": {
                "public": {
                    "gid": "2669619920437516525",
                    "size": "24712316912",
                    "download": "23233382192"
                }
            },
            "decryptionkey": "b4642f17aec3a4a93c29d0db7997e92019363401bc30c5d0f7c9026688f36ecf"
        },
        "baselanguages": "english,schinese,tchinese,japanese",
        "branches": {
            "public": {
                "buildid": "15648219",
                "timeupdated": "1725955794"
            }
        },
        "privatebranches": "1"
    }
}