{
    "appid": "3415980",
    "type": "DLC",
    "name": "The Sims™ 4 Sleek Bathroom Kit",
    "schinese_name": "《The Sims™ 4 优雅卫浴》套件包",
    "isfreeapp": "0",
    "change_number": "28804436",
    "update_time": "2025-05-04 06:30:05",
    "depot": {
        "3415980": {
            "manifests": {
                "public": {
                    "gid": "261818731027402328",
                    "size": "28984042",
                    "download": "26522432"
                }
            },
            "dlcappid": "3415980",
            "decryptionkey": "d3f500ec6ad890480d9b82ae3253b7d46d185e7ccbc474046ac44121c0eb3b82"
        },
        "3415981": {
            "config": {
                "language": "english"
            },
            "manifests": {
                "public": {
                    "gid": "4251835530961777010",
                    "size": "3922",
                    "download": "3536"
                }
            },
            "dlcappid": "3415980",
            "decryptionkey": ""
        },
        "3415982": {
            "config": {
                "language": "german"
            },
            "manifests": {
                "public": {
                    "gid": "2821320447345182478",
                    "size": "4474",
                    "download": "4080"
                }
            },
            "dlcappid": "3415980",
            "decryptionkey": ""
        },
        "3415983": {
            "config": {
                "language": "french"
            },
            "manifests": {
                "public": {
                    "gid": "2483839013748340478",
                    "size": "4464",
                    "download": "4080"
                }
            },
            "dlcappid": "3415980",
            "decryptionkey": ""
        },
        "3415984": {
            "config": {
                "language": "italian"
            },
            "manifests": {
                "public": {
                    "gid": "2990319306198529609",
                    "size": "4292",
                    "download": "3872"
                }
            },
            "dlcappid": "3415980",
            "decryptionkey": ""
        },
        "3415985": {
            "config": {
                "language": "koreana"
            },
            "manifests": {
                "public": {
                    "gid": "1421403058580002308",
                    "size": "4349",
                    "download": "4048"
                }
            },
            "dlcappid": "3415980",
            "decryptionkey": ""
        },
        "3415986": {
            "config": {
                "language": "spanish"
            },
            "manifests": {
                "public": {
                    "gid": "4110882145208236086",
                    "size": "4431",
                    "download": "4032"
                }
            },
            "dlcappid": "3415980",
            "decryptionkey": ""
        },
        "3415987": {
            "config": {
                "language": "schinese"
            },
            "manifests": {
                "public": {
                    "gid": "1653268814795858090",
                    "size": "4073",
                    "download": "3696"
                }
            },
            "dlcappid": "3415980",
            "decryptionkey": "8fecd00d420993444936d3cafb7c32795ce4011ebecd5ab0320d00b56d507ef1"
        },
        "3415988": {
            "config": {
                "language": "tchinese"
            },
            "manifests": {
                "public": {
                    "gid": "2995488951299586838",
                    "size": "4180",
                    "download": "3808"
                }
            },
            "dlcappid": "3415980",
            "decryptionkey": ""
        },
        "3415989": {
            "config": {
                "language": "russian"
            },
            "manifests": {
                "public": {
                    "gid": "5552955578067190969",
                    "size": "4836",
                    "download": "4464"
                }
            },
            "dlcappid": "3415980",
            "decryptionkey": ""
        },
        "3500120": {
            "config": {
                "language": "japanese"
            },
            "manifests": {
                "public": {
                    "gid": "5085692744777592134",
                    "size": "4539",
                    "download": "4192"
                }
            },
            "dlcappid": "3415980",
            "decryptionkey": ""
        },
        "3500121": {
            "config": {
                "language": "polish"
            },
            "manifests": {
                "public": {
                    "gid": "4272124752591873346",
                    "size": "4373",
                    "download": "3952"
                }
            },
            "dlcappid": "3415980",
            "decryptionkey": ""
        },
        "3500122": {
            "config": {
                "language": "danish"
            },
            "manifests": {
                "public": {
                    "gid": "4979161091445740603",
                    "size": "3825",
                    "download": "3472"
                }
            },
            "dlcappid": "3415980",
            "decryptionkey": ""
        },
        "3500123": {
            "config": {
                "language": "dutch"
            },
            "manifests": {
                "public": {
                    "gid": "7148938676553055601",
                    "size": "4066",
                    "download": "3680"
                }
            },
            "dlcappid": "3415980",
            "decryptionkey": ""
        },
        "3500124": {
            "config": {
                "language": "finnish"
            },
            "manifests": {
                "public": {
                    "gid": "6594928057942993340",
                    "size": "3948",
                    "download": "3568"
                }
            },
            "dlcappid": "3415980",
            "decryptionkey": ""
        },
        "3500125": {
            "config": {
                "language": "norwegian"
            },
            "manifests": {
                "public": {
                    "gid": "3842667558095051998",
                    "size": "3802",
                    "download": "3472"
                }
            },
            "dlcappid": "3415980",
            "decryptionkey": ""
        },
        "3500126": {
            "config": {
                "language": "swedish"
            },
            "manifests": {
                "public": {
                    "gid": "7480804384270367229",
                    "size": "4055",
                    "download": "3696"
                }
            },
            "dlcappid": "3415980",
            "decryptionkey": ""
        },
        "3500127": {
            "config": {
                "language": "czech"
            },
            "manifests": {
                "public": {
                    "gid": "6820488121878775641",
                    "size": "4861",
                    "download": "4416"
                }
            },
            "dlcappid": "3415980",
            "decryptionkey": ""
        },
        "3500128": {
            "config": {
                "language": "brazilian"
            },
            "manifests": {
                "public": {
                    "gid": "4857562941408488798",
                    "size": "4170",
                    "download": "3792"
                }
            },
            "dlcappid": "3415980",
            "decryptionkey": ""
        },
        "branches": {
            "public": {
                "buildid": "17355512",
                "timeupdated": "1744304172"
            }
        },
        "privatebranches": "1"
    }
}