{
    "appid": "3032720",
    "type": "DLC",
    "name": "洞石火 Artbook",
    "schinese_name": "",
    "isfreeapp": "0",
    "change_number": "23895655",
    "update_time": "2024-07-16 02:47:09",
    "depot": {
        "3032720": {
            "manifests": {
                "public": {
                    "gid": "4071968890396304541",
                    "size": "110500872",
                    "download": "105615152"
                }
            },
            "dlcappid": "3032720",
            "decryptionkey": "3adef2c02f55fc6bbbb84ca2600c7d06e795921eca77f7124065959b9bfb342e"
        },
        "branches": {
            "public": {
                "buildid": "14573023",
                "timeupdated": "1717273328"
            }
        }
    }
}