{
    "appid": "3006900",
    "type": "Game",
    "name": "Horny Housewives 2",
    "schinese_name": "",
    "isfreeapp": "0",
    "change_number": "29044778",
    "update_time": "2025-05-18 08:15:55",
    "depot": {
        "3006901": {
            "config": {
                "oslist": "windows"
            },
            "manifests": {
                "public": {
                    "gid": "8416263225301453420",
                    "size": "6330730323",
                    "download": "2978519504"
                }
            },
            "decryptionkey": "957a884c4674c977b6d5aac1a90d0f9df2a9bcf7ee0bfb19780e3848abf63d9f"
        },
        "3006902": {
            "config": {
                "oslist": "macos",
                "osarch": "64"
            },
            "manifests": {
                "public": {
                    "gid": "3817784369154086543",
                    "size": "6314491794",
                    "download": "2977198512"
                }
            }
        },
        "branches": {
            "public": {
                "buildid": "18354355",
                "timeupdated": "1746503878"
            }
        }
    }
}