{
    "appid": "3382220",
    "type": "Game",
    "name": "OVERDOSE",
    "schinese_name": "",
    "isfreeapp": "0",
    "change_number": "28805591",
    "update_time": "2025-05-04 09:30:30",
    "depot": {
        "3382221": {
            "manifests": {
                "public": {
                    "gid": "6677215995612597003",
                    "size": "1112143728",
                    "download": "442356768"
                }
            },
            "decryptionkey": "60ea7d00dbfb59b6307e021799d637007b59c1bf36a58af463de7be5ec20c23a"
        },
        "branches": {
            "public": {
                "buildid": "18014479",
                "timeupdated": "1744046681"
            }
        }
    }
}