{
    "appid": "3330480",
    "type": "Music",
    "name": "Tower Factory Soundtrack",
    "schinese_name": "",
    "isfreeapp": "0",
    "change_number": "26165717",
    "update_time": "2024-11-13 07:30:39",
    "depot": {
        "3330481": {
            "manifests": {
                "public": {
                    "gid": "7343657197756131029",
                    "size": "21154632",
                    "download": "21127808"
                }
            },
            "decryptionkey": "4027c5b39275b28175f900830aaca65f45bed6e452e925c9f7a9e747a2e3b49e"
        },
        "3330482": {
            "config": {
                "highqualityaudio": "1"
            },
            "manifests": {
                "public": {
                    "gid": "5664720202890868208",
                    "size": "251789080",
                    "download": "234095456"
                }
            },
            "decryptionkey": "94c46f409884343de887820f88842864dc4fe595cd62256633d299ca1595965a"
        },
        "branches": {
            "public": {
                "buildid": "16279447",
                "timeupdated": "1730638421"
            }
        }
    }
}