{
    "appid": "3672540",
    "type": "Game",
    "name": "BACKROOM LOOP",
    "schinese_name": "",
    "isfreeapp": "0",
    "change_number": "29045762",
    "update_time": "2025-05-18 11:31:02",
    "depot": {
        "3672541": {
            "manifests": {
                "public": {
                    "gid": "1585885226387379687",
                    "size": "7244195079",
                    "download": "2706904656"
                }
            },
            "decryptionkey": "22eba8d8626daa1ee82ba5a5d84d9355cf68c3cb8752411c2fb7eaafaa19c5e6"
        },
        "branches": {
            "public": {
                "buildid": "18506507",
                "timeupdated": "1747539056"
            }
        }
    }
}