{
    "appid": "3015110",
    "type": "Game",
    "name": "Backrooms Cats and Lava",
    "schinese_name": "",
    "isfreeapp": "0",
    "change_number": "28921390",
    "update_time": "2025-05-11 07:31:20",
    "depot": {
        "3015111": {
            "manifests": {
                "public": {
                    "gid": "3612027676556325284",
                    "size": "9895952",
                    "download": "5046336"
                }
            },
            "decryptionkey": "5ac73005fed47087d352b405b363da10ffb5ecfd020429823589b907d5f7ad46"
        },
        "branches": {
            "public": {
                "buildid": "14763702",
                "timeupdated": "1718773610"
            }
        }
    }
}