{
    "appid": "3467390",
    "type": "Game",
    "name": "DON'T GET GOT",
    "schinese_name": "信你个鬼",
    "isfreeapp": "0",
    "change_number": "28940264",
    "update_time": "2025-05-12 22:08:16",
    "depot": {
        "3467391": {
            "manifests": {
                "public": {
                    "gid": "5497117915998579225",
                    "size": "5753079792",
                    "download": "2581041248"
                }
            },
            "decryptionkey": "d769b93bc7b7673f275578e14381fe841526329c8e4847fc45b52b047d577651"
        },
        "branches": {
            "public": {
                "buildid": "17201442",
                "timeupdated": "1738342007"
            }
        },
        "privatebranches": "1"
    }
}