{
    "appid": "3183950",
    "type": "Game",
    "name": "Симулятор Обнимания Берёзы",
    "schinese_name": "",
    "isfreeapp": "0",
    "change_number": "28989738",
    "update_time": "2025-05-15 05:14:34",
    "depot": {
        "228989": {
            "config": {
                "oslist": "windows"
            },
            "depotfromapp": "228980",
            "sharedinstall": "1"
        },
        "228990": {
            "config": {
                "oslist": "windows"
            },
            "depotfromapp": "228980",
            "sharedinstall": "1"
        },
        "229007": {
            "config": {
                "oslist": "windows"
            },
            "depotfromapp": "228980",
            "sharedinstall": "1"
        },
        "3183951": {
            "manifests": {
                "public": {
                    "gid": "3773537896151192132",
                    "size": "5130090099",
                    "download": "4987459472"
                }
            },
            "decryptionkey": "eb2ee0eaaca5d13a6e9eb9ab82d845c9e2be82e670dc705b99f9d011f9dab401"
        },
        "branches": {
            "public": {
                "buildid": "16331002",
                "timeupdated": "1731001910"
            }
        }
    }
}