{
    "appid": "3343220",
    "type": "Demo",
    "name": "Silent:Abandoned Demo",
    "schinese_name": "",
    "isfreeapp": "0",
    "change_number": "27278934",
    "update_time": "2025-02-03 02:04:02",
    "depot": {
        "baselanguages": "english,german,french,spanish,russian,portuguese,dutch,turkish,arabic",
        "228989": {
            "config": {
                "oslist": "windows"
            },
            "depotfromapp": "228980",
            "sharedinstall": "1"
        },
        "228990": {
            "config": {
                "oslist": "windows"
            },
            "depotfromapp": "228980",
            "sharedinstall": "1"
        },
        "3343221": {
            "config": {
                "oslist": "windows",
                "osarch": "64"
            },
            "manifests": {
                "public": {
                    "gid": "8242779291212254100",
                    "size": "646204418",
                    "download": "542812272"
                }
            },
            "decryptionkey": "7ce75873309e98bbe2cf27a07c7ebee90e9c91450b671d5deb29bdc29afffafb"
        },
        "branches": {
            "public": {
                "buildid": "16474514",
                "timeupdated": "1732117458"
            }
        }
    }
}