{
    "appid": "2963770",
    "type": "Demo",
    "name": "Iridio Demo",
    "schinese_name": "",
    "isfreeapp": "0",
    "change_number": "23937045",
    "update_time": "2024-07-16 02:47:06",
    "depot": {
        "2963771": {
            "manifests": {
                "public": {
                    "gid": "9118214546451646503",
                    "size": "16701018320",
                    "download": "7667008512"
                }
            },
            "decryptionkey": "04fd4ceaf1afaa82e086ff344634b34d5f8cd3e519606f665a9730f7ef3df1fc"
        },
        "baselanguages": "english,german,french,italian,koreana,spanish,schinese,tchinese,russian,japanese,portuguese,polish,swedish,turkish,ukrainian",
        "branches": {
            "public": {
                "buildid": "14610934",
                "timeupdated": "1717583872"
            }
        }
    }
}