{
    "appid": "3058140",
    "type": "Game",
    "name": "Desperate Place",
    "schinese_name": "绝望之地",
    "isfreeapp": "0",
    "change_number": "28873476",
    "update_time": "2025-05-08 10:18:13",
    "depot": {
        "baselanguages": "english,schinese",
        "3058141": {
            "manifests": {
                "public": {
                    "gid": "1240222740747842226",
                    "size": "542619789",
                    "download": "354399376"
                }
            },
            "decryptionkey": "d4f7732f4305f14411de00651566d9d732a2c4d62b0d7fda32108713798e4640"
        },
        "branches": {
            "public": {
                "buildid": "18260983",
                "timeupdated": "1745819079"
            }
        }
    }
}