{
    "appid": "3429180",
    "type": "Demo",
    "name": "Duck Detective: The Ghost of Glamping Demo",
    "schinese_name": "",
    "isfreeapp": "0",
    "change_number": "27462075",
    "update_time": "2025-02-13 23:28:26",
    "depot": {
        "baselanguages": "english,german",
        "3429181": {
            "config": {
                "oslist": "windows"
            },
            "manifests": {
                "public": {
                    "gid": "780326757102681937",
                    "size": "289956374",
                    "download": "128775216"
                }
            },
            "decryptionkey": "137f40e7ca63fe1129a2bfc87d2f6a2e2fc2ef81d21c1802bc65490ea541f8dc"
        },
        "3429182": {
            "config": {
                "oslist": "macos"
            },
            "manifests": {
                "public": {
                    "gid": "3452589225199167592",
                    "size": "307003282",
                    "download": "135895376"
                }
            },
            "decryptionkey": ""
        },
        "3429183": {
            "config": {
                "oslist": "linux"
            },
            "manifests": {
                "public": {
                    "gid": "246796364067351203",
                    "size": "288071780",
                    "download": "128188032"
                }
            },
            "decryptionkey": ""
        },
        "branches": {
            "public": {
                "buildid": "17437773",
                "timeupdated": "1740049115"
            }
        }
    }
}