{
    "appid": "3124850",
    "type": "Game",
    "name": "D.O.T. Defence",
    "schinese_name": "桌面战争：兵团乱斗",
    "isfreeapp": "0",
    "change_number": "29042053",
    "update_time": "2025-05-18 01:13:27",
    "depot": {
        "baselanguages": "english",
        "3124851": {
            "config": {
                "oslist": "windows"
            },
            "manifests": {
                "public": {
                    "gid": "145189296140173194",
                    "size": "307300264",
                    "download": "178172240"
                }
            },
            "decryptionkey": "7f4b1b832e0f42173a329bb0273f6d9ebb9f5bccae71fc8924f936abd229dea8"
        },
        "3124852": {
            "config": {
                "oslist": "linux"
            },
            "manifests": {
                "public": {
                    "gid": "4916066166583301498",
                    "size": "278891728",
                    "download": "173546224"
                }
            }
        },
        "branches": {
            "public": {
                "buildid": "18303642",
                "timeupdated": "1746059315"
            }
        },
        "privatebranches": "1"
    }
}