{
    "appid": "3034380",
    "type": "Demo",
    "name": "Maid Cafe on Electric Street Demo",
    "schinese_name": "芙哇芙哇女仆咖啡厅 体验版",
    "isfreeapp": "0",
    "change_number": "27146012",
    "update_time": "2025-01-24 17:08:00",
    "depot": {
        "3034381": {
            "manifests": {
                "public": {
                    "gid": "3601955175484624883",
                    "size": "2691801581",
                    "download": "1107025616"
                }
            },
            "decryptionkey": "68bc533596c9c1e4c177d7c89d6ebc1afa0c5de995b8fc6f0834c5ebc72d5291"
        },
        "branches": {
            "public": {
                "buildid": "17116915",
                "timeupdated": "1737709673"
            }
        },
        "privatebranches": "1"
    }
}