{
    "appid": "3122250",
    "type": "Demo",
    "name": "9 Kings Demo",
    "schinese_name": "",
    "isfreeapp": "0",
    "change_number": "27726739",
    "update_time": "2025-03-01 06:41:35",
    "depot": {
        "3122251": {
            "manifests": {
                "public": {
                    "gid": "3584544061463994004",
                    "size": "228838595",
                    "download": "86011712"
                }
            },
            "decryptionkey": "a00fb06e481d2763ed688df8aca5fa0578d3e5ccce658c6094ab1e6272f93504"
        },
        "branches": {
            "public": {
                "buildid": "17553887",
                "timeupdated": "1740782489"
            }
        }
    }
}