{
    "appid": "3274020",
    "type": "Demo",
    "name": "MeiQi 2024 Demo",
    "schinese_name": "孙美琪疑案 2024 Demo",
    "isfreeapp": "0",
    "change_number": "26183469",
    "update_time": "2024-11-14 07:41:51",
    "depot": {
        "228989": {
            "config": {
                "oslist": "windows"
            },
            "depotfromapp": "228980",
            "sharedinstall": "1"
        },
        "228990": {
            "config": {
                "oslist": "windows"
            },
            "depotfromapp": "228980",
            "sharedinstall": "1"
        },
        "3274021": {
            "manifests": {
                "public": {
                    "gid": "310403521541308023",
                    "size": "7374428678",
                    "download": "6576288816"
                }
            },
            "decryptionkey": "453d81067a7420ae8ba2dd40af6fc9ee19b8d3daa104b5f4059dc132a3fdfc75"
        },
        "baselanguages": "schinese",
        "branches": {
            "public": {
                "buildid": "16033984",
                "timeupdated": "1728897339"
            }
        },
        "privatebranches": "1"
    }
}