{
    "appid": "3019800",
    "type": "Game",
    "name": "Amber Alert",
    "schinese_name": "",
    "isfreeapp": "0",
    "change_number": "28762001",
    "update_time": "2025-05-01 10:33:07",
    "depot": {
        "228989": {
            "config": {
                "oslist": "windows"
            },
            "depotfromapp": "228980",
            "sharedinstall": "1"
        },
        "228990": {
            "config": {
                "oslist": "windows"
            },
            "depotfromapp": "228980",
            "sharedinstall": "1"
        },
        "229007": {
            "config": {
                "oslist": "windows"
            },
            "depotfromapp": "228980",
            "sharedinstall": "1"
        },
        "3019801": {
            "manifests": {
                "public": {
                    "gid": "9105531311555202991",
                    "size": "9901872612",
                    "download": "3388398672"
                }
            },
            "decryptionkey": "71dba35bd9263435a13da1f0dc9335b6531542ca91e1293ea34b3eb5ec641145"
        },
        "branches": {
            "public": {
                "buildid": "14950279",
                "timeupdated": "1720249847"
            }
        },
        "privatebranches": "1"
    }
}