{
    "appid": "3039450",
    "type": "Demo",
    "name": "誰是中之人 Demo",
    "schinese_name": "谁是中之人",
    "isfreeapp": "0",
    "change_number": "26233391",
    "update_time": "2024-11-17 21:24:22",
    "depot": {
        "3039451": {
            "manifests": {
                "public": {
                    "gid": "2969040967494207466",
                    "size": "846244234",
                    "download": "679390112"
                }
            },
            "decryptionkey": "fb76e312a2eed0212870ba8fb51f373150a61863162ec614d1bdb08107d3cfa3"
        },
        "branches": {
            "public": {
                "buildid": "16436017",
                "timeupdated": "1731849860"
            }
        }
    }
}