{
    "appid": "3296950",
    "type": "DLC",
    "name": "Awaken: Hentai Dice - Animation Pack",
    "schinese_name": "",
    "isfreeapp": "0",
    "change_number": "26117381",
    "update_time": "2024-11-09 09:05:50",
    "depot": {
        "3296950": {
            "manifests": {
                "public": {
                    "gid": "3547382241062980771",
                    "size": "484144277",
                    "download": "488629600"
                }
            },
            "dlcappid": "3296950",
            "decryptionkey": "480bfc3f2eb8b7a604b9582ccba095654d7c6142f76e356e336a2979a6fa74db"
        },
        "branches": {
            "public": {
                "buildid": "16331195",
                "timeupdated": "1731002000"
            }
        }
    }
}