{
    "appid": "3155640",
    "type": "Demo",
    "name": "冲出盖娅星 Demo",
    "schinese_name": "冲出盖娅星 Demo",
    "isfreeapp": "0",
    "change_number": "25164552",
    "update_time": "2024-09-11 06:20:15",
    "depot": {
        "3155641": {
            "manifests": {
                "public": {
                    "gid": "5729651248303873336",
                    "size": "1954836544",
                    "download": "532185776"
                }
            },
            "decryptionkey": "0d4bde46c7c91515c73523621bfd728cae6e43d78293dc559db833111f783fe6"
        },
        "branches": {
            "public": {
                "buildid": "15516373",
                "timeupdated": "1724836330"
            }
        }
    }
}