{
    "appid": "3137760",
    "type": "Demo",
    "name": "Symphonia Demo",
    "schinese_name": "",
    "isfreeapp": "0",
    "change_number": "25854032",
    "update_time": "2024-10-23 16:51:37",
    "depot": {
        "baselanguages": "english,german,french,italian,koreana,spanish,schinese,russian,japanese,brazilian",
        "3137761": {
            "config": {
                "oslist": "windows"
            },
            "manifests": {
                "public": {
                    "gid": "900237652549260408",
                    "size": "2726389417",
                    "download": "1008355856"
                }
            },
            "decryptionkey": "7c16de5af226646d03f74bb5c8fd2a12dc0601692643c70114817108aa1c4966"
        },
        "branches": {
            "public": {
                "buildid": "16141926",
                "timeupdated": "1729673494"
            }
        }
    }
}