{
    "appid": "3363640",
    "type": "Game",
    "name": "Puyo! Sokoban",
    "schinese_name": "噗哟！推箱子",
    "isfreeapp": "0",
    "change_number": "28619434",
    "update_time": "2025-04-23 18:13:39",
    "depot": {
        "3363641": {
            "manifests": {
                "public": {
                    "gid": "2465766821316511410",
                    "size": "29367119",
                    "download": "11481712"
                }
            },
            "decryptionkey": "e025e9803e86e0109e9c1765f7512c6344cf4bd2eff5c2f729804686455671f8"
        },
        "workshopdepot": "3363640",
        "branches": {
            "public": {
                "buildid": "17671280",
                "timeupdated": "1741917759"
            }
        },
        "privatebranches": "1",
        "workshopdepotdecryptionkey": ""
    }
}