{
    "appid": "3270360",
    "type": "Demo",
    "name": "舒舒服服小岛时光 Demo",
    "schinese_name": "舒舒服服小岛时光 Demo",
    "isfreeapp": "0",
    "change_number": "27114257",
    "update_time": "2025-01-22 23:28:23",
    "depot": {
        "3270361": {
            "config": {
                "oslist": "windows"
            },
            "manifests": {
                "public": {
                    "gid": "4802736630121891036",
                    "size": "423681472",
                    "download": "86467744"
                }
            },
            "decryptionkey": "7011c9b7b48f7afdc5e5f8e019f31de1b619e52bfc6c7d44e0f5a42ac23adf83"
        },
        "3270362": {
            "config": {
                "oslist": "macos"
            },
            "manifests": {
                "public": {
                    "gid": "5926814544776324151",
                    "size": "450412882",
                    "download": "94321424"
                }
            },
            "decryptionkey": ""
        },
        "branches": {
            "public": {
                "buildid": "16513914",
                "timeupdated": "1732418267"
            }
        },
        "privatebranches": "1"
    }
}