{
    "appid": "3137240",
    "type": "Game",
    "name": "幻海奇航",
    "schinese_name": "幻海奇航",
    "isfreeapp": "0",
    "change_number": "27204408",
    "update_time": "2025-01-29 00:58:34",
    "depot": {
        "3137241": {
            "manifests": {
                "public": {
                    "gid": "5484929831108763927",
                    "size": "2396084836",
                    "download": "570661152"
                }
            },
            "decryptionkey": "28145c9aa9e1e4f2c08ef823c497f607835b02ce2186b57970ea46e3fcde27bd"
        },
        "branches": {
            "public": {
                "buildid": "17160255",
                "timeupdated": "1738083511"
            }
        },
        "privatebranches": "1"
    }
}