{
    "appid": "3165140",
    "type": "Demo",
    "name": "Cats & Dice Demo",
    "schinese_name": "",
    "isfreeapp": "0",
    "change_number": "27107632",
    "update_time": "2025-01-22 15:31:12",
    "depot": {
        "3165141": {
            "config": {
                "language": "english",
                "oslist": "windows"
            },
            "manifests": {
                "public": {
                    "gid": "5323287073206696155",
                    "size": "98711011",
                    "download": "49056480"
                }
            },
            "decryptionkey": "6a19781188e90292bd74d04e2817d157ac2964b922f041e92f4172fd22c79547"
        },
        "baselanguages": "english",
        "branches": {
            "public": {
                "buildid": "17087967",
                "timeupdated": "1737531067"
            }
        }
    }
}