{
    "appid": "3007010",
    "type": "Demo",
    "name": "CurseBreaker Demo",
    "schinese_name": "",
    "isfreeapp": "0",
    "change_number": "26183469",
    "update_time": "2024-11-14 07:25:16",
    "depot": {
        "baselanguages": "english,schinese",
        "3007011": {
            "config": {
                "oslist": "windows"
            },
            "manifests": {
                "public": {
                    "gid": "6143478769942078335",
                    "size": "802709484",
                    "download": "188247984"
                }
            },
            "decryptionkey": "a8302fe4bf99025f2ba7655d04d843e9aeb8c31dfcf8b7afbbc940360e79d0fc"
        },
        "hasdepotsindlc": "0",
        "branches": {
            "public": {
                "buildid": "14766535",
                "timeupdated": "1718791731"
            }
        },
        "privatebranches": "1"
    }
}