{
    "appid": "3009640",
    "type": "Game",
    "name": "Sakura, The Jirai-kei Magical Girl",
    "schinese_name": "Sakura, The Jirai-kei Magical Girl",
    "isfreeapp": "0",
    "change_number": "28271046",
    "update_time": "2025-04-02 23:16:44",
    "depot": {
        "3009641": {
            "manifests": {
                "public": {
                    "gid": "6350782069943275497",
                    "size": "1869642620",
                    "download": "772713280"
                }
            },
            "decryptionkey": "42502aed5c953cec15df3cb201e428ce1aa7990916e1aa0b0b42396fb8c2a9a9"
        },
        "branches": {
            "public": {
                "buildid": "17466406",
                "timeupdated": "1740221894"
            }
        }
    }
}