{
    "appid": "3018040",
    "type": "Demo",
    "name": "Starground Demo",
    "schinese_name": "",
    "isfreeapp": "0",
    "change_number": "24871390",
    "update_time": "2024-08-21 06:41:02",
    "depot": {
        "baselanguages": "english",
        "3018041": {
            "config": {
                "oslist": "windows",
                "osarch": "64"
            },
            "manifests": {
                "public": {
                    "gid": "7319147436606927260",
                    "size": "384665336",
                    "download": "249762944"
                }
            },
            "decryptionkey": "5bad0ed0838073a0ba0641c9c906f9a3f28c17b35c7a287952a48858fbbf799c"
        },
        "3018042": {
            "config": {
                "oslist": "linux"
            },
            "manifests": {
                "public": {
                    "gid": "6709911326733264764",
                    "size": "391068128",
                    "download": "251118848"
                }
            },
            "decryptionkey": ""
        },
        "branches": {
            "public": {
                "buildid": "15098132",
                "timeupdated": "1721468993"
            }
        }
    }
}