{
    "appid": "3345230",
    "type": "Music",
    "name": "Blade Chimera - Original Soundtrack",
    "schinese_name": "幻刃奇美拉 原声大碟",
    "isfreeapp": "0",
    "change_number": "28138716",
    "update_time": "2025-03-26 06:33:53",
    "depot": {
        "3345231": {
            "manifests": {
                "public": {
                    "gid": "7049020760055571310",
                    "size": "202376206",
                    "download": "192957856"
                }
            },
            "decryptionkey": "1106da74ae8c19a0f5cbe83e7f6d857d2d02135bf9dfb26bcf14c80482a07afa"
        },
        "3345233": {
            "config": {
                "highqualityaudio": "1"
            },
            "manifests": {
                "public": {
                    "gid": "6367156545543275960",
                    "size": "881347420",
                    "download": "804821216"
                }
            },
            "decryptionkey": "222f95ecae669474af21d5848ec3f6041130aebdf16d139bd00a3aeac63ce51f"
        },
        "branches": {
            "public": {
                "buildid": "16853985",
                "timeupdated": "1735211410"
            }
        },
        "privatebranches": "1"
    }
}