{
    "appid": "3080090",
    "type": "Music",
    "name": "The Lord of the Rings: Return to Moria™ Soundtrack",
    "schinese_name": "",
    "isfreeapp": "0",
    "change_number": "28496382",
    "update_time": "2025-04-16 06:16:53",
    "depot": {
        "3080092": {
            "manifests": {
                "public": {
                    "gid": "8912566162116638582",
                    "size": "107364358",
                    "download": "107327872"
                }
            },
            "decryptionkey": "73414b93eecf0b11ce364c40a1d76593ba247c2edf1de4df2ccdea1d4d324875"
        },
        "3080093": {
            "config": {
                "highqualityaudio": "1"
            },
            "manifests": {
                "public": {
                    "gid": "6932548281361082675",
                    "size": "331727013",
                    "download": "334542608"
                }
            },
            "decryptionkey": "19a5dd5c25d3c01a77d5cb7d8701a93d46e11f41c50bb491b689f8084f637171"
        },
        "branches": {
            "public": {
                "buildid": "15439684",
                "timeupdated": "1724187009"
            }
        }
    }
}