{
    "appid": "3204650",
    "type": "Game",
    "name": "HANGAR 8",
    "schinese_name": "8号机库",
    "isfreeapp": "0",
    "change_number": "28805591",
    "update_time": "2025-05-04 09:30:26",
    "depot": {
        "hasdepotsindlc": "0",
        "3204651": {
            "config": {
                "oslist": "windows"
            },
            "manifests": {
                "public": {
                    "gid": "3669567685160847651",
                    "size": "263009360",
                    "download": "95321424"
                }
            },
            "decryptionkey": "9d60c5f4e1aab1770c3ae1627d57af33aad4ddce8b85328b423a07267cb6e9e3"
        },
        "3204652": {
            "config": {
                "oslist": "linux"
            },
            "manifests": {
                "public": {
                    "gid": "1388628000864675484",
                    "size": "269377584",
                    "download": "96975296"
                }
            }
        },
        "branches": {
            "public": {
                "buildid": "18254097",
                "timeupdated": "1745734099"
            }
        }
    }
}