{
    "appid": "2941920",
    "type": "Demo",
    "name": "完美恋人~fragile love Demo",
    "schinese_name": "",
    "isfreeapp": "0",
    "change_number": "24764932",
    "update_time": "2024-08-13 19:23:00",
    "depot": {
        "baselanguages": "english,schinese",
        "2941921": {
            "manifests": {
                "public": {
                    "gid": "3399826305704444349",
                    "size": "606330704",
                    "download": "320325872"
                }
            },
            "decryptionkey": "788b024f8a2c71315594d2673b195028c86b6e89deb6022b42e1908915af9556"
        },
        "branches": {
            "public": {
                "buildid": "15354164",
                "timeupdated": "1723548176"
            }
        }
    }
}