{
    "appid": "3241580",
    "type": "Demo",
    "name": "命运游戏2：百年之约 Demo",
    "schinese_name": "",
    "isfreeapp": "0",
    "change_number": "27085049",
    "update_time": "2025-01-21 08:57:18",
    "depot": {
        "3241581": {
            "config": {
                "oslist": "windows"
            },
            "manifests": {
                "public": {
                    "gid": "5716912067533927725",
                    "size": "8057110106",
                    "download": "7914949072"
                }
            },
            "decryptionkey": "6686a941a87c575cfd30cbc5fdcd378a5ec3af0269fe481773bd2bb9ea904593"
        },
        "3241582": {
            "config": {
                "oslist": "macos"
            },
            "manifests": {
                "public": {
                    "gid": "72281086836805094",
                    "size": "8107042272",
                    "download": "7925958912"
                }
            },
            "decryptionkey": ""
        },
        "branches": {
            "public": {
                "buildid": "16874050",
                "timeupdated": "1735547850"
            }
        }
    }
}