{
    "appid": "2994240",
    "type": "Game",
    "name": "Gods vs Horrors",
    "schinese_name": "诸神之劫：自走棋",
    "isfreeapp": "0",
    "change_number": "29047829",
    "update_time": "2025-05-18 18:15:19",
    "depot": {
        "baselanguages": "english",
        "2994241": {
            "config": {
                "oslist": "windows"
            },
            "manifests": {
                "public": {
                    "gid": "4513860721358414699",
                    "size": "634454625",
                    "download": "79978688"
                }
            },
            "decryptionkey": "92f5f649f24970c0ccda65596884c173ef289cc05131497508acda608c709060"
        },
        "2994242": {
            "config": {
                "oslist": "linux"
            },
            "manifests": {
                "public": {
                    "gid": "2103462447715301765",
                    "size": "633335709",
                    "download": "78356480"
                }
            }
        },
        "2994243": {
            "config": {
                "oslist": "macos"
            },
            "manifests": {
                "public": {
                    "gid": "7777971001500909102",
                    "size": "658811603",
                    "download": "87675888"
                }
            }
        },
        "branches": {
            "public": {
                "buildid": "18336371",
                "timeupdated": "1746338977"
            }
        }
    }
}