{
    "appid": "2965440",
    "type": "Demo",
    "name": "Idle Colony Demo",
    "schinese_name": "",
    "isfreeapp": "0",
    "change_number": "27062657",
    "update_time": "2025-01-19 17:54:28",
    "depot": {
        "2965441": {
            "manifests": {
                "public": {
                    "gid": "3512244028018950320",
                    "size": "72701362",
                    "download": "43525408"
                }
            },
            "decryptionkey": "0d0e0118944573f73a440e2f5cc64896ce2871f74b1a3e366c08794ad237752d"
        },
        "branches": {
            "public": {
                "buildid": "16824212",
                "timeupdated": "1734792499"
            }
        }
    }
}