{
    "appid": "2959530",
    "type": "Demo",
    "name": "欺神弄鬼 Demo",
    "schinese_name": "",
    "isfreeapp": "0",
    "change_number": "28142964",
    "update_time": "2025-03-26 12:56:35",
    "depot": {
        "baselanguages": "schinese",
        "228988": {
            "config": {
                "oslist": "windows"
            },
            "depotfromapp": "228980",
            "sharedinstall": "1"
        },
        "2959531": {
            "config": {
                "language": "schinese",
                "oslist": "windows",
                "osarch": "64"
            },
            "manifests": {
                "public": {
                    "gid": "2858954253135729841",
                    "size": "1740116223",
                    "download": "1429170768"
                }
            },
            "decryptionkey": "25c1e7d07311276dfe1a25a42014f5ed67a41119c9a328db5c502f7805b40476"
        },
        "2959532": {
            "config": {
                "language": "schinese",
                "oslist": "macos",
                "osarch": "64"
            },
            "manifests": {
                "public": {
                    "gid": "2584960979128811236",
                    "size": "2050944232",
                    "download": "1464500720"
                }
            }
        },
        "branches": {
            "public": {
                "buildid": "17395140",
                "timeupdated": "1739806380"
            }
        }
    }
}