{
    "appid": "3578480",
    "type": "Game",
    "name": "攻上凌霄宝殿",
    "schinese_name": "",
    "isfreeapp": "0",
    "change_number": "28943317",
    "update_time": "2025-05-13 00:33:30",
    "depot": {
        "3578481": {
            "manifests": {
                "public": {
                    "gid": "3077101819818460140",
                    "size": "807298257",
                    "download": "621859808"
                }
            },
            "decryptionkey": "f369d46a405f1b95b5d474299461bd62798779f65db744eaed9d89dd2a23e3b0"
        },
        "branches": {
            "public": {
                "buildid": "18290545",
                "timeupdated": "1745990500"
            }
        }
    }
}