{
    "appid": "3456400",
    "type": "Demo",
    "name": "The Attic 18th - Paranormal Anomaly Hunting Demo",
    "schinese_name": "",
    "isfreeapp": "0",
    "change_number": "27459396",
    "update_time": "2025-02-13 20:53:57",
    "depot": {
        "3456401": {
            "manifests": {
                "public": {
                    "gid": "5572496720698187437",
                    "size": "2325758913",
                    "download": "981442384"
                }
            },
            "decryptionkey": "1d3521c7f9290be7f9786f18a4d059b16be00f0a5be0538c8956570deff37722"
        },
        "branches": {
            "public": {
                "buildid": "17241830",
                "timeupdated": "1738695084"
            }
        }
    }
}