{
    "appid": "3232770",
    "type": "Demo",
    "name": "Radio Commander: Pacific Campaign Demo",
    "schinese_name": "",
    "isfreeapp": "0",
    "change_number": "27029521",
    "update_time": "2025-01-17 01:55:50",
    "depot": {
        "3232771": {
            "manifests": {
                "public": {
                    "gid": "987802888143431233",
                    "size": "2344909227",
                    "download": "1516208416"
                }
            },
            "decryptionkey": "4e9027984385a64825ee0df5e586c35b2c9d48c9b8cd87068a43019c94199104"
        },
        "branches": {
            "public": {
                "buildid": "16192123",
                "timeupdated": "1729956552"
            }
        }
    }
}