{
    "appid": "3161800",
    "type": "Demo",
    "name": "不恋爱就完蛋了Love Curse: Find Your Soulmate Demo",
    "schinese_name": "",
    "isfreeapp": "0",
    "change_number": "26231619",
    "update_time": "2024-11-17 15:19:08",
    "depot": {
        "3161801": {
            "manifests": {
                "public": {
                    "gid": "653795484333282935",
                    "size": "597122692",
                    "download": "440315200"
                }
            },
            "decryptionkey": "ef98232c09ec100410a1fba248efea652a1e268b93eabbc2892db8b339c48ab8"
        },
        "branches": {
            "public": {
                "buildid": "16434752",
                "timeupdated": "1731827945"
            }
        }
    }
}