{
    "appid": "3082820",
    "type": "Game",
    "name": "Survival In Draconia",
    "schinese_name": "",
    "isfreeapp": "0",
    "change_number": "24683618",
    "update_time": "2024-08-07 18:38:09",
    "depot": {
        "3082821": {
            "manifests": {
                "public": {
                    "gid": "2630793272182744297",
                    "size": "581771577",
                    "download": "449924528"
                }
            },
            "decryptionkey": "0e2cb45ff5a6cc5795b3d8312495621b98a9dee4d11472f95c5c15bc1e94e0e1"
        },
        "branches": {
            "public": {
                "buildid": "15288973",
                "timeupdated": "1723027085"
            }
        }
    }
}