{
    "appid": "3123920",
    "type": "Game",
    "name": "Coral & The Abyss",
    "schinese_name": "",
    "isfreeapp": "0",
    "change_number": "28933773",
    "update_time": "2025-05-12 15:22:54",
    "depot": {
        "baselanguages": "english,german,french,italian,koreana,spanish,schinese,tchinese,japanese,brazilian",
        "3123921": {
            "manifests": {
                "public": {
                    "gid": "81820180692805432",
                    "size": "1144225042",
                    "download": "421597296"
                }
            },
            "decryptionkey": "988269828c61b640d49a5dd524119e5b8eff4b2553ae5a95b9ee29d2267571df"
        },
        "branches": {
            "public": {
                "buildid": "18188886",
                "timeupdated": "1745303651"
            }
        }
    }
}