{
    "appid": "3073730",
    "type": "Demo",
    "name": "From Fire Emergence Demo",
    "schinese_name": "",
    "isfreeapp": "0",
    "change_number": "24404283",
    "update_time": "2024-07-18 03:41:04",
    "depot": {
        "228989": {
            "config": {
                "oslist": "windows"
            },
            "depotfromapp": "228980",
            "sharedinstall": "1"
        },
        "228990": {
            "config": {
                "oslist": "windows"
            },
            "depotfromapp": "228980",
            "sharedinstall": "1"
        },
        "3073731": {
            "manifests": {
                "public": {
                    "gid": "3364174290795402443",
                    "size": "8713373769",
                    "download": "4120595168"
                }
            },
            "decryptionkey": "b03d92da95abba5f4c24c0e65974c9b946a8272e419e173769d74dec97e5d521"
        },
        "branches": {
            "public": {
                "buildid": "15066560",
                "timeupdated": "1721245260"
            }
        }
    }
}