{
    "appid": "3244860",
    "type": "Demo",
    "name": "特務朔的祕密行動 Demo",
    "schinese_name": "",
    "isfreeapp": "0",
    "change_number": "26183469",
    "update_time": "2024-11-14 07:40:27",
    "depot": {
        "3244861": {
            "manifests": {
                "public": {
                    "gid": "6195304551986348942",
                    "size": "369813218",
                    "download": "216218608"
                }
            },
            "decryptionkey": "a046a4101bd4b758a418884d0d1d2393b09a1655ae8b26c5acc8706517c543d6"
        },
        "branches": {
            "public": {
                "buildid": "16121994",
                "timeupdated": "1729513133"
            }
        },
        "privatebranches": "1"
    }
}