{
    "appid": "3152570",
    "type": "Demo",
    "name": "Pet Lands Demo",
    "schinese_name": "",
    "isfreeapp": "0",
    "change_number": "26346494",
    "update_time": "2024-12-05 02:55:52",
    "depot": {
        "228989": {
            "config": {
                "oslist": "windows"
            },
            "depotfromapp": "228980",
            "sharedinstall": "1"
        },
        "228990": {
            "config": {
                "oslist": "windows"
            },
            "depotfromapp": "228980",
            "sharedinstall": "1"
        },
        "3152571": {
            "manifests": {
                "public": {
                    "gid": "2293963006308914933",
                    "size": "3739730566",
                    "download": "2945141456"
                }
            },
            "decryptionkey": "557a8bc13c517bbadea57ef40fa08f3487a034c7b33418d5be38ec22136882ad"
        },
        "branches": {
            "public": {
                "buildid": "15566854",
                "timeupdated": "1725279487"
            }
        }
    }
}