{
    "appid": "3263210",
    "type": "Game",
    "name": "Subway Exorcist Girl",
    "schinese_name": "电车除灵少女",
    "isfreeapp": "0",
    "change_number": "29016574",
    "update_time": "2025-05-16 12:30:48",
    "depot": {
        "3263211": {
            "manifests": {
                "public": {
                    "gid": "7968268637485828133",
                    "size": "1512665350",
                    "download": "1071727168"
                }
            },
            "decryptionkey": "d655269f17f8cf81bc9507fc7e3b8697150e175bc07e97e165744dbaa7019f5a"
        },
        "branches": {
            "public": {
                "buildid": "17675049",
                "timeupdated": "1741686831"
            }
        }
    }
}