{
    "appid": "3042830",
    "type": "Game",
    "name": "Legends of Heropolis DX",
    "schinese_name": "前进！！英雄战队物语 DX (Legends of Heropolis DX)",
    "isfreeapp": "0",
    "change_number": "29015909",
    "update_time": "2025-05-16 11:24:43",
    "depot": {
        "3042831": {
            "config": {
                "oslist": "windows"
            },
            "manifests": {
                "public": {
                    "gid": "1381949182366395078",
                    "size": "76876747",
                    "download": "30539600"
                }
            },
            "decryptionkey": "b301d0c0dccd9129b1e9a51096558f76f2ab207b7b5615ec280aa435b590c3ee"
        },
        "baselanguages": "",
        "branches": {
            "public": {
                "buildid": "17612660",
                "timeupdated": "1741233139"
            }
        },
        "privatebranches": "1"
    }
}