{
    "appid": "2983140",
    "type": "Game",
    "name": "无罪之庭/Trials of Innocence",
    "schinese_name": "无罪之庭",
    "isfreeapp": "0",
    "change_number": "28893825",
    "update_time": "2025-05-09 10:30:20",
    "depot": {
        "2983141": {
            "config": {
                "oslist": "windows"
            },
            "manifests": {
                "public": {
                    "gid": "1037714691113192975",
                    "size": "1418415649",
                    "download": "984143312"
                },
                "1.2.2.510_release": {
                    "gid": "5117177918046653729",
                    "size": "1413887683",
                    "download": "980333856"
                },
                "1.2.2.508_release": {
                    "gid": "9073105968489174229",
                    "size": "1404982752",
                    "download": "974044048"
                },
                "1.2.1.507_release": {
                    "gid": "1599171335840013280",
                    "size": "1404657350",
                    "download": "973732080"
                },
                "1.2.0.506_release": {
                    "gid": "3336956025245640733",
                    "size": "1404248310",
                    "download": "973417056"
                }
            },
            "decryptionkey": "e5c1c6fcbc504b4de16dc3c37c6992c4d18c6333676321a396808c3d27682714"
        },
        "branches": {
            "public": {
                "buildid": "18382564",
                "timeupdated": "1746757816"
            },
            "1.2.2.510_release": {
                "buildid": "18075299",
                "description": "不出错的版本",
                "timeupdated": "1745602005"
            },
            "1.2.2.508_release": {
                "buildid": "17885990",
                "description": "2025.03.27",
                "timeupdated": "1743344329"
            },
            "1.2.1.507_release": {
                "buildid": "17870868",
                "description": "2025.03.27",
                "timeupdated": "1743091874"
            },
            "1.2.0.506_release": {
                "buildid": "17855589",
                "description": "2025.03.26",
                "timeupdated": "1743010236"
            }
        },
        "privatebranches": "1"
    }
}