{
    "appid": "2951780",
    "type": "Game",
    "name": "Until Chloe, the New Wife, Falls",
    "schinese_name": "新婚妻子库洛艾的堕落之路",
    "isfreeapp": "0",
    "change_number": "29015497",
    "update_time": "2025-05-16 10:48:43",
    "depot": {
        "hasdepotsindlc": "1",
        "2951781": {
            "config": {
                "language": "japanese"
            },
            "manifests": {
                "public": {
                    "gid": "1302501090950524935",
                    "size": "1011633495",
                    "download": "702332896"
                }
            },
            "decryptionkey": "e623cd4f90bcfb324a392717849a2bdfea209e53a7435f90dbfa2b1e446ce44f"
        },
        "2951782": {
            "config": {
                "language": "schinese"
            },
            "manifests": {
                "public": {
                    "gid": "4729079371636423328",
                    "size": "1036924169",
                    "download": "718509648"
                }
            },
            "decryptionkey": "e6725a3db39ed07d6830baab4e52bfaea4f7f9320920bc6b3b30279012c5c5ba"
        },
        "2951783": {
            "config": {
                "language": "tchinese"
            },
            "manifests": {
                "public": {
                    "gid": "1695896372362953046",
                    "size": "1036965599",
                    "download": "718557824"
                }
            },
            "decryptionkey": "cd8fcfc8b306344fb9e91a12bf78c9b88d2d596b9332ef3ac7be12af529893fe"
        },
        "2951784": {
            "config": {
                "language": "english"
            },
            "manifests": {
                "public": {
                    "gid": "2046075046373403832",
                    "size": "1014014682",
                    "download": "703023248"
                }
            },
            "decryptionkey": "38a5d40ad236363f25772f2af0d8810afce90bf9d46721794bff30a7944b031c"
        },
        "baselanguages": "english,schinese,tchinese,japanese",
        "branches": {
            "public": {
                "buildid": "15742576",
                "timeupdated": "1726663672"
            }
        }
    }
}