{
    "appid": "3036070",
    "type": "Demo",
    "name": "Flash Diving Demo",
    "schinese_name": "",
    "isfreeapp": "0",
    "change_number": "23956037",
    "update_time": "2024-07-16 02:47:09",
    "depot": {
        "3036071": {
            "manifests": {
                "public": {
                    "gid": "8534671775974425650",
                    "size": "133599806",
                    "download": "37269376"
                }
            },
            "decryptionkey": "6486c4c1a7f82a389c09964779b55f767e4d61a35cb528c3581fa137729afa62"
        },
        "branches": {
            "public": {
                "buildid": "14705524",
                "timeupdated": "1718282797"
            }
        }
    }
}