{
    "appid": "2978590",
    "type": "Beta",
    "name": "月白星斗 Playtest",
    "schinese_name": "",
    "isfreeapp": "0",
    "change_number": "23635650",
    "update_time": "2024-07-16 02:47:06",
    "depot": {
        "2978591": {
            "manifests": {
                "public": {
                    "gid": "7097867857407958276",
                    "size": "1253872978",
                    "download": "826351632"
                }
            },
            "decryptionkey": "59e367a3a16cb26b8ad096868397c1e467b339e6a12540664a446a5aec6b2501"
        },
        "baselanguages": "english,schinese",
        "branches": {
            "public": {
                "buildid": "14448429",
                "timeupdated": "1716338165"
            }
        }
    }
}