{
    "appid": "2987750",
    "type": "Game",
    "name": "Chorus of Carcosa",
    "schinese_name": "",
    "isfreeapp": "0",
    "change_number": "28923369",
    "update_time": "2025-05-11 14:32:48",
    "depot": {
        "hasdepotsindlc": "1",
        "228989": {
            "config": {
                "oslist": "windows"
            },
            "depotfromapp": "228980",
            "sharedinstall": "1"
        },
        "228990": {
            "config": {
                "oslist": "windows"
            },
            "depotfromapp": "228980",
            "sharedinstall": "1"
        },
        "2987751": {
            "config": {
                "oslist": "windows"
            },
            "manifests": {
                "public": {
                    "gid": "2665440355583166645",
                    "size": "4975543118",
                    "download": "4760264400"
                }
            },
            "decryptionkey": "35d631cb97a91e51ad4b17e8434aebd9a5d7f5f41903738d8bd9bb027aaf6f37"
        },
        "branches": {
            "public": {
                "buildid": "18100051",
                "timeupdated": "1744650620"
            }
        },
        "privatebranches": "1"
    }
}