{
    "appid": "3258290",
    "type": "Game",
    "name": "Equinox: Homecoming",
    "schinese_name": "",
    "isfreeapp": "0",
    "change_number": "29043684",
    "update_time": "2025-05-18 05:13:10",
    "depot": {
        "228989": {
            "config": {
                "oslist": "windows"
            },
            "depotfromapp": "228980",
            "sharedinstall": "1"
        },
        "228990": {
            "config": {
                "oslist": "windows"
            },
            "depotfromapp": "228980",
            "sharedinstall": "1"
        },
        "3258291": {
            "manifests": {
                "public": {
                    "gid": "698767765748898905",
                    "size": "15311296003",
                    "download": "13076518752"
                }
            },
            "decryptionkey": "73554f5d53f617bf5a2573e47be58a3afa60bdb3bb74882085c201e5d76ef94b"
        },
        "branches": {
            "public": {
                "buildid": "18440845",
                "timeupdated": "1747128677"
            }
        },
        "privatebranches": "1"
    }
}