{
    "appid": "3174660",
    "type": "Demo",
    "name": "Subterranauts Demo",
    "schinese_name": "",
    "isfreeapp": "0",
    "change_number": "25846781",
    "update_time": "2024-10-23 06:24:45",
    "depot": {
        "3174661": {
            "manifests": {
                "public": {
                    "gid": "6752404398634712215",
                    "size": "1285175507",
                    "download": "800229200"
                }
            },
            "decryptionkey": "ec44587a1850861991cb819920787bb273248bc2f6769c8fd79c8d73aa7d046c"
        },
        "branches": {
            "public": {
                "buildid": "16125886",
                "timeupdated": "1729533487"
            }
        }
    }
}