{
    "appid": "3442690",
    "type": "Demo",
    "name": "FIENDRISE Demo",
    "schinese_name": "",
    "isfreeapp": "0",
    "change_number": "27056846",
    "update_time": "2025-01-18 23:45:37",
    "depot": {
        "3442691": {
            "manifests": {
                "public": {
                    "gid": "5360782046475029713",
                    "size": "106533824",
                    "download": "51689008"
                }
            },
            "decryptionkey": "f0fbfb4b3449c5eacbca51095e504786460bb13212e89021ff7f1950fe4e6949"
        },
        "branches": {
            "public": {
                "buildid": "17050970",
                "timeupdated": "1737215129"
            }
        }
    }
}