{
    "appid": "3317410",
    "type": "Game",
    "name": "Perplexing",
    "schinese_name": "",
    "isfreeapp": "0",
    "change_number": "29016621",
    "update_time": "2025-05-16 12:36:44",
    "depot": {
        "3317411": {
            "manifests": {
                "public": {
                    "gid": "6582194535570984740",
                    "size": "105216789",
                    "download": "30119920"
                }
            },
            "decryptionkey": "2551edc6da9a53f5a4e1810ae83470d95753caecd67c714d9e0b5453060981a9"
        },
        "branches": {
            "public": {
                "buildid": "16189234",
                "timeupdated": "1729920319"
            }
        }
    },
    "access_token": 8501816625601448227
}