{
    "appid": "3379160",
    "type": "Demo",
    "name": "Prove You Can Win Demo",
    "schinese_name": "",
    "isfreeapp": "0",
    "change_number": "27073446",
    "update_time": "2025-01-20 18:12:11",
    "depot": {
        "3379161": {
            "config": {
                "oslist": "windows,linux"
            },
            "manifests": {
                "public": {
                    "gid": "1839491107726077739",
                    "size": "90844501",
                    "download": "42753104"
                }
            },
            "decryptionkey": "e6ac1263e8a96d4516e3b3740e1ad5f5860d95db1d9d7d39ae501a3c61a5a281"
        },
        "3379162": {
            "config": {
                "oslist": "macos"
            },
            "manifests": {
                "public": {
                    "gid": "4650658411795892807",
                    "size": "158170344",
                    "download": "56624544"
                }
            },
            "decryptionkey": ""
        },
        "branches": {
            "public": {
                "buildid": "17061304",
                "timeupdated": "1737367927"
            }
        }
    }
}