{
    "appid": "3488830",
    "type": "Beta",
    "name": "Magical Massage Playtest",
    "schinese_name": "",
    "isfreeapp": "0",
    "change_number": "28104213",
    "update_time": "2025-03-24 15:48:08",
    "depot": {
        "baselanguages": "schinese",
        "3488831": {
            "config": {
                "language": "schinese",
                "oslist": "windows"
            },
            "manifests": {
                "public": {
                    "gid": "457182095895350745",
                    "size": "270309168",
                    "download": "161023456"
                }
            },
            "decryptionkey": "68c9ea1975c87fbfc4a105da6b00938cfe750944e24864f32ad93612f1904272"
        },
        "branches": {
            "public": {
                "buildid": "17411350",
                "timeupdated": "1739902475"
            }
        }
    }
}