{
    "appid": "3181530",
    "type": "DLC",
    "name": "Beat Saber - Britney Spears - Me Against the Music (feat. Madonna)",
    "schinese_name": "",
    "isfreeapp": "0",
    "change_number": "25588316",
    "update_time": "2024-10-08 22:48:16",
    "depot": {
        "3181530": {
            "manifests": {
                "public": {
                    "gid": "7054242651833662541",
                    "size": "14372782",
                    "download": "14569408"
                }
            },
            "dlcappid": "3181530",
            "decryptionkey": "ff99008913ebf89123873aa135be10780f29ab0db8c08ead30bed9178660bd06"
        },
        "branches": {
            "public": {
                "buildid": "15688870",
                "timeupdated": "1726484147"
            }
        }
    }
}