{
    "appid": "3215250",
    "type": "Demo",
    "name": "ReTrime Demo",
    "schinese_name": "",
    "isfreeapp": "0",
    "change_number": "25812491",
    "update_time": "2024-10-21 08:58:36",
    "depot": {
        "3215251": {
            "manifests": {
                "public": {
                    "gid": "4766887378745790462",
                    "size": "1080022341",
                    "download": "377530928"
                }
            },
            "decryptionkey": "1b42dafa70d2e8198587b2136048b7e3be4f82457a61768dc3082cb794d293da"
        },
        "branches": {
            "public": {
                "buildid": "16116527",
                "timeupdated": "1729472313"
            }
        }
    }
}