{
    "appid": "2979360",
    "type": "DLC",
    "name": "Star Trek: Resurgence Art Book",
    "schinese_name": "",
    "isfreeapp": "0",
    "change_number": "23685376",
    "update_time": "2024-07-16 02:47:06",
    "depot": {
        "2979360": {
            "manifests": {
                "public": {
                    "gid": "4108105097120917556",
                    "size": "257849156",
                    "download": "202189904"
                }
            },
            "dlcappid": "2979360",
            "decryptionkey": "368e47d769416e72b53423d0de81a70ff00d6008a23d4e3071307ac70b0b2ddb"
        },
        "branches": {
            "public": {
                "buildid": "14310409",
                "timeupdated": "1715221050"
            }
        }
    }
}