{
    "appid": "3152760",
    "type": "Demo",
    "name": "Numbers of Everything Demo",
    "schinese_name": "万物之数试玩",
    "isfreeapp": "0",
    "change_number": "25802563",
    "update_time": "2024-10-20 03:54:48",
    "depot": {
        "3152761": {
            "config": {
                "oslist": "windows"
            },
            "manifests": {
                "public": {
                    "gid": "9207910451019931548",
                    "size": "399180109",
                    "download": "94510288"
                }
            },
            "decryptionkey": "23e36f93b21eef803b7e42c61b97c5a7b1d1831d19759865ea537271ec778096"
        },
        "3152762": {
            "config": {
                "oslist": "macos"
            },
            "manifests": {
                "public": {
                    "gid": "5708911823320250012",
                    "size": "535592556",
                    "download": "116398432"
                }
            },
            "decryptionkey": ""
        },
        "baselanguages": "english,schinese",
        "branches": {
            "public": {
                "buildid": "16077822",
                "timeupdated": "1729153179"
            }
        }
    }
}