{
    "appid": "3022320",
    "type": "Game",
    "name": "Mobiles Tycoon",
    "schinese_name": "",
    "isfreeapp": "0",
    "change_number": "27088419",
    "update_time": "2025-01-21 14:53:14",
    "depot": {
        "3022321": {
            "config": {
                "oslist": "windows"
            },
            "manifests": {
                "public": {
                    "gid": "4896479282595547979",
                    "size": "653699792",
                    "download": "261108544"
                }
            },
            "decryptionkey": "a0c4642f2ac51f2e335af9928fd29f699ca394ba232c152789c57161707bb11d"
        },
        "3022322": {
            "config": {
                "oslist": "linux"
            },
            "manifests": {
                "public": {
                    "gid": "9090389786812685755",
                    "size": "742153997",
                    "download": "268354336"
                }
            },
            "decryptionkey": ""
        },
        "3022323": {
            "config": {
                "oslist": "macos"
            },
            "manifests": {
                "public": {
                    "gid": "6602506544853987831",
                    "size": "834980701",
                    "download": "279701664"
                }
            },
            "decryptionkey": ""
        },
        "branches": {
            "public": {
                "buildid": "15471060",
                "timeupdated": "1724409813"
            }
        }
    }
}