{
    "appid": "2946070",
    "type": "Game",
    "name": "Descent the Abyss",
    "schinese_name": "",
    "isfreeapp": "0",
    "change_number": "27929563",
    "update_time": "2025-03-13 17:22:43",
    "depot": {
        "2946071": {
            "manifests": {
                "public": {
                    "gid": "4293361355663553027",
                    "size": "16002879",
                    "download": "8461088"
                }
            },
            "decryptionkey": "edf4d93085718c52c930174b16dddbc78300fdf33a2a7b36b7e943944a8de690"
        },
        "branches": {
            "public": {
                "buildid": "14252257",
                "timeupdated": "1714715884"
            }
        }
    }
}