{
    "appid": "3602830",
    "type": "Music",
    "name": "Deep Cuts OST - Deep Cuts",
    "schinese_name": "",
    "isfreeapp": "0",
    "change_number": "28772232",
    "update_time": "2025-05-02 01:11:07",
    "depot": {
        "3602831": {
            "manifests": {
                "public": {
                    "gid": "2573829253638507410",
                    "size": "84151536",
                    "download": "83902896"
                }
            },
            "decryptionkey": "f81ab81d3bf8d9737796cc2c1dc0fe4eefcbe4431eec170a704eb8bf334e2078"
        },
        "3602832": {
            "config": {
                "highqualityaudio": "1"
            },
            "manifests": {
                "public": {
                    "gid": "1063503803006438073",
                    "size": "1257307974",
                    "download": "1096206384"
                }
            },
            "decryptionkey": "35bae1b2b71659ddc5e16281fd3dfc56ca08839a4ee5a71d8cda60891d5206c0"
        },
        "branches": {
            "public": {
                "buildid": "17755916",
                "timeupdated": "1742238210"
            }
        }
    }
}