{
    "appid": "2984870",
    "type": "Music",
    "name": "Rabbit and Steel Soundtrack",
    "schinese_name": "",
    "isfreeapp": "0",
    "change_number": "24773461",
    "update_time": "2024-08-14 06:37:33",
    "depot": {
        "2984871": {
            "config": {
                "highqualityaudio": "1"
            },
            "manifests": {
                "public": {
                    "gid": "1545884780620327329",
                    "size": "1207713690",
                    "download": "1188342320"
                }
            },
            "decryptionkey": "b794d332bb63c9e0f0da3606648dbb2368bceb6c39165ba39d75012f9108e3f9"
        },
        "2984872": {
            "manifests": {
                "public": {
                    "gid": "7466599070626309934",
                    "size": "186681681",
                    "download": "186268080"
                }
            },
            "decryptionkey": "524f3f6f37355bca5ec3b8a21d79f76fd6730a2e4e694696ea6400acd57a4d9e"
        },
        "branches": {
            "public": {
                "buildid": "14305341",
                "timeupdated": "1715184785"
            }
        }
    }
}