{
    "appid": "2999750",
    "type": "Game",
    "name": "Tehnodrom",
    "schinese_name": "",
    "isfreeapp": "0",
    "change_number": "24094869",
    "update_time": "2024-06-24 21:33:37",
    "depot": {
        "2999751": {
            "manifests": {
                "public": {
                    "gid": "6052493512987438683",
                    "size": "317545376",
                    "download": "122857008"
                }
            },
            "decryptionkey": "f8a50b1701f51b7d51e2167ddacb1bcf32e1c4d1f4d34148c8d6a6e8fd9d15c7"
        },
        "branches": {
            "public": {
                "buildid": "14770125",
                "timeupdated": "1718810922"
            }
        }
    }
}