{
    "appid": "3541220",
    "type": "DLC",
    "name": "Kemono Heroes - Artbook",
    "schinese_name": "",
    "isfreeapp": "0",
    "change_number": "28193984",
    "update_time": "2025-03-28 23:50:50",
    "depot": {
        "3541220": {
            "dlcappid": "3541220",
            "manifests": {
                "public": {
                    "gid": "9032691350657619690",
                    "size": "1289780997",
                    "download": "814243264"
                }
            },
            "decryptionkey": "d13776f5127fd1a47386057cff144de676ad3127ffb16a81d9bf083c9028e6f4"
        },
        "branches": {
            "public": {
                "buildid": "17900230",
                "timeupdated": "1743176470"
            }
        }
    }
}