{
    "appid": "3289470",
    "type": "Demo",
    "name": "Tiny Terraces Demo",
    "schinese_name": "",
    "isfreeapp": "0",
    "change_number": "27728490",
    "update_time": "2025-03-01 09:34:11",
    "depot": {
        "3289471": {
            "manifests": {
                "public": {
                    "gid": "7528357627308701719",
                    "size": "264402795",
                    "download": "58152768"
                },
                "testbranch": {
                    "gid": "7528357627308701719",
                    "size": "264402795",
                    "download": "58152768"
                }
            },
            "decryptionkey": "b1ee693a60983ed8c51105df2df4e8873611e1012a34a05c3b6efadeba1fe997"
        },
        "3289472": {
            "config": {
                "oslist": "macos"
            },
            "manifests": {
                "testbranch": {
                    "gid": "1635187605945709370",
                    "size": "282587720",
                    "download": "65489376"
                }
            },
            "decryptionkey": ""
        },
        "branches": {
            "public": {
                "buildid": "17555285",
                "timeupdated": "1740792848"
            },
            "testbranch": {
                "buildid": "17555297",
                "description": "the branch of potentially questionable changes prior to main release",
                "timeupdated": "1740792823"
            }
        },
        "privatebranches": "1"
    }
}