{
    "appid": "3035050",
    "type": "Demo",
    "name": "TILT Demo",
    "schinese_name": "",
    "isfreeapp": "0",
    "change_number": "25709270",
    "update_time": "2024-10-14 22:01:33",
    "depot": {
        "228989": {
            "config": {
                "oslist": "windows"
            },
            "depotfromapp": "228980",
            "sharedinstall": "1"
        },
        "228990": {
            "config": {
                "oslist": "windows"
            },
            "depotfromapp": "228980",
            "sharedinstall": "1"
        },
        "229007": {
            "config": {
                "oslist": "windows"
            },
            "depotfromapp": "228980",
            "sharedinstall": "1"
        },
        "3035051": {
            "manifests": {
                "public": {
                    "gid": "2348656341673299640",
                    "size": "2418664774",
                    "download": "2253079792"
                }
            },
            "decryptionkey": "d815c21a76541054a84ddf2e54996f9ccb07d8d8a44aa7ec0c9bbb2d01f13b34"
        },
        "branches": {
            "public": {
                "buildid": "16037480",
                "timeupdated": "1728914487"
            }
        }
    }
}