{
    "appid": "3125050",
    "type": "Game",
    "name": "Lust Fantasy 💜",
    "schinese_name": "",
    "isfreeapp": "0",
    "change_number": "29016278",
    "update_time": "2025-05-16 12:00:48",
    "depot": {
        "3125051": {
            "manifests": {
                "public": {
                    "gid": "7679402781672645554",
                    "size": "5458532699",
                    "download": "3543178656"
                }
            },
            "decryptionkey": "594f3226e04ed4ba4104698fbbd574fd4cbfa1a03cbf2bf72617ba79a66266a6"
        },
        "branches": {
            "public": {
                "buildid": "15620616",
                "timeupdated": "1725654013"
            }
        }
    }
}