{
    "appid": "3097380",
    "type": "Game",
    "name": "Queen Slayer",
    "schinese_name": "",
    "isfreeapp": "0",
    "change_number": "28880777",
    "update_time": "2025-05-08 19:33:04",
    "depot": {
        "3097381": {
            "config": {
                "oslist": "windows"
            },
            "manifests": {
                "public": {
                    "gid": "6191255760733690545",
                    "size": "2208344523",
                    "download": "144798656"
                }
            },
            "decryptionkey": "2fccab5af5563ca8df5da69d0f87d7a0b22af653c661f334899506e63d220582"
        },
        "3097382": {
            "config": {
                "oslist": "macos"
            },
            "manifests": {
                "public": {
                    "gid": "3353893438095172234",
                    "size": "2179578498",
                    "download": "136884432"
                }
            },
            "decryptionkey": ""
        },
        "3097383": {
            "config": {
                "oslist": "linux"
            },
            "manifests": {
                "public": {
                    "gid": "6915789838200665526",
                    "size": "2198291368",
                    "download": "141842800"
                }
            },
            "decryptionkey": ""
        },
        "branches": {
            "public": {
                "buildid": "18354671",
                "timeupdated": "1746508008"
            }
        }
    }
}