{
    "appid": "3130820",
    "type": "Demo",
    "name": "CleanFall Demo",
    "schinese_name": "坠落：金属女仆救世录 Demo",
    "isfreeapp": "0",
    "change_number": "27521339",
    "update_time": "2025-02-18 02:44:44",
    "depot": {
        "3130821": {
            "manifests": {
                "public": {
                    "gid": "2018265352340197802",
                    "size": "2753231488",
                    "download": "211814800"
                }
            },
            "decryptionkey": "7f9b34b78ce34182e5cdba18ccc8c827b837f5a694b4411e8baa03a9cd7015af"
        },
        "branches": {
            "public": {
                "buildid": "17479118",
                "timeupdated": "1740375577"
            }
        },
        "privatebranches": "1"
    }
}