{
    "appid": "2983840",
    "type": "Game",
    "name": "#!/bin/bash",
    "schinese_name": "",
    "isfreeapp": "0",
    "change_number": "28918212",
    "update_time": "2025-05-10 23:33:37",
    "depot": {
        "2983841": {
            "manifests": {
                "public": {
                    "gid": "8557313380841227523",
                    "size": "4027850",
                    "download": "1537552"
                }
            },
            "decryptionkey": "da2f17b69d97acf65b186313afbf19bf7c656d3f1bd90e335e736cd1e773dcca"
        },
        "branches": {
            "public": {
                "buildid": "14335843",
                "timeupdated": "1715422936"
            }
        }
    }
}