{
    "appid": "3538780",
    "type": "Game",
    "name": "(ツン)デレ少女とイチャラブえっち!! ～快楽を知ってしまった末路はお〇んぽ依存症に～",
    "schinese_name": "与傲娇女孩的爱情性爱 ～她喜欢沉浸在快感和你的阴茎中～",
    "isfreeapp": "0",
    "change_number": "28684237",
    "update_time": "2025-04-27 00:13:53",
    "depot": {
        "3538781": {
            "manifests": {
                "public": {
                    "gid": "8258728786563244001",
                    "size": "226854472",
                    "download": "65784784"
                }
            },
            "decryptionkey": "8eff0cbb341bb2e8d6b816939d33ec22df69b323376d31b6b318cdeb6f98273b"
        },
        "branches": {
            "public": {
                "buildid": "17392515",
                "timeupdated": "1739793605"
            }
        }
    }
}