{
    "appid": "2951860",
    "type": "Demo",
    "name": "Arisen Force: HeroTest Demo",
    "schinese_name": "崛起力量: 测试英雄 试玩版",
    "isfreeapp": "0",
    "change_number": "26137809",
    "update_time": "2024-11-11 18:04:39",
    "depot": {
        "baselanguages": "english,german,koreana,schinese,tchinese,japanese",
        "2951861": {
            "config": {
                "oslist": "windows"
            },
            "manifests": {
                "public": {
                    "gid": "1736876959960150285",
                    "size": "3975233637",
                    "download": "3138290560"
                }
            },
            "decryptionkey": "fa55ab6f0ed18d8492bd16ff63696ab9d520b94b5ad2eea1fab31ffa18fe6db8"
        },
        "2951862": {
            "config": {
                "oslist": "windows",
                "osarch": "64"
            },
            "manifests": {}
        },
        "branches": {
            "public": {
                "buildid": "16075266",
                "timeupdated": "1729144061"
            }
        },
        "privatebranches": "1"
    }
}