{
    "appid": "3197120",
    "type": "DLC",
    "name": "The Sims™ 4 Casanova Cave Kit",
    "schinese_name": "《The Sims™ 4 风流情巢》套件包",
    "isfreeapp": "0",
    "change_number": "28926673",
    "update_time": "2025-05-11 23:33:14",
    "depot": {
        "3197120": {
            "manifests": {
                "public": {
                    "gid": "782398803459793152",
                    "size": "66502908",
                    "download": "63343728"
                }
            },
            "dlcappid": "3197120",
            "decryptionkey": "7e68e02132c3b7068d863870fde6ad141d793a141b24c09d0132a51ff35e5e21"
        },
        "3197121": {
            "config": {
                "language": "english"
            },
            "manifests": {
                "public": {
                    "gid": "6671648279233219197",
                    "size": "2708",
                    "download": "2416"
                }
            },
            "dlcappid": "3197120",
            "decryptionkey": ""
        },
        "3197122": {
            "config": {
                "language": "german"
            },
            "manifests": {
                "public": {
                    "gid": "502648979887963087",
                    "size": "3079",
                    "download": "2784"
                }
            },
            "dlcappid": "3197120",
            "decryptionkey": ""
        },
        "3197123": {
            "config": {
                "language": "french"
            },
            "manifests": {
                "public": {
                    "gid": "1517872020720775093",
                    "size": "3125",
                    "download": "2848"
                }
            },
            "dlcappid": "3197120",
            "decryptionkey": ""
        },
        "3197124": {
            "config": {
                "language": "italian"
            },
            "manifests": {
                "public": {
                    "gid": "8961699836428506360",
                    "size": "2924",
                    "download": "2656"
                }
            },
            "dlcappid": "3197120",
            "decryptionkey": ""
        },
        "3197125": {
            "config": {
                "language": "koreana"
            },
            "manifests": {
                "public": {
                    "gid": "2539722862299797682",
                    "size": "2829",
                    "download": "2640"
                }
            },
            "dlcappid": "3197120",
            "decryptionkey": ""
        },
        "3197126": {
            "config": {
                "language": "spanish"
            },
            "manifests": {
                "public": {
                    "gid": "2958164619899005440",
                    "size": "3150",
                    "download": "2864"
                }
            },
            "dlcappid": "3197120",
            "decryptionkey": ""
        },
        "3197127": {
            "config": {
                "language": "schinese"
            },
            "manifests": {
                "public": {
                    "gid": "8552366738012355737",
                    "size": "2891",
                    "download": "2624"
                }
            },
            "dlcappid": "3197120",
            "decryptionkey": "1a4671fcf873e2b67c0cf527b92b7ee36e159e5f0f817ae7528b8966ff44268b"
        },
        "3197128": {
            "config": {
                "language": "tchinese"
            },
            "manifests": {
                "public": {
                    "gid": "4898858611082763325",
                    "size": "2836",
                    "download": "2592"
                }
            },
            "dlcappid": "3197120",
            "decryptionkey": ""
        },
        "3197129": {
            "config": {
                "language": "russian"
            },
            "manifests": {
                "public": {
                    "gid": "7113546424213277787",
                    "size": "3178",
                    "download": "2976"
                }
            },
            "dlcappid": "3197120",
            "decryptionkey": ""
        },
        "3401230": {
            "config": {
                "language": "japanese"
            },
            "manifests": {
                "public": {
                    "gid": "8009413666801106715",
                    "size": "3059",
                    "download": "2832"
                }
            },
            "dlcappid": "3197120",
            "decryptionkey": ""
        },
        "3401231": {
            "config": {
                "language": "polish"
            },
            "manifests": {
                "public": {
                    "gid": "2083835709700911988",
                    "size": "3040",
                    "download": "2736"
                }
            },
            "dlcappid": "3197120",
            "decryptionkey": ""
        },
        "3401232": {
            "config": {
                "language": "danish"
            },
            "manifests": {
                "public": {
                    "gid": "2445305522900351285",
                    "size": "2792",
                    "download": "2528"
                }
            },
            "dlcappid": "3197120",
            "decryptionkey": ""
        },
        "3401233": {
            "config": {
                "language": "dutch"
            },
            "manifests": {
                "public": {
                    "gid": "1940629723802555704",
                    "size": "2848",
                    "download": "2544"
                }
            },
            "dlcappid": "3197120",
            "decryptionkey": ""
        },
        "3401234": {
            "config": {
                "language": "finnish"
            },
            "manifests": {
                "public": {
                    "gid": "1072702096448779248",
                    "size": "2844",
                    "download": "2544"
                }
            },
            "dlcappid": "3197120",
            "decryptionkey": ""
        },
        "3401235": {
            "config": {
                "language": "norwegian"
            },
            "manifests": {
                "public": {
                    "gid": "5587292668516821247",
                    "size": "2654",
                    "download": "2400"
                }
            },
            "dlcappid": "3197120",
            "decryptionkey": ""
        },
        "3401236": {
            "config": {
                "language": "swedish"
            },
            "manifests": {
                "public": {
                    "gid": "203382421757026422",
                    "size": "2782",
                    "download": "2512"
                }
            },
            "dlcappid": "3197120",
            "decryptionkey": ""
        },
        "3401237": {
            "config": {
                "language": "czech"
            },
            "manifests": {
                "public": {
                    "gid": "8210766960043183632",
                    "size": "3342",
                    "download": "3040"
                }
            },
            "dlcappid": "3197120",
            "decryptionkey": ""
        },
        "3401238": {
            "config": {
                "language": "brazilian"
            },
            "manifests": {
                "public": {
                    "gid": "8692857292708777913",
                    "size": "2925",
                    "download": "2656"
                }
            },
            "dlcappid": "3197120",
            "decryptionkey": ""
        },
        "branches": {
            "public": {
                "buildid": "16752785",
                "timeupdated": "1737050320"
            }
        },
        "privatebranches": "1"
    }
}