{
    "appid": "3046850",
    "type": "Game",
    "name": "Candy Golf",
    "schinese_name": "",
    "isfreeapp": "0",
    "change_number": "29042791",
    "update_time": "2025-05-18 02:59:12",
    "depot": {
        "228989": {
            "config": {
                "oslist": "windows"
            },
            "depotfromapp": "228980",
            "sharedinstall": "1"
        },
        "228990": {
            "config": {
                "oslist": "windows"
            },
            "depotfromapp": "228980",
            "sharedinstall": "1"
        },
        "229000": {
            "config": {
                "oslist": "windows"
            },
            "depotfromapp": "228980",
            "sharedinstall": "1"
        },
        "3046851": {
            "manifests": {
                "public": {
                    "gid": "6631689586340723515",
                    "size": "706974305",
                    "download": "550463968"
                }
            },
            "decryptionkey": "3df5131757399c38e2f740be63c716c5ea1339938f7de9e80e681de8fd9d4c6f"
        },
        "branches": {
            "public": {
                "buildid": "14674465",
                "timeupdated": "1718092839"
            }
        }
    }
}