{
    "appid": "3265630",
    "type": "Demo",
    "name": "Holy Shoot Demo",
    "schinese_name": "",
    "isfreeapp": "0",
    "change_number": "28984625",
    "update_time": "2025-05-14 23:57:56",
    "depot": {
        "228989": {
            "config": {
                "oslist": "windows"
            },
            "depotfromapp": "228980",
            "sharedinstall": "1"
        },
        "228990": {
            "config": {
                "oslist": "windows"
            },
            "depotfromapp": "228980",
            "sharedinstall": "1"
        },
        "3265631": {
            "manifests": {
                "public": {
                    "gid": "8652310655109448239",
                    "size": "3522285161",
                    "download": "3341846656"
                }
            },
            "decryptionkey": "cffa84731e76846dd059966d64cd5810558efe0636d518b526163a444b33ef94"
        },
        "branches": {
            "public": {
                "buildid": "17368374",
                "timeupdated": "1739545621"
            }
        }
    }
}