{
    "appid": "3193940",
    "type": "Demo",
    "name": "Wet Nightmares Demo",
    "schinese_name": "",
    "isfreeapp": "0",
    "change_number": "25279332",
    "update_time": "2024-09-18 20:48:10",
    "depot": {
        "3193941": {
            "config": {
                "oslist": "windows,linux"
            },
            "manifests": {
                "public": {
                    "gid": "5934878900341119862",
                    "size": "441435491",
                    "download": "256032064"
                }
            },
            "decryptionkey": "a19a915327788c3b9e89a3ba0520eb5a75105e7975bada13aa024cb49918b382"
        },
        "3193942": {
            "config": {
                "oslist": "macos"
            },
            "manifests": {
                "public": {
                    "gid": "7683748246406145935",
                    "size": "432630489",
                    "download": "252549280"
                }
            },
            "decryptionkey": ""
        },
        "branches": {
            "public": {
                "buildid": "15742059",
                "timeupdated": "1726661182"
            }
        }
    }
}