{
    "appid": "3145640",
    "type": "Application",
    "name": "Gaming Copilot",
    "schinese_name": "Gaming Copilot: 游戏搭子",
    "isfreeapp": "0",
    "change_number": "28913958",
    "update_time": "2025-05-10 12:32:49",
    "depot": {
        "3145641": {
            "manifests": {
                "public": {
                    "gid": "2038880095775977496",
                    "size": "6163737109",
                    "download": "2911398448"
                }
            },
            "decryptionkey": "c111744effbcb0d822e67b34615963989e128ed95d1223a1cde1045e19684f65"
        },
        "branches": {
            "public": {
                "buildid": "18281642",
                "timeupdated": "1745937411"
            }
        }
    }
}