{
    "appid": "2961470",
    "type": "DLC",
    "name": "CUSTOM ORDER MAID 3D2 It's a Night Magic the Change of Seasons ALL in ONE Pack",
    "schinese_name": "",
    "isfreeapp": "0",
    "change_number": "23562852",
    "update_time": "2024-07-16 02:47:05",
    "depot": {
        "2961471": {
            "config": {
                "oslist": "windows",
                "osarch": "64"
            },
            "manifests": {
                "public": {
                    "gid": "8575101912611509376",
                    "size": "1569535803",
                    "download": "444213840"
                }
            },
            "dlcappid": "2961470",
            "decryptionkey": "d4476da39e4825498f94119efa9d4352453bdf6df5bdea9b62cecc205acb42c3"
        },
        "branches": {
            "public": {
                "buildid": "14228584",
                "timeupdated": "1714529514"
            }
        }
    }
}