{
    "appid": "2993720",
    "type": "Game",
    "name": "Cage of Roses",
    "schinese_name": "",
    "isfreeapp": "0",
    "change_number": "29015726",
    "update_time": "2025-05-16 11:06:51",
    "depot": {
        "2993721": {
            "manifests": {
                "public": {
                    "gid": "6062282946790160452",
                    "size": "674931400",
                    "download": "534954576"
                }
            },
            "decryptionkey": "6f96c8a193127ad50c6dfcf2be462b2177adad318d889e718762efe13beaee9c"
        },
        "3456510": {
            "dlcappid": "3456510",
            "manifests": {
                "public": {
                    "gid": "204586638832042831",
                    "size": "8364172",
                    "download": "8263056"
                }
            },
            "decryptionkey": ""
        },
        "branches": {
            "public": {
                "buildid": "17843447",
                "timeupdated": "1742855374"
            }
        }
    }
}