{
    "appid": "3033620",
    "type": "Demo",
    "name": "500 CALIBER CONTRACTZ Demo",
    "schinese_name": "",
    "isfreeapp": "0",
    "change_number": "26784073",
    "update_time": "2024-12-26 07:23:28",
    "depot": {
        "3033621": {
            "manifests": {
                "public": {
                    "gid": "545425827866603125",
                    "size": "651198149",
                    "download": "470767152"
                }
            },
            "decryptionkey": "cb2c69a4a2f602239aba64b1ff7eab77a8d1fb21a09f02637be216d7d6e556ed"
        },
        "branches": {
            "public": {
                "buildid": "14660411",
                "timeupdated": "1717998457"
            }
        }
    }
}