{
    "appid": "3166530",
    "type": "Demo",
    "name": "하숙생이 전부 미녀입니다만? Demo",
    "schinese_name": "阿西, 美女室友竟然...？ Demo",
    "isfreeapp": "0",
    "change_number": "27107290",
    "update_time": "2025-01-22 15:02:04",
    "depot": {
        "baselanguages": "english,french,koreana,schinese,tchinese,russian,thai,japanese,portuguese,indonesian",
        "3166531": {
            "config": {
                "oslist": "windows"
            },
            "manifests": {
                "public": {
                    "gid": "8891860527899868918",
                    "size": "3303024289",
                    "download": "2533065040"
                }
            },
            "decryptionkey": "0de4ec1079245ed65e870b177ac596f63573424e24f7b060a7e985b837f2adaa"
        },
        "3166532": {
            "config": {
                "oslist": "macos"
            },
            "manifests": {
                "public": {
                    "gid": "2184967509638697131",
                    "size": "3320028557",
                    "download": "2538467168"
                }
            },
            "decryptionkey": ""
        },
        "3166533": {
            "config": {
                "oslist": "linux"
            },
            "manifests": {
                "public": {
                    "gid": "1273790106025470566",
                    "size": "4068716072",
                    "download": "3915786608"
                }
            },
            "decryptionkey": ""
        },
        "branches": {
            "public": {
                "buildid": "17074069",
                "timeupdated": "1737529318"
            }
        },
        "privatebranches": "1"
    }
}