{
    "appid": "3358810",
    "type": "Demo",
    "name": "Awakening Demo",
    "schinese_name": "",
    "isfreeapp": "0",
    "change_number": "27316086",
    "update_time": "2025-02-05 07:44:29",
    "depot": {
        "3358811": {
            "manifests": {
                "public": {
                    "gid": "7039002320083561127",
                    "size": "178425760",
                    "download": "107319536"
                }
            },
            "decryptionkey": "45675c1a59144e90342560e6aafdb38ba0efd901423bf5346eaf219144f46256"
        },
        "branches": {
            "public": {
                "buildid": "16464004",
                "timeupdated": "1732050645"
            }
        }
    }
}