{
    "appid": "3320930",
    "type": "Game",
    "name": "Paranormal Night Shift",
    "schinese_name": "",
    "isfreeapp": "0",
    "change_number": "28825988",
    "update_time": "2025-05-06 00:30:52",
    "depot": {
        "hasdepotsindlc": "1",
        "3320931": {
            "config": {
                "oslist": "windows",
                "osarch": "64"
            },
            "manifests": {
                "public": {
                    "gid": "7224699376907087862",
                    "size": "2422515018",
                    "download": "923687328"
                }
            },
            "decryptionkey": "d7f818bd1a88df25164b18ff2dfb5209fa3b3c454342ba5b22973106bac3764a"
        },
        "3320932": {
            "config": {
                "oslist": "windows",
                "osarch": "64"
            },
            "manifests": {
                "public": {
                    "gid": "4717059272362066479",
                    "size": "2422515018",
                    "download": "923687328"
                }
            },
            "decryptionkey": ""
        },
        "3320933": {
            "config": {
                "oslist": "windows",
                "osarch": "64"
            },
            "manifests": {
                "public": {
                    "gid": "4519552318551663714",
                    "size": "2422515018",
                    "download": "923687328"
                }
            },
            "decryptionkey": ""
        },
        "branches": {
            "public": {
                "buildid": "17592761",
                "timeupdated": "1741110605"
            }
        }
    }
}