{
    "appid": "2978530",
    "type": "Demo",
    "name": "Airships: Lost Flotilla Demo",
    "schinese_name": "",
    "isfreeapp": "0",
    "change_number": "27032008",
    "update_time": "2025-01-17 05:20:36",
    "depot": {
        "baselanguages": "english",
        "2978531": {
            "config": {
                "oslist": "windows"
            },
            "manifests": {
                "public": {
                    "gid": "3774499783073098696",
                    "size": "683419792",
                    "download": "171060560"
                }
            },
            "decryptionkey": "83cd6894bccadce79d8ad66b690b15fa7c0eea3ad8e54cb17fdba3256f142db6"
        },
        "2978532": {
            "config": {
                "oslist": "linux"
            },
            "manifests": {
                "public": {
                    "gid": "6822267034941907505",
                    "size": "683685790",
                    "download": "170461968"
                }
            },
            "decryptionkey": ""
        },
        "branches": {
            "public": {
                "buildid": "16631413",
                "timeupdated": "1733327718"
            }
        }
    }
}