{
    "appid": "3237150",
    "type": "Demo",
    "name": "One Iced Latte With Your Breast Milk, Please! Demo",
    "schinese_name": "",
    "isfreeapp": "0",
    "change_number": "27435103",
    "update_time": "2025-02-12 16:23:43",
    "depot": {
        "3237151": {
            "manifests": {
                "public": {
                    "gid": "2642219643026461621",
                    "size": "352590553",
                    "download": "239053168"
                }
            },
            "decryptionkey": "f8deed0310d1a7ed3639298907e21715d4edd3687eead0efbab77532a425c37e"
        },
        "branches": {
            "public": {
                "buildid": "16588703",
                "timeupdated": "1732985357"
            }
        }
    }
}