{
    "appid": "3422160",
    "type": "Game",
    "name": "Frankie's FunClub",
    "schinese_name": "",
    "isfreeapp": "0",
    "change_number": "28915560",
    "update_time": "2025-05-10 16:33:31",
    "depot": {
        "3422161": {
            "manifests": {
                "public": {
                    "gid": "4731267657768896389",
                    "size": "2181401928",
                    "download": "854743632"
                }
            },
            "decryptionkey": "6ce08609da82717475de80d8cc827566b5de93a7630b5dd162ffd090ed91b5e7"
        },
        "baselanguages": "english",
        "branches": {
            "public": {
                "buildid": "17640133",
                "timeupdated": "1741375664"
            }
        }
    }
}