{
    "appid": "3354530",
    "type": "DLC",
    "name": "Beat Saber - Metallica - Hit the Lights",
    "schinese_name": "",
    "isfreeapp": "0",
    "change_number": "26577835",
    "update_time": "2024-12-10 23:45:03",
    "depot": {
        "3354530": {
            "manifests": {
                "public": {
                    "gid": "7423502615729735978",
                    "size": "15338006",
                    "download": "15547712"
                }
            },
            "dlcappid": "3354530",
            "decryptionkey": "3afbba7ed07b20dc4d4fcf96652e58660e0caad3daf34c8df641a6152531195f"
        },
        "branches": {
            "public": {
                "buildid": "16539572",
                "timeupdated": "1732636530"
            }
        }
    }
}