{
    "appid": "3096010",
    "type": "Game",
    "name": "Only Climber 2",
    "schinese_name": "",
    "isfreeapp": "0",
    "change_number": "24489801",
    "update_time": "2024-07-24 17:56:52",
    "depot": {
        "228988": {
            "config": {
                "oslist": "windows"
            },
            "depotfromapp": "228980",
            "sharedinstall": "1"
        },
        "228989": {
            "config": {
                "oslist": "windows"
            },
            "depotfromapp": "228980",
            "sharedinstall": "1"
        },
        "228990": {
            "config": {
                "oslist": "windows"
            },
            "depotfromapp": "228980",
            "sharedinstall": "1"
        },
        "3096011": {
            "manifests": {
                "public": {
                    "gid": "4682299623554338537",
                    "size": "4414723780",
                    "download": "4214399616"
                }
            },
            "decryptionkey": "3c32f0eb40215b699768dfa4f1b0bc9b18dbe848b99436949b89f45e6989f8b8"
        },
        "branches": {
            "public": {
                "buildid": "14952586",
                "timeupdated": "1720281728"
            }
        }
    }
}