{
    "appid": "3279250",
    "type": "Demo",
    "name": "Last Frontier Demo",
    "schinese_name": "",
    "isfreeapp": "0",
    "change_number": "26375805",
    "update_time": "2024-12-04 21:51:11",
    "depot": {
        "228988": {
            "config": {
                "oslist": "windows"
            },
            "depotfromapp": "228980",
            "sharedinstall": "1"
        },
        "228989": {
            "config": {
                "oslist": "windows"
            },
            "depotfromapp": "228980",
            "sharedinstall": "1"
        },
        "228990": {
            "config": {
                "oslist": "windows"
            },
            "depotfromapp": "228980",
            "sharedinstall": "1"
        },
        "3279251": {
            "manifests": {
                "public": {
                    "gid": "6766840906455487115",
                    "size": "3134547698",
                    "download": "2910491984"
                }
            },
            "decryptionkey": "edf759c5ba11d312f7f57183d6b26a029ef19ff7defac12cdfbfd158773d3b72"
        },
        "branches": {
            "public": {
                "buildid": "16064627",
                "timeupdated": "1729077207"
            }
        },
        "privatebranches": "1"
    }
}