{
    "appid": "3008550",
    "type": "Demo",
    "name": "Spill the Beans Demo",
    "schinese_name": "",
    "isfreeapp": "0",
    "change_number": "24038761",
    "update_time": "2024-07-16 02:47:08",
    "depot": {
        "3008551": {
            "manifests": {
                "public": {
                    "gid": "4766829256969748329",
                    "size": "589586340",
                    "download": "415264672"
                }
            },
            "decryptionkey": "4cff8a2dc7f58ce52adf4ee8151d479816bb24739f37647a16d16cbe4a1d5d4a"
        },
        "baselanguages": "english",
        "branches": {
            "public": {
                "buildid": "14772042",
                "timeupdated": "1718823140"
            }
        }
    }
}