{
    "appid": "3239440",
    "type": "Demo",
    "name": "Spirit Valley Demo",
    "schinese_name": "",
    "isfreeapp": "0",
    "change_number": "26183469",
    "update_time": "2024-11-14 07:40:08",
    "depot": {
        "3239441": {
            "manifests": {
                "public": {
                    "gid": "3913475037461564466",
                    "size": "604640888",
                    "download": "135237360"
                }
            },
            "decryptionkey": "e425b25197296ec94ce8345a9ba14bb6aec7c937bafdce9eebe64666deaa76c9"
        },
        "branches": {
            "public": {
                "buildid": "15951282",
                "timeupdated": "1728293861"
            }
        },
        "privatebranches": "1"
    }
}