{
    "appid": "3431690",
    "type": "Demo",
    "name": "GeckoShop Demo",
    "schinese_name": "",
    "isfreeapp": "0",
    "change_number": "27543261",
    "update_time": "2025-02-19 06:19:08",
    "depot": {
        "3431691": {
            "config": {
                "oslist": "windows"
            },
            "manifests": {
                "public": {
                    "gid": "6843557831864632965",
                    "size": "1407576242",
                    "download": "176526240"
                }
            },
            "decryptionkey": "d99c9bc0bb371c4bb38ddb1293630dc1c2ee0518177eb34c3d6dc736aaa4cdc2"
        },
        "3431692": {
            "config": {
                "oslist": "macos"
            },
            "manifests": {
                "public": {
                    "gid": "6498137584387008298",
                    "size": "1401655640",
                    "download": "174884016"
                }
            },
            "decryptionkey": ""
        },
        "3431693": {
            "config": {
                "oslist": "linux"
            },
            "manifests": {
                "public": {
                    "gid": "2177621229581876336",
                    "size": "1416172350",
                    "download": "179445680"
                }
            },
            "decryptionkey": ""
        },
        "branches": {
            "public": {
                "buildid": "17475813",
                "timeupdated": "1740342035"
            }
        }
    }
}