{
    "appid": "3181900",
    "type": "Demo",
    "name": "After Me Demo",
    "schinese_name": "",
    "isfreeapp": "0",
    "change_number": "25258508",
    "update_time": "2024-09-17 17:09:50",
    "depot": {
        "228989": {
            "config": {
                "oslist": "windows"
            },
            "depotfromapp": "228980",
            "sharedinstall": "1"
        },
        "228990": {
            "config": {
                "oslist": "windows"
            },
            "depotfromapp": "228980",
            "sharedinstall": "1"
        },
        "3181901": {
            "manifests": {
                "public": {
                    "gid": "3212404392783398744",
                    "size": "2808757236",
                    "download": "2681155648"
                }
            },
            "decryptionkey": "15f40be661ff2d6b3e6e03aa2b6229fbf6a3b303f63d56cd3411992be3652195"
        },
        "branches": {
            "public": {
                "buildid": "15726565",
                "timeupdated": "1726564186"
            }
        }
    }
}