{
    "appid": "3026100",
    "type": "Game",
    "name": "ESports Simulator",
    "schinese_name": "",
    "isfreeapp": "0",
    "change_number": "26742095",
    "update_time": "2024-12-21 09:23:26",
    "depot": {
        "3026101": {
            "config": {
                "oslist": "windows"
            },
            "manifests": {
                "public": {
                    "gid": "2664832678102431171",
                    "size": "4024867275",
                    "download": "1133758128"
                }
            },
            "decryptionkey": "d1f5c17c120a39dd43d937c2609d3cd11c015df9ddd95356ff668f5ccac4cac9"
        },
        "baselanguages": "english",
        "branches": {
            "public": {
                "buildid": "16078074",
                "timeupdated": "1729154524"
            }
        }
    }
}