{
    "appid": "3241720",
    "type": "Game",
    "name": "玩仔的冒险",
    "schinese_name": "",
    "isfreeapp": "0",
    "change_number": "25889175",
    "update_time": "2024-10-25 11:59:25",
    "depot": {
        "228989": {
            "config": {
                "oslist": "windows"
            },
            "depotfromapp": "228980",
            "sharedinstall": "1"
        },
        "228990": {
            "config": {
                "oslist": "windows"
            },
            "depotfromapp": "228980",
            "sharedinstall": "1"
        },
        "3241721": {
            "manifests": {
                "public": {
                    "gid": "2787202889575056526",
                    "size": "398577182",
                    "download": "285677456"
                }
            },
            "decryptionkey": "166f63265f5a7269a9f7edd10583945f77381461230413412d94b96a4f3adf3f"
        },
        "branches": {
            "public": {
                "buildid": "15953383",
                "timeupdated": "1728304754"
            }
        }
    }
}