{
    "appid": "3514130",
    "type": "Music",
    "name": "NieR:Automata Original Soundtrack",
    "schinese_name": "",
    "isfreeapp": "0",
    "change_number": "28918671",
    "update_time": "2025-05-11 00:33:04",
    "depot": {
        "3514131": {
            "manifests": {
                "public": {
                    "gid": "3619695901002137478",
                    "size": "513794863",
                    "download": "469542480"
                }
            },
            "decryptionkey": "a7c343b68119cbafd502126c39bcac4c3e44bc3deaddfb0a050815a575c9fa6d"
        },
        "branches": {
            "public": {
                "buildid": "17392631",
                "timeupdated": "1739794107"
            }
        }
    }
}