{
    "appid": "3107930",
    "type": "Game",
    "name": "Memology 2: old times",
    "schinese_name": "",
    "isfreeapp": "0",
    "change_number": "28772735",
    "update_time": "2025-05-02 01:39:48",
    "depot": {
        "3107931": {
            "manifests": {
                "public": {
                    "gid": "5574913374807762769",
                    "size": "965829241",
                    "download": "956550208"
                }
            },
            "decryptionkey": "1a9bc46e1bf594f9ab2b47a835bc870ad957a19c0ced89968cdf36a95ad362be"
        },
        "branches": {
            "public": {
                "buildid": "17443089",
                "timeupdated": "1740072937"
            }
        }
    }
}