{
    "appid": "3331040",
    "type": "Game",
    "name": "Katagiri-san is relying on me",
    "schinese_name": "片桐同学想依靠我",
    "isfreeapp": "0",
    "change_number": "29013822",
    "update_time": "2025-05-16 08:15:51",
    "depot": {
        "3331041": {
            "config": {
                "language": "english"
            },
            "manifests": {
                "public": {
                    "gid": "4855527387725456033",
                    "size": "227068445",
                    "download": "101155200"
                }
            },
            "decryptionkey": "6c55a53f769cdb93c72006e5d444df9204bf5d1decb8460da52caa8a85236cae"
        },
        "3331042": {
            "config": {
                "language": "schinese"
            },
            "manifests": {
                "public": {
                    "gid": "9082343669744337832",
                    "size": "227144336",
                    "download": "101237872"
                }
            },
            "decryptionkey": "e23e6ef3524aa4a2ac0a552e555a3da88fad026ffb1d651dcc4df390e21b39e5"
        },
        "baselanguages": "english,schinese",
        "branches": {
            "public": {
                "buildid": "16981153",
                "timeupdated": "1736709264"
            }
        }
    }
}