{
    "appid": "3263300",
    "type": "Music",
    "name": "Find the Demon Soundtrack",
    "schinese_name": "",
    "isfreeapp": "0",
    "change_number": "26373315",
    "update_time": "2024-12-05 02:41:31",
    "depot": {
        "3263301": {
            "manifests": {
                "public": {
                    "gid": "6468258309628442230",
                    "size": "174980465",
                    "download": "170240864"
                }
            },
            "decryptionkey": "19a893b4fa4f1ca240fdd6255bf03d694e3dad61127550f5bd3c20e494287227"
        },
        "3263302": {
            "config": {
                "highqualityaudio": "1"
            },
            "manifests": {
                "public": {
                    "gid": "1164769324008558783",
                    "size": "1332421836",
                    "download": "1206275712"
                }
            },
            "decryptionkey": "b771576199a0a1743841af096321ca7bd1660f9050dd4484b22cc4fddd78d79b"
        },
        "branches": {
            "public": {
                "buildid": "15961608",
                "timeupdated": "1728356408"
            }
        }
    }
}