{
    "appid": "3416070",
    "type": "Game",
    "name": "Ropuka's Idle Island",
    "schinese_name": "",
    "isfreeapp": "0",
    "change_number": "28739616",
    "update_time": "2025-04-30 10:21:29",
    "depot": {
        "3416071": {
            "manifests": {
                "public": {
                    "gid": "3414794557332355347",
                    "size": "234144428",
                    "download": "95343344"
                }
            },
            "decryptionkey": "dd9c9acd29a60cf2cd7bf22e51433362f2e97ba5fdadfa5734087bd224683daf"
        },
        "branches": {
            "public": {
                "buildid": "17995858",
                "timeupdated": "1743859260"
            }
        },
        "privatebranches": "1"
    }
}