{
    "appid": "3317430",
    "type": "Game",
    "name": "Shortage",
    "schinese_name": "",
    "isfreeapp": "0",
    "change_number": "26914518",
    "update_time": "2025-02-08 16:44:09",
    "depot": {
        "3317431": {
            "manifests": {
                "public": {
                    "gid": "6878771740524343577",
                    "size": "70564799",
                    "download": "21090304"
                }
            },
            "decryptionkey": "ec4ced1118281778a25da876e4ca27c70115d4c33a349a2cf1fc9503a87516bc"
        },
        "branches": {
            "public": {
                "buildid": "16189291",
                "timeupdated": "1729920869"
            }
        }
    },
    "access_token": 15951133958224677042
}