{
    "appid": "3032580",
    "type": "Game",
    "name": "LEVEL UP 80",
    "schinese_name": "",
    "isfreeapp": "0",
    "change_number": "28854126",
    "update_time": "2025-05-07 12:11:22",
    "depot": {
        "3032581": {
            "manifests": {
                "public": {
                    "gid": "8747378774151483754",
                    "size": "69313979",
                    "download": "49229392"
                }
            },
            "decryptionkey": "4c28fabe6c658ae9bcaec12530c210df0db036af33b8cd40234de432a4825925"
        },
        "branches": {
            "public": {
                "buildid": "14840545",
                "timeupdated": "1719380668"
            }
        }
    }
}