{
    "appid": "3516700",
    "type": "Game",
    "name": "Isekai Harem Quest: Love, Blades, and Power",
    "schinese_name": "异世界后宫幻想录 ～最强之力与爱的冒险～",
    "isfreeapp": "0",
    "change_number": "29034462",
    "update_time": "2025-05-17 07:49:18",
    "depot": {
        "3516703": {
            "config": {
                "oslist": "windows"
            },
            "manifests": {
                "public": {
                    "gid": "5021871465851352644",
                    "size": "764921863",
                    "download": "337854112"
                }
            },
            "decryptionkey": ""
        },
        "3516701": {
            "config": {
                "oslist": "windows"
            },
            "manifests": {
                "public": {
                    "gid": "1412206689146373467",
                    "size": "764921863",
                    "download": "337854112"
                }
            },
            "decryptionkey": "02a8bc0cdf5d67a84b3b5a0b8f8734e0a42ccd25fee6fa27f79e614205894b8c"
        },
        "branches": {
            "public": {
                "buildid": "18330773",
                "timeupdated": "1746259761"
            }
        }
    }
}