{
    "appid": "3123860",
    "type": "Demo",
    "name": "The Coma 2B: Catacomb Demo",
    "schinese_name": "",
    "isfreeapp": "0",
    "change_number": "25959487",
    "update_time": "2024-10-30 06:22:26",
    "depot": {
        "3123861": {
            "manifests": {
                "public": {
                    "gid": "7614028792046731697",
                    "size": "3703611533",
                    "download": "1319964720"
                }
            },
            "decryptionkey": "52497a5d15dfe77adf54089fcf57bf27bb9a82d1374d7db1b2e342ab85455b89"
        },
        "branches": {
            "public": {
                "buildid": "15838589",
                "timeupdated": "1727363910"
            }
        }
    }
}