{
    "appid": "3265520",
    "type": "Demo",
    "name": "SPARTA 2035 Demo",
    "schinese_name": "",
    "isfreeapp": "0",
    "change_number": "25797160",
    "update_time": "2024-10-19 13:44:18",
    "depot": {
        "3265521": {
            "manifests": {
                "public": {
                    "gid": "3640388527621587957",
                    "size": "6150788370",
                    "download": "4840151568"
                }
            },
            "decryptionkey": "0efce18e06434e39ecf275fedc0b8c14ccc8e89e4b91ccc05a46f29121fc0ce5"
        },
        "branches": {
            "public": {
                "buildid": "16105015",
                "timeupdated": "1729316655"
            }
        }
    }
}