{
    "appid": "3442040",
    "type": "Game",
    "name": "Dream Life in the Country Side",
    "schinese_name": "百合少女的日常",
    "isfreeapp": "0",
    "change_number": "28994667",
    "update_time": "2025-05-15 12:15:49",
    "depot": {
        "baselanguages": "english,schinese,tchinese,japanese",
        "3442041": {
            "config": {
                "oslist": "windows"
            },
            "manifests": {
                "public": {
                    "gid": "6722073472551825005",
                    "size": "811731945",
                    "download": "239424048"
                }
            },
            "decryptionkey": "e32be7205c393ad15198ebdd07964b3612a84c5c54871e864ca90bbf4cde39e2"
        },
        "branches": {
            "public": {
                "buildid": "17628015",
                "timeupdated": "1741307988"
            }
        }
    }
}