{
    "appid": "2950000",
    "type": "Game",
    "name": "Ninja Stealth 5",
    "schinese_name": "",
    "isfreeapp": "0",
    "change_number": "29015434",
    "update_time": "2025-05-16 10:42:47",
    "depot": {
        "2950001": {
            "manifests": {
                "public": {
                    "gid": "8398781058063336604",
                    "size": "426613014",
                    "download": "372273216"
                },
                "pre_release": {
                    "gid": "8398781058063336604",
                    "size": "426613014",
                    "download": "372273216"
                }
            },
            "decryptionkey": "20bc17eae67cb2e1e1418149cae69854e7a2ba2f32b152eed8873b18d16cf4b5"
        },
        "2950002": {
            "manifests": {
                "public": {
                    "gid": "7557160335459281174",
                    "size": "146851848",
                    "download": "45408768"
                },
                "pre_release": {
                    "gid": "7557160335459281174",
                    "size": "146851848",
                    "download": "45408768"
                }
            },
            "decryptionkey": "0ed0db2772afbf26944059076d682a73f46a2a45d943f202718965ab603663dd"
        },
        "branches": {
            "public": {
                "buildid": "14993793",
                "timeupdated": "1720647830"
            },
            "pre_release": {
                "buildid": "14993793",
                "description": "pre_release",
                "timeupdated": "1720647356"
            }
        }
    }
}