{
    "appid": "3064170",
    "type": "Music",
    "name": "Creatures of Ava: Artbook & Original Soundtrack",
    "schinese_name": "《生灵之境：艺术画册&原声音乐》",
    "isfreeapp": "0",
    "change_number": "26183469",
    "update_time": "2024-11-14 07:29:19",
    "depot": {
        "3064171": {
            "manifests": {
                "public": {
                    "gid": "1595085330837568125",
                    "size": "419249885",
                    "download": "357060352"
                }
            },
            "decryptionkey": "f25ae3f4513737f66e1107a96bf9cc689a4e1ec85f8e8ca69b0ee184ebb39301"
        },
        "3064172": {
            "config": {
                "highqualityaudio": "1"
            },
            "manifests": {
                "public": {
                    "gid": "8147396401269652530",
                    "size": "1628462453",
                    "download": "1492780464"
                }
            },
            "decryptionkey": "47bc30bdb9c5c13974129b9fbcf920edc0b1c3c984b5d3199cce95c29358f052"
        },
        "branches": {
            "public": {
                "buildid": "15274585",
                "timeupdated": "1722936084"
            }
        },
        "privatebranches": "1"
    }
}