{
    "appid": "3159930",
    "type": "Game",
    "name": "Cats in the Forbidden City",
    "schinese_name": "故宫里的那些猫",
    "isfreeapp": "0",
    "change_number": "25309691",
    "update_time": "2024-09-20 11:16:43",
    "depot": {
        "3159931": {
            "manifests": {
                "public": {
                    "gid": "6979120155261089118",
                    "size": "2854558744",
                    "download": "1217431920"
                }
            },
            "decryptionkey": "93d0cf38c66ae17f036e8d6d1176a6b4347c8d385c26c1d665e5b515f523b09d"
        },
        "branches": {
            "public": {
                "buildid": "15676175",
                "timeupdated": "1726138957"
            }
        }
    }
}