{
    "appid": "3172310",
    "type": "Game",
    "name": "Sex Desert: Mad Lust",
    "schinese_name": "",
    "isfreeapp": "0",
    "change_number": "29016408",
    "update_time": "2025-05-16 12:12:43",
    "depot": {
        "3172311": {
            "config": {
                "oslist": "windows"
            },
            "manifests": {
                "public": {
                    "gid": "5217988976623184986",
                    "size": "5938577280",
                    "download": "4483408560"
                }
            },
            "decryptionkey": "e00d93bf5a25fff5de35f341dae52e61922bbde6debb7529c93bfcbe7eeda48c"
        },
        "3172312": {
            "config": {
                "oslist": "macos"
            },
            "manifests": {
                "public": {
                    "gid": "7010801445481611487",
                    "size": "5963343873",
                    "download": "4487798432"
                }
            }
        },
        "3172313": {
            "config": {
                "oslist": "linux"
            },
            "manifests": {
                "public": {
                    "gid": "6407207977289258753",
                    "size": "5937544108",
                    "download": "4482987808"
                }
            }
        },
        "branches": {
            "public": {
                "buildid": "17984266",
                "timeupdated": "1743769098"
            }
        }
    }
}