{
    "appid": "3158480",
    "type": "Game",
    "name": "Hotel Owner Simulator",
    "schinese_name": "",
    "isfreeapp": "0",
    "change_number": "29048192",
    "update_time": "2025-05-18 19:14:28",
    "depot": {
        "228989": {
            "config": {
                "oslist": "windows"
            },
            "depotfromapp": "228980",
            "sharedinstall": "1"
        },
        "228990": {
            "config": {
                "oslist": "windows"
            },
            "depotfromapp": "228980",
            "sharedinstall": "1"
        },
        "3158481": {
            "manifests": {
                "public": {
                    "gid": "2539944980130799152",
                    "size": "7082921652",
                    "download": "6666165776"
                }
            },
            "decryptionkey": "1c548a80ffa11012787f71ba74200c0bad4fba33340e1ac0990341a47469cf95"
        },
        "hasdepotsindlc": "1",
        "branches": {
            "public": {
                "buildid": "18478686",
                "timeupdated": "1747324739"
            }
        },
        "privatebranches": "1"
    }
}