{
    "appid": "3160380",
    "type": "Music",
    "name": "JudgeSim Soundtrack",
    "schinese_name": "",
    "isfreeapp": "0",
    "change_number": "28374651",
    "update_time": "2025-04-09 06:12:45",
    "depot": {
        "3160381": {
            "manifests": {
                "public": {
                    "gid": "9202117722012645337",
                    "size": "45991166",
                    "download": "45115984"
                }
            },
            "decryptionkey": "c5679c714e1a0ae4c3381f3072a54a486d29c20baa93813288f16afb4fc93e8b"
        },
        "3160382": {
            "config": {
                "highqualityaudio": "1"
            },
            "manifests": {
                "public": {
                    "gid": "8012830076647200995",
                    "size": "304194830",
                    "download": "280818384"
                }
            },
            "decryptionkey": "8aee6f48d5030a3016f2f2b14efd2d5bb128d4a924ee148e2dcfca17d033076a"
        },
        "branches": {
            "public": {
                "buildid": "15504337",
                "timeupdated": "1724755572"
            }
        }
    }
}