{
    "appid": "3307130",
    "type": "Game",
    "name": "ShadowsAtBay",
    "schinese_name": "",
    "isfreeapp": "0",
    "change_number": "26241192",
    "update_time": "2024-11-18 17:01:07",
    "depot": {
        "228989": {
            "config": {
                "oslist": "windows"
            },
            "depotfromapp": "228980",
            "sharedinstall": "1"
        },
        "228990": {
            "config": {
                "oslist": "windows"
            },
            "depotfromapp": "228980",
            "sharedinstall": "1"
        },
        "3307131": {
            "manifests": {
                "public": {
                    "gid": "5279378339072029730",
                    "size": "866944275",
                    "download": "737438544"
                }
            },
            "decryptionkey": "0761ebbb4ee3aa04d13dcbd5aba7daf3371b7c13e0dac56c2a3055d1b98cc983"
        },
        "branches": {
            "public": {
                "buildid": "16440617",
                "timeupdated": "1731911198"
            }
        }
    }
}