{
    "appid": "2948380",
    "type": "Game",
    "name": "Bachelairs",
    "schinese_name": "",
    "isfreeapp": "0",
    "change_number": "28452919",
    "update_time": "2025-04-13 20:10:59",
    "depot": {
        "228983": {
            "config": {
                "oslist": "windows"
            },
            "depotfromapp": "228980",
            "sharedinstall": "1"
        },
        "228990": {
            "config": {
                "oslist": "windows"
            },
            "depotfromapp": "228980",
            "sharedinstall": "1"
        },
        "2948381": {
            "config": {
                "oslist": "windows"
            },
            "manifests": {
                "public": {
                    "gid": "7502796587233881693",
                    "size": "183942993",
                    "download": "119767632"
                }
            },
            "decryptionkey": "a4212c153e9312570d0f9bcea546b4979c9a94855da21cdf64ec90752384bbeb"
        },
        "2948383": {
            "config": {
                "oslist": "macos"
            },
            "manifests": {
                "public": {
                    "gid": "5618398215177589333",
                    "size": "211222713",
                    "download": "128851248"
                }
            },
            "decryptionkey": "e315bbd78304e82d2751e497517ea8be9b5cf2757ab89ac60f9c9a3257ab3800"
        },
        "branches": {
            "public": {
                "buildid": "17423638",
                "timeupdated": "1739974164"
            }
        }
    }
}