{
    "appid": "2983780",
    "type": "Game",
    "name": "Head Collector VR",
    "schinese_name": "",
    "isfreeapp": "0",
    "change_number": "28983292",
    "update_time": "2025-05-14 22:52:36",
    "depot": {
        "2983781": {
            "config": {
                "oslist": "windows"
            },
            "manifests": {
                "public": {
                    "gid": "1152011624784085666",
                    "size": "5425941487",
                    "download": "4246606832"
                },
                "headcollectorvrlegacy": {
                    "gid": "4992974993762355303",
                    "size": "4932491590",
                    "download": "3925605328"
                }
            },
            "decryptionkey": "04fb3bd53f6f4a84a10004174ad12f9e79a2afc85d750089d745206f85f2acb6"
        },
        "branches": {
            "public": {
                "buildid": "18462017",
                "timeupdated": "1747234151"
            },
            "headcollectorvrlegacy": {
                "buildid": "17925938",
                "description": "headcollectorvrlegacy",
                "timeupdated": "1747234013"
            }
        },
        "privatebranches": "1"
    }
}