{
    "appid": "3070380",
    "type": "Game",
    "name": "Space Will",
    "schinese_name": "星际意志",
    "isfreeapp": "0",
    "change_number": "28856869",
    "update_time": "2025-05-07 15:53:40",
    "depot": {
        "228989": {
            "config": {
                "oslist": "windows"
            },
            "depotfromapp": "228980",
            "sharedinstall": "1"
        },
        "228990": {
            "config": {
                "oslist": "windows"
            },
            "depotfromapp": "228980",
            "sharedinstall": "1"
        },
        "3070381": {
            "manifests": {
                "public": {
                    "gid": "363275354937624248",
                    "size": "1364839940",
                    "download": "1180739088"
                }
            },
            "decryptionkey": "52b12cc58a6962918feb5c33c6f3136f42c8bf33727ad37953e70e83b413fab8"
        },
        "branches": {
            "public": {
                "buildid": "17219933",
                "timeupdated": "1738555038"
            }
        }
    }
}