{
    "appid": "3168860",
    "type": "Demo",
    "name": "It's time, Your majesty Demo",
    "schinese_name": "皇上，上朝了",
    "isfreeapp": "0",
    "change_number": "27396294",
    "update_time": "2025-02-10 16:19:54",
    "depot": {
        "3168861": {
            "config": {
                "oslist": "windows"
            },
            "manifests": {
                "public": {
                    "gid": "3536415408815202051",
                    "size": "506311702",
                    "download": "277798608"
                }
            },
            "decryptionkey": "3913b01f12a96b0dc05bdbca80047d34e4706410d94e6e7c5c061a6f0af1dd8f"
        },
        "baselanguages": "english,schinese",
        "hasdepotsindlc": "0",
        "branches": {
            "public": {
                "buildid": "17303911",
                "timeupdated": "1739175332"
            }
        }
    }
}