{
    "appid": "3005640",
    "type": "Game",
    "name": "Hungry Noemi",
    "schinese_name": "",
    "isfreeapp": "0",
    "change_number": "29015726",
    "update_time": "2025-05-16 11:06:46",
    "depot": {
        "3005641": {
            "config": {
                "oslist": "windows"
            },
            "manifests": {
                "public": {
                    "gid": "1661241197185869610",
                    "size": "823920866",
                    "download": "593241792"
                }
            },
            "decryptionkey": "58ded1823f09c37ccc4a32bb09116f079aabd78c09303fafdbf4dcefda5dd632"
        },
        "3005642": {
            "config": {
                "oslist": "macos"
            },
            "manifests": {
                "public": {
                    "gid": "7791863595493642052",
                    "size": "934163803",
                    "download": "625679344"
                }
            }
        },
        "baselanguages": "english",
        "branches": {
            "public": {
                "buildid": "16084299",
                "timeupdated": "1729183716"
            }
        }
    }
}