{
    "appid": "3331580",
    "type": "Game",
    "name": "The Chronicles of Lancelot II",
    "schinese_name": "",
    "isfreeapp": "0",
    "change_number": "29028283",
    "update_time": "2025-05-17 00:15:59",
    "depot": {
        "3331581": {
            "manifests": {
                "public": {
                    "gid": "7424678604136741893",
                    "size": "21403205883",
                    "download": "9309023936"
                }
            },
            "decryptionkey": "cbce4d82ef9e1c1086c93cc9f2df6832dc6986d29db7db7a2209081dd380d558"
        },
        "branches": {
            "public": {
                "buildid": "18414957",
                "timeupdated": "1746890813"
            }
        }
    }
}