{
    "appid": "3373730",
    "type": "Game",
    "name": "The Secret Ops 2",
    "schinese_name": "隐秘任务2",
    "isfreeapp": "0",
    "change_number": "27375322",
    "update_time": "2025-02-08 12:59:39",
    "depot": {
        "228988": {
            "config": {
                "oslist": "windows"
            },
            "depotfromapp": "228980",
            "sharedinstall": "1"
        },
        "228989": {
            "config": {
                "oslist": "windows"
            },
            "depotfromapp": "228980",
            "sharedinstall": "1"
        },
        "228990": {
            "config": {
                "oslist": "windows"
            },
            "depotfromapp": "228980",
            "sharedinstall": "1"
        },
        "3373731": {
            "manifests": {
                "public": {
                    "gid": "2990730129787940719",
                    "size": "7189651441",
                    "download": "7022993792"
                }
            },
            "decryptionkey": "129e444e509f697a70ebcdda6fc785b870b68b04aa9c6dfde5b02ef2629b8d57"
        },
        "baselanguages": "english,german,french,koreana,spanish,schinese,tchinese,japanese,latam",
        "branches": {
            "public": {
                "buildid": "17288903",
                "timeupdated": "1738990777"
            }
        }
    }
}