{
    "appid": "3004320",
    "type": "Demo",
    "name": "Kevurah Demo",
    "schinese_name": "",
    "isfreeapp": "0",
    "change_number": "24342407",
    "update_time": "2024-07-16 02:47:08",
    "depot": {
        "3004321": {
            "manifests": {
                "public": {
                    "gid": "2318410920048807574",
                    "size": "1379195871",
                    "download": "517412512"
                }
            },
            "decryptionkey": "6fe7a69a4cd46656df6fb1340f2354d812ae20a9fd61fe6340cd2dc4de6d30b8"
        },
        "branches": {
            "public": {
                "buildid": "14659044",
                "timeupdated": "1717982283"
            }
        }
    }
}