{
    "appid": "3103970",
    "type": "Game",
    "name": "Escape Gaia",
    "schinese_name": "冲出盖娅星",
    "isfreeapp": "0",
    "change_number": "28923369",
    "update_time": "2025-05-11 14:32:55",
    "depot": {
        "3103971": {
            "manifests": {
                "public": {
                    "gid": "8513140266163633924",
                    "size": "2007228319",
                    "download": "532246176"
                }
            },
            "decryptionkey": "8304648da42e828d06b628c3ee68317171ccfc7861641d085caa9b5e838234b2"
        },
        "branches": {
            "public": {
                "buildid": "15196300",
                "timeupdated": "1722326244"
            }
        },
        "privatebranches": "1"
    }
}