{
    "appid": "3110270",
    "type": "Game",
    "name": "Hidden Cats In Fallen Leaves Town",
    "schinese_name": "藏在落叶镇里的猫",
    "isfreeapp": "0",
    "change_number": "27276138",
    "update_time": "2025-02-02 18:35:45",
    "depot": {
        "3110271": {
            "manifests": {
                "public": {
                    "gid": "499541694038146627",
                    "size": "555378234",
                    "download": "175788384"
                }
            },
            "decryptionkey": "4fec77228ba9496dc38cf32faefc5abc05042c94979ba7dd505d4d1ebc25a035"
        },
        "branches": {
            "public": {
                "buildid": "15279815",
                "timeupdated": "1722964994"
            }
        },
        "privatebranches": "1"
    }
}