{
    "appid": "3088040",
    "type": "Game",
    "name": "多元守卫者 Diverse Defenders",
    "schinese_name": "",
    "isfreeapp": "0",
    "change_number": "26777211",
    "update_time": "2024-12-25 08:52:13",
    "depot": {
        "baselanguages": "schinese",
        "3088041": {
            "config": {
                "oslist": "windows"
            },
            "manifests": {
                "public": {
                    "gid": "2048105620318584252",
                    "size": "2528522617",
                    "download": "360598848"
                }
            },
            "decryptionkey": "5b847e9de036b30d1f9220c86b2cc8768dded910ec7cc549a18668eefbfea2b5"
        },
        "branches": {
            "public": {
                "buildid": "16845497",
                "timeupdated": "1735078308"
            }
        }
    }
}