{
    "appid": "2975280",
    "type": "Demo",
    "name": "Recycling Center Simulator Demo",
    "schinese_name": "",
    "isfreeapp": "0",
    "change_number": "27539844",
    "update_time": "2025-02-19 02:15:03",
    "depot": {
        "baselanguages": "english,turkish",
        "2975281": {
            "config": {
                "oslist": "windows"
            },
            "manifests": {
                "public": {
                    "gid": "3693439354419457422",
                    "size": "2557054991",
                    "download": "932829616"
                }
            },
            "decryptionkey": "db61a650c25a06b50b1df6b68038d97bd4aa07bd904c5680edfcf2320e379c85"
        },
        "branches": {
            "public": {
                "buildid": "15457360",
                "timeupdated": "1724418258"
            }
        },
        "privatebranches": "1"
    }
}