{
    "appid": "2990500",
    "type": "Game",
    "name": "Necromancer's Revenge",
    "schinese_name": "死灵法师的复仇",
    "isfreeapp": "0",
    "change_number": "26368445",
    "update_time": "2024-12-05 00:18:54",
    "depot": {
        "2990501": {
            "config": {
                "oslist": "windows"
            },
            "manifests": {
                "public": {
                    "gid": "6502543316522038675",
                    "size": "259263940",
                    "download": "57601808"
                }
            },
            "decryptionkey": "96c31935f0882160efef103359a98c1c69e53b411901ce205c27893d16879e57"
        },
        "branches": {
            "public": {
                "buildid": "16526871",
                "timeupdated": "1732553951"
            }
        },
        "privatebranches": "1"
    }
}