{
    "appid": "3273250",
    "type": "Demo",
    "name": "Drive Thru Simulator Demo",
    "schinese_name": "",
    "isfreeapp": "0",
    "change_number": "27092745",
    "update_time": "2025-01-21 20:15:37",
    "depot": {
        "3273251": {
            "manifests": {
                "public": {
                    "gid": "2956915750170173975",
                    "size": "1940976187",
                    "download": "682149392"
                }
            },
            "decryptionkey": "9b6525c66c42ba5168d528e17e22d68bc7c2db1671cc499c4ea5832b953f58af"
        },
        "branches": {
            "public": {
                "buildid": "16460008",
                "timeupdated": "1732028385"
            }
        },
        "privatebranches": "1"
    }
}