{
    "appid": "3049220",
    "type": "Music",
    "name": "Still Wakes the Deep Soundtrack",
    "schinese_name": "",
    "isfreeapp": "0",
    "change_number": "28786067",
    "update_time": "2025-05-02 21:30:44",
    "depot": {
        "3049221": {
            "manifests": {
                "public": {
                    "gid": "2176931654314029806",
                    "size": "279194724",
                    "download": "230867760"
                }
            },
            "decryptionkey": "1f66a38b45b3fe780abd8b7af37186321ad20209f8ce66f21af9329e5f330210"
        },
        "branches": {
            "public": {
                "buildid": "14757815",
                "timeupdated": "1718793431"
            }
        }
    }
}