{
    "appid": "3011660",
    "type": "DLC",
    "name": "RPG Maker MZ - RPG Character Pack 13",
    "schinese_name": "",
    "isfreeapp": "0",
    "change_number": "23959551",
    "update_time": "2024-07-16 02:47:08",
    "depot": {
        "3011660": {
            "manifests": {
                "public": {
                    "gid": "5546869993662711188",
                    "size": "67947286",
                    "download": "66807936"
                }
            },
            "dlcappid": "3011660",
            "decryptionkey": "a888b72f1553e06157af6453840763ea12d05ad1955fc055d132875006f20cfc"
        },
        "branches": {
            "public": {
                "buildid": "14668638",
                "timeupdated": "1718047625"
            }
        }
    }
}