{
    "appid": "3587410",
    "type": "Music",
    "name": "ReSetna Soundtrack",
    "schinese_name": "",
    "isfreeapp": "0",
    "change_number": "28019573",
    "update_time": "2025-03-19 04:06:15",
    "depot": {
        "3587411": {
            "manifests": {
                "public": {
                    "gid": "5146896806072888351",
                    "size": "107221708",
                    "download": "106711952"
                }
            },
            "decryptionkey": "df54652f583a2bd9c33b7d2a2f08f3d0596f07edc2a7a43ea412f24e8eac6b23"
        },
        "branches": {
            "public": {
                "buildid": "17666464",
                "timeupdated": "1741690050"
            }
        }
    }
}