{
    "appid": "3163790",
    "type": "Game",
    "name": "Toy Shop Simulator",
    "schinese_name": "",
    "isfreeapp": "0",
    "change_number": "29048103",
    "update_time": "2025-05-18 18:59:08",
    "depot": {
        "3163791": {
            "manifests": {
                "public": {
                    "gid": "7418296744151193721",
                    "size": "3391870286",
                    "download": "1127564912"
                }
            },
            "decryptionkey": "77d75c0da5f538fa9b229d5ea7cdf887518ccbb5fd6296bcd5145417d7f9d20f"
        },
        "branches": {
            "public": {
                "buildid": "18508163",
                "timeupdated": "1747565944"
            }
        },
        "privatebranches": "1"
    }
}