{
    "appid": "3463050",
    "type": "Game",
    "name": "Dreams of Aether",
    "schinese_name": "",
    "isfreeapp": "0",
    "change_number": "28925231",
    "update_time": "2025-05-11 20:02:26",
    "depot": {
        "3463051": {
            "manifests": {
                "public": {
                    "gid": "5212312082845312568",
                    "size": "63149312",
                    "download": "44100016"
                }
            },
            "decryptionkey": "aa638e7f53885dab75ec8efa882ff7a86046d2ae4e53ff920b458269bc6a94fe"
        },
        "branches": {
            "public": {
                "buildid": "17978037",
                "timeupdated": "1743783997"
            }
        },
        "privatebranches": "1"
    }
}