{
    "appid": "2993640",
    "type": "Demo",
    "name": "Cosmic Coliseum Demo",
    "schinese_name": "",
    "isfreeapp": "0",
    "change_number": "23897682",
    "update_time": "2024-07-16 02:47:07",
    "depot": {
        "2993641": {
            "manifests": {
                "public": {
                    "gid": "7025132243541758426",
                    "size": "2055591694",
                    "download": "777665808"
                }
            },
            "decryptionkey": "daeb6aa47148392090e3b28247e08ed698b675c92e60d9f1fa7f7a94dc486ba1"
        },
        "branches": {
            "public": {
                "buildid": "14658205",
                "timeupdated": "1717970144"
            }
        }
    }
}