{
    "appid": "3273090",
    "type": "Demo",
    "name": "Lily’s Labyrinth of Lust Demo",
    "schinese_name": "",
    "isfreeapp": "0",
    "change_number": "26500858",
    "update_time": "2024-12-05 13:43:02",
    "depot": {
        "228989": {
            "config": {
                "oslist": "windows"
            },
            "depotfromapp": "228980",
            "sharedinstall": "1"
        },
        "228990": {
            "config": {
                "oslist": "windows"
            },
            "depotfromapp": "228980",
            "sharedinstall": "1"
        },
        "3273091": {
            "config": {
                "oslist": "windows"
            },
            "manifests": {
                "public": {
                    "gid": "6841662318810567237",
                    "size": "3193291331",
                    "download": "2702417856"
                }
            },
            "decryptionkey": "b3ee16ef947a5fb4ab9272897d8553215f113687a6ad2566be13b6a861bd9d31"
        },
        "branches": {
            "public": {
                "buildid": "16089951",
                "timeupdated": "1729220290"
            }
        }
    }
}