{
    "appid": "3582830",
    "type": "Game",
    "name": "The gold is mine",
    "schinese_name": "",
    "isfreeapp": "0",
    "change_number": "28810825",
    "update_time": "2025-05-04 23:29:33",
    "depot": {
        "228989": {
            "config": {
                "oslist": "windows"
            },
            "depotfromapp": "228980",
            "sharedinstall": "1"
        },
        "228990": {
            "config": {
                "oslist": "windows"
            },
            "depotfromapp": "228980",
            "sharedinstall": "1"
        },
        "3582831": {
            "manifests": {
                "public": {
                    "gid": "2610163880838007251",
                    "size": "3156544218",
                    "download": "2859360176"
                }
            },
            "decryptionkey": "a124a9ec05e7dbec9b6b848f14dc938868d61c8abeae84a3f213eda4a1c59a82"
        },
        "branches": {
            "public": {
                "buildid": "17713917",
                "timeupdated": "1743507847"
            }
        }
    }
}