{
    "appid": "3231300",
    "type": "Demo",
    "name": "Overthrown Demo",
    "schinese_name": "",
    "isfreeapp": "0",
    "change_number": "26183469",
    "update_time": "2024-11-14 07:39:49",
    "depot": {
        "3231301": {
            "manifests": {
                "public": {
                    "gid": "3698821498639665493",
                    "size": "5005321249",
                    "download": "3672016416"
                }
            },
            "decryptionkey": "e43de3e90d0aa4dc5aeb848e1741aa1f351f3ae45561015a18cf3ed5ce84890e"
        },
        "branches": {
            "public": {
                "buildid": "16098695",
                "timeupdated": "1729271403"
            }
        },
        "privatebranches": "1"
    }
}