{
    "appid": "3149800",
    "type": "Game",
    "name": "勾八公主狂想曲（J8 Princess Rhapsody）",
    "schinese_name": "",
    "isfreeapp": "0",
    "change_number": "28811513",
    "update_time": "2025-05-05 01:08:16",
    "depot": {
        "3149801": {
            "manifests": {
                "public": {
                    "gid": "5093581404030233827",
                    "size": "1913774913",
                    "download": "966391536"
                },
                "test": {
                    "gid": "3076057611361044460",
                    "size": "2005154172",
                    "download": "981161424"
                }
            },
            "decryptionkey": "72f0d5e41945c0d6c83622ae1820e866ecd1ec95f3b88a00ab18cb86da0916f9"
        },
        "baselanguages": "english,schinese,japanese",
        "branches": {
            "public": {
                "buildid": "17805894",
                "timeupdated": "1742550256"
            },
            "test": {
                "buildid": "17432881",
                "description": "测试",
                "timeupdated": "1740020282"
            }
        }
    }
}