{
    "appid": "3181600",
    "type": "DLC",
    "name": "Beat Saber - Britney Spears - Womanizer",
    "schinese_name": "",
    "isfreeapp": "0",
    "change_number": "25588368",
    "update_time": "2024-10-08 22:48:59",
    "depot": {
        "3181600": {
            "manifests": {
                "public": {
                    "gid": "8821587057627143656",
                    "size": "14611345",
                    "download": "14811424"
                }
            },
            "dlcappid": "3181600",
            "decryptionkey": "10c59170966dd6bd878558785e5c7ef08128ef81f12f095117694db6d0e43fc7"
        },
        "branches": {
            "public": {
                "buildid": "15688882",
                "timeupdated": "1726484358"
            }
        }
    }
}