{
    "appid": "3274230",
    "type": "DLC",
    "name": "Beat Saber - F.O.O.L & Power Glove - Mercenary",
    "schinese_name": "",
    "isfreeapp": "0",
    "change_number": "26160048",
    "update_time": "2024-11-12 23:50:40",
    "depot": {
        "3274230": {
            "manifests": {
                "public": {
                    "gid": "4277552529363226842",
                    "size": "12767410",
                    "download": "12942240"
                }
            },
            "dlcappid": "3274230",
            "decryptionkey": "0f02f0e8f0c801ab9b889fed079561c1e8822f0bb32deb602283d97a82a905d9"
        },
        "branches": {
            "public": {
                "buildid": "15951291",
                "timeupdated": "1728294232"
            }
        }
    }
}