{
    "appid": "3196260",
    "type": "Demo",
    "name": "Whispers Of The Shadow Demo",
    "schinese_name": "",
    "isfreeapp": "0",
    "change_number": "27255428",
    "update_time": "2025-01-31 23:01:16",
    "depot": {
        "228989": {
            "config": {
                "oslist": "windows"
            },
            "depotfromapp": "228980",
            "sharedinstall": "1"
        },
        "228990": {
            "config": {
                "oslist": "windows"
            },
            "depotfromapp": "228980",
            "sharedinstall": "1"
        },
        "baselanguages": "english,german,schinese,tchinese,russian,japanese,turkish",
        "3196261": {
            "config": {
                "oslist": "windows",
                "osarch": "64"
            },
            "manifests": {
                "public": {
                    "gid": "5506638390684186758",
                    "size": "6492166981",
                    "download": "6036089712"
                }
            },
            "decryptionkey": "7840eef847e119f0f3e298c72f1474ca6ce26b245d88d57bf37b3f1fd790d2c1"
        },
        "branches": {
            "public": {
                "buildid": "16122787",
                "timeupdated": "1729517027"
            }
        }
    }
}