{
    "appid": "3288550",
    "type": "Demo",
    "name": "异变危机 Demo",
    "schinese_name": "",
    "isfreeapp": "0",
    "change_number": "28727335",
    "update_time": "2025-04-29 20:42:24",
    "depot": {
        "228989": {
            "config": {
                "oslist": "windows"
            },
            "depotfromapp": "228980",
            "sharedinstall": "1"
        },
        "228990": {
            "config": {
                "oslist": "windows"
            },
            "depotfromapp": "228980",
            "sharedinstall": "1"
        },
        "baselanguages": "english,schinese",
        "3288551": {
            "manifests": {
                "public": {
                    "gid": "8158961161340263411",
                    "size": "1898315202",
                    "download": "1756031424"
                }
            },
            "decryptionkey": "60c6f4913e86c54865585996560d9771cecbee7bf5a9d6105d9e1e85c10348de"
        },
        "branches": {
            "public": {
                "buildid": "18280165",
                "timeupdated": "1745930537"
            }
        }
    }
}