{
    "appid": "3360800",
    "type": "Demo",
    "name": "Midnight Horde Demo",
    "schinese_name": "",
    "isfreeapp": "0",
    "change_number": "27011199",
    "update_time": "2025-01-16 01:16:24",
    "depot": {
        "3360801": {
            "manifests": {
                "public": {
                    "gid": "6970323045331465217",
                    "size": "885801129",
                    "download": "449339232"
                },
                "alpha": {
                    "gid": "6970323045331465217",
                    "size": "885801129",
                    "download": "449339232"
                },
                "developmentdebug": {
                    "gid": "6498037119775341108",
                    "size": "920986019",
                    "download": "458089136"
                }
            },
            "decryptionkey": "2aff8a8d306742e380ba42e4f839693701c4e084741865c3932ab6ccdb288712"
        },
        "branches": {
            "public": {
                "buildid": "17002963",
                "timeupdated": "1736936220"
            },
            "alpha": {
                "buildid": "17002963",
                "description": "alpha testing",
                "timeupdated": "1736876553"
            },
            "developmentdebug": {
                "buildid": "16641342",
                "description": "development with debug features",
                "timeupdated": "1733392754"
            }
        }
    }
}