{
    "appid": "3403420",
    "type": "Demo",
    "name": "Best Served Cold Demo",
    "schinese_name": "",
    "isfreeapp": "0",
    "change_number": "27457390",
    "update_time": "2025-02-13 18:53:07",
    "depot": {
        "3403421": {
            "config": {
                "oslist": "windows",
                "osarch": "64"
            },
            "manifests": {
                "public": {
                    "gid": "7192526112217938222",
                    "size": "1476781186",
                    "download": "1151492464"
                }
            },
            "decryptionkey": "3273842aab6c90a1e848c9235c44d373c3cc79ec3de316e6a1b4d0049bd2c15d"
        },
        "3403422": {
            "config": {
                "oslist": "macos",
                "osarch": "64"
            },
            "manifests": {
                "public": {
                    "gid": "3291920070421372942",
                    "size": "1501726731",
                    "download": "1159271776"
                }
            },
            "decryptionkey": ""
        },
        "branches": {
            "public": {
                "buildid": "17454090",
                "timeupdated": "1740141890"
            }
        },
        "privatebranches": "1"
    }
}