{
    "appid": "3201330",
    "type": "Beta",
    "name": "审判日：血战太平洋 Playtest",
    "schinese_name": "",
    "isfreeapp": "0",
    "change_number": "27830857",
    "update_time": "2025-03-07 15:56:54",
    "depot": {
        "228989": {
            "config": {
                "oslist": "windows"
            },
            "depotfromapp": "228980",
            "sharedinstall": "1"
        },
        "228990": {
            "config": {
                "oslist": "windows"
            },
            "depotfromapp": "228980",
            "sharedinstall": "1"
        },
        "3201331": {
            "manifests": {
                "public": {
                    "gid": "6168897672073125135",
                    "size": "11740852122",
                    "download": "11172083712"
                }
            },
            "decryptionkey": "3f3a24242698b92d807b5d6578c1b9cf5f648d8d20be39a8e34a6dd7fe152353"
        },
        "branches": {
            "public": {
                "buildid": "17265893",
                "timeupdated": "1741334152"
            }
        }
    }
}