{
    "appid": "3470980",
    "type": "Game",
    "name": "Town Market Simulator 2025",
    "schinese_name": "",
    "isfreeapp": "0",
    "change_number": "28938684",
    "update_time": "2025-05-12 20:36:23",
    "depot": {
        "3470981": {
            "manifests": {
                "public": {
                    "gid": "8633906407366239722",
                    "size": "1080034342",
                    "download": "891396480"
                }
            },
            "decryptionkey": "776e081a961dc8ce72086a0963e46d370fe618f6050dfbe437d34d2720b8afb6"
        },
        "branches": {
            "public": {
                "buildid": "17032319",
                "timeupdated": "1737065764"
            }
        }
    }
}