{
    "appid": "3239370",
    "type": "Game",
    "name": "The Paddy Field",
    "schinese_name": "",
    "isfreeapp": "0",
    "change_number": "28901587",
    "update_time": "2025-05-09 20:33:38",
    "depot": {
        "baselanguages": "english,japanese",
        "228989": {
            "config": {
                "oslist": "windows"
            },
            "depotfromapp": "228980",
            "sharedinstall": "1"
        },
        "228990": {
            "config": {
                "oslist": "windows"
            },
            "depotfromapp": "228980",
            "sharedinstall": "1"
        },
        "3239371": {
            "manifests": {
                "public": {
                    "gid": "3946809452850585771",
                    "size": "2029375401",
                    "download": "1819104544"
                }
            },
            "decryptionkey": "0b0cb3bf69ffbf147d108848ee75ba9ab54b6b1da7125d7b73c3d59841f51b29"
        },
        "branches": {
            "public": {
                "buildid": "16948720",
                "timeupdated": "1736409574"
            }
        }
    }
}