{
    "appid": "3534970",
    "type": "DLC",
    "name": "Fuga: Melodies of Steel (Manga) Vol. 4",
    "schinese_name": "",
    "isfreeapp": "0",
    "change_number": "28066196",
    "update_time": "2025-03-21 15:13:24",
    "depot": {
        "3534971": {
            "manifests": {
                "public": {
                    "gid": "1063243828129682131",
                    "size": "95827593",
                    "download": "96885712"
                }
            },
            "dlcappid": "3534970",
            "decryptionkey": "cfe8e0f436a18dac235b8b908a6fc7106e761ebb735f3ae485da9045b84c8a17"
        },
        "3534972": {
            "dlcappid": "3534970"
        },
        "branches": {
            "public": {
                "buildid": "17523370",
                "timeupdated": "1740618865"
            }
        },
        "privatebranches": "1"
    }
}