{
    "appid": "3188900",
    "type": "Demo",
    "name": "Waffle Cone Willie Demo",
    "schinese_name": "",
    "isfreeapp": "0",
    "change_number": "26375805",
    "update_time": "2024-12-05 01:37:25",
    "depot": {
        "3188901": {
            "config": {
                "oslist": "windows",
                "osarch": "64"
            },
            "manifests": {
                "public": {
                    "gid": "6463664414712220112",
                    "size": "5074897628",
                    "download": "3711742672"
                }
            },
            "decryptionkey": "f1fa12f7d6aceb31586f2096bc15923fb1751f95538b46fdc6cd8eca35a695a5"
        },
        "baselanguages": "english,german,french,koreana,spanish,schinese,russian,japanese,polish,brazilian",
        "branches": {
            "public": {
                "buildid": "15826553",
                "timeupdated": "1727289777"
            }
        }
    }
}