{
    "appid": "3181510",
    "type": "DLC",
    "name": "Beat Saber - Britney Spears - Gimme More",
    "schinese_name": "",
    "isfreeapp": "0",
    "change_number": "25588298",
    "update_time": "2024-10-08 22:48:06",
    "depot": {
        "3181510": {
            "manifests": {
                "public": {
                    "gid": "7996470021579950899",
                    "size": "16068258",
                    "download": "16287984"
                }
            },
            "dlcappid": "3181510",
            "decryptionkey": "20b2ea8e1ee289d0343f81d99db015d3dd4c755c3cca078473382b49386a31e1"
        },
        "branches": {
            "public": {
                "buildid": "15688867",
                "timeupdated": "1726484093"
            }
        }
    }
}