{
    "appid": "3162250",
    "type": "Demo",
    "name": "Sublimity Demo",
    "schinese_name": "",
    "isfreeapp": "0",
    "change_number": "26776928",
    "update_time": "2024-12-25 08:00:56",
    "depot": {
        "228989": {
            "config": {
                "oslist": "windows"
            },
            "depotfromapp": "228980",
            "sharedinstall": "1"
        },
        "228990": {
            "config": {
                "oslist": "windows"
            },
            "depotfromapp": "228980",
            "sharedinstall": "1"
        },
        "3162251": {
            "config": {
                "language": "english",
                "oslist": "windows",
                "osarch": "64"
            },
            "manifests": {
                "public": {
                    "gid": "1152730963242901971",
                    "size": "2713771656",
                    "download": "2506518464"
                }
            },
            "decryptionkey": "4a85fa5aa24d22ebcc8ed026fb4a3274511f29485167e5454aa0da8a1788626b"
        },
        "branches": {
            "public": {
                "buildid": "16816132",
                "timeupdated": "1734709985"
            }
        }
    }
}