{
    "appid": "3256600",
    "type": "Demo",
    "name": "GUG Demo",
    "schinese_name": "",
    "isfreeapp": "0",
    "change_number": "27387878",
    "update_time": "2025-02-09 22:28:13",
    "depot": {
        "3256601": {
            "config": {
                "language": "english",
                "oslist": "windows"
            },
            "manifests": {
                "public": {
                    "gid": "6306347339019786349",
                    "size": "1966753019",
                    "download": "821914624"
                },
                "beta": {
                    "gid": "6306347339019786349",
                    "size": "1966753019",
                    "download": "821914624"
                }
            },
            "decryptionkey": "be234326eef0f01aed0d24f37cb42a99c734b3ae961c9bf7268825315933b3ef"
        },
        "branches": {
            "public": {
                "buildid": "17229707",
                "timeupdated": "1738618862"
            },
            "beta": {
                "buildid": "17229707",
                "description": "staging changes",
                "timeupdated": "1738618870"
            }
        },
        "privatebranches": "1"
    }
}