{
    "appid": "3286920",
    "type": "Demo",
    "name": "MOBA Esport Manager 25 Demo",
    "schinese_name": "",
    "isfreeapp": "0",
    "change_number": "27493630",
    "update_time": "2025-02-15 19:51:03",
    "depot": {
        "3286921": {
            "manifests": {
                "public": {
                    "gid": "1027399355095828928",
                    "size": "510425099",
                    "download": "291748192"
                }
            },
            "decryptionkey": "719bd19a05e901ad5a680922354b3addf2743a86fcdf1074207e16776e4c4c09"
        },
        "branches": {
            "public": {
                "buildid": "16593420",
                "timeupdated": "1733067259"
            }
        }
    }
}