{
    "appid": "3127420",
    "type": "Demo",
    "name": "Hooked! Demo",
    "schinese_name": "",
    "isfreeapp": "0",
    "change_number": "26833196",
    "update_time": "2025-01-02 00:19:25",
    "depot": {
        "3127422": {
            "config": {
                "oslist": "windows"
            },
            "manifests": {
                "public": {
                    "gid": "8669944037596232450",
                    "size": "368505065",
                    "download": "246184080"
                }
            },
            "decryptionkey": "7e6d1316403998c9c9a261bfbf75eddd0f046e7f41a8b3b4de1397502bf653a4"
        },
        "3127423": {
            "config": {
                "oslist": "linux"
            },
            "manifests": {
                "public": {
                    "gid": "7282062659789825411",
                    "size": "357252909",
                    "download": "242444464"
                }
            },
            "decryptionkey": ""
        },
        "3127424": {
            "config": {
                "oslist": "macos"
            },
            "manifests": {
                "public": {
                    "gid": "6207478122909794424",
                    "size": "387728045",
                    "download": "250711680"
                }
            },
            "decryptionkey": ""
        },
        "branches": {
            "public": {
                "buildid": "15391773",
                "timeupdated": "1723794541"
            }
        }
    }
}