{
    "appid": "3197740",
    "type": "Demo",
    "name": "MentalHellacious Demo",
    "schinese_name": "",
    "isfreeapp": "0",
    "change_number": "25959487",
    "update_time": "2024-10-30 06:20:42",
    "depot": {
        "228989": {
            "config": {
                "oslist": "windows"
            },
            "depotfromapp": "228980",
            "sharedinstall": "1"
        },
        "228990": {
            "config": {
                "oslist": "windows"
            },
            "depotfromapp": "228980",
            "sharedinstall": "1"
        },
        "3197741": {
            "manifests": {
                "public": {
                    "gid": "6163147029317773341",
                    "size": "6202377889",
                    "download": "6133047632"
                }
            },
            "decryptionkey": "dab3d8aa13610fb5ce26a82d749cbec30398831344d77e54b5b5f5587641a5bc"
        },
        "3197742": {
            "config": {
                "language": "japanese",
                "oslist": "windows",
                "osarch": "64"
            }
        },
        "branches": {
            "public": {
                "buildid": "16123544",
                "timeupdated": "1729657424"
            }
        }
    }
}