{
    "appid": "3354480",
    "type": "DLC",
    "name": "Beat Saber - Metallica - Creeping Death",
    "schinese_name": "",
    "isfreeapp": "0",
    "change_number": "26577832",
    "update_time": "2024-12-10 23:44:54",
    "depot": {
        "3354480": {
            "manifests": {
                "public": {
                    "gid": "7197577554859479723",
                    "size": "23700762",
                    "download": "24024992"
                }
            },
            "dlcappid": "3354480",
            "decryptionkey": "f0a9162538852393dd116be7663656223f3b921348178839b60c515ac6acffd2"
        },
        "branches": {
            "public": {
                "buildid": "16539555",
                "timeupdated": "1732636461"
            }
        }
    }
}