{
    "appid": "3388970",
    "type": "Beta",
    "name": "Wretch: Divine Ascent Playtest",
    "schinese_name": "无用之人：登神长阶 Playtest",
    "isfreeapp": "0",
    "change_number": "28284202",
    "update_time": "2025-04-03 16:05:40",
    "depot": {
        "228989": {
            "config": {
                "oslist": "windows"
            },
            "depotfromapp": "228980",
            "sharedinstall": "1"
        },
        "228990": {
            "config": {
                "oslist": "windows"
            },
            "depotfromapp": "228980",
            "sharedinstall": "1"
        },
        "baselanguages": "english,schinese,tchinese",
        "3388971": {
            "config": {
                "oslist": "windows"
            },
            "manifests": {
                "public": {
                    "gid": "6310918285004925193",
                    "size": "2398938521",
                    "download": "2096914688"
                }
            },
            "decryptionkey": "eae6ec86ed23e515cfae197332f0ceaea6283fe337479c1e17b0cac23a76408b"
        },
        "branches": {
            "public": {
                "buildid": "17963531",
                "timeupdated": "1743667532"
            }
        },
        "privatebranches": "1"
    }
}