{
    "appid": "3006240",
    "type": "Game",
    "name": "Polylylyrhythm",
    "schinese_name": "交错错错错拍子",
    "isfreeapp": "0",
    "change_number": "28275833",
    "update_time": "2025-04-03 04:17:11",
    "depot": {
        "3006241": {
            "manifests": {
                "public": {
                    "gid": "3575433636040105103",
                    "size": "247611474",
                    "download": "53002816"
                }
            },
            "decryptionkey": "92899804638121e9e3db7dafbaafd7a8055e8a12cdee4fc10fbe54b603c79db3"
        },
        "branches": {
            "public": {
                "buildid": "17479356",
                "timeupdated": "1740391243"
            }
        }
    }
}