{
    "appid": "2943080",
    "type": "DLC",
    "name": "C.A.R.D.S. RPG: The Misty Battlefield  - Artbook",
    "schinese_name": "雾隐战记 C.A.R.D.S. RPG - 艺术画册",
    "isfreeapp": "0",
    "change_number": "23652437",
    "update_time": "2024-07-16 02:47:05",
    "depot": {
        "2943080": {
            "dlcappid": "2943080",
            "manifests": {
                "public": {
                    "gid": "3913791339968632322",
                    "size": "125452700",
                    "download": "96721952"
                }
            },
            "decryptionkey": "e219447084019890ffaa6af2c551a70d2806f44d68321148ede162b69a60b09c"
        },
        "branches": {
            "public": {
                "buildid": "14299989",
                "timeupdated": "1715152544"
            }
        }
    }
}