{
    "appid": "3453220",
    "type": "Demo",
    "name": "Biped 2 Demo",
    "schinese_name": "知只大冒险2 DEMO",
    "isfreeapp": "0",
    "change_number": "27729510",
    "update_time": "2025-03-01 11:48:58",
    "depot": {
        "3453221": {
            "manifests": {
                "public": {
                    "gid": "327322570933342249",
                    "size": "8460872799",
                    "download": "3964705216"
                }
            },
            "decryptionkey": "5128586408019c9af23d4fc3d6a6ed435cfa5657c5900723a926af52b723f7af"
        },
        "branches": {
            "public": {
                "buildid": "17551081",
                "timeupdated": "1740766572"
            }
        },
        "privatebranches": "1"
    }
}