{
    "appid": "2998430",
    "type": "Game",
    "name": "Cyber Freeuse Fantasy",
    "schinese_name": "",
    "isfreeapp": "0",
    "change_number": "28811519",
    "update_time": "2025-05-05 01:08:50",
    "depot": {
        "2998431": {
            "manifests": {
                "public": {
                    "gid": "5655334515298282368",
                    "size": "1026234966",
                    "download": "225033168"
                },
                "beta": {
                    "gid": "7660599131057252508",
                    "size": "1042591718",
                    "download": "225780160"
                }
            },
            "decryptionkey": "440281c25dd9aacf469b5e41a8cda0c91cfb5de01c7b9cd9bf846e2c73268002"
        },
        "2998432": {
            "manifests": {
                "public": {
                    "gid": "3010668209724240645",
                    "size": "574366645",
                    "download": "582223024"
                },
                "beta": {
                    "gid": "267848763167214572",
                    "size": "574437649",
                    "download": "582294752"
                }
            },
            "decryptionkey": "1f2ceafa1c5f29aed6092a50afed6efda9353bf709af430bb2c04cd00f7032bc"
        },
        "branches": {
            "public": {
                "buildid": "16789910",
                "timeupdated": "1734542061"
            },
            "beta": {
                "buildid": "17258629",
                "description": "beta - in development",
                "timeupdated": "1738797527"
            }
        }
    }
}