{
    "appid": "3457790",
    "type": "Game",
    "name": "Toy Scrappers",
    "schinese_name": "",
    "isfreeapp": "0",
    "change_number": "28486030",
    "update_time": "2025-04-15 19:50:13",
    "depot": {
        "228989": {
            "config": {
                "oslist": "windows"
            },
            "depotfromapp": "228980",
            "sharedinstall": "1"
        },
        "228990": {
            "config": {
                "oslist": "windows"
            },
            "depotfromapp": "228980",
            "sharedinstall": "1"
        },
        "3457791": {
            "manifests": {
                "public": {
                    "gid": "6506072803763580863",
                    "size": "5633803461",
                    "download": "5307107408"
                }
            },
            "decryptionkey": "7b76ca373d2ea79ee28634ad1d121d4c1617cd5f026acd40f3683ac4ed2665ea"
        },
        "baselanguages": "english",
        "branches": {
            "public": {
                "buildid": "17486283",
                "timeupdated": "1740413608"
            }
        }
    }
}