{
    "appid": "3231640",
    "type": "Demo",
    "name": "City of Nightmares Demo",
    "schinese_name": "",
    "isfreeapp": "0",
    "change_number": "27316086",
    "update_time": "2025-02-05 07:50:03",
    "depot": {
        "3231641": {
            "manifests": {
                "public": {
                    "gid": "3553133036620242283",
                    "size": "1676134811",
                    "download": "609711216"
                }
            },
            "decryptionkey": "d44ff1389d2e93ad52216c9716b2e3af458df3efdaa33aaa0249a6500c1d987b"
        },
        "branches": {
            "public": {
                "buildid": "15896455",
                "timeupdated": "1727833038"
            }
        }
    }
}