{
    "appid": "3311240",
    "type": "DLC",
    "name": "RPG Maker MZ - Fantasy store items tile set",
    "schinese_name": "",
    "isfreeapp": "0",
    "change_number": "26186681",
    "update_time": "2024-11-14 12:20:45",
    "depot": {
        "3311240": {
            "manifests": {
                "public": {
                    "gid": "4776518119005904689",
                    "size": "711948",
                    "download": "700976"
                }
            },
            "dlcappid": "3311240",
            "decryptionkey": "a74835d50a5d5562ac74dd056153a50cfa04c2ce02e791f55598dc3bf0c02add"
        },
        "branches": {
            "public": {
                "buildid": "16248550",
                "timeupdated": "1730362897"
            }
        }
    }
}