{
    "appid": "3419780",
    "type": "Game",
    "name": "Tick Hop",
    "schinese_name": "滴答咔哒",
    "isfreeapp": "0",
    "change_number": "28992703",
    "update_time": "2025-05-15 09:15:40",
    "depot": {
        "workshopdepot": "3419780",
        "hasdepotsindlc": "0",
        "3419781": {
            "manifests": {
                "public": {
                    "gid": "9044074580440856616",
                    "size": "315442359",
                    "download": "111958672"
                }
            },
            "decryptionkey": "627dafe6a24a91ee10d2afbd8e0cf73f87a3e222b7a374475287016d6365538d"
        },
        "branches": {
            "public": {
                "buildid": "17992106",
                "timeupdated": "1743811552"
            }
        },
        "workshopdepotdecryptionkey": "643c9e163faa78b469feb363ac1c0f0ff3eff6d3cee40f973322bbcddebfa7d5"
    }
}