{
    "appid": "3302790",
    "type": "Demo",
    "name": "Storm's Wrath Demo",
    "schinese_name": "",
    "isfreeapp": "0",
    "change_number": "26223076",
    "update_time": "2024-11-16 11:51:15",
    "depot": {
        "228989": {
            "config": {
                "oslist": "windows"
            },
            "depotfromapp": "228980",
            "sharedinstall": "1"
        },
        "228990": {
            "config": {
                "oslist": "windows"
            },
            "depotfromapp": "228980",
            "sharedinstall": "1"
        },
        "3302791": {
            "manifests": {
                "public": {
                    "gid": "1948577989580256863",
                    "size": "1454509320",
                    "download": "1336230352"
                }
            },
            "decryptionkey": "61fe5f6b51e37be26953f7d59d1ec67be86b727e3c878a8e0b2cba3a8e1f4d49"
        },
        "branches": {
            "public": {
                "buildid": "16090839",
                "timeupdated": "1729227769"
            }
        }
    }
}