{
    "appid": "3046970",
    "type": "DLC",
    "name": "RPG Developer Bakin Charming Chinese Townscape Pack",
    "schinese_name": "",
    "isfreeapp": "0",
    "change_number": "24044709",
    "update_time": "2024-07-16 02:47:09",
    "depot": {
        "3046970": {
            "manifests": {
                "public": {
                    "gid": "2588586647629727343",
                    "size": "885409991",
                    "download": "228788608"
                }
            },
            "dlcappid": "3046970",
            "decryptionkey": "6a81bf583075244cea46ebbcc2a90815fc2f23724c08f6ddb6c9d18fec34272a"
        },
        "branches": {
            "public": {
                "buildid": "14777480",
                "timeupdated": "1718865728"
            }
        }
    }
}