{
    "appid": "3407220",
    "type": "Music",
    "name": "S4U: CITYPUNK 2011 AND LOVE PUNCH Soundtrack",
    "schinese_name": "S4U: 都市朋克2011与爱的重拳 原声带",
    "isfreeapp": "0",
    "change_number": "27316086",
    "update_time": "2025-02-05 07:40:49",
    "depot": {
        "3407221": {
            "manifests": {
                "public": {
                    "gid": "2938564847076615417",
                    "size": "176194554",
                    "download": "169391552"
                }
            },
            "decryptionkey": "123869a84c8c2901d9730d9f155735163743f2052f06096ae08b36747dbe3c84"
        },
        "3407222": {
            "config": {
                "highqualityaudio": "1"
            },
            "manifests": {
                "public": {
                    "gid": "6270053248477185311",
                    "size": "1267752070",
                    "download": "1120175760"
                }
            },
            "decryptionkey": "241d279436477018a3cc7c59fcd6469ec995b77a6df387209040489dd889130a"
        },
        "branches": {
            "public": {
                "buildid": "16772184",
                "timeupdated": "1734434140"
            }
        }
    }
}