{
    "appid": "3008980",
    "type": "Demo",
    "name": "Case 32 Demo",
    "schinese_name": "",
    "isfreeapp": "0",
    "change_number": "26841486",
    "update_time": "2025-01-03 00:11:05",
    "depot": {
        "3008981": {
            "manifests": {
                "public": {
                    "gid": "4517603922576653692",
                    "size": "9358618667",
                    "download": "3737274400"
                }
            },
            "decryptionkey": "a06e825f9c6638b7ec02f985c556af87dab958d65809bf483c705916c9d21c58"
        },
        "branches": {
            "public": {
                "buildid": "16254247",
                "timeupdated": "1730391935"
            }
        }
    }
}