{
    "appid": "3136910",
    "type": "Demo",
    "name": "Backroom Company Demo",
    "schinese_name": "",
    "isfreeapp": "0",
    "change_number": "28541424",
    "update_time": "2025-04-18 10:12:24",
    "depot": {
        "228989": {
            "config": {
                "oslist": "windows"
            },
            "depotfromapp": "228980",
            "sharedinstall": "1"
        },
        "228990": {
            "config": {
                "oslist": "windows"
            },
            "depotfromapp": "228980",
            "sharedinstall": "1"
        },
        "3136911": {
            "config": {
                "language": "english",
                "oslist": "windows",
                "osarch": "64"
            },
            "manifests": {
                "public": {
                    "gid": "3317155257743953479",
                    "size": "1890537447",
                    "download": "1609181632"
                }
            },
            "decryptionkey": "ff2de2ee0d9e5710bca15dc1cae43eeb8e3294751defb04190346d00b2bb01ec"
        },
        "branches": {
            "public": {
                "buildid": "18053587",
                "timeupdated": "1744275408"
            }
        },
        "privatebranches": "1"
    }
}