{
    "appid": "3233920",
    "type": "Demo",
    "name": "Hydroponics Farm & Store Simulator Demo",
    "schinese_name": "",
    "isfreeapp": "0",
    "change_number": "26183469",
    "update_time": "2024-11-14 07:39:57",
    "depot": {
        "3233921": {
            "manifests": {
                "public": {
                    "gid": "8409963275434380567",
                    "size": "2075515745",
                    "download": "651609328"
                }
            },
            "decryptionkey": "1922c1e4ea20107311324ba91a0b748de7e8168c63b948cd6bbf0966d2848ede"
        },
        "branches": {
            "public": {
                "buildid": "16138524",
                "timeupdated": "1729611260"
            }
        },
        "privatebranches": "1"
    }
}