{
    "appid": "2979780",
    "type": "Game",
    "name": "Sayo",
    "schinese_name": "",
    "isfreeapp": "0",
    "change_number": "27089920",
    "update_time": "2025-01-21 16:54:06",
    "depot": {
        "baselanguages": "english,japanese",
        "228989": {
            "config": {
                "oslist": "windows"
            },
            "depotfromapp": "228980",
            "sharedinstall": "1"
        },
        "228990": {
            "config": {
                "oslist": "windows"
            },
            "depotfromapp": "228980",
            "sharedinstall": "1"
        },
        "2979782": {
            "config": {
                "language": "english",
                "oslist": "windows",
                "osarch": "64"
            },
            "manifests": {
                "public": {
                    "gid": "8759159738485522155",
                    "size": "264462390",
                    "download": "156781216"
                }
            },
            "decryptionkey": "7d2cbfab930ee29c49681382e8d9f9b0e3dfede208a8ee1d865ec138d0ee4c7d"
        },
        "2979783": {
            "config": {
                "language": "japanese",
                "oslist": "windows",
                "osarch": "64"
            },
            "manifests": {
                "public": {
                    "gid": "829464716462598421",
                    "size": "264454962",
                    "download": "156543312"
                }
            },
            "decryptionkey": ""
        },
        "branches": {
            "public": {
                "buildid": "15098414",
                "timeupdated": "1727773772"
            }
        }
    }
}