{
    "appid": "3362010",
    "type": "Demo",
    "name": "Super Drift Blade Demo",
    "schinese_name": "超级滑刃战士 Demo",
    "isfreeapp": "0",
    "change_number": "27539175",
    "update_time": "2025-02-19 01:35:34",
    "depot": {
        "3362011": {
            "manifests": {
                "public": {
                    "gid": "6772047178322705861",
                    "size": "127039443",
                    "download": "93950992"
                }
            },
            "decryptionkey": "e6c710cd6b8a056e7cfd4085b0bccfad567c297c60c8f74e97f50485ae10e096"
        },
        "branches": {
            "public": {
                "buildid": "16853884",
                "timeupdated": "1735209938"
            }
        }
    }
}