{
    "appid": "3095270",
    "type": "Game",
    "name": "Broken War",
    "schinese_name": "",
    "isfreeapp": "0",
    "change_number": "28566062",
    "update_time": "2025-04-20 04:00:00",
    "depot": {
        "228989": {
            "config": {
                "oslist": "windows"
            },
            "depotfromapp": "228980",
            "sharedinstall": "1"
        },
        "228990": {
            "config": {
                "oslist": "windows"
            },
            "depotfromapp": "228980",
            "sharedinstall": "1"
        },
        "3095271": {
            "manifests": {
                "public": {
                    "gid": "9051355970456300119",
                    "size": "12124859078",
                    "download": "12090886560"
                }
            },
            "decryptionkey": "dd68c5cc3f39b419cf8ab69e831e560119d0409f7b2fa35eb0dbdb70ac9fb173"
        },
        "branches": {
            "public": {
                "buildid": "17340392",
                "timeupdated": "1739383187"
            }
        }
    }
}