{
    "appid": "3239630",
    "type": "Demo",
    "name": "Shenaniguns Demo",
    "schinese_name": "",
    "isfreeapp": "0",
    "change_number": "27491338",
    "update_time": "2025-02-15 13:15:07",
    "depot": {
        "228989": {
            "config": {
                "oslist": "windows"
            },
            "depotfromapp": "228980",
            "sharedinstall": "1"
        },
        "3239631": {
            "config": {
                "oslist": "windows"
            },
            "manifests": {
                "public": {
                    "gid": "4763180090470352968",
                    "size": "395545094",
                    "download": "184649424"
                }
            },
            "decryptionkey": "6c65c1606bc8e370a9e002ce86dc4021d82441528cd26196ba521d37b7d61d64"
        },
        "3239632": {
            "config": {
                "oslist": "linux"
            },
            "manifests": {
                "public": {
                    "gid": "6052765089080027057",
                    "size": "381972111",
                    "download": "175632000"
                }
            },
            "decryptionkey": ""
        },
        "branches": {
            "public": {
                "buildid": "17375567",
                "timeupdated": "1739596438"
            }
        },
        "privatebranches": "1"
    }
}