{
    "appid": "3057960",
    "type": "Game",
    "name": "Don't take me away",
    "schinese_name": "别把我抓走",
    "isfreeapp": "0",
    "change_number": "24291191",
    "update_time": "2024-07-09 20:58:51",
    "depot": {
        "3057961": {
            "manifests": {
                "public": {
                    "gid": "2351832131755342272",
                    "size": "378150708",
                    "download": "71153184"
                }
            },
            "decryptionkey": "616ee12e40cd2e2381b1ee0ca3e8aeafbf0ab198a3ee8cf78cebea16fe54173b"
        },
        "baselanguages": "english,schinese,japanese",
        "branches": {
            "public": {
                "buildid": "14805515",
                "timeupdated": "1719076564"
            }
        }
    }
}