{
    "appid": "3460910",
    "type": "Game",
    "name": "Whale Flesh",
    "schinese_name": "",
    "isfreeapp": "0",
    "change_number": "29031252",
    "update_time": "2025-05-17 03:14:01",
    "depot": {
        "3460911": {
            "manifests": {
                "public": {
                    "gid": "4171880284935649282",
                    "size": "357701022",
                    "download": "92899808"
                }
            },
            "decryptionkey": "8f98eb6652b6577517afee220d4ee84991483fc9c156e70655f3113a2e3c7575"
        },
        "baselanguages": "english",
        "branches": {
            "public": {
                "buildid": "17306299",
                "timeupdated": "1739188638"
            }
        }
    }
}