{
    "appid": "3601730",
    "type": "DLC",
    "name": "Camp Buddy: Scoutmaster Season - Side Stories",
    "schinese_name": "",
    "isfreeapp": "0",
    "change_number": "28537615",
    "update_time": "2025-04-18 04:30:51",
    "depot": {
        "3601730": {
            "dlcappid": "3601730",
            "config": {
                "oslist": "windows,linux"
            },
            "manifests": {
                "public": {
                    "gid": "640074332938225020",
                    "size": "678984068",
                    "download": "629356672"
                }
            },
            "decryptionkey": "66d4c302302bd59344adf4d49380f96647c689308bb1d597120cee6d9ad64583"
        },
        "3601731": {
            "config": {
                "oslist": "windows"
            },
            "manifests": {
                "public": {
                    "gid": "8034616802897050948",
                    "size": "678984068",
                    "download": "629356672"
                }
            },
            "dlcappid": "3601730",
            "decryptionkey": "57249e8795834ad7b5590a2db71c85ac5d20784f025af43ec287b99cc53b6454"
        },
        "3601732": {
            "config": {
                "oslist": "macos"
            },
            "manifests": {
                "public": {
                    "gid": "829816530912767627",
                    "size": "678984068",
                    "download": "629356672"
                }
            },
            "dlcappid": "3601730"
        },
        "branches": {
            "public": {
                "buildid": "18128842",
                "timeupdated": "1744921848"
            }
        },
        "privatebranches": "1"
    }
}