{
    "appid": "3281080",
    "type": "Music",
    "name": "Brotato Soundtrack",
    "schinese_name": "",
    "isfreeapp": "0",
    "change_number": "28019573",
    "update_time": "2025-03-19 03:49:11",
    "depot": {
        "3281081": {
            "manifests": {
                "public": {
                    "gid": "5219183446974776720",
                    "size": "84196826",
                    "download": "83591856"
                }
            },
            "decryptionkey": "e6d0a71df9e37dbb1c69621d45ab42a35f0bc52e1c716e17bac88ffb29fa6cc6"
        },
        "3281082": {
            "config": {
                "highqualityaudio": "1"
            },
            "manifests": {
                "public": {
                    "gid": "8742789198982800516",
                    "size": "467513096",
                    "download": "424931792"
                }
            },
            "decryptionkey": "0b62d5b0ce0ca5679ccbfafa9035fcbd744dccf03d97e6f2305ef8d28bcb8c58"
        },
        "branches": {
            "public": {
                "buildid": "16134528",
                "timeupdated": "1729590919"
            }
        }
    }
}