{
    "appid": "3367000",
    "type": "Game",
    "name": "Threads of Karma",
    "schinese_name": "偿",
    "isfreeapp": "0",
    "change_number": "28960301",
    "update_time": "2025-05-13 20:34:47",
    "depot": {
        "baselanguages": "schinese",
        "hasdepotsindlc": "1",
        "3367001": {
            "manifests": {
                "public": {
                    "gid": "6408092335337122118",
                    "size": "2007653179",
                    "download": "1678323504"
                }
            },
            "decryptionkey": "06ac6bab274ed940cb42836a779c5064d1786c6c9e9b42480fae149b0b7f869f"
        },
        "branches": {
            "public": {
                "buildid": "18089813",
                "timeupdated": "1744553513"
            }
        },
        "privatebranches": "1"
    }
}