{
    "appid": "3602620",
    "type": "Music",
    "name": "Deep Cuts OST - The Row",
    "schinese_name": "",
    "isfreeapp": "0",
    "change_number": "28772276",
    "update_time": "2025-05-02 01:12:54",
    "depot": {
        "3602621": {
            "manifests": {
                "public": {
                    "gid": "84731923126157260",
                    "size": "62799984",
                    "download": "62765888"
                }
            },
            "decryptionkey": "be581a8bfdb445069d238e367181ece70aa75fe6b559ef1557f00a9cd35ee479"
        },
        "3602622": {
            "config": {
                "highqualityaudio": "1"
            },
            "manifests": {
                "public": {
                    "gid": "7651810621978990210",
                    "size": "954699524",
                    "download": "826372576"
                }
            },
            "decryptionkey": "0aad167ce9e944c40d2c848ee1b333fdd36ab4a2e0b7fea487bef7ccc755ceee"
        },
        "branches": {
            "public": {
                "buildid": "17754880",
                "timeupdated": "1742232353"
            }
        }
    }
}