{
    "appid": "3179110",
    "type": "Demo",
    "name": "Winter Girl Demo",
    "schinese_name": "冬季女孩演示",
    "isfreeapp": "0",
    "change_number": "26015514",
    "update_time": "2024-11-02 09:24:17",
    "depot": {
        "3179111": {
            "manifests": {
                "public": {
                    "gid": "4965753912575925295",
                    "size": "2292883332",
                    "download": "729694032"
                }
            },
            "decryptionkey": "453dcd998e9b3a23203649c71b7ebc230b299afb3d7d235ad152302d512c6a47"
        },
        "baselanguages": "english,koreana,schinese,japanese",
        "branches": {
            "public": {
                "buildid": "16271216",
                "timeupdated": "1730510654"
            }
        }
    }
}