{
    "appid": "3028500",
    "type": "Game",
    "name": "Cakey's Twisted Bakery",
    "schinese_name": "",
    "isfreeapp": "0",
    "change_number": "29015847",
    "update_time": "2025-05-16 11:19:20",
    "depot": {
        "3028501": {
            "manifests": {
                "public": {
                    "gid": "3263416127266528832",
                    "size": "1249916593",
                    "download": "590401184"
                }
            },
            "decryptionkey": "c17d34cee9e3b321524c63849fcb6ce142a0bd19a0fd8f47279129be624637c8"
        },
        "branches": {
            "public": {
                "buildid": "15095248",
                "timeupdated": "1721433434"
            }
        }
    }
}