{
    "appid": "3090540",
    "type": "Demo",
    "name": "RSSU Demo",
    "schinese_name": "",
    "isfreeapp": "0",
    "change_number": "26867782",
    "update_time": "2025-01-05 21:50:40",
    "depot": {
        "3090541": {
            "manifests": {
                "public": {
                    "gid": "6453395960705613297",
                    "size": "795244429",
                    "download": "655107024"
                },
                "beta1.6.6a": {
                    "gid": "8209727544272543738",
                    "size": "792998029",
                    "download": "653610400"
                },
                "ver_1.6.6b": {
                    "gid": "6453395960705613297",
                    "size": "795244429",
                    "download": "655107024"
                }
            },
            "decryptionkey": "65a0ec9571759d5f6539f4d603f9696d7ae5ff561e8d8b2286c20c6e476f9087"
        },
        "branches": {
            "public": {
                "buildid": "15961568",
                "timeupdated": "1728356501"
            },
            "beta1.6.6a": {
                "buildid": "15606104",
                "description": "some minor code errros fixed",
                "timeupdated": "1725555880"
            },
            "ver_1.6.6b": {
                "buildid": "15961568",
                "description": "Added French translation, added IBM test hints",
                "timeupdated": "1728356084"
            }
        },
        "privatebranches": "1"
    }
}