{
    "appid": "2963040",
    "type": "DLC",
    "name": "BoneTown: The Second Coming Edition - Kinks Lesbian",
    "schinese_name": "",
    "isfreeapp": "0",
    "change_number": "25060987",
    "update_time": "2024-09-04 00:51:48",
    "depot": {
        "2963040": {
            "manifests": {
                "public": {
                    "gid": "5885717544377616098",
                    "size": "267100",
                    "download": "70016"
                }
            },
            "dlcappid": "2963040",
            "decryptionkey": "b9f7ca498c875008b1527899878fe5849ba6def31df8f091b44191df030e0866"
        },
        "branches": {
            "public": {
                "buildid": "15580360",
                "timeupdated": "1725382303"
            }
        }
    }
}