{
    "appid": "3439750",
    "type": "DLC",
    "name": "KARMA: The Dark World - Artbook",
    "schinese_name": "黑暗世界：因与果 - Artbook",
    "isfreeapp": "0",
    "change_number": "28690988",
    "update_time": "2025-04-27 18:11:20",
    "depot": {
        "3439750": {
            "dlcappid": "3439750",
            "manifests": {
                "public": {
                    "gid": "1210144309326099393",
                    "size": "1183481485",
                    "download": "1148696752"
                }
            },
            "decryptionkey": "87d3dd47ec8a8d3adf83e1b1c2a5435bc9e88cf998ac95c4273c5bdaed488b91"
        },
        "branches": {
            "public": {
                "buildid": "17835258",
                "timeupdated": "1742817464"
            }
        }
    }
}