{
    "appid": "3145080",
    "type": "Demo",
    "name": "Mage and Monsters II Demo",
    "schinese_name": "",
    "isfreeapp": "0",
    "change_number": "27507178",
    "update_time": "2025-02-17 07:04:49",
    "depot": {
        "3145081": {
            "manifests": {
                "public": {
                    "gid": "801789754757403626",
                    "size": "1552166848",
                    "download": "66979728"
                }
            },
            "decryptionkey": "14b21a28083af33c2e8155b6fcdf1b44747b11467dccaaf1a5b7fed720ec4beb"
        },
        "baselanguages": "english",
        "branches": {
            "public": {
                "buildid": "17386687",
                "timeupdated": "1739747085"
            }
        }
    }
}