{
    "appid": "3136430",
    "type": "Demo",
    "name": "でびるコネクショん 体験版",
    "schinese_name": "",
    "isfreeapp": "0",
    "change_number": "27436899",
    "update_time": "2025-02-12 18:09:51",
    "depot": {
        "baselanguages": "japanese",
        "3136433": {
            "config": {
                "language": "japanese",
                "oslist": "windows",
                "osarch": "64"
            },
            "manifests": {
                "public": {
                    "gid": "6347343845172842768",
                    "size": "1740791441",
                    "download": "1499618448"
                }
            },
            "decryptionkey": "dd5c146c2b9515f1a1b9246b36881527f9826bef4fc377055c78abfa82905944"
        },
        "3136434": {
            "config": {
                "language": "japanese",
                "oslist": "macos",
                "osarch": "64"
            },
            "manifests": {
                "public": {
                    "gid": "3270643496220205622",
                    "size": "1908124468",
                    "download": "1547079184"
                }
            },
            "decryptionkey": ""
        },
        "branches": {
            "public": {
                "buildid": "17334458",
                "timeupdated": "1739354982"
            }
        },
        "privatebranches": "1"
    }
}