{
    "appid": "3364430",
    "type": "DLC",
    "name": "RPG Maker MZ - Hero Character Generator for MZ",
    "schinese_name": "",
    "isfreeapp": "0",
    "change_number": "26791647",
    "update_time": "2024-12-27 05:53:25",
    "depot": {
        "3364430": {
            "manifests": {
                "public": {
                    "gid": "3691624780855615214",
                    "size": "7056133",
                    "download": "3367536"
                }
            },
            "dlcappid": "3364430",
            "decryptionkey": "4508aafb982547410c1ba67a18df074aa034567082b2a199059c61afdd6abdd5"
        },
        "branches": {
            "public": {
                "buildid": "16844757",
                "timeupdated": "1735066253"
            }
        }
    }
}