{
    "appid": "3036000",
    "type": "Demo",
    "name": "KELDER Demo",
    "schinese_name": "",
    "isfreeapp": "0",
    "change_number": "26183469",
    "update_time": "2024-11-14 07:27:23",
    "depot": {
        "228989": {
            "config": {
                "oslist": "windows"
            },
            "depotfromapp": "228980",
            "sharedinstall": "1"
        },
        "228990": {
            "config": {
                "oslist": "windows"
            },
            "depotfromapp": "228980",
            "sharedinstall": "1"
        },
        "3036001": {
            "manifests": {
                "public": {
                    "gid": "7633758523495315346",
                    "size": "2816960043",
                    "download": "2675628928"
                }
            },
            "decryptionkey": "7f73ccf55b319e583fd1ccdf731d5d88ddc91bf198ad7445752cc9a04ff03121"
        },
        "branches": {
            "public": {
                "buildid": "15534765",
                "timeupdated": "1724955143"
            }
        },
        "privatebranches": "1"
    }
}