{
    "appid": "3206600",
    "type": "Game",
    "name": "Artifact Run",
    "schinese_name": "",
    "isfreeapp": "0",
    "change_number": "25364090",
    "update_time": "2024-09-24 15:53:38",
    "depot": {
        "3206601": {
            "manifests": {
                "public": {
                    "gid": "9152958262531939337",
                    "size": "86053035",
                    "download": "26103584"
                }
            },
            "decryptionkey": "4935c4f15d26e27bf9c2e81f9e1a0072271ef114c4f68bd786c37d371cc460ee"
        },
        "branches": {
            "public": {
                "buildid": "15554585",
                "timeupdated": "1725113530"
            }
        }
    }
}