{
    "appid": "2998930",
    "type": "DLC",
    "name": "JR EAST Train Simulator: Narita Line (Choshi to Chiba) 209-2100 series Kashima Line (Kashima-Soccer Stadium to Sawara) 209-2100 series",
    "schinese_name": "",
    "isfreeapp": "0",
    "change_number": "28490118",
    "update_time": "2025-04-15 23:30:15",
    "depot": {
        "2998931": {
            "manifests": {
                "public": {
                    "gid": "5421771744543071353",
                    "size": "539694464",
                    "download": "343220256"
                }
            },
            "dlcappid": "2998930",
            "decryptionkey": "b3f4e6431988321e1244692529b04f0d3dfe18150a1beb51feeab0c641484443"
        },
        "2998932": {
            "manifests": {
                "public": {
                    "gid": "5485460231308058198",
                    "size": "22738951808",
                    "download": "23050090960"
                }
            },
            "dlcappid": "2998930",
            "decryptionkey": "7aeb31fd1d20580e78689954d896628526445513800a908b0dbc8b439472175b"
        },
        "2998933": {
            "manifests": {
                "public": {
                    "gid": "1509771397918383077",
                    "size": "366541584",
                    "download": "142202880"
                }
            },
            "dlcappid": "2998930",
            "decryptionkey": "65d9554d58fc77b931c0c027a94704e90f2dd651e97862d71cee55399c1f6fa9"
        },
        "2998934": {
            "manifests": {
                "public": {
                    "gid": "4702809512689327106",
                    "size": "5106588688",
                    "download": "5176465936"
                }
            },
            "dlcappid": "2998930",
            "decryptionkey": "de11fb55b34e3a01820a838a82435a00a454101d4cfe9a57dd5e0ae340df00e6"
        },
        "branches": {
            "public": {
                "buildid": "18022516",
                "timeupdated": "1744103726"
            }
        },
        "privatebranches": "1"
    }
}