{
    "appid": "3256360",
    "type": "Demo",
    "name": "从0开始的VUP生活 Demo",
    "schinese_name": "",
    "isfreeapp": "0",
    "change_number": "26183469",
    "update_time": "2024-11-14 07:41:01",
    "depot": {
        "baselanguages": "schinese",
        "3256361": {
            "config": {
                "language": "schinese",
                "oslist": "windows"
            },
            "manifests": {
                "public": {
                    "gid": "3630792001880023302",
                    "size": "1039052293",
                    "download": "801064832"
                }
            },
            "decryptionkey": "661443a9b08112c9bec9e6be5939370cfe6bffe96029d2a68f5b0fddd1c48231"
        },
        "branches": {
            "public": {
                "buildid": "16081251",
                "timeupdated": "1729169390"
            }
        },
        "privatebranches": "1"
    }
}