{
    "appid": "3409610",
    "type": "Demo",
    "name": "PERDITION VILLAGE DEMO",
    "schinese_name": "",
    "isfreeapp": "0",
    "change_number": "26779077",
    "update_time": "2024-12-25 15:06:55",
    "depot": {
        "baselanguages": "english,russian",
        "3409611": {
            "config": {
                "oslist": "windows"
            },
            "manifests": {
                "public": {
                    "gid": "1566591808538283787",
                    "size": "85267994",
                    "download": "26688096"
                }
            },
            "decryptionkey": "3feac5c6286c7a2623b1ff0a935a52f8a20ab217e0faf46bd57105885dd90c9c"
        },
        "3409612": {
            "config": {
                "oslist": "macos"
            },
            "manifests": {
                "public": {
                    "gid": "8468747677086624808",
                    "size": "109253035",
                    "download": "33744192"
                }
            },
            "decryptionkey": ""
        },
        "branches": {
            "public": {
                "buildid": "16750250",
                "timeupdated": "1734258006"
            }
        }
    }
}