{
    "appid": "3173930",
    "type": "Game",
    "name": "The Hilarious Three Kingdoms 爆笑三国",
    "schinese_name": "爆笑三国",
    "isfreeapp": "0",
    "change_number": "28508639",
    "update_time": "2025-04-16 21:12:38",
    "depot": {
        "3173931": {
            "manifests": {
                "public": {
                    "gid": "8313542194700043913",
                    "size": "156453897",
                    "download": "133562720"
                }
            },
            "decryptionkey": "002583053b80c6fcf7265aeff60686a3c5b552061ce553878ad655500889e888"
        },
        "baselanguages": "schinese",
        "branches": {
            "public": {
                "buildid": "16687461",
                "timeupdated": "1733795884"
            }
        }
    }
}