{
    "appid": "3032600",
    "type": "Game",
    "name": "Raceborn",
    "schinese_name": "",
    "isfreeapp": "0",
    "change_number": "28007462",
    "update_time": "2025-03-18 13:56:34",
    "depot": {
        "3032601": {
            "manifests": {
                "public": {
                    "gid": "1997387553037186336",
                    "size": "12983649",
                    "download": "8161360"
                }
            },
            "decryptionkey": "9f937f0fe94e335994b670758abecfa2c8ac4806775bf1c1f350656338643733"
        },
        "branches": {
            "public": {
                "buildid": "14840652",
                "timeupdated": "1719381508"
            }
        }
    }
}