{
    "appid": "3268880",
    "type": "Demo",
    "name": "Gaming Copilot Demo",
    "schinese_name": "",
    "isfreeapp": "0",
    "change_number": "27131850",
    "update_time": "2025-01-23 22:14:28",
    "depot": {
        "3268881": {
            "manifests": {
                "public": {
                    "gid": "3808822791767374790",
                    "size": "2645695955",
                    "download": "1162264208"
                }
            },
            "decryptionkey": "84801fc0b9a5ce26c39237dcf7e1b0a40c911eabb44dfbd46bf29394ac3788b2"
        },
        "baselanguages": "english,german,french,italian,koreana,spanish,schinese,tchinese,russian,japanese,polish,brazilian",
        "branches": {
            "public": {
                "buildid": "16602401",
                "timeupdated": "1733153638"
            }
        }
    }
}