{
    "appid": "3057400",
    "type": "Game",
    "name": "Zombie War:New World",
    "schinese_name": "七日求生：新世界",
    "isfreeapp": "0",
    "change_number": "28817835",
    "update_time": "2025-05-05 15:06:36",
    "depot": {
        "3057401": {
            "manifests": {
                "public": {
                    "gid": "9064127214549418191",
                    "size": "22237794384",
                    "download": "8910181632"
                }
            },
            "decryptionkey": "e8a27943cb2acd40759a12aa97189d2f84019dc6b7869cb7442e9d558e336c72"
        },
        "branches": {
            "public": {
                "buildid": "18330741",
                "timeupdated": "1746259244"
            }
        }
    }
}