{
    "appid": "2968930",
    "type": "Demo",
    "name": "Realms of Wilorth Demo",
    "schinese_name": "",
    "isfreeapp": "0",
    "change_number": "23910736",
    "update_time": "2024-07-16 02:47:06",
    "depot": {
        "2968931": {
            "manifests": {
                "public": {
                    "gid": "2308811269522772956",
                    "size": "1806457019",
                    "download": "441735168"
                }
            },
            "decryptionkey": "2248d88348d2603d3a55923c811bb8ec6acc0e789d4f5e7181401ddfb8f4baba"
        },
        "branches": {
            "public": {
                "buildid": "14305661",
                "timeupdated": "1715187077"
            }
        }
    }
}