{
    "appid": "3118780",
    "type": "Game",
    "name": "Slate",
    "schinese_name": "",
    "isfreeapp": "0",
    "change_number": "26253459",
    "update_time": "2024-11-21 01:02:24",
    "depot": {
        "3118781": {
            "manifests": {
                "public": {
                    "gid": "5704975446835921672",
                    "size": "96570485",
                    "download": "28483248"
                }
            },
            "decryptionkey": "b83c6661da6ac7d37a3993c61f039820f9e9d9295178b1eb08e0c7bae07f03fc"
        },
        "branches": {
            "public": {
                "buildid": "15159974",
                "timeupdated": "1721979211"
            }
        }
    },
    "access_token": 17987339542529650015
}