{
    "appid": "3272340",
    "type": "Demo",
    "name": "Phantom Patrol Demo",
    "schinese_name": "",
    "isfreeapp": "0",
    "change_number": "26014837",
    "update_time": "2024-11-02 07:49:33",
    "depot": {
        "228989": {
            "config": {
                "oslist": "windows"
            },
            "depotfromapp": "228980",
            "sharedinstall": "1"
        },
        "228990": {
            "config": {
                "oslist": "windows"
            },
            "depotfromapp": "228980",
            "sharedinstall": "1"
        },
        "3272341": {
            "manifests": {
                "public": {
                    "gid": "4582283582833152343",
                    "size": "2834043584",
                    "download": "756128544"
                }
            },
            "decryptionkey": "db0a83e5af3121c6d70bb591725f36935f99582647d7bbe69e60b63db549fe31"
        },
        "branches": {
            "public": {
                "buildid": "16270659",
                "timeupdated": "1730504969"
            }
        }
    }
}