{
    "appid": "3122150",
    "type": "Game",
    "name": "Under the blue horizon",
    "schinese_name": "",
    "isfreeapp": "0",
    "change_number": "27329028",
    "update_time": "2025-02-06 00:09:34",
    "depot": {
        "baselanguages": "english,german,french,italian,koreana,spanish,schinese,tchinese,japanese,portuguese",
        "3122151": {
            "config": {
                "oslist": "windows"
            },
            "manifests": {
                "public": {
                    "gid": "8886260405508383122",
                    "size": "221169214",
                    "download": "56890128"
                }
            },
            "decryptionkey": "c56bd6696bacb3b28785607aa0b3f8deccc40c3632e9f5e42a4c70e804b8e382"
        },
        "3122152": {
            "config": {
                "oslist": "macos"
            },
            "manifests": {
                "public": {
                    "gid": "4777973704706658625",
                    "size": "290356519",
                    "download": "71695488"
                }
            },
            "decryptionkey": ""
        },
        "branches": {
            "public": {
                "buildid": "16104045",
                "timeupdated": "1729304708"
            }
        }
    }
}