{
    "appid": "3641850",
    "type": "Game",
    "name": "KingComing",
    "schinese_name": "皇上驾到",
    "isfreeapp": "0",
    "change_number": "28724528",
    "update_time": "2025-04-29 18:05:14",
    "depot": {
        "baselanguages": "english,schinese",
        "228988": {
            "config": {
                "oslist": "windows"
            },
            "depotfromapp": "228980",
            "sharedinstall": "1"
        },
        "228990": {
            "config": {
                "oslist": "windows"
            },
            "depotfromapp": "228980",
            "sharedinstall": "1"
        },
        "3641851": {
            "config": {
                "oslist": "windows"
            },
            "manifests": {
                "public": {
                    "gid": "8400621162272329035",
                    "size": "670961778",
                    "download": "498302608"
                }
            },
            "decryptionkey": "fceaa54a379a67325513c97ea383640a80a7e1b3bffa9e20e4e57a98597bf2ac"
        },
        "branches": {
            "public": {
                "buildid": "18253625",
                "timeupdated": "1745725716"
            }
        }
    }
}