{
    "appid": "3194300",
    "type": "Game",
    "name": "変なプール",
    "schinese_name": "奇怪的游泳池",
    "isfreeapp": "0",
    "change_number": "29026010",
    "update_time": "2025-05-16 22:16:19",
    "depot": {
        "228989": {
            "config": {
                "oslist": "windows"
            },
            "depotfromapp": "228980",
            "sharedinstall": "1"
        },
        "228990": {
            "config": {
                "oslist": "windows"
            },
            "depotfromapp": "228980",
            "sharedinstall": "1"
        },
        "3194301": {
            "config": {
                "oslist": "windows"
            },
            "manifests": {
                "public": {
                    "gid": "3072607307359223748",
                    "size": "958100399",
                    "download": "789900144"
                }
            },
            "decryptionkey": "1a428fa17d44bffe2317150145f3e2d9889489e350b4064276e1d88c1229ae8c"
        },
        "branches": {
            "public": {
                "buildid": "16107758",
                "timeupdated": "1729348860"
            }
        }
    }
}