{
    "appid": "3200460",
    "type": "Game",
    "name": "Greed Stays Home",
    "schinese_name": "贪婪留在家里",
    "isfreeapp": "0",
    "change_number": "28436056",
    "update_time": "2025-04-12 03:10:29",
    "depot": {
        "228989": {
            "config": {
                "oslist": "windows"
            },
            "depotfromapp": "228980",
            "sharedinstall": "1"
        },
        "228990": {
            "config": {
                "oslist": "windows"
            },
            "depotfromapp": "228980",
            "sharedinstall": "1"
        },
        "3200461": {
            "manifests": {
                "public": {
                    "gid": "6258461505916932998",
                    "size": "4639628945",
                    "download": "4457273312"
                }
            },
            "decryptionkey": "8929d43761f7ac97eac9005f34e14c9ee13877c657fa8732c2c7fe1e40c091b4"
        },
        "baselanguages": "english,german,french,koreana,spanish,schinese,russian,japanese,polish",
        "branches": {
            "public": {
                "buildid": "17089481",
                "timeupdated": "1737539820"
            }
        }
    }
}