{
    "appid": "3197620",
    "type": "Demo",
    "name": "Ambulance Life: A Paramedic Simulator Demo",
    "schinese_name": "",
    "isfreeapp": "0",
    "change_number": "27429209",
    "update_time": "2025-02-12 07:54:51",
    "depot": {
        "228989": {
            "config": {
                "oslist": "windows"
            },
            "depotfromapp": "228980",
            "sharedinstall": "1"
        },
        "228990": {
            "config": {
                "oslist": "windows"
            },
            "depotfromapp": "228980",
            "sharedinstall": "1"
        },
        "3197621": {
            "manifests": {
                "public": {
                    "gid": "6262436572539072191",
                    "size": "65413089002",
                    "download": "60538727776"
                }
            },
            "decryptionkey": "e0a4de15cfce85e1ca450eff835401b49539aa021ad9a5c28b0bf3d62585b6d6"
        },
        "baselanguages": "english,german,french,italian,koreana,spanish,schinese,tchinese,russian,japanese,polish,brazilian",
        "branches": {
            "public": {
                "buildid": "16805244",
                "timeupdated": "1734707215"
            }
        },
        "privatebranches": "1"
    }
}