{
    "appid": "3337490",
    "type": "Game",
    "name": "Waifu Simulator: Latex Edition",
    "schinese_name": "",
    "isfreeapp": "0",
    "change_number": "28923657",
    "update_time": "2025-05-11 15:33:07",
    "depot": {
        "3337491": {
            "manifests": {
                "public": {
                    "gid": "7509046996770051419",
                    "size": "94675306",
                    "download": "80688576"
                }
            },
            "decryptionkey": "6ac72818e0695313092ab6a9272a6fb20e5f80442c439ff9487d8abdca075db5"
        },
        "branches": {
            "public": {
                "buildid": "17021107",
                "timeupdated": "1736997256"
            }
        }
    }
}