{
    "appid": "3101730",
    "type": "Demo",
    "name": "命运游戏 Demo",
    "schinese_name": "命运游戏：逆时寻凶Demo",
    "isfreeapp": "0",
    "change_number": "26210668",
    "update_time": "2024-11-15 19:24:38",
    "depot": {
        "3101731": {
            "config": {
                "oslist": "windows"
            },
            "manifests": {
                "public": {
                    "gid": "4138763334980297802",
                    "size": "6633286966",
                    "download": "6547463680"
                }
            },
            "decryptionkey": "424fc9f6f027e632b2c2a3ca76bfb40a9999ad490c7f0f96989a476d1524b407"
        },
        "3101732": {
            "config": {
                "oslist": "macos"
            },
            "manifests": {
                "public": {
                    "gid": "4659481035599077139",
                    "size": "8022570098",
                    "download": "7909749632"
                }
            },
            "decryptionkey": ""
        },
        "hasdepotsindlc": "1",
        "branches": {
            "public": {
                "buildid": "16310504",
                "timeupdated": "1730874642"
            }
        }
    }
}