{
    "appid": "3276850",
    "type": "Music",
    "name": "東方资志疏 ~ Immortal Immanuel. Soundtrack",
    "schinese_name": "",
    "isfreeapp": "0",
    "change_number": "27102243",
    "update_time": "2025-01-22 07:55:17",
    "depot": {
        "3276851": {
            "manifests": {
                "public": {
                    "gid": "8053088892338048163",
                    "size": "162812393",
                    "download": "136750368"
                }
            },
            "decryptionkey": "4bea31bf5ed06ddbabb63bdfff127822b5a310d074491382c7c5418daccd9244"
        },
        "3276852": {
            "config": {
                "highqualityaudio": "1"
            },
            "manifests": {
                "public": {
                    "gid": "6750251006502461022",
                    "size": "514143059",
                    "download": "520398048"
                }
            },
            "decryptionkey": "be7fe6623a7b4968b3b58786873fd485572e6b8ff007f1238196667764cc7db5"
        },
        "branches": {
            "public": {
                "buildid": "16028798",
                "timeupdated": "1728850780"
            }
        }
    }
}