{
    "appid": "3108050",
    "type": "Game",
    "name": "回生九命The Nine Rebirths",
    "schinese_name": "",
    "isfreeapp": "0",
    "change_number": "27433008",
    "update_time": "2025-02-12 13:23:27",
    "depot": {
        "baselanguages": "schinese",
        "3108051": {
            "manifests": {
                "public": {
                    "gid": "5713402196017194080",
                    "size": "910916396",
                    "download": "182193520"
                }
            },
            "decryptionkey": "436c26c6ba34b688c92639cdbfb8eb939aa5ce09ea9b978c9d4fadc638ca1e85"
        },
        "branches": {
            "public": {
                "buildid": "16822621",
                "timeupdated": "1734767852"
            }
        }
    }
}