{
    "appid": "3452200",
    "type": "Music",
    "name": "Тварюк Soundtrack",
    "schinese_name": "",
    "isfreeapp": "0",
    "change_number": "28804071",
    "update_time": "2025-05-04 05:27:58",
    "depot": {
        "3452201": {
            "manifests": {
                "public": {
                    "gid": "8508485321303106820",
                    "size": "71312190",
                    "download": "70811280"
                }
            },
            "decryptionkey": "a96bcd1f1e028bf0d898fead4d75805ee9981acb61573c8ce4edb58c6863c72d"
        },
        "branches": {
            "public": {
                "buildid": "17171273",
                "timeupdated": "1738156806"
            }
        }
    }
}