{
    "appid": "3371500",
    "type": "Game",
    "name": "傲世修仙录",
    "schinese_name": "",
    "isfreeapp": "0",
    "change_number": "28063237",
    "update_time": "2025-03-21 10:20:38",
    "depot": {
        "3371501": {
            "manifests": {
                "public": {
                    "gid": "5833337786780380969",
                    "size": "549814526",
                    "download": "359011696"
                }
            },
            "decryptionkey": "644d6bac7e76ca6d90494b49b2054b8dfc53e29cbe0b36d68da8a993e826f66b"
        },
        "baselanguages": "schinese",
        "branches": {
            "public": {
                "buildid": "16974947",
                "timeupdated": "1736607043"
            }
        }
    }
}