{
    "appid": "3170780",
    "type": "Demo",
    "name": "Space Cycle Demo",
    "schinese_name": "空间循环站试玩版",
    "isfreeapp": "0",
    "change_number": "26018038",
    "update_time": "2024-11-02 16:43:10",
    "depot": {
        "3170781": {
            "manifests": {
                "public": {
                    "gid": "2708578611525926706",
                    "size": "290940985",
                    "download": "118585984"
                }
            },
            "decryptionkey": "07a03b5500c44c0165f92b44a0c05ef84391d98f21b6f4da62b881e42959c4e5"
        },
        "baselanguages": "",
        "branches": {
            "public": {
                "buildid": "16140118",
                "timeupdated": "1729619790"
            }
        }
    }
}