{
    "appid": "3112500",
    "type": "Game",
    "name": "Church Simulator",
    "schinese_name": "",
    "isfreeapp": "0",
    "change_number": "28919853",
    "update_time": "2025-05-11 03:32:51",
    "depot": {
        "3112501": {
            "manifests": {
                "public": {
                    "gid": "3289735126295883054",
                    "size": "2963015615",
                    "download": "1101025424"
                }
            },
            "decryptionkey": "0ac844d95e35ac0e9158e404c439ad06bedd621872e906dd924bc38067e1187d"
        },
        "branches": {
            "public": {
                "buildid": "16707276",
                "timeupdated": "1733920264"
            }
        }
    }
}