{
    "appid": "2995110",
    "type": "Tool",
    "name": "Endzeit League 20XX Playtest Server",
    "schinese_name": "",
    "isfreeapp": "0",
    "change_number": "24022751",
    "update_time": "2024-07-16 02:47:07",
    "depot": {
        "baselanguages": "english",
        "1004": {
            "config": {
                "oslist": "windows"
            },
            "manifests": {
                "public": {
                    "gid": "7747775778018907449",
                    "size": "46727128",
                    "download": "14307024"
                }
            },
            "depotfromapp": "1007",
            "decryptionkey": "f21faa4f29ecee9d192fc1784d1701376eb87e13521824ceaf0116b10c558a81"
        },
        "1005": {
            "config": {
                "oslist": "macos"
            },
            "manifests": {
                "public": {
                    "gid": "2135359612286175146",
                    "size": "0",
                    "download": "0"
                }
            },
            "depotfromapp": "1007",
            "decryptionkey": "ffa980484d510ce8d7bfcdfde8545a438acc894accb6750711fdb75c0ee92ad9"
        },
        "1006": {
            "config": {
                "oslist": "linux"
            },
            "manifests": {
                "public": {
                    "gid": "7138471031118904166",
                    "size": "78382436",
                    "download": "21254752"
                }
            },
            "depotfromapp": "1007",
            "decryptionkey": "0a6d85ecbae0b6b89cf23244f6b4a69fe14e3e64b128473e93f9a2ed3d835b1c"
        },
        "2995111": {
            "config": {
                "oslist": "windows"
            },
            "manifests": {
                "public": {
                    "gid": "666808082639546815",
                    "size": "102923812",
                    "download": "35633088"
                }
            },
            "decryptionkey": ""
        },
        "2995112": {
            "config": {
                "oslist": "linux"
            },
            "manifests": {
                "public": {
                    "gid": "6340296411696095759",
                    "size": "93206006",
                    "download": "32062768"
                }
            },
            "decryptionkey": ""
        },
        "branches": {
            "public": {
                "buildid": "14759018",
                "timeupdated": "1718737983"
            }
        }
    }
}