{
    "appid": "3179260",
    "type": "Game",
    "name": "Kingdoms: Merge & Build",
    "schinese_name": "",
    "isfreeapp": "0",
    "change_number": "29016408",
    "update_time": "2025-05-16 12:12:46",
    "depot": {
        "3179261": {
            "manifests": {
                "public": {
                    "gid": "1488310422022417615",
                    "size": "2744517808",
                    "download": "507088512"
                }
            },
            "decryptionkey": "69b9aff21823950672a38fc86653a1f9fe9a2676c8ba5018a4b9336909d4e70c"
        },
        "branches": {
            "public": {
                "buildid": "16221760",
                "timeupdated": "1730208504"
            }
        }
    }
}