{
    "appid": "3268080",
    "type": "Game",
    "name": "Quadrober Simulator",
    "schinese_name": "",
    "isfreeapp": "0",
    "change_number": "28975196",
    "update_time": "2025-05-14 22:38:21",
    "depot": {
        "228989": {
            "config": {
                "oslist": "windows"
            },
            "depotfromapp": "228980",
            "sharedinstall": "1"
        },
        "228990": {
            "config": {
                "oslist": "windows"
            },
            "depotfromapp": "228980",
            "sharedinstall": "1"
        },
        "229007": {
            "config": {
                "oslist": "windows"
            },
            "depotfromapp": "228980",
            "sharedinstall": "1"
        },
        "229012": {
            "config": {
                "oslist": "windows"
            },
            "depotfromapp": "228980",
            "sharedinstall": "1"
        },
        "229030": {
            "config": {
                "oslist": "windows"
            },
            "depotfromapp": "228980",
            "sharedinstall": "1"
        },
        "3268081": {
            "config": {
                "oslist": "windows",
                "osarch": "64"
            },
            "manifests": {
                "public": {
                    "gid": "5636719932540523336",
                    "size": "5196133949",
                    "download": "4710833472"
                }
            },
            "decryptionkey": "cf55db5cf877301c8a031d0e315e3c13b7e0e4e9715d21b5fff936a24f6a0279"
        },
        "branches": {
            "public": {
                "buildid": "16180912",
                "timeupdated": "1729861882"
            }
        }
    }
}