{
    "appid": "2949480",
    "type": "Game",
    "name": "三声三许",
    "schinese_name": "",
    "isfreeapp": "0",
    "change_number": "29015434",
    "update_time": "2025-05-16 10:42:47",
    "depot": {
        "2949481": {
            "config": {
                "oslist": "windows",
                "osarch": "64"
            },
            "manifests": {
                "public": {
                    "gid": "7308320366965196057",
                    "size": "135824649",
                    "download": "75045504"
                }
            },
            "decryptionkey": "2fd6e7e8edf2dc7cd5e79f08ab0e90fc93d8cc8c21f3fc3bb60fe659416719c1"
        },
        "baselanguages": "english,schinese",
        "branches": {
            "public": {
                "buildid": "14625185",
                "timeupdated": "1717673737"
            }
        }
    }
}