{
    "appid": "3267950",
    "type": "Music",
    "name": "Citadelum Original Soundtrack",
    "schinese_name": "",
    "isfreeapp": "0",
    "change_number": "28899345",
    "update_time": "2025-05-09 18:08:23",
    "depot": {
        "3267951": {
            "manifests": {
                "public": {
                    "gid": "4758355746073230903",
                    "size": "94861302",
                    "download": "86109648"
                }
            },
            "decryptionkey": "61903ce6da86d4e136a0cfd0bc2614107eb60fff4e197c69e2a2bd227d48c054"
        },
        "3267952": {
            "config": {
                "highqualityaudio": "1"
            },
            "manifests": {
                "public": {
                    "gid": "2507811625591439578",
                    "size": "544591061",
                    "download": "551626512"
                }
            },
            "decryptionkey": "907e02c45b2c6f55990a9dfc1552c72d58d1cc481aa28248e24cf9a725a03243"
        },
        "branches": {
            "public": {
                "buildid": "15902984",
                "timeupdated": "1727875974"
            }
        }
    }
}