{
    "appid": "3036470",
    "type": "Game",
    "name": "河神：沉溺之流",
    "schinese_name": "",
    "isfreeapp": "0",
    "change_number": "28638187",
    "update_time": "2025-04-24 15:06:48",
    "depot": {
        "3036471": {
            "manifests": {
                "public": {
                    "gid": "5360792159505501631",
                    "size": "13010504309",
                    "download": "5868436384"
                }
            },
            "decryptionkey": "5fc57b2207d8fb6f926f800ecf9328369a3088a62a9211f35fc01c6f24a55a38"
        },
        "3036472": {
            "config": {
                "oslist": "windows"
            }
        },
        "branches": {
            "public": {
                "buildid": "14915630",
                "timeupdated": "1719991387"
            }
        }
    }
}