{
    "appid": "3110010",
    "type": "Game",
    "name": "FREE DUROV",
    "schinese_name": "",
    "isfreeapp": "0",
    "change_number": "28839241",
    "update_time": "2025-05-06 18:27:32",
    "depot": {
        "3110011": {
            "config": {
                "oslist": "windows",
                "osarch": "64"
            },
            "manifests": {
                "public": {
                    "gid": "8084553989613768341",
                    "size": "2606318068",
                    "download": "820321600"
                }
            },
            "decryptionkey": "d03f6986d839d4e4985f1e72ca84c58a1964a311e1064b28bc5426d3a2e4a66a"
        },
        "branches": {
            "public": {
                "buildid": "16790459",
                "timeupdated": "1734545493"
            }
        }
    }
}