{
    "appid": "3697240",
    "type": "Game",
    "name": "Idle Cultivation",
    "schinese_name": "",
    "isfreeapp": "0",
    "change_number": "29044218",
    "update_time": "2025-05-18 06:41:10",
    "depot": {
        "3697241": {
            "config": {
                "oslist": "windows"
            },
            "manifests": {
                "public": {
                    "gid": "8361937027265786518",
                    "size": "135466768",
                    "download": "56003392"
                }
            },
            "decryptionkey": "135c2a1b45bd4701c0e53613689483379f99bb4083926ef8c4266b4ad5730428"
        },
        "branches": {
            "public": {
                "buildid": "18505429",
                "timeupdated": "1747521667"
            }
        }
    }
}