{
    "appid": "3021630",
    "type": "Game",
    "name": "Savara",
    "schinese_name": "",
    "isfreeapp": "0",
    "change_number": "29036543",
    "update_time": "2025-05-17 12:13:56",
    "depot": {
        "228989": {
            "config": {
                "oslist": "windows"
            },
            "depotfromapp": "228980",
            "sharedinstall": "1"
        },
        "3021631": {
            "manifests": {
                "public": {
                    "gid": "2615474327916205089",
                    "size": "6581725247",
                    "download": "5645341776"
                }
            },
            "decryptionkey": "f0d381b395acf5a0fdf2c63241b06314a31baf17d5566e687c1071e583d8110f"
        },
        "hasdepotsindlc": "1",
        "branches": {
            "public": {
                "buildid": "18479044",
                "timeupdated": "1747328956"
            }
        },
        "privatebranches": "1"
    }
}