{
    "appid": "3098870",
    "type": "Demo",
    "name": "BatteryNote Demo",
    "schinese_name": "",
    "isfreeapp": "0",
    "change_number": "27090634",
    "update_time": "2025-01-21 17:41:21",
    "depot": {
        "3098871": {
            "config": {
                "oslist": "windows"
            },
            "manifests": {
                "public": {
                    "gid": "7075436547461587189",
                    "size": "274340801",
                    "download": "60998560"
                }
            },
            "decryptionkey": "3a2863935901c21199e175fc6c6c20030ab9623f9aaf3d698953a3ed0a66d5ef"
        },
        "3098872": {
            "config": {
                "oslist": "macos"
            },
            "manifests": {
                "public": {
                    "gid": "8424426819269196012",
                    "size": "298097258",
                    "download": "67937344"
                }
            },
            "decryptionkey": ""
        },
        "baselanguages": "japanese",
        "branches": {
            "public": {
                "buildid": "17055921",
                "timeupdated": "1737399370"
            }
        },
        "privatebranches": "1"
    }
}