{
    "appid": "3209890",
    "type": "Demo",
    "name": "Blacksmith: Ignite the Forge Demo",
    "schinese_name": "",
    "isfreeapp": "0",
    "change_number": "27388282",
    "update_time": "2025-02-09 23:27:27",
    "depot": {
        "3209891": {
            "manifests": {
                "public": {
                    "gid": "2639756029887724185",
                    "size": "1004319199",
                    "download": "269226032"
                }
            },
            "decryptionkey": "318312d3ea275a55fb979c252c8c1eb0708e51077c5dc22585d490cc8ea67705"
        },
        "branches": {
            "public": {
                "buildid": "16813558",
                "timeupdated": "1735578054"
            }
        },
        "privatebranches": "1"
    }
}