{
    "appid": "3024540",
    "type": "Game",
    "name": "GOOOOOOOL!",
    "schinese_name": "",
    "isfreeapp": "0",
    "change_number": "27918930",
    "update_time": "2025-03-13 04:09:11",
    "depot": {
        "hasdepotsindlc": "0",
        "3024541": {
            "config": {
                "oslist": "windows"
            },
            "manifests": {
                "public": {
                    "gid": "5036929109147525799",
                    "size": "276420214",
                    "download": "161664848"
                }
            },
            "decryptionkey": "1528a0036a27e7b0d5096b901a8fef83c7f43b88aa0d2d69d2931590cfb1a7ad"
        },
        "branches": {
            "public": {
                "buildid": "16870645",
                "timeupdated": "1735485958"
            }
        }
    }
}