{
    "appid": "3079410",
    "type": "Game",
    "name": "3D PUZZLE - Sun Temple",
    "schinese_name": "",
    "isfreeapp": "0",
    "change_number": "28332011",
    "update_time": "2025-04-06 20:17:00",
    "depot": {
        "3079411": {
            "manifests": {
                "public": {
                    "gid": "4800894715686489551",
                    "size": "1473753264",
                    "download": "218279360"
                }
            },
            "decryptionkey": "3f514e13e991e5c8a129ed2d662953bcb620d2e7c70ad39f0a5ede3648528565"
        },
        "branches": {
            "public": {
                "buildid": "15054248",
                "timeupdated": "1721163595"
            }
        }
    }
}