{
    "appid": "3377320",
    "type": "Game",
    "name": "Arcane Lust 18+",
    "schinese_name": "",
    "isfreeapp": "0",
    "change_number": "29016664",
    "update_time": "2025-05-16 12:42:45",
    "depot": {
        "3377321": {
            "config": {
                "oslist": "windows"
            },
            "manifests": {
                "public": {
                    "gid": "261917516963565968",
                    "size": "2130702520",
                    "download": "1898918512"
                }
            },
            "decryptionkey": "83e630b08daee6237e055f4e8bbaddb0c1cc1dc65d17c605605bc60f4a11912f"
        },
        "3377322": {
            "config": {
                "oslist": "macos"
            },
            "manifests": {
                "public": {
                    "gid": "4511392592534606409",
                    "size": "2155368494",
                    "download": "1905674448"
                }
            }
        },
        "3377323": {
            "config": {
                "oslist": "linux"
            },
            "manifests": {
                "public": {
                    "gid": "5148775660962725829",
                    "size": "4543774882",
                    "download": "3880245536"
                }
            }
        },
        "branches": {
            "public": {
                "buildid": "17367952",
                "timeupdated": "1739543532"
            }
        }
    }
}