{
    "appid": "3176100",
    "type": "Demo",
    "name": "钟馗斩鬼 试用版",
    "schinese_name": "钟馗斩鬼",
    "isfreeapp": "0",
    "change_number": "25897293",
    "update_time": "2024-10-25 21:41:58",
    "depot": {
        "baselanguages": "schinese",
        "3176101": {
            "manifests": {
                "public": {
                    "gid": "5881777556373620761",
                    "size": "255562612",
                    "download": "69886576"
                }
            },
            "decryptionkey": "882854fdec1e77c9c6adb2dd758891428934bea0f45376fe9d5bba778a9a0f7a"
        },
        "branches": {
            "public": {
                "buildid": "16003727",
                "timeupdated": "1728620157"
            }
        }
    }
}