{
    "appid": "3078020",
    "type": "Demo",
    "name": "Maestro Demo",
    "schinese_name": "",
    "isfreeapp": "0",
    "change_number": "26299663",
    "update_time": "2024-11-22 01:43:57",
    "depot": {
        "baselanguages": "english,german,french,koreana,spanish,schinese,tchinese,russian,japanese",
        "228989": {
            "config": {
                "oslist": "windows"
            },
            "depotfromapp": "228980",
            "sharedinstall": "1"
        },
        "228990": {
            "config": {
                "oslist": "windows"
            },
            "depotfromapp": "228980",
            "sharedinstall": "1"
        },
        "3078021": {
            "config": {
                "oslist": "windows"
            },
            "manifests": {
                "public": {
                    "gid": "8414358442337691861",
                    "size": "1242694957",
                    "download": "1145656448"
                }
            },
            "decryptionkey": "b9008cb9a4ebbee92b4f2c0c981f28d997127a0b23cca44cdab5f43b3cf5f4d0"
        },
        "3078023": {
            "config": {
                "oslist": "windows",
                "osarch": "64"
            },
            "manifests": {
                "public": {
                    "gid": "5072895558975437297",
                    "size": "1620684495",
                    "download": "1472989680"
                }
            },
            "decryptionkey": ""
        },
        "branches": {
            "public": {
                "buildid": "16487559",
                "timeupdated": "1732199489"
            }
        },
        "privatebranches": "1"
    }
}