{
    "appid": "3258240",
    "type": "Demo",
    "name": "Mohrta Demo",
    "schinese_name": "",
    "isfreeapp": "0",
    "change_number": "25794235",
    "update_time": "2024-10-19 06:47:49",
    "depot": {
        "3258241": {
            "manifests": {
                "public": {
                    "gid": "4067666940606070559",
                    "size": "928799249",
                    "download": "873821552"
                }
            },
            "decryptionkey": "f8007d0d617561b5a2ea4f51d4cfb99d8a128bbb043b2af889fd001d9012e271"
        },
        "baselanguages": "english",
        "branches": {
            "public": {
                "buildid": "16102529",
                "timeupdated": "1729291280"
            }
        }
    }
}