{
    "appid": "3013700",
    "type": "Game",
    "name": "Candy & Toys Store Simulator",
    "schinese_name": "",
    "isfreeapp": "0",
    "change_number": "29015780",
    "update_time": "2025-05-16 11:12:45",
    "depot": {
        "3013701": {
            "manifests": {
                "public": {
                    "gid": "4235777679233058061",
                    "size": "4815857166",
                    "download": "1367457520"
                }
            },
            "decryptionkey": "db71850f9aad68cc17f27c5cda550db92b5ecccb7580bd2893e36a5b9a02bb45"
        },
        "branches": {
            "public": {
                "buildid": "17217252",
                "timeupdated": "1738523546"
            }
        }
    }
}