{
    "appid": "2978430",
    "type": "Game",
    "name": "Hentai City",
    "schinese_name": "",
    "isfreeapp": "0",
    "change_number": "27096418",
    "update_time": "2025-01-22 00:06:03",
    "depot": {
        "2978431": {
            "manifests": {
                "public": {
                    "gid": "627101237252958667",
                    "size": "128851030",
                    "download": "38309648"
                }
            },
            "decryptionkey": "110f49e27808ed092aed54837e7b9199c1485929e14ee1f1c2b95887fadcc279"
        },
        "branches": {
            "public": {
                "buildid": "14581084",
                "timeupdated": "1717392737"
            }
        }
    }
}