{
    "appid": "3048790",
    "type": "Game",
    "name": "最强市长",
    "schinese_name": "最强市长",
    "isfreeapp": "0",
    "change_number": "24299264",
    "update_time": "2024-07-10 09:40:05",
    "depot": {
        "3048791": {
            "manifests": {
                "public": {
                    "gid": "5591116995016363751",
                    "size": "173070590",
                    "download": "30574384"
                }
            },
            "decryptionkey": "8eeb9b1d024d3287aa335e96c1c966f8521fb2096c9559692ad78fa5977126dd"
        },
        "branches": {
            "public": {
                "buildid": "14840795",
                "timeupdated": "1719382649"
            }
        }
    }
}