{
    "appid": "3366190",
    "type": "Demo",
    "name": "Monaco 2 Demo",
    "schinese_name": "",
    "isfreeapp": "0",
    "change_number": "28496382",
    "update_time": "2025-04-16 06:15:49",
    "depot": {
        "228989": {
            "config": {
                "oslist": "windows"
            },
            "depotfromapp": "228980",
            "sharedinstall": "1"
        },
        "3366191": {
            "config": {
                "oslist": "windows",
                "osarch": "64"
            },
            "manifests": {
                "public": {
                    "gid": "4504696555153164751",
                    "size": "8752696945",
                    "download": "2847908096"
                },
                "beta": {
                    "gid": "4504696555153164751",
                    "size": "8752696945",
                    "download": "2847908096"
                }
            },
            "decryptionkey": "c7420f83a845017ed34900821f00363eb8e78db6b046915a08c7070946bc34f3"
        },
        "baselanguages": "english,german,french,schinese,russian,brazilian,latam",
        "branches": {
            "public": {
                "buildid": "17734218",
                "timeupdated": "1742013664"
            },
            "beta": {
                "buildid": "17734218",
                "description": "Public beta branch",
                "timeupdated": "1742013609"
            }
        },
        "privatebranches": "1"
    }
}