{
    "appid": "3471130",
    "type": "Game",
    "name": "Casual Sport Series: Tennis",
    "schinese_name": "",
    "isfreeapp": "0",
    "change_number": "28916282",
    "update_time": "2025-05-10 18:35:26",
    "depot": {
        "3471131": {
            "manifests": {
                "public": {
                    "gid": "5533043004272710130",
                    "size": "951823503",
                    "download": "227420768"
                }
            },
            "decryptionkey": "d57e69a17d5c9b24ca6dc7312c30988a2dc96186856a05b56d27fd249631d884"
        },
        "branches": {
            "public": {
                "buildid": "18204464",
                "timeupdated": "1745395512"
            }
        }
    }
}