{
    "appid": "3013660",
    "type": "Demo",
    "name": "Arcadia Fallen II Demo",
    "schinese_name": "阿卡迪亚的陨落2演示",
    "isfreeapp": "0",
    "change_number": "24718935",
    "update_time": "2024-08-09 19:37:52",
    "depot": {
        "3013661": {
            "config": {
                "oslist": "windows"
            },
            "manifests": {
                "public": {
                    "gid": "8739551703109275713",
                    "size": "819942653",
                    "download": "700399216"
                }
            },
            "decryptionkey": "9d9dc9c6bd86f8bc3b8c1647e0da2596a84fd9365bfcf66ce953ef0c0d70afa5"
        },
        "3013662": {
            "config": {
                "oslist": "macos"
            },
            "manifests": {
                "public": {
                    "gid": "1662714275858018884",
                    "size": "810759412",
                    "download": "697889808"
                }
            },
            "decryptionkey": ""
        },
        "3013663": {
            "config": {
                "oslist": "linux"
            },
            "manifests": {
                "public": {
                    "gid": "588920693687396720",
                    "size": "815538827",
                    "download": "697798944"
                }
            },
            "decryptionkey": ""
        },
        "baselanguages": "english,japanese",
        "branches": {
            "public": {
                "buildid": "14665106",
                "timeupdated": "1718027954"
            }
        }
    }
}