{
    "appid": "3168470",
    "type": "Demo",
    "name": "E-FCC Demo",
    "schinese_name": "",
    "isfreeapp": "0",
    "change_number": "27521773",
    "update_time": "2025-02-18 03:14:07",
    "depot": {
        "228989": {
            "config": {
                "oslist": "windows"
            },
            "depotfromapp": "228980",
            "sharedinstall": "1"
        },
        "228990": {
            "config": {
                "oslist": "windows"
            },
            "depotfromapp": "228980",
            "sharedinstall": "1"
        },
        "3168471": {
            "manifests": {
                "public": {
                    "gid": "4440961574174531306",
                    "size": "1704756340",
                    "download": "1342475680"
                }
            },
            "decryptionkey": "f2bdda1067dc52b9b9006bd2f21c3ab5b1cff196c111382d6f38e71512dfe17a"
        },
        "baselanguages": "french",
        "branches": {
            "public": {
                "buildid": "16084005",
                "timeupdated": "1729182582"
            }
        }
    }
}