{
    "appid": "2999070",
    "type": "Game",
    "name": "Monster 3",
    "schinese_name": "怪物3",
    "isfreeapp": "0",
    "change_number": "29033423",
    "update_time": "2025-05-17 06:12:25",
    "depot": {
        "2999071": {
            "manifests": {
                "public": {
                    "gid": "9175470946662597570",
                    "size": "1962960969",
                    "download": "858254928"
                }
            },
            "decryptionkey": "d3677bd45c9c56e90e802f7a8cdd8d3bb45976d5043ef9e1855ba2ae1410e1b8"
        },
        "branches": {
            "public": {
                "buildid": "15562334",
                "timeupdated": "1725241265"
            }
        }
    }
}