{
    "appid": "3500640",
    "type": "Game",
    "name": "Arithmetic",
    "schinese_name": "数算箱题",
    "isfreeapp": "1",
    "change_number": "27711469",
    "update_time": "2025-02-28 16:42:11",
    "depot": {
        "baselanguages": "english,koreana,spanish,schinese,tchinese,japanese",
        "workshopdepot": "3500640",
        "3500642": {
            "config": {
                "oslist": "windows"
            },
            "manifests": {
                "public": {
                    "gid": "9134195021360729799",
                    "size": "94415104",
                    "download": "30344784"
                }
            },
            "decryptionkey": "9a8c9c60fc9fbc8c1c0805e74aa243f0400a55e8fcad3ed786bea072b7613680"
        },
        "3500643": {
            "config": {
                "oslist": "linux"
            },
            "manifests": {
                "public": {
                    "gid": "6622439808738674230",
                    "size": "77966840",
                    "download": "25872528"
                }
            },
            "decryptionkey": ""
        },
        "branches": {
            "public": {
                "buildid": "17540522",
                "timeupdated": "1740723628"
            }
        },
        "workshopdepotdecryptionkey": ""
    }
}