{
    "appid": "3044860",
    "type": "DLC",
    "name": "竹书纪年:封神传",
    "schinese_name": "",
    "isfreeapp": "0",
    "change_number": "26672764",
    "update_time": "2024-12-17 14:04:07",
    "depot": {
        "3044862 ": {
            "config": {
                "language": "english",
                "optionaldlc": "3044860"
            },
            "dlcappid": "3044860"
        },
        "3044860": {
            "dlcappid": "3044860",
            "manifests": {
                "public": {
                    "gid": "4550647110420174862",
                    "size": "476867248",
                    "download": "189723456"
                }
            },
            "config": {
                "optionaldlc": "3044860"
            },
            "decryptionkey": "0f7ac5f39df71ec533061301d054f52848b24a2335966888e6238cf8dc3bffa1"
        },
        "3044861": {
            "config": {
                "language": "schinese",
                "optionaldlc": "3044860"
            },
            "manifests": {
                "public": {
                    "gid": "8868267432418487506",
                    "size": "476867248",
                    "download": "189723648"
                }
            },
            "dlcappid": "3044860",
            "decryptionkey": "572801db13de709a16902149085f7fdb2fe88108a44d468fcad22d71a582d135"
        },
        "3044862": {
            "config": {
                "language": "english",
                "optionaldlc": "3044860"
            },
            "manifests": {
                "public": {
                    "gid": "3849241039312463199",
                    "size": "238493107",
                    "download": "187403152"
                }
            },
            "dlcappid": "3044860",
            "decryptionkey": ""
        },
        "branches": {
            "public": {
                "buildid": "14900869",
                "timeupdated": "1719883341"
            }
        },
        "appmanagesdlc": "1"
    }
}