{
    "appid": "3417770",
    "type": "Demo",
    "name": "Realms of Madness Demo",
    "schinese_name": "",
    "isfreeapp": "0",
    "change_number": "27393167",
    "update_time": "2025-02-10 10:26:24",
    "depot": {
        "3417771": {
            "manifests": {
                "public": {
                    "gid": "2513829980390828426",
                    "size": "503413477",
                    "download": "374733152"
                }
            },
            "decryptionkey": "47986771b5b2a880cd887132212291f67bd2a126fb99052c34a59f249befa6c4"
        },
        "branches": {
            "public": {
                "buildid": "17093302",
                "timeupdated": "1737560970"
            }
        }
    }
}