{
    "appid": "3652420",
    "type": "Game",
    "name": "War of Reproduction",
    "schinese_name": "繁殖之战：进化",
    "isfreeapp": "0",
    "change_number": "28740874",
    "update_time": "2025-04-30 12:14:38",
    "depot": {
        "baselanguages": "english,german,french,koreana,schinese,tchinese,thai,japanese,turkish,brazilian,latam,indonesian",
        "3652421": {
            "manifests": {
                "public": {
                    "gid": "5079158442464999986",
                    "size": "1281876956",
                    "download": "324842736"
                }
            },
            "decryptionkey": "feed75f8566c2c805a90b859b83d8cbbc131e3fa62e5baadd0f4b9cf3ea20757"
        },
        "branches": {
            "public": {
                "buildid": "18281437",
                "timeupdated": "1745936252"
            }
        }
    }
}