{
    "appid": "3057430",
    "type": "Demo",
    "name": "猫咪干得好 Cat Good Work Demo",
    "schinese_name": "",
    "isfreeapp": "0",
    "change_number": "27859334",
    "update_time": "2025-03-09 22:27:42",
    "depot": {
        "228989": {
            "config": {
                "oslist": "windows"
            },
            "depotfromapp": "228980",
            "sharedinstall": "1"
        },
        "228990": {
            "config": {
                "oslist": "windows"
            },
            "depotfromapp": "228980",
            "sharedinstall": "1"
        },
        "baselanguages": "english,german,french,koreana,schinese,tchinese,russian,japanese,turkish,brazilian",
        "3057431": {
            "config": {
                "oslist": "windows"
            },
            "manifests": {
                "public": {
                    "gid": "5637109035726928893",
                    "size": "710864326",
                    "download": "579901776"
                }
            },
            "decryptionkey": "97962ebb89413761c3ade47e6c93b7e57cad26c91dfb03620dc56af7ef220909"
        },
        "branches": {
            "public": {
                "buildid": "15027979",
                "timeupdated": "1720953401"
            }
        }
    }
}