{
    "appid": "3149930",
    "type": "Demo",
    "name": "Fated Land Demo",
    "schinese_name": "宿命之地 Demo",
    "isfreeapp": "0",
    "change_number": "26940625",
    "update_time": "2025-01-10 20:00:20",
    "depot": {
        "3149931": {
            "manifests": {
                "public": {
                    "gid": "6053943540944345999",
                    "size": "923853928",
                    "download": "540233408"
                }
            },
            "decryptionkey": "fb04f5d7e6974a50dcfe70c205c0d9330d469463d9f32e88908c7e43a7609bf7"
        },
        "baselanguages": "english,schinese,tchinese",
        "branches": {
            "public": {
                "buildid": "16963941",
                "timeupdated": "1736510415"
            }
        },
        "privatebranches": "1"
    }
}