{
    "appid": "2990070",
    "type": "Music",
    "name": "Shumo Soundtrack",
    "schinese_name": "蜀末 Soundtrack",
    "isfreeapp": "0",
    "change_number": "27163490",
    "update_time": "2025-01-25 21:00:18",
    "depot": {
        "2990071": {
            "manifests": {
                "public": {
                    "gid": "3487019422216169117",
                    "size": "13121205",
                    "download": "12867232"
                }
            },
            "decryptionkey": "dc4b2db655fadb9e06628840e4735ff8ef727c6ddbf4b1714fd70cef00a8dcbb"
        },
        "2990072": {
            "config": {
                "highqualityaudio": "1"
            },
            "manifests": {
                "public": {
                    "gid": "4913360661810751673",
                    "size": "96366984",
                    "download": "85875600"
                }
            },
            "decryptionkey": "9073b736673df2afa9a6f0e63afe984d93b6eb1ff4952d781d23d681f117ed44"
        },
        "branches": {
            "public": {
                "buildid": "14491305",
                "timeupdated": "1716617965"
            }
        }
    }
}