{
    "appid": "3141640",
    "type": "DLC",
    "name": "Valis Collection Artbook",
    "schinese_name": "",
    "isfreeapp": "0",
    "change_number": "25958587",
    "update_time": "2024-10-30 04:54:23",
    "depot": {
        "3141641": {
            "manifests": {
                "public": {
                    "gid": "2589029088546793815",
                    "size": "184139462",
                    "download": "181011184"
                }
            },
            "dlcappid": "3141640",
            "decryptionkey": "18f164cff5b50d448cdcc49ba45dbd3d67c5a011fe013a6e9e3459f739927a7e"
        },
        "branches": {
            "public": {
                "buildid": "16216345",
                "timeupdated": "1730179022"
            }
        }
    }
}