{
    "appid": "3107880",
    "type": "Game",
    "name": "Gnomes and Knights",
    "schinese_name": "",
    "isfreeapp": "0",
    "change_number": "29044776",
    "update_time": "2025-05-18 08:15:41",
    "depot": {
        "baselanguages": "english",
        "hasdepotsindlc": "1",
        "3107881": {
            "config": {
                "oslist": "windows"
            },
            "manifests": {
                "public": {
                    "gid": "5417538056195325882",
                    "size": "941358393",
                    "download": "354150160"
                }
            },
            "decryptionkey": "fb75c64375925583a146badc1bd5bfcd7ef0a0c3676dbf757a758b0cb1fa22a8"
        },
        "3107882": {
            "config": {
                "oslist": "macos"
            },
            "manifests": {
                "public": {
                    "gid": "6768927829636109791",
                    "size": "962821512",
                    "download": "362710768"
                }
            },
            "decryptionkey": ""
        },
        "branches": {
            "public": {
                "buildid": "16431834",
                "timeupdated": "1731777444"
            }
        },
        "privatebranches": "1"
    }
}