{
    "appid": "3252740",
    "type": "Game",
    "name": "Lust Night💋",
    "schinese_name": "",
    "isfreeapp": "0",
    "change_number": "29016528",
    "update_time": "2025-05-16 12:24:49",
    "depot": {
        "3252741": {
            "config": {
                "oslist": "windows"
            },
            "manifests": {
                "public": {
                    "gid": "5926227560390781496",
                    "size": "960426647",
                    "download": "798581888"
                }
            },
            "decryptionkey": "fae4129e0373b39e81ff1647d91680f0ae4f4f7e138e5030ab4821b575871457"
        },
        "3252742": {
            "config": {
                "oslist": "macos"
            },
            "manifests": {
                "public": {
                    "gid": "9002748820682328592",
                    "size": "902683842",
                    "download": "792167840"
                }
            },
            "decryptionkey": ""
        },
        "3252743": {
            "config": {
                "oslist": "linux"
            },
            "manifests": {
                "public": {
                    "gid": "8948844567023473747",
                    "size": "1186908032",
                    "download": "981963152"
                }
            },
            "decryptionkey": ""
        },
        "branches": {
            "public": {
                "buildid": "16286311",
                "timeupdated": "1730718659"
            }
        }
    }
}