{
    "appid": "3122870",
    "type": "Beta",
    "name": "Bythzkel Sombréa Playtest",
    "schinese_name": "",
    "isfreeapp": "0",
    "change_number": "28521611",
    "update_time": "2025-04-17 12:31:46",
    "depot": {
        "228989": {
            "config": {
                "oslist": "windows"
            },
            "depotfromapp": "228980",
            "sharedinstall": "1"
        },
        "228990": {
            "config": {
                "oslist": "windows"
            },
            "depotfromapp": "228980",
            "sharedinstall": "1"
        },
        "229033": {
            "config": {
                "oslist": "windows"
            },
            "depotfromapp": "228980",
            "sharedinstall": "1"
        },
        "hasdepotsindlc": "1",
        "3122871": {
            "config": {
                "language": "english",
                "oslist": "windows",
                "osarch": "64"
            },
            "manifests": {
                "public": {
                    "gid": "7684854758297791118",
                    "size": "19644059611",
                    "download": "13447244960"
                }
            },
            "decryptionkey": "9a1c82cdfaf45e0049ba9ecb581a32e700380003bd7966daadfa0dfd9b9aad3a"
        },
        "branches": {
            "public": {
                "buildid": "18158704",
                "timeupdated": "1744987120"
            }
        },
        "privatebranches": "1"
    }
}