{
    "appid": "3361180",
    "type": "Game",
    "name": "DOOMED Detective Game",
    "schinese_name": "",
    "isfreeapp": "0",
    "change_number": "28926278",
    "update_time": "2025-05-11 22:33:02",
    "depot": {
        "3361181": {
            "config": {
                "oslist": "windows"
            },
            "manifests": {
                "public": {
                    "gid": "2554932235345487168",
                    "size": "1655688128",
                    "download": "189572816"
                }
            },
            "decryptionkey": "a829c7c07664f364139617a132afc0de1cb2daf439ddc75636e32a2702d5240b"
        },
        "branches": {
            "public": {
                "buildid": "17987847",
                "timeupdated": "1743919223"
            }
        }
    }
}