{
    "appid": "3676960",
    "type": "Game",
    "name": "The Last Train",
    "schinese_name": "",
    "isfreeapp": "0",
    "change_number": "29045922",
    "update_time": "2025-05-18 12:12:52",
    "depot": {
        "baselanguages": "english,german,italian,russian,brazilian,latam",
        "3676961": {
            "config": {
                "oslist": "windows"
            },
            "manifests": {
                "public": {
                    "gid": "6461288487355368065",
                    "size": "177793379",
                    "download": "77953584"
                }
            },
            "decryptionkey": "dbe396514ce3fc8be3577f1f52fa9aaafae776560598070c625c0c4878fae30a"
        },
        "3676962": {
            "config": {
                "language": "english",
                "oslist": "macos"
            }
        },
        "branches": {
            "public": {
                "buildid": "18484178",
                "timeupdated": "1747356410"
            }
        }
    }
}