{
    "appid": "3218150",
    "type": "Game",
    "name": "XENO WIPEOUT!",
    "schinese_name": "外星大逃杀",
    "isfreeapp": "0",
    "change_number": "27989248",
    "update_time": "2025-03-17 15:56:28",
    "depot": {
        "3218151": {
            "manifests": {
                "public": {
                    "gid": "2573748494974990527",
                    "size": "4993076972",
                    "download": "2673237408"
                }
            },
            "decryptionkey": "7ff28dc8025a699a1295e23db5048650ec0227548f704748f5337adae18845a1"
        },
        "branches": {
            "public": {
                "buildid": "15699173",
                "timeupdated": "1726290165"
            }
        }
    }
}