{
    "appid": "3140130",
    "type": "Game",
    "name": "みんなで空気読み。4",
    "schinese_name": "大家一起观颜察色。4",
    "isfreeapp": "0",
    "change_number": "29016278",
    "update_time": "2025-05-16 12:00:47",
    "depot": {
        "baselanguages": "english,koreana,schinese,tchinese,japanese",
        "3140131": {
            "manifests": {
                "public": {
                    "gid": "5569071957561906710",
                    "size": "309086414",
                    "download": "179554912"
                }
            },
            "decryptionkey": "af8c7798674efd80a5461c67945451687013be8310daa3b0e9d1fceb0b960d1d"
        },
        "3141760": {
            "dlcappid": "3141760"
        },
        "branches": {
            "public": {
                "buildid": "16598871",
                "timeupdated": "1733303664"
            }
        },
        "privatebranches": "1"
    }
}