{
    "appid": "3142480",
    "type": "DLC",
    "name": "Endzone 2: Supporter Pack",
    "schinese_name": "",
    "isfreeapp": "0",
    "change_number": "24947189",
    "update_time": "2024-08-27 03:17:40",
    "depot": {
        "3142480": {
            "manifests": {
                "public": {
                    "gid": "9043632041574392878",
                    "size": "1253268112",
                    "download": "1252050992"
                }
            },
            "dlcappid": "3142480",
            "decryptionkey": "4ea89a642735f6b393f43e6955abb72aa78b652ee20420c3d874ddd29d1f9b96"
        },
        "branches": {
            "public": {
                "buildid": "15496875",
                "timeupdated": "1724699443"
            }
        }
    }
}