{
    "appid": "3219510",
    "type": "Demo",
    "name": "Rec Demo",
    "schinese_name": "",
    "isfreeapp": "0",
    "change_number": "29045403",
    "update_time": "2025-05-18 10:13:36",
    "depot": {
        "228989": {
            "config": {
                "oslist": "windows"
            },
            "depotfromapp": "228980",
            "sharedinstall": "1"
        },
        "228990": {
            "config": {
                "oslist": "windows"
            },
            "depotfromapp": "228980",
            "sharedinstall": "1"
        },
        "3219511": {
            "manifests": {
                "public": {
                    "gid": "4928500121926271497",
                    "size": "6196844946",
                    "download": "5950740352"
                }
            },
            "decryptionkey": "e73edc32cd200bcc5dce0a91ab223c21e89d99992c57a6038bce8e18aa09bc31"
        },
        "branches": {
            "public": {
                "buildid": "16470507",
                "timeupdated": "1732097236"
            }
        }
    }
}