{
    "appid": "3607870",
    "type": "Music",
    "name": "Cassette Beasts: Acoustic Sessions",
    "schinese_name": "",
    "isfreeapp": "0",
    "change_number": "28496382",
    "update_time": "2025-04-16 06:13:58",
    "depot": {
        "3607871": {
            "manifests": {
                "public": {
                    "gid": "7289816514072171167",
                    "size": "65358281",
                    "download": "65249568"
                }
            },
            "decryptionkey": "648864c8783b1e1adab412d9b0f2649d687eba978079365d5ec189a7f779a040"
        },
        "3607872": {
            "config": {
                "highqualityaudio": "1"
            },
            "manifests": {
                "public": {
                    "gid": "2478766878792909200",
                    "size": "299501261",
                    "download": "303365392"
                }
            },
            "decryptionkey": "b68593462715e46190fd1f1f3e2efd8ae0fc0cd8725877a0f3a4bc08b2e35aae"
        },
        "branches": {
            "public": {
                "buildid": "17792586",
                "timeupdated": "1742465189"
            }
        }
    }
}