{
    "appid": "3147890",
    "type": "Game",
    "name": "Solitaire Quest: Love Blossoms",
    "schinese_name": "",
    "isfreeapp": "0",
    "change_number": "29016345",
    "update_time": "2025-05-16 12:06:44",
    "depot": {
        "baselanguages": "english,german,french,spanish,schinese,ukrainian",
        "3147891": {
            "config": {
                "oslist": "windows"
            },
            "manifests": {
                "public": {
                    "gid": "8520049839194701716",
                    "size": "1745654902",
                    "download": "334249696"
                }
            },
            "decryptionkey": "cbcacfab3b799818864829f8c2a5acf1e6ce1972834bd7c8829859dfd1dd4c67"
        },
        "3147892": {
            "config": {
                "oslist": "macos"
            },
            "manifests": {
                "public": {
                    "gid": "6476628075891130284",
                    "size": "1740077053",
                    "download": "332944816"
                }
            },
            "decryptionkey": ""
        },
        "branches": {
            "public": {
                "buildid": "15591287",
                "timeupdated": "1725459234"
            }
        }
    }
}