{
    "appid": "3354460",
    "type": "DLC",
    "name": "Beat Saber - Metallica - Battery",
    "schinese_name": "",
    "isfreeapp": "0",
    "change_number": "26577841",
    "update_time": "2024-12-10 23:45:07",
    "depot": {
        "3354460": {
            "manifests": {
                "public": {
                    "gid": "6064069182310588937",
                    "size": "18607222",
                    "download": "18861808"
                }
            },
            "dlcappid": "3354460",
            "decryptionkey": "5cadcf20439ca071dfd1159a77ef4d4233aebde7e0c7cc97437c0bdb1c214638"
        },
        "branches": {
            "public": {
                "buildid": "16539539",
                "timeupdated": "1732636431"
            }
        }
    }
}