{
    "appid": "3604550",
    "type": "Game",
    "name": "Ball Scooping Friends",
    "schinese_name": "",
    "isfreeapp": "0",
    "change_number": "29022709",
    "update_time": "2025-05-16 19:10:05",
    "depot": {
        "3604551": {
            "manifests": {
                "public": {
                    "gid": "1394921685601680856",
                    "size": "1124845474",
                    "download": "265773648"
                }
            },
            "decryptionkey": "2aed629ae7a6d7654de2a32984ec292f74b1fd741e29faf3e1bbc607b4e4ac93"
        },
        "branches": {
            "public": {
                "buildid": "18437804",
                "timeupdated": "1747102533"
            }
        },
        "privatebranches": "1"
    }
}