{
    "appid": "3471160",
    "type": "Music",
    "name": "HIBIKI of the Cosmos - SFS: The Gun-Dog Digital Soundtrack",
    "schinese_name": "宇宙之声 - 星舰铳犬数字原声带",
    "isfreeapp": "0",
    "change_number": "28842384",
    "update_time": "2025-05-06 21:31:59",
    "depot": {
        "3471161": {
            "manifests": {
                "public": {
                    "gid": "2361130057196895126",
                    "size": "50199577",
                    "download": "50144960"
                }
            },
            "decryptionkey": "22ed64aceed43dbc017dee7524337d9ace2620edc407fe74108cd6650c6b5916"
        },
        "3471162": {
            "config": {
                "highqualityaudio": "1"
            },
            "manifests": {
                "public": {
                    "gid": "2452926130454564707",
                    "size": "386391914",
                    "download": "342618448"
                }
            },
            "decryptionkey": "9a491e0c2c210909eec6780e04f6049e1005184c05ade4513bdf329904e26ea5"
        },
        "branches": {
            "public": {
                "buildid": "17607691",
                "timeupdated": "1741195552"
            }
        }
    }
}