{
    "appid": "3017310",
    "type": "Tool",
    "name": "Soulmask Dedicated Server For Windows",
    "schinese_name": "",
    "isfreeapp": "0",
    "change_number": "28957628",
    "update_time": "2025-05-13 17:51:55",
    "depot": {
        "1004": {
            "config": {
                "oslist": "windows"
            },
            "manifests": {
                "public": {
                    "gid": "7747775778018907449",
                    "size": "46727128",
                    "download": "14307024"
                }
            },
            "depotfromapp": "1007",
            "decryptionkey": "f21faa4f29ecee9d192fc1784d1701376eb87e13521824ceaf0116b10c558a81"
        },
        "1005": {
            "config": {
                "oslist": "macos"
            },
            "manifests": {
                "public": {
                    "gid": "2135359612286175146",
                    "size": "0",
                    "download": "0"
                }
            },
            "depotfromapp": "1007",
            "decryptionkey": "ffa980484d510ce8d7bfcdfde8545a438acc894accb6750711fdb75c0ee92ad9"
        },
        "1006": {
            "config": {
                "oslist": "linux"
            },
            "manifests": {
                "public": {
                    "gid": "7138471031118904166",
                    "size": "78382436",
                    "download": "21254752"
                }
            },
            "depotfromapp": "1007",
            "decryptionkey": "0a6d85ecbae0b6b89cf23244f6b4a69fe14e3e64b128473e93f9a2ed3d835b1c"
        },
        "228989": {
            "config": {
                "oslist": "windows"
            },
            "depotfromapp": "228980",
            "sharedinstall": "1"
        },
        "228990": {
            "config": {
                "oslist": "windows"
            },
            "depotfromapp": "228980",
            "sharedinstall": "1"
        },
        "3017311": {
            "manifests": {
                "public": {
                    "gid": "8703020826661098381",
                    "size": "1324452239",
                    "download": "1152044112"
                }
            },
            "decryptionkey": "323816052101e88456be5159b54d13d7633c364d10b2d3e59f698a75c0a0184b"
        },
        "branches": {
            "public": {
                "buildid": "18442545",
                "timeupdated": "1747129906"
            }
        }
    }
}