{
    "appid": "3172200",
    "type": "Game",
    "name": "Lust lady friends",
    "schinese_name": "乔甜和她的闺蜜们",
    "isfreeapp": "0",
    "change_number": "28835553",
    "update_time": "2025-05-06 14:28:34",
    "depot": {
        "3172201": {
            "manifests": {
                "public": {
                    "gid": "7671257620396184888",
                    "size": "1247213371",
                    "download": "270711216"
                }
            },
            "decryptionkey": "46fe58ac71aff3a0c571511d079f7b95123a15c26bcaa442232eea725400f8f4"
        },
        "branches": {
            "public": {
                "buildid": "16361348",
                "timeupdated": "1731295542"
            }
        }
    }
}