{
    "appid": "2992670",
    "type": "Demo",
    "name": "Raster Demo",
    "schinese_name": "Raster/光栅 Demo",
    "isfreeapp": "0",
    "change_number": "26251944",
    "update_time": "2024-11-19 06:27:39",
    "depot": {
        "2992671": {
            "manifests": {
                "public": {
                    "gid": "3771865158477248612",
                    "size": "535524672",
                    "download": "309403264"
                }
            },
            "decryptionkey": "733a99dc17493dcbf9e8f6e21b27e7d7e728d703b2e0593d6e1f41bae686b0d5"
        },
        "branches": {
            "public": {
                "buildid": "14640294",
                "timeupdated": "1717768297"
            }
        }
    }
}