{
    "appid": "3325590",
    "type": "Game",
    "name": "Emi - Long Road Home",
    "schinese_name": "",
    "isfreeapp": "0",
    "change_number": "28514981",
    "update_time": "2025-04-17 03:13:41",
    "depot": {
        "3325591": {
            "config": {
                "oslist": "windows"
            },
            "manifests": {
                "public": {
                    "gid": "1845343863960552268",
                    "size": "832599930",
                    "download": "360379616"
                }
            },
            "decryptionkey": "8debdfd8c76316a5a1f87b85582accd4d40911938ec7c026057f7f8f41799d0e"
        },
        "3325592": {
            "config": {
                "oslist": "macos"
            },
            "manifests": {
                "public": {
                    "gid": "5390775662221703818",
                    "size": "832599930",
                    "download": "360379616"
                }
            }
        },
        "branches": {
            "public": {
                "buildid": "16910390",
                "timeupdated": "1736075648"
            }
        }
    }
}