{
    "appid": "3322920",
    "type": "Application",
    "name": "HIBE Studio: Anime Avatar Maker & Vtuber Software",
    "schinese_name": "",
    "isfreeapp": "1",
    "change_number": "28895436",
    "update_time": "2025-05-09 13:26:04",
    "depot": {
        "228989": {
            "config": {
                "oslist": "windows"
            },
            "depotfromapp": "228980",
            "sharedinstall": "1"
        },
        "228990": {
            "config": {
                "oslist": "windows"
            },
            "depotfromapp": "228980",
            "sharedinstall": "1"
        },
        "229007": {
            "config": {
                "oslist": "windows"
            },
            "depotfromapp": "228980",
            "sharedinstall": "1"
        },
        "229033": {
            "config": {
                "oslist": "windows"
            },
            "depotfromapp": "228980",
            "sharedinstall": "1"
        },
        "3322921": {
            "manifests": {
                "public": {
                    "gid": "9097485977590476768",
                    "size": "2982061240",
                    "download": "821171840"
                }
            },
            "decryptionkey": "03697948961e416f7673f266dcd1f8426f37c6251a6d236806c1fcb10e05f919"
        },
        "branches": {
            "public": {
                "buildid": "18398456",
                "timeupdated": "1746768360"
            }
        },
        "privatebranches": "1"
    }
}