{
    "appid": "3287450",
    "type": "Demo",
    "name": "神椿市建設中。REGENERATE Demo",
    "schinese_name": "",
    "isfreeapp": "0",
    "change_number": "25848581",
    "update_time": "2024-10-23 09:01:09",
    "depot": {
        "3287451": {
            "manifests": {
                "public": {
                    "gid": "3549457737051861300",
                    "size": "3728977548",
                    "download": "2603965712"
                }
            },
            "decryptionkey": "0636124f98e44678d6a2554bcb28903f0f313a53d1091a5c422d4de01b4f0bb3"
        },
        "3287452": {
            "config": {
                "language": "japanese",
                "oslist": "windows"
            }
        },
        "branches": {
            "public": {
                "buildid": "16011745",
                "timeupdated": "1728662038"
            }
        }
    }
}