{
    "appid": "3199820",
    "type": "DLC",
    "name": "The Sims™ 4 Business Chic Kit",
    "schinese_name": "The Sims™ 4 商务时尚套件包",
    "isfreeapp": "0",
    "change_number": "27241008",
    "update_time": "2025-01-31 03:11:06",
    "depot": {
        "3199820": {
            "manifests": {
                "public": {
                    "gid": "1598150346183003103",
                    "size": "55346120",
                    "download": "51951184"
                }
            },
            "dlcappid": "3199820",
            "decryptionkey": "b424377636a79b33c87fa9e056c7d84ed224bab2fd585d2b41054949e7712f10"
        },
        "3199821": {
            "config": {
                "language": "english"
            },
            "manifests": {
                "public": {
                    "gid": "792944202486668968",
                    "size": "366",
                    "download": "304"
                }
            },
            "dlcappid": "3199820",
            "decryptionkey": ""
        },
        "3199822": {
            "config": {
                "language": "german"
            },
            "manifests": {
                "public": {
                    "gid": "8848230495332837382",
                    "size": "366",
                    "download": "304"
                }
            },
            "dlcappid": "3199820",
            "decryptionkey": ""
        },
        "3199823": {
            "config": {
                "language": "french"
            },
            "manifests": {
                "public": {
                    "gid": "2552339050204871480",
                    "size": "366",
                    "download": "304"
                }
            },
            "dlcappid": "3199820",
            "decryptionkey": ""
        },
        "3199824": {
            "config": {
                "language": "italian"
            },
            "manifests": {
                "public": {
                    "gid": "4335669588944060539",
                    "size": "366",
                    "download": "304"
                }
            },
            "dlcappid": "3199820",
            "decryptionkey": ""
        },
        "3199825": {
            "config": {
                "language": "koreana"
            },
            "manifests": {
                "public": {
                    "gid": "3420053632209555631",
                    "size": "366",
                    "download": "304"
                }
            },
            "dlcappid": "3199820",
            "decryptionkey": ""
        },
        "3199826": {
            "config": {
                "language": "spanish"
            },
            "manifests": {
                "public": {
                    "gid": "6543532904348779615",
                    "size": "366",
                    "download": "304"
                }
            },
            "dlcappid": "3199820",
            "decryptionkey": ""
        },
        "3199827": {
            "config": {
                "language": "schinese"
            },
            "manifests": {
                "public": {
                    "gid": "5752166097804736890",
                    "size": "366",
                    "download": "304"
                }
            },
            "dlcappid": "3199820",
            "decryptionkey": ""
        },
        "3199828": {
            "config": {
                "language": "tchinese"
            },
            "manifests": {
                "public": {
                    "gid": "1363153536134776447",
                    "size": "366",
                    "download": "304"
                }
            },
            "dlcappid": "3199820",
            "decryptionkey": ""
        },
        "3199829": {
            "config": {
                "language": "russian"
            },
            "manifests": {
                "public": {
                    "gid": "6514928003317634580",
                    "size": "366",
                    "download": "304"
                }
            },
            "dlcappid": "3199820",
            "decryptionkey": ""
        },
        "3401330": {
            "config": {
                "language": "japanese"
            },
            "manifests": {
                "public": {
                    "gid": "4878936458765329370",
                    "size": "366",
                    "download": "304"
                }
            },
            "dlcappid": "3199820",
            "decryptionkey": ""
        },
        "3401331": {
            "config": {
                "language": "polish"
            },
            "manifests": {
                "public": {
                    "gid": "3799813917447860711",
                    "size": "366",
                    "download": "304"
                }
            },
            "dlcappid": "3199820",
            "decryptionkey": ""
        },
        "3401332": {
            "config": {
                "language": "danish"
            },
            "manifests": {
                "public": {
                    "gid": "1025026318692908925",
                    "size": "366",
                    "download": "304"
                }
            },
            "dlcappid": "3199820",
            "decryptionkey": ""
        },
        "3401333": {
            "config": {
                "language": "dutch"
            },
            "manifests": {
                "public": {
                    "gid": "5165729968453031566",
                    "size": "366",
                    "download": "304"
                }
            },
            "dlcappid": "3199820",
            "decryptionkey": ""
        },
        "3401334": {
            "config": {
                "language": "finnish"
            },
            "manifests": {
                "public": {
                    "gid": "9139145221048860047",
                    "size": "366",
                    "download": "304"
                }
            },
            "dlcappid": "3199820",
            "decryptionkey": ""
        },
        "3401335": {
            "config": {
                "language": "norwegian"
            },
            "manifests": {
                "public": {
                    "gid": "6438346116494260834",
                    "size": "366",
                    "download": "304"
                }
            },
            "dlcappid": "3199820",
            "decryptionkey": ""
        },
        "3401336": {
            "config": {
                "language": "swedish"
            },
            "manifests": {
                "public": {
                    "gid": "2461861077376544325",
                    "size": "366",
                    "download": "304"
                }
            },
            "dlcappid": "3199820",
            "decryptionkey": ""
        },
        "3401337": {
            "config": {
                "language": "czech"
            },
            "manifests": {
                "public": {
                    "gid": "5879942056777434201",
                    "size": "366",
                    "download": "304"
                }
            },
            "dlcappid": "3199820",
            "decryptionkey": ""
        },
        "3401338": {
            "config": {
                "language": "brazilian"
            },
            "manifests": {
                "public": {
                    "gid": "16534576370722695",
                    "size": "366",
                    "download": "304"
                }
            },
            "dlcappid": "3199820",
            "decryptionkey": ""
        },
        "branches": {
            "public": {
                "buildid": "16752797",
                "timeupdated": "1738260004"
            }
        },
        "privatebranches": "1"
    }
}