{
    "appid": "3218010",
    "type": "Demo",
    "name": "少女 X 愛 X 麻將 Demo",
    "schinese_name": "",
    "isfreeapp": "0",
    "change_number": "26503079",
    "update_time": "2024-12-05 15:43:24",
    "depot": {
        "3218011": {
            "manifests": {
                "public": {
                    "gid": "1696354427653197575",
                    "size": "575407890",
                    "download": "270750368"
                }
            },
            "decryptionkey": "97eaefa2c6f0965c0e183f45fffdd350c2d2a44e4108388808ed9b09b34771f3"
        },
        "branches": {
            "public": {
                "buildid": "16639969",
                "timeupdated": "1733384598"
            }
        }
    }
}