{
    "appid": "3536610",
    "type": "Game",
    "name": "Time Guard - The Red Menace",
    "schinese_name": "",
    "isfreeapp": "0",
    "change_number": "28844368",
    "update_time": "2025-05-06 23:27:37",
    "depot": {
        "3536611": {
            "manifests": {
                "public": {
                    "gid": "8213176511626914307",
                    "size": "1056636149",
                    "download": "1031784128"
                }
            },
            "decryptionkey": "d7404107f48f6861cee4a21c7f4331f34114dddeed3e9da169c9cdd7c79e9acc"
        },
        "branches": {
            "public": {
                "buildid": "18358803",
                "timeupdated": "1746544882"
            }
        },
        "privatebranches": "1"
    }
}