{
    "appid": "2950100",
    "type": "Game",
    "name": "Cats of the Tang Dynasty",
    "schinese_name": "唐朝那些猫",
    "isfreeapp": "0",
    "change_number": "26648358",
    "update_time": "2024-12-15 15:41:08",
    "depot": {
        "2950101": {
            "manifests": {
                "public": {
                    "gid": "4513031754874496002",
                    "size": "2686872028",
                    "download": "1197938320"
                }
            },
            "decryptionkey": "5d550af31aeba81587f9018a5d57169aaee95581f06c7f9b1234fadbc91728c1"
        },
        "branches": {
            "public": {
                "buildid": "15676483",
                "timeupdated": "1726140491"
            }
        }
    }
}