{
    "appid": "2989680",
    "type": "Game",
    "name": "Twizzle Puzzle: Dinosaurs",
    "schinese_name": "",
    "isfreeapp": "0",
    "change_number": "28634564",
    "update_time": "2025-04-24 09:56:08",
    "depot": {
        "2989681": {
            "manifests": {
                "public": {
                    "gid": "8215519429229150080",
                    "size": "780023300",
                    "download": "779938848"
                }
            },
            "decryptionkey": "a2f9bd7d3cdac720156493b8624111e08c023d4f8c8554e150a0ddd80bfc532f"
        },
        "baselanguages": "english",
        "branches": {
            "public": {
                "buildid": "14326113",
                "timeupdated": "1715339272"
            }
        }
    }
}