{
    "appid": "2985930",
    "type": "Game",
    "name": "僕、アルバイトォォ！！",
    "schinese_name": "我是兼职工!!",
    "isfreeapp": "0",
    "change_number": "29015648",
    "update_time": "2025-05-16 11:00:45",
    "depot": {
        "228989": {
            "config": {
                "oslist": "windows"
            },
            "depotfromapp": "228980",
            "sharedinstall": "1"
        },
        "228990": {
            "config": {
                "oslist": "windows"
            },
            "depotfromapp": "228980",
            "sharedinstall": "1"
        },
        "2985931": {
            "manifests": {
                "public": {
                    "gid": "5108903926674581230",
                    "size": "4910946452",
                    "download": "4620631296"
                }
            },
            "decryptionkey": "3ca33f740cfdb2bd8f1bbcc4bf9ffd1c2e77c18f518030e35af44de3f7edb263"
        },
        "branches": {
            "public": {
                "buildid": "14943785",
                "timeupdated": "1720187911"
            }
        }
    }
}