{
    "appid": "3107980",
    "type": "Game",
    "name": "Just Skill Shooter: Catacombs",
    "schinese_name": "",
    "isfreeapp": "0",
    "change_number": "28744137",
    "update_time": "2025-04-30 16:15:08",
    "depot": {
        "228989": {
            "config": {
                "oslist": "windows"
            },
            "depotfromapp": "228980",
            "sharedinstall": "1"
        },
        "228990": {
            "config": {
                "oslist": "windows"
            },
            "depotfromapp": "228980",
            "sharedinstall": "1"
        },
        "3107981": {
            "manifests": {
                "public": {
                    "gid": "6825073288284081068",
                    "size": "1835214289",
                    "download": "1728678000"
                }
            },
            "decryptionkey": "f0afff5ff0598914413c6bb2bca16daca6368ee249e58d301c6f0061d44c75f3"
        },
        "branches": {
            "public": {
                "buildid": "17298382",
                "timeupdated": "1739115601"
            }
        }
    }
}