{
    "appid": "3627920",
    "type": "Game",
    "name": "The Mirror's Edge 鏡界",
    "schinese_name": "",
    "isfreeapp": "0",
    "change_number": "28683059",
    "update_time": "2025-04-26 21:53:06",
    "depot": {
        "baselanguages": "english,schinese,tchinese",
        "3627921": {
            "manifests": {
                "public": {
                    "gid": "6319132610791475445",
                    "size": "2664731894",
                    "download": "1131102288"
                }
            },
            "decryptionkey": "dd95031cde6b7b00bb437be56e5cfdb1d21c55af3752bd33ce26c8e23af68ac0"
        },
        "branches": {
            "public": {
                "buildid": "18238196",
                "timeupdated": "1745583350"
            }
        }
    }
}