{
    "appid": "2954730",
    "type": "Game",
    "name": "Cube Hero Odyssey",
    "schinese_name": "",
    "isfreeapp": "0",
    "change_number": "29015497",
    "update_time": "2025-05-16 10:48:45",
    "depot": {
        "hasdepotsindlc": "0",
        "2954731": {
            "manifests": {
                "public": {
                    "gid": "674858370561380099",
                    "size": "589658003",
                    "download": "185008848"
                }
            },
            "decryptionkey": "9d8dabd8a9015447c6e0987db13b668ce250bac1172ac7a74d0bc925eb8e1be1"
        },
        "branches": {
            "public": {
                "buildid": "16429103",
                "timeupdated": "1731739811"
            }
        },
        "privatebranches": "1"
    }
}