{
    "appid": "3191770",
    "type": "Game",
    "name": "Slitherise",
    "schinese_name": "",
    "isfreeapp": "0",
    "change_number": "28732343",
    "update_time": "2025-04-30 01:05:21",
    "depot": {
        "3191771": {
            "manifests": {
                "public": {
                    "gid": "8389027795647508280",
                    "size": "929488231",
                    "download": "313947568"
                }
            },
            "decryptionkey": "23877733f7f89a99364f204898303f23e822bd3ef9131ca217c1c4ea07de00ad"
        },
        "baselanguages": "english,japanese",
        "branches": {
            "public": {
                "buildid": "18283292",
                "timeupdated": "1745946317"
            }
        }
    }
}