{
    "appid": "3634600",
    "type": "Music",
    "name": "Post Trauma Original Soundtrack",
    "schinese_name": "",
    "isfreeapp": "0",
    "change_number": "28610308",
    "update_time": "2025-04-23 06:38:10",
    "depot": {
        "3634601": {
            "manifests": {
                "public": {
                    "gid": "6994582043553856339",
                    "size": "115374549",
                    "download": "114390624"
                }
            },
            "decryptionkey": "369ae4824204e137636f5db7149c7128db6f79179b7b8e5f014e370826eee51b"
        },
        "branches": {
            "public": {
                "buildid": "18189929",
                "timeupdated": "1745309950"
            }
        }
    }
}