{
    "appid": "3035010",
    "type": "Game",
    "name": "Deep Cuts",
    "schinese_name": "",
    "isfreeapp": "0",
    "change_number": "28799924",
    "update_time": "2025-05-03 20:01:46",
    "depot": {
        "228990": {
            "config": {
                "oslist": "windows"
            },
            "depotfromapp": "228980",
            "sharedinstall": "1"
        },
        "3035011": {
            "manifests": {
                "public": {
                    "gid": "5727095559272209072",
                    "size": "28372935411",
                    "download": "25641472464"
                },
                "beta": {
                    "gid": "1414876343462029264",
                    "size": "28368723420",
                    "download": "25638673568"
                }
            },
            "decryptionkey": "e9618436b7a2e03c36a556f6f857567569e2fc4166f061b9ca3f7ad94dfccc85"
        },
        "branches": {
            "public": {
                "buildid": "18312165",
                "timeupdated": "1746122336"
            },
            "beta": {
                "buildid": "18331755",
                "description": "Beta branch for Deep Cuts.",
                "timeupdated": "1746273702"
            }
        }
    }
}