{
    "appid": "3231760",
    "type": "Demo",
    "name": "Duckthing's Rolling Rooms Demo",
    "schinese_name": "",
    "isfreeapp": "0",
    "change_number": "26572982",
    "update_time": "2024-12-10 18:18:56",
    "depot": {
        "3231761": {
            "config": {
                "oslist": "windows",
                "language": "english"
            },
            "manifests": {
                "public": {
                    "gid": "5160807912693466556",
                    "size": "64033186",
                    "download": "39171232"
                }
            },
            "decryptionkey": "119d38faeb5e5001237a70acf521688fd11c482fced976ef2b5fd2723bb2767a"
        },
        "3231762": {
            "config": {
                "language": "english",
                "oslist": "windows"
            }
        },
        "branches": {
            "public": {
                "buildid": "15794636",
                "timeupdated": "1727095696"
            }
        },
        "privatebranches": "1"
    }
}