{
    "appid": "3081450",
    "type": "Demo",
    "name": "降灵 Demo",
    "schinese_name": "",
    "isfreeapp": "0",
    "change_number": "25777687",
    "update_time": "2024-10-18 09:58:49",
    "depot": {
        "3081451": {
            "config": {
                "oslist": "windows"
            },
            "manifests": {
                "public": {
                    "gid": "8270364544388901829",
                    "size": "1079639263",
                    "download": "458982784"
                }
            },
            "decryptionkey": "572bf53c6ac5803201fc800f6ef7ede8bb75ae15a57a628a5d1663ebd12f75d4"
        },
        "branches": {
            "public": {
                "buildid": "16089431",
                "timeupdated": "1729216726"
            }
        }
    }
}