{
    "appid": "2991400",
    "type": "Game",
    "name": "Himegashima Island",
    "schinese_name": "姬之岛 悠游夏日",
    "isfreeapp": "0",
    "change_number": "28134507",
    "update_time": "2025-03-26 01:10:57",
    "depot": {
        "2991401": {
            "manifests": {
                "public": {
                    "gid": "2244894013343262774",
                    "size": "1135112146",
                    "download": "508257584"
                }
            },
            "decryptionkey": "fc2d321abb17a3f960533fca3a1d795b2e7e61325139e2796dc7b608212ccacc"
        },
        "2991402": {
            "config": {
                "language": "schinese"
            },
            "manifests": {
                "public": {
                    "gid": "299434506774743756",
                    "size": "1013263447",
                    "download": "502804784"
                }
            },
            "decryptionkey": "b8a941d6898133ba8e19e16eca6f1b71909ab66b4e231f04ee876cbb7d24c77b"
        },
        "2991403": {
            "config": {
                "language": "japanese"
            },
            "manifests": {
                "public": {
                    "gid": "9169519157803649732",
                    "size": "1014317503",
                    "download": "503864112"
                }
            },
            "decryptionkey": "8de9f2516f05eb3d04de8f1f7d811e8396684a99df7064730072e37af8441907"
        },
        "branches": {
            "public": {
                "buildid": "15216593",
                "timeupdated": "1722451700"
            }
        }
    }
}