{
    "appid": "2957700",
    "type": "Game",
    "name": "Sensei! I Like You So Much!",
    "schinese_name": "太太！我喜欢你！",
    "isfreeapp": "0",
    "change_number": "29015497",
    "update_time": "2025-05-16 10:48:45",
    "depot": {
        "baselanguages": "english,koreana,schinese,japanese",
        "workshopdepot": "2957700",
        "2957701": {
            "config": {
                "oslist": "windows"
            },
            "manifests": {
                "public": {
                    "gid": "7246219548050530277",
                    "size": "4894007971",
                    "download": "458432368"
                }
            },
            "decryptionkey": "07c5a7aa4b5e25f17592c0c77dfce3bb5544a9a5a45ce72803703caf9d819b17"
        },
        "branches": {
            "public": {
                "buildid": "17995501",
                "timeupdated": "1743852552"
            }
        },
        "workshopdepotdecryptionkey": "c2edc31a49b7e481d9e9164ad92b298eb16fdde816b4e0ce8a8b996117f67b71"
    }
}