{
    "appid": "3083300",
    "type": "Game",
    "name": "Proverbs",
    "schinese_name": "",
    "isfreeapp": "0",
    "change_number": "28782511",
    "update_time": "2025-05-02 16:55:01",
    "depot": {
        "3083301": {
            "config": {
                "oslist": "windows"
            },
            "manifests": {
                "public": {
                    "gid": "7622462476194081546",
                    "size": "290324462",
                    "download": "138068096"
                }
            },
            "decryptionkey": "3eed75a70a6242e6d25b6bb98fec84b9995a70fc0061bf1cbc9a021a1d6f00fd"
        },
        "3083302": {
            "config": {
                "oslist": "macos"
            },
            "manifests": {
                "public": {
                    "gid": "3013420250637397844",
                    "size": "323273993",
                    "download": "147885424"
                }
            },
            "decryptionkey": ""
        },
        "branches": {
            "public": {
                "buildid": "17292116",
                "timeupdated": "1739029924"
            }
        },
        "privatebranches": "1"
    }
}