{
    "appid": "3562460",
    "type": "Game",
    "name": "The Whispering Woods",
    "schinese_name": "",
    "isfreeapp": "0",
    "change_number": "28829208",
    "update_time": "2025-05-06 04:19:06",
    "depot": {
        "228989": {
            "config": {
                "oslist": "windows"
            },
            "depotfromapp": "228980",
            "sharedinstall": "1"
        },
        "228990": {
            "config": {
                "oslist": "windows"
            },
            "depotfromapp": "228980",
            "sharedinstall": "1"
        },
        "3562461": {
            "config": {
                "language": "english"
            },
            "manifests": {
                "public": {
                    "gid": "3817468886653736551",
                    "size": "2419184057",
                    "download": "2170102448"
                }
            },
            "decryptionkey": "b10613bec3c3e33c82630b3dde8e6cd804eed9fdc636c2ec87f4d9d1eb9c6f33"
        },
        "branches": {
            "public": {
                "buildid": "17533753",
                "timeupdated": "1740672427"
            }
        }
    }
}