{
    "appid": "3207710",
    "type": "Demo",
    "name": "铁山奇谭 序章",
    "schinese_name": "",
    "isfreeapp": "0",
    "change_number": "27143568",
    "update_time": "2025-01-24 13:30:06",
    "depot": {
        "baselanguages": "english,schinese,tchinese",
        "hasdepotsindlc": "0",
        "3207711": {
            "config": {
                "oslist": "windows"
            },
            "manifests": {
                "public": {
                    "gid": "3146300112221908169",
                    "size": "726180023",
                    "download": "265165168"
                },
                "another_trip": {
                    "gid": "3146300112221908169",
                    "size": "726180023",
                    "download": "265165168"
                }
            },
            "decryptionkey": "18f5a98e23e9e1b847121359863530a3a9a3d6fcc2e2f16177fb9ef661e10be8"
        },
        "3207712": {
            "config": {
                "oslist": "macos"
            }
        },
        "3207713": {
            "config": {
                "oslist": "windows"
            },
            "manifests": {
                "another_trip": {
                    "gid": "3761259582977257803",
                    "size": "617956791",
                    "download": "186373056"
                }
            },
            "decryptionkey": ""
        },
        "branches": {
            "public": {
                "buildid": "16032699",
                "timeupdated": "1728890386"
            },
            "another_trip": {
                "buildid": "16230641",
                "description": "Early Build Four Character Version",
                "timeupdated": "1730257881"
            }
        }
    }
}