{
    "appid": "3563950",
    "type": "Game",
    "name": "Phantom Ops",
    "schinese_name": "",
    "isfreeapp": "0",
    "change_number": "28516948",
    "update_time": "2025-04-17 05:39:01",
    "depot": {
        "228989": {
            "config": {
                "oslist": "windows"
            },
            "depotfromapp": "228980",
            "sharedinstall": "1"
        },
        "228990": {
            "config": {
                "oslist": "windows"
            },
            "depotfromapp": "228980",
            "sharedinstall": "1"
        },
        "3563951": {
            "manifests": {
                "public": {
                    "gid": "571320856170924133",
                    "size": "3706781009",
                    "download": "3319852640"
                }
            },
            "decryptionkey": "d79c72cb1aeac2590f28b6c0c23a7f4ee64d94f89e67c5e97898ac84150e8b25"
        },
        "branches": {
            "public": {
                "buildid": "18135205",
                "timeupdated": "1744839537"
            }
        }
    }
}