{
    "appid": "2987430",
    "type": "DLC",
    "name": "CUSTOM ORDER MAID 3D2 Sweet, Affectionate, and Devoted Long-lost Friend GP-01fb",
    "schinese_name": "",
    "isfreeapp": "0",
    "change_number": "23751998",
    "update_time": "2024-07-16 02:47:07",
    "depot": {
        "2987431": {
            "config": {
                "oslist": "windows",
                "osarch": "64"
            },
            "manifests": {
                "public": {
                    "gid": "8496287500354991806",
                    "size": "593667112",
                    "download": "214110032"
                }
            },
            "dlcappid": "2987430",
            "decryptionkey": "18a8b99181728d6b2c82746f243f6cf3d47e8833c579cdc22182cd764cd3376e"
        },
        "branches": {
            "public": {
                "buildid": "14313348",
                "timeupdated": "1715245313"
            }
        }
    }
}