{
    "appid": "3274250",
    "type": "DLC",
    "name": "Beat Saber - Tokyo Machine - RAD",
    "schinese_name": "",
    "isfreeapp": "0",
    "change_number": "26160054",
    "update_time": "2024-11-12 23:51:12",
    "depot": {
        "3274250": {
            "manifests": {
                "public": {
                    "gid": "9031004263896632583",
                    "size": "15071708",
                    "download": "15277680"
                }
            },
            "dlcappid": "3274250",
            "decryptionkey": "0e260a28eb02f50cec5000105a01591d60861f848065d13ded2ddf686252060d"
        },
        "branches": {
            "public": {
                "buildid": "15951294",
                "timeupdated": "1728294337"
            }
        }
    }
}