{
    "appid": "3049780",
    "type": "Game",
    "name": "Death row inmates on the run",
    "schinese_name": "在逃死刑犯",
    "isfreeapp": "0",
    "change_number": "28826944",
    "update_time": "2025-05-06 01:31:47",
    "depot": {
        "3049781": {
            "manifests": {
                "public": {
                    "gid": "8028998368881652654",
                    "size": "432133328",
                    "download": "83168944"
                },
                "allcg": {
                    "gid": "5282519378702249436",
                    "size": "372206728",
                    "download": "70343472"
                }
            },
            "decryptionkey": "d7de7061fcb41a6115ab0a85a47d654c52d62629c27ceda5a5cbc34d7d43b07a"
        },
        "baselanguages": "english,schinese,japanese",
        "branches": {
            "public": {
                "buildid": "15210762",
                "timeupdated": "1722418950"
            },
            "allcg": {
                "buildid": "14689395",
                "description": "AllCG",
                "timeupdated": "1718186527"
            }
        }
    }
}