{
    "appid": "3208880",
    "type": "Game",
    "name": "Aquilon's Sex Quest",
    "schinese_name": "",
    "isfreeapp": "0",
    "change_number": "28875445",
    "update_time": "2025-05-08 13:32:43",
    "depot": {
        "hasdepotsindlc": "1",
        "3208881": {
            "manifests": {
                "public": {
                    "gid": "7868982605634033160",
                    "size": "3067848106",
                    "download": "1329084224"
                }
            },
            "decryptionkey": "34dd01ace890a6f94ea75e377325d639a05a11a09ff8deff3a690ef1e5d96225"
        },
        "branches": {
            "public": {
                "buildid": "17812954",
                "timeupdated": "1742580369"
            }
        }
    }
}