{
    "appid": "3028340",
    "type": "Demo",
    "name": "Chaos Express Demo",
    "schinese_name": "",
    "isfreeapp": "0",
    "change_number": "27133698",
    "update_time": "2025-01-24 00:04:45",
    "depot": {
        "228989": {
            "config": {
                "oslist": "windows"
            },
            "depotfromapp": "228980",
            "sharedinstall": "1"
        },
        "228990": {
            "config": {
                "oslist": "windows"
            },
            "depotfromapp": "228980",
            "sharedinstall": "1"
        },
        "3028341": {
            "manifests": {
                "public": {
                    "gid": "2519855857188722652",
                    "size": "5051588119",
                    "download": "4453428640"
                }
            },
            "decryptionkey": "ed77c20e89fd78d0f1db316859d34b919f19a55d969a0253256a51ada2f1341c"
        },
        "branches": {
            "public": {
                "buildid": "16116444",
                "timeupdated": "1729472182"
            }
        }
    }
}