{
    "appid": "3297700",
    "type": "Demo",
    "name": "Hacky Demo",
    "schinese_name": "",
    "isfreeapp": "0",
    "change_number": "26841374",
    "update_time": "2025-01-02 23:57:40",
    "depot": {
        "3297701": {
            "manifests": {
                "public": {
                    "gid": "6615013640789969648",
                    "size": "156802079",
                    "download": "122655536"
                }
            },
            "decryptionkey": "73a7bb602e56e97e99aa172bd80aed862a49d7990d417477b6424a36a1d0e69f"
        },
        "branches": {
            "public": {
                "buildid": "16446602",
                "timeupdated": "1731947300"
            }
        }
    }
}