{
    "appid": "3194950",
    "type": "Game",
    "name": "COLONY",
    "schinese_name": "",
    "isfreeapp": "0",
    "change_number": "28293771",
    "update_time": "2025-04-04 01:16:48",
    "depot": {
        "228989": {
            "config": {
                "oslist": "windows"
            },
            "depotfromapp": "228980",
            "sharedinstall": "1"
        },
        "228990": {
            "config": {
                "oslist": "windows"
            },
            "depotfromapp": "228980",
            "sharedinstall": "1"
        },
        "3194951": {
            "manifests": {
                "public": {
                    "gid": "3436694038577384713",
                    "size": "3559778092",
                    "download": "3218561904"
                }
            },
            "decryptionkey": "f1a5bf7e9494ce3236ad0cda7e402458d168dd0e4ddb76c49cdf44b87e1fe253"
        },
        "branches": {
            "public": {
                "buildid": "17201717",
                "timeupdated": "1738341955"
            }
        }
    }
}