{
    "appid": "3100480",
    "type": "Demo",
    "name": "Threefold Recital 三相奇谈 Demo",
    "schinese_name": "三相奇谈 Demo",
    "isfreeapp": "0",
    "change_number": "27024032",
    "update_time": "2025-01-16 19:46:57",
    "depot": {
        "3100481": {
            "manifests": {
                "public": {
                    "gid": "3082270803472458584",
                    "size": "2562283857",
                    "download": "362948320"
                }
            },
            "decryptionkey": "03c944587c8542dc7adce98f2b779e99b93f3713b5c9ccd4faa11b4d76a7e1d8"
        },
        "baselanguages": "schinese",
        "branches": {
            "public": {
                "buildid": "16769693",
                "timeupdated": "1734419819"
            }
        },
        "privatebranches": "1"
    }
}