{
    "appid": "3306090",
    "type": "Game",
    "name": "The Cursed Ritual",
    "schinese_name": "",
    "isfreeapp": "0",
    "change_number": "26296623",
    "update_time": "2024-11-21 19:14:54",
    "depot": {
        "3306091": {
            "manifests": {
                "public": {
                    "gid": "462698241361085837",
                    "size": "8171582287",
                    "download": "3507131104"
                }
            },
            "decryptionkey": "d4d3c6ed81ea192a317350921d771daf5d331b5e2bc9986043a7611c234c443d"
        },
        "branches": {
            "public": {
                "buildid": "16124281",
                "timeupdated": "1729542110"
            }
        }
    }
}