{
    "appid": "2947210",
    "type": "Game",
    "name": "Tsugunohi -Pocky dog’s adventure-",
    "schinese_name": "翌日 -波奇狗的历险记-",
    "isfreeapp": "0",
    "change_number": "28691825",
    "update_time": "2025-04-27 19:54:17",
    "depot": {
        "baselanguages": "english,schinese,japanese",
        "2947211": {
            "config": {
                "oslist": "windows"
            }
        },
        "2947212": {
            "config": {
                "language": "japanese",
                "oslist": "windows"
            },
            "manifests": {
                "public": {
                    "gid": "5948524763560744080",
                    "size": "360376109",
                    "download": "234032864"
                }
            },
            "decryptionkey": "6d8c5087e263ab0d53b8df1e38c600197f7af4e75fa45ce946852c1780c0be17"
        },
        "2947213": {
            "config": {
                "language": "english",
                "oslist": "windows"
            },
            "manifests": {
                "public": {
                    "gid": "5650426565693676061",
                    "size": "360220826",
                    "download": "233874496"
                }
            },
            "decryptionkey": "cbae01e8d8458e90770326d250d3ba5ca91a328e5e38e9c6695e12ae10c5e09b"
        },
        "2947214": {
            "config": {
                "language": "schinese",
                "oslist": "windows"
            },
            "manifests": {
                "public": {
                    "gid": "3382516833793162180",
                    "size": "360035351",
                    "download": "233683664"
                }
            },
            "decryptionkey": "4ea32668882fceb89454a6faf90357dd749f8c346927dad9628e7a8d0bffd832"
        },
        "branches": {
            "public": {
                "buildid": "17097509",
                "timeupdated": "1737690877"
            }
        },
        "privatebranches": "1"
    }
}