{
    "appid": "2989770",
    "type": "Game",
    "name": "Kurage Life",
    "schinese_name": "恋爱拉麵海岳亭",
    "isfreeapp": "0",
    "change_number": "28093152",
    "update_time": "2025-03-23 12:13:19",
    "depot": {
        "2989771": {
            "config": {
                "language": "tchinese"
            },
            "manifests": {
                "public": {
                    "gid": "1285209576067580767",
                    "size": "2005498948",
                    "download": "1857257376"
                }
            },
            "decryptionkey": "a06a1269ac9b495a9f401ce380000be4bd5c575abfffd338c465d3638c05c7f6"
        },
        "2989772": {
            "config": {
                "language": "schinese"
            },
            "manifests": {
                "public": {
                    "gid": "1499986982944718932",
                    "size": "2011215983",
                    "download": "1860152224"
                }
            },
            "decryptionkey": "91fdfa4a2ef4d2e22ce827b99710c57365645debd80d06a1b2856d85df96a8aa"
        },
        "2989773": {
            "config": {
                "language": "japanese"
            },
            "manifests": {
                "public": {
                    "gid": "9161401302102218114",
                    "size": "1985065200",
                    "download": "1838418096"
                }
            },
            "decryptionkey": "208df771787074be358307ed2950447a4e35583c4b13a49909bfaf23a9f6f2f1"
        },
        "2989774": {
            "config": {
                "language": "english"
            },
            "manifests": {
                "public": {
                    "gid": "7478580932749704531",
                    "size": "1996928652",
                    "download": "1852831968"
                }
            },
            "decryptionkey": "e5c7bb1a4caead9d8e0c12c9340c6fb3327cac98081f245b54ba87b46cc90cd6"
        },
        "2989775": {
            "config": {
                "language": "koreana"
            },
            "manifests": {
                "public": {
                    "gid": "3883933487424813840",
                    "size": "2003125156",
                    "download": "1854507472"
                }
            },
            "decryptionkey": "7cf8eb8a03c22462ffa62adfb0b28d80b800e5db97a44aa0b821ae4c8672f6fd"
        },
        "baselanguages": "english",
        "branches": {
            "public": {
                "buildid": "17263116",
                "timeupdated": "1738829411"
            }
        }
    }
}