{
    "appid": "2951290",
    "type": "Demo",
    "name": "Delta Force Demo",
    "schinese_name": "三角洲行动试玩版",
    "isfreeapp": "0",
    "change_number": "26016376",
    "update_time": "2024-11-02 11:10:06",
    "depot": {
        "baselanguages": "",
        "228983": {
            "config": {
                "oslist": "windows"
            },
            "depotfromapp": "228980",
            "sharedinstall": "1"
        },
        "228989": {
            "config": {
                "oslist": "windows"
            },
            "depotfromapp": "228980",
            "sharedinstall": "1"
        },
        "228990": {
            "config": {
                "oslist": "windows"
            },
            "depotfromapp": "228980",
            "sharedinstall": "1"
        },
        "229002": {
            "config": {
                "oslist": "windows"
            },
            "depotfromapp": "228980",
            "sharedinstall": "1"
        },
        "229003": {
            "config": {
                "oslist": "windows"
            },
            "depotfromapp": "228980",
            "sharedinstall": "1"
        },
        "2951292": {
            "config": {
                "oslist": "windows"
            },
            "manifests": {
                "public": {
                    "gid": "4819355726950036249",
                    "size": "47216495758",
                    "download": "45133635136"
                }
            },
            "decryptionkey": "b18213a32a06c699e18719f92a7dbad4bcb30b2173bcf9ac669683fedef30b9d"
        },
        "2951291": {
            "config": {
                "oslist": "windows"
            },
            "manifests": {
                "public": {
                    "gid": "894012992586604088",
                    "size": "47203882008",
                    "download": "45122521392"
                }
            },
            "decryptionkey": "aa4f04142e2bfbb93471aa2dfde711dcfaf3c8e031b2a695beb2b46b6c0daf24"
        },
        "branches": {
            "public": {
                "buildid": "15701401",
                "timeupdated": "1726316168"
            }
        },
        "privatebranches": "1"
    }
}