{
    "appid": "3403510",
    "type": "Game",
    "name": "Winter Clothing",
    "schinese_name": "山鬼志：寒衣",
    "isfreeapp": "0",
    "change_number": "29045403",
    "update_time": "2025-05-18 10:13:35",
    "depot": {
        "hasdepotsindlc": "1",
        "3403511": {
            "manifests": {
                "public": {
                    "gid": "1328651777935426276",
                    "size": "365503416",
                    "download": "284996960"
                }
            },
            "decryptionkey": "51562582a55930d23fe120742cc755a8f397d306bc83f521c5404d39c2fe3547"
        },
        "baselanguages": "english,schinese,tchinese",
        "branches": {
            "public": {
                "buildid": "18385620",
                "timeupdated": "1746698172"
            }
        },
        "privatebranches": "1"
    }
}