{
    "appid": "3456680",
    "type": "Demo",
    "name": "Margaret’s sin Demo",
    "schinese_name": "",
    "isfreeapp": "0",
    "change_number": "27426585",
    "update_time": "2025-02-12 03:44:43",
    "depot": {
        "baselanguages": "english,russian",
        "hasdepotsindlc": "0",
        "3456681": {
            "config": {
                "oslist": "windows,linux"
            },
            "manifests": {
                "public": {
                    "gid": "4119286134815047359",
                    "size": "275032943",
                    "download": "164849632"
                }
            },
            "decryptionkey": "297e84e28ba236d71f46c096175ec92f3e8cb1b395b15e87d4238a707b7495ae"
        },
        "3456682": {
            "config": {
                "oslist": "macos"
            },
            "manifests": {
                "public": {
                    "gid": "5736667467523043480",
                    "size": "198271876",
                    "download": "141375200"
                }
            },
            "decryptionkey": ""
        },
        "branches": {
            "public": {
                "buildid": "17326268",
                "timeupdated": "1739303077"
            }
        }
    }
}