{
    "appid": "3071520",
    "type": "Game",
    "name": "There's No Monsters",
    "schinese_name": "寻物大师：这里没有小怪兽",
    "isfreeapp": "0",
    "change_number": "26473768",
    "update_time": "2024-12-05 10:10:37",
    "depot": {
        "3071521": {
            "config": {
                "oslist": "windows"
            },
            "manifests": {
                "public": {
                    "gid": "7583087013430871719",
                    "size": "454777270",
                    "download": "123477696"
                }
            },
            "decryptionkey": "2cf1228fc65961462447879df754fcc5fc760f7a0269b4d4e2afe2741cd7f413"
        },
        "3071522": {
            "config": {
                "oslist": "macos"
            },
            "manifests": {
                "public": {
                    "gid": "7152116526050056904",
                    "size": "658894158",
                    "download": "164842576"
                }
            },
            "decryptionkey": ""
        },
        "3071523": {
            "config": {
                "oslist": "linux"
            },
            "manifests": {
                "public": {
                    "gid": "6668074122062213781",
                    "size": "471078664",
                    "download": "123090528"
                }
            },
            "decryptionkey": ""
        },
        "branches": {
            "public": {
                "buildid": "16617469",
                "timeupdated": "1733244458"
            }
        }
    }
}