{
    "appid": "3221930",
    "type": "Demo",
    "name": "Onikura Demo",
    "schinese_name": "",
    "isfreeapp": "0",
    "change_number": "27447789",
    "update_time": "2025-02-13 05:53:28",
    "depot": {
        "3221931": {
            "manifests": {
                "public": {
                    "gid": "5181244231268211109",
                    "size": "46135374",
                    "download": "27123744"
                }
            },
            "decryptionkey": "6de678f17e595de1ad2f193f9bbdcab653429d6219761bf97dbc31fd1c5ad514"
        },
        "baselanguages": "english,german,french,italian,koreana,spanish,schinese,tchinese,russian,japanese,portuguese,brazilian,latam",
        "branches": {
            "public": {
                "buildid": "17414788",
                "timeupdated": "1739925047"
            }
        }
    }
}