{
    "appid": "2950160",
    "type": "Demo",
    "name": "Graveyard Gunslingers Demo",
    "schinese_name": "",
    "isfreeapp": "0",
    "change_number": "26174781",
    "update_time": "2024-11-13 20:56:52",
    "depot": {
        "2950161": {
            "config": {
                "language": "english",
                "oslist": "windows,linux"
            },
            "manifests": {
                "public": {
                    "gid": "5369246411155221108",
                    "size": "883429557",
                    "download": "148222544"
                }
            },
            "decryptionkey": "dff49ceb947d933573ccf3a9828080da42459650b4986027e98d3895e2ded5b6"
        },
        "baselanguages": "english,german,french,koreana,spanish,schinese,tchinese,russian,japanese,portuguese,polish,dutch,brazilian,latam",
        "branches": {
            "public": {
                "buildid": "15986878",
                "timeupdated": "1728514160"
            }
        }
    }
}