{
    "appid": "3155380",
    "type": "Music",
    "name": "FAIRY TAIL: DUNGEONS Original Soundtrack",
    "schinese_name": "FAIRY TAIL 地下迷城 Original Soundtrack",
    "isfreeapp": "0",
    "change_number": "25846781",
    "update_time": "2024-10-23 06:25:02",
    "depot": {
        "3155381": {
            "manifests": {
                "public": {
                    "gid": "8935071737802680531",
                    "size": "80260797",
                    "download": "77787648"
                }
            },
            "decryptionkey": "79dd47c4dd3aa3f6ba885f5fa7bc85b64f5ed9a1bfe88ac92b119d8f87c1e8ec"
        },
        "3155382": {
            "config": {
                "highqualityaudio": "1"
            }
        },
        "branches": {
            "public": {
                "buildid": "15471261",
                "timeupdated": "1724410837"
            }
        }
    }
}