{
    "appid": "3077350",
    "type": "Beta",
    "name": "上古河图测试版",
    "schinese_name": "",
    "isfreeapp": "0",
    "change_number": "26183469",
    "update_time": "2024-11-14 07:30:23",
    "depot": {
        "3077351": {
            "config": {
                "oslist": "windows"
            },
            "manifests": {
                "public": {
                    "gid": "2730184636623411755",
                    "size": "971478851",
                    "download": "678973232"
                }
            },
            "decryptionkey": "af68556c5102288c9e5da962138ef65ce8d629f9a4c744bfc8c3dd989360e413"
        },
        "baselanguages": "english,schinese,tchinese",
        "branches": {
            "public": {
                "buildid": "15151896",
                "timeupdated": "1721920726"
            }
        },
        "privatebranches": "1"
    }
}