{
    "appid": "3352070",
    "type": "Game",
    "name": "HOLE: Bottomless",
    "schinese_name": "",
    "isfreeapp": "0",
    "change_number": "28465311",
    "update_time": "2025-04-14 19:17:06",
    "depot": {
        "baselanguages": "english,japanese",
        "228988": {
            "config": {
                "oslist": "windows"
            },
            "depotfromapp": "228980",
            "sharedinstall": "1"
        },
        "228989": {
            "config": {
                "oslist": "windows"
            },
            "depotfromapp": "228980",
            "sharedinstall": "1"
        },
        "228990": {
            "config": {
                "oslist": "windows"
            },
            "depotfromapp": "228980",
            "sharedinstall": "1"
        },
        "3352071": {
            "config": {
                "oslist": "windows"
            },
            "manifests": {
                "public": {
                    "gid": "7094998298057690762",
                    "size": "817601911",
                    "download": "603063744"
                }
            },
            "decryptionkey": "634617dd1e098cb288e3f126083a75b073456da00fc106f2c0e5885e8d240202"
        },
        "branches": {
            "public": {
                "buildid": "18098119",
                "timeupdated": "1744629421"
            }
        }
    }
}