{
    "appid": "3007050",
    "type": "Demo",
    "name": "Vindefiant Demo",
    "schinese_name": "",
    "isfreeapp": "0",
    "change_number": "24193777",
    "update_time": "2024-07-16 02:47:08",
    "depot": {
        "3007051": {},
        "3007052": {
            "config": {
                "oslist": "windows"
            },
            "manifests": {
                "public": {
                    "gid": "2777397942214108513",
                    "size": "343023137",
                    "download": "43560464"
                }
            },
            "decryptionkey": "9e72f372a2a459c92de97dd5b39c6f8aa21898aad759ecf6f26b146b7eff9cfa"
        },
        "branches": {
            "public": {
                "buildid": "14895868",
                "timeupdated": "1719844720"
            }
        }
    }
}