{
    "appid": "3443380",
    "type": "Game",
    "name": "Kindaichi Mystery Series: The Honjin Murders",
    "schinese_name": "金田一耕助系列 本阵杀人事件",
    "isfreeapp": "0",
    "change_number": "29042527",
    "update_time": "2025-05-18 02:15:55",
    "depot": {
        "3443381": {
            "config": {
                "oslist": "macos"
            },
            "manifests": {
                "public": {
                    "gid": "746334064584770804",
                    "size": "469692477",
                    "download": "337152320"
                }
            }
        },
        "3443383": {
            "config": {
                "oslist": "windows"
            },
            "manifests": {
                "public": {
                    "gid": "2950569865300366193",
                    "size": "486718962",
                    "download": "347598800"
                }
            },
            "decryptionkey": "de7b0fe8809000585ebaf824046be2ff44fc260daed39762f26699d53c7e56d7"
        },
        "branches": {
            "public": {
                "buildid": "18469884",
                "timeupdated": "1747279556"
            }
        }
    }
}