{
    "appid": "3040220",
    "type": "Game",
    "name": "Captain Blood",
    "schinese_name": "",
    "isfreeapp": "0",
    "change_number": "29046730",
    "update_time": "2025-05-18 15:12:23",
    "depot": {
        "228989": {
            "config": {
                "oslist": "windows"
            },
            "depotfromapp": "228980",
            "sharedinstall": "1"
        },
        "228990": {
            "config": {
                "oslist": "windows"
            },
            "depotfromapp": "228980",
            "sharedinstall": "1"
        },
        "229033": {
            "config": {
                "oslist": "windows"
            },
            "depotfromapp": "228980",
            "sharedinstall": "1"
        },
        "baselanguages": "english,german,french,italian,koreana,spanish,schinese,tchinese,russian,thai,japanese,polish,hungarian,turkish,brazilian,ukrainian,vietnamese",
        "3040221": {
            "config": {
                "oslist": "windows"
            },
            "manifests": {
                "public": {
                    "gid": "8341763148768809613",
                    "size": "13860065314",
                    "download": "3572766928"
                }
            },
            "decryptionkey": "4e420c4703c98612bdd32e142ab68e49de39d49835b722b523ddede7ae026a17"
        },
        "3040222": {
            "config": {
                "oslist": "macos"
            },
            "manifests": {
                "public": {
                    "gid": "5602197998390376770",
                    "size": "13854034524",
                    "download": "3571444320"
                }
            }
        },
        "3040223": {
            "config": {
                "oslist": "windows",
                "steamdeck": "1"
            },
            "manifests": {
                "public": {
                    "gid": "4733892616754566847",
                    "size": "5678701658",
                    "download": "2349272272"
                }
            },
            "decryptionkey": ""
        },
        "branches": {
            "public": {
                "buildid": "18344492",
                "timeupdated": "1746527422"
            }
        },
        "privatebranches": "1"
    }
}