{
    "appid": "3391250",
    "type": "Demo",
    "name": "Echoes of the Architects Demo",
    "schinese_name": "",
    "isfreeapp": "0",
    "change_number": "27512765",
    "update_time": "2025-02-17 17:38:07",
    "depot": {
        "3391251": {
            "manifests": {
                "public": {
                    "gid": "1415198313298232674",
                    "size": "857460986",
                    "download": "144794192"
                },
                "playtest": {
                    "gid": "3233423653665998530",
                    "size": "857428458",
                    "download": "144815360"
                }
            },
            "decryptionkey": "e76707347612e0d4509e06948b633f37f6c5b2b2e0f4d80c8542fc55d9cc33e1"
        },
        "branches": {
            "public": {
                "buildid": "17390877",
                "timeupdated": "1739785082"
            },
            "playtest": {
                "buildid": "17368669",
                "description": "playtest",
                "timeupdated": "1739546963"
            }
        }
    }
}