{
    "appid": "3370400",
    "type": "Game",
    "name": "Cake Space Shooter",
    "schinese_name": "",
    "isfreeapp": "0",
    "change_number": "29042824",
    "update_time": "2025-05-18 03:02:40",
    "depot": {
        "228989": {
            "config": {
                "oslist": "windows"
            },
            "depotfromapp": "228980",
            "sharedinstall": "1"
        },
        "228990": {
            "config": {
                "oslist": "windows"
            },
            "depotfromapp": "228980",
            "sharedinstall": "1"
        },
        "229000": {
            "config": {
                "oslist": "windows"
            },
            "depotfromapp": "228980",
            "sharedinstall": "1"
        },
        "3370401": {
            "manifests": {
                "public": {
                    "gid": "8857564741605608284",
                    "size": "309089291",
                    "download": "182727760"
                }
            },
            "decryptionkey": "dc293f3503a01849933fa5b135c23d7cc4375b3cde1828cb6cc350c240d796aa"
        },
        "branches": {
            "public": {
                "buildid": "16515763",
                "timeupdated": "1732451170"
            }
        }
    }
}