{
    "appid": "3655230",
    "type": "Game",
    "name": "101 Cats Hidden in Mumbai",
    "schinese_name": "",
    "isfreeapp": "0",
    "change_number": "29031968",
    "update_time": "2025-05-17 04:06:32",
    "depot": {
        "3655231": {
            "manifests": {
                "public": {
                    "gid": "1259013835091319687",
                    "size": "568085842",
                    "download": "110586448"
                }
            },
            "decryptionkey": "e14dbd05b8dc650e2673d85f92d72af5efea25828e3288f2b506c0029b79f2e8"
        },
        "branches": {
            "public": {
                "buildid": "18437265",
                "timeupdated": "1747098156"
            }
        }
    }
}