{
    "appid": "3078450",
    "type": "Demo",
    "name": "Lethal Women: World of Femdom and Espionage Demo",
    "schinese_name": "",
    "isfreeapp": "0",
    "change_number": "24871390",
    "update_time": "2024-08-21 06:39:08",
    "depot": {
        "3078451": {},
        "3078452": {},
        "3078453": {
            "config": {
                "oslist": "windows"
            },
            "manifests": {
                "public": {
                    "gid": "4099017325602317658",
                    "size": "579517942",
                    "download": "484367232"
                }
            },
            "decryptionkey": "b0d6a63d747769fec7a05f37e7b27823535bb6b136965c7b7cf85d72f041e1d8"
        },
        "branches": {
            "public": {
                "buildid": "15383762",
                "timeupdated": "1723736712"
            }
        }
    }
}