{
    "appid": "3258130",
    "type": "Demo",
    "name": "My Party Needs An Alchemist Demo",
    "schinese_name": "",
    "isfreeapp": "0",
    "change_number": "27440000",
    "update_time": "2025-02-12 21:39:00",
    "depot": {
        "3258131": {
            "config": {
                "oslist": "windows"
            },
            "manifests": {
                "public": {
                    "gid": "2563353855640371151",
                    "size": "1845426034",
                    "download": "424104560"
                }
            },
            "decryptionkey": "4d4ee278da0758837759e43ae523d4fc2b81fc961e1ad09dbdf3a5980db7d86b"
        },
        "3258132": {
            "config": {
                "oslist": "macos"
            },
            "manifests": {
                "public": {
                    "gid": "7274047049688058631",
                    "size": "1870998010",
                    "download": "432166144"
                }
            },
            "decryptionkey": ""
        },
        "branches": {
            "public": {
                "buildid": "16541483",
                "timeupdated": "1732642648"
            }
        }
    }
}