{
    "appid": "3533330",
    "type": "Game",
    "name": "SEX OVER 🎮💦",
    "schinese_name": "",
    "isfreeapp": "0",
    "change_number": "29016726",
    "update_time": "2025-05-16 12:48:37",
    "depot": {
        "3533331": {
            "config": {
                "oslist": "windows"
            },
            "manifests": {
                "public": {
                    "gid": "3586525612229313693",
                    "size": "5705075436",
                    "download": "3585219504"
                }
            },
            "decryptionkey": "5a9996b7f3081d68b19b470439c38a4859ebbbd50db7f66baabb82c4e55182a1"
        },
        "3533332": {
            "config": {
                "oslist": "macos"
            },
            "manifests": {
                "public": {
                    "gid": "761805672082307307",
                    "size": "5729736161",
                    "download": "3592914624"
                }
            },
            "decryptionkey": ""
        },
        "3533333": {
            "config": {
                "oslist": "linux"
            },
            "manifests": {
                "public": {
                    "gid": "2281849371685604077",
                    "size": "5706708357",
                    "download": "3584260448"
                }
            },
            "decryptionkey": ""
        },
        "branches": {
            "public": {
                "buildid": "17653632",
                "timeupdated": "1741540268"
            }
        }
    }
}