{
    "appid": "3030160",
    "type": "Game",
    "name": "Neon Fantasy: Mushrooms",
    "schinese_name": "",
    "isfreeapp": "0",
    "change_number": "28635437",
    "update_time": "2025-04-24 10:57:17",
    "depot": {
        "3030161": {
            "config": {
                "language": "english",
                "oslist": "windows"
            },
            "manifests": {
                "public": {
                    "gid": "6208825279514237492",
                    "size": "533890126",
                    "download": "527004240"
                }
            },
            "decryptionkey": "602de6fd2afa54a671011426fbc325ee78294138ca2137fbb0e25c3c8a808cb2"
        },
        "baselanguages": "english",
        "branches": {
            "public": {
                "buildid": "14558768",
                "timeupdated": "1717152418"
            }
        }
    }
}