{
    "appid": "3408480",
    "type": "Game",
    "name": "卜卦 / BuGua",
    "schinese_name": "卜卦 / BuGua",
    "isfreeapp": "0",
    "change_number": "26943480",
    "update_time": "2025-01-10 23:06:29",
    "depot": {
        "3408481": {
            "manifests": {
                "public": {
                    "gid": "2583685950176126197",
                    "size": "214893009",
                    "download": "61699856"
                }
            },
            "decryptionkey": "ddb2e6b08e5ada555ebfad4e2e77aa352e021afca928e4bb449cb7689451c728"
        },
        "branches": {
            "public": {
                "buildid": "16965976",
                "timeupdated": "1736521495"
            }
        }
    }
}