{
    "appid": "3202550",
    "type": "Demo",
    "name": "PiN Demo",
    "schinese_name": "",
    "isfreeapp": "0",
    "change_number": "27278264",
    "update_time": "2025-02-03 00:18:26",
    "depot": {
        "3202551": {
            "manifests": {
                "public": {
                    "gid": "6415069871796554591",
                    "size": "180318885",
                    "download": "116865856"
                }
            },
            "decryptionkey": "e5a1259467539fa50f5df610d6e42acdcfd1179412fe7dcbb6c80b27a508c1df"
        },
        "branches": {
            "public": {
                "buildid": "17216435",
                "timeupdated": "1738513102"
            }
        }
    }
}