{
    "appid": "3575830",
    "type": "DLC",
    "name": "三国志汉末霸业-英雄的黎明",
    "schinese_name": "",
    "isfreeapp": "0",
    "change_number": "28951082",
    "update_time": "2025-05-13 09:40:44",
    "depot": {
        "3575831": {
            "manifests": {
                "public": {
                    "gid": "2400786689983187884",
                    "size": "80024316",
                    "download": "36740464"
                }
            },
            "dlcappid": "3575830",
            "decryptionkey": "d670f276b1ae00423bdb91f1d2cde9606690dbd9ad08b172df411476c7458bd8"
        },
        "branches": {
            "public": {
                "buildid": "18437536",
                "timeupdated": "1747100440"
            }
        }
    }
}