{
    "appid": "3582350",
    "type": "Game",
    "name": "SQUASER 6",
    "schinese_name": "",
    "isfreeapp": "0",
    "change_number": "28634987",
    "update_time": "2025-04-24 10:25:03",
    "depot": {
        "3582351": {
            "config": {
                "language": "english",
                "oslist": "windows"
            },
            "manifests": {
                "public": {
                    "gid": "1001697361447840203",
                    "size": "26925535",
                    "download": "21928640"
                }
            },
            "decryptionkey": "cb93805de9e971adbdf4dcdc44fbbc2ac2ac8ce17fb61dd16896ce4177df3c4e"
        },
        "branches": {
            "public": {
                "buildid": "17646460",
                "timeupdated": "1741436363"
            }
        }
    }
}