{
    "appid": "3359210",
    "type": "Game",
    "name": "The Dreamscape",
    "schinese_name": "",
    "isfreeapp": "1",
    "change_number": "26577804",
    "update_time": "2024-12-10 23:44:12",
    "depot": {
        "228989": {
            "config": {
                "oslist": "windows"
            },
            "depotfromapp": "228980",
            "sharedinstall": "1"
        },
        "228990": {
            "config": {
                "oslist": "windows"
            },
            "depotfromapp": "228980",
            "sharedinstall": "1"
        },
        "baselanguages": "english",
        "3359211": {
            "manifests": {
                "public": {
                    "gid": "7595682469156226756",
                    "size": "898064217",
                    "download": "668011696"
                }
            },
            "decryptionkey": "c85fb772ad17414514259d227f051c02070de03a243bdfb9142ab3a8862138b4"
        },
        "branches": {
            "public": {
                "buildid": "16452011",
                "timeupdated": "1731976964"
            }
        }
    }
}