{
    "appid": "3277480",
    "type": "Game",
    "name": "One Night ~Young Bride for One Night~",
    "schinese_name": "One Night ~仅限一夜的幼妻~",
    "isfreeapp": "0",
    "change_number": "29016574",
    "update_time": "2025-05-16 12:30:49",
    "depot": {
        "3277481": {
            "manifests": {
                "public": {
                    "gid": "1444600166736855484",
                    "size": "322544161",
                    "download": "234974624"
                }
            },
            "decryptionkey": "735e3eacb6ae39f1ecfbf8ffbed241483f08dc27d5e9b8a5d7144d3759c7ae4d"
        },
        "branches": {
            "public": {
                "buildid": "16741094",
                "timeupdated": "1734130975"
            }
        }
    }
}