{
    "appid": "3021120",
    "type": "Demo",
    "name": "Bureau of Contacts Demo",
    "schinese_name": "",
    "isfreeapp": "0",
    "change_number": "25404275",
    "update_time": "2024-09-26 19:20:43",
    "depot": {
        "228989": {
            "config": {
                "oslist": "windows"
            },
            "depotfromapp": "228980",
            "sharedinstall": "1"
        },
        "228990": {
            "config": {
                "oslist": "windows"
            },
            "depotfromapp": "228980",
            "sharedinstall": "1"
        },
        "229005": {
            "config": {
                "oslist": "windows"
            },
            "depotfromapp": "228980",
            "sharedinstall": "1"
        },
        "229007": {
            "config": {
                "oslist": "windows"
            },
            "depotfromapp": "228980",
            "sharedinstall": "1"
        },
        "3021121": {
            "manifests": {
                "public": {
                    "gid": "2429610696319065211",
                    "size": "8204173194",
                    "download": "7639472368"
                }
            },
            "decryptionkey": "5d7f68e46753c6d89e3152d67d9c921a690e970b120f61d2a84943451e553539"
        },
        "branches": {
            "public": {
                "buildid": "15834988",
                "timeupdated": "1727345551"
            }
        }
    }
}