{
    "appid": "3033160",
    "type": "Demo",
    "name": "Hard Chip Demo",
    "schinese_name": "",
    "isfreeapp": "0",
    "change_number": "29015847",
    "update_time": "2025-05-16 11:19:20",
    "depot": {
        "228989": {
            "config": {
                "oslist": "windows"
            },
            "depotfromapp": "228980",
            "sharedinstall": "1"
        },
        "229007": {
            "config": {
                "oslist": "windows"
            },
            "depotfromapp": "228980",
            "sharedinstall": "1"
        },
        "3033161": {
            "manifests": {
                "public": {
                    "gid": "1363016480074740422",
                    "size": "2964994818",
                    "download": "1304047200"
                }
            },
            "decryptionkey": "f1da77088ca0b02443058d2b82d75205df40488735c28ff476ce6092f6f410b1"
        },
        "branches": {
            "public": {
                "buildid": "18417493",
                "timeupdated": "1746927992"
            }
        }
    }
}