{
    "appid": "2950340",
    "type": "Game",
    "name": "LEGO® Harry Potter™ Collection",
    "schinese_name": "",
    "isfreeapp": "0",
    "change_number": "29015434",
    "update_time": "2025-05-16 10:42:47",
    "depot": {
        "228989": {
            "config": {
                "oslist": "windows"
            },
            "depotfromapp": "228980",
            "sharedinstall": "1"
        },
        "2950341": {
            "manifests": {
                "public": {
                    "gid": "7377282097754896909",
                    "size": "14154832744",
                    "download": "13775405696"
                }
            },
            "decryptionkey": "dcdb19d1120bba8ee9b69aa8c6a40418bbc2a6891de96b469a2df6b700da7f13"
        },
        "baselanguages": "english,german,french,italian,koreana,spanish,tchinese,japanese,polish,danish,brazilian,latam",
        "branches": {
            "public": {
                "buildid": "15890240",
                "timeupdated": "1727798611"
            }
        },
        "privatebranches": "1"
    }
}