{
    "appid": "3094010",
    "type": "Game",
    "name": "HENPRI",
    "schinese_name": "",
    "isfreeapp": "0",
    "change_number": "29016152",
    "update_time": "2025-05-16 11:48:49",
    "depot": {
        "3094011": {
            "manifests": {
                "public": {
                    "gid": "650825737020388356",
                    "size": "687888119",
                    "download": "561023216"
                }
            },
            "decryptionkey": "870fc4fb313c4a09499c296edacbb27e74a1661e8b4afaed8647a29f1257bed5"
        },
        "3094012": {
            "manifests": {
                "public": {
                    "gid": "6656447943409210883",
                    "size": "13544505",
                    "download": "13327488"
                }
            },
            "decryptionkey": "bdf32d10ab2ac7314df070a9922132b900c7380ad8deba4ef1c8f8169c8c75b9"
        },
        "branches": {
            "public": {
                "buildid": "17570497",
                "timeupdated": "1740982750"
            }
        }
    }
}