{
    "appid": "3130460",
    "type": "Beta",
    "name": "Test Dummy Takedown Playtest",
    "schinese_name": "",
    "isfreeapp": "0",
    "change_number": "27190832",
    "update_time": "2025-01-28 05:33:57",
    "depot": {
        "baselanguages": "english",
        "228988": {
            "config": {
                "oslist": "windows"
            },
            "depotfromapp": "228980",
            "sharedinstall": "1"
        },
        "228989": {
            "config": {
                "oslist": "windows"
            },
            "depotfromapp": "228980",
            "sharedinstall": "1"
        },
        "228990": {
            "config": {
                "oslist": "windows"
            },
            "depotfromapp": "228980",
            "sharedinstall": "1"
        },
        "3130461": {
            "config": {
                "language": "english",
                "oslist": "windows"
            },
            "manifests": {
                "public": {
                    "gid": "5744516810667851439",
                    "size": "838768899",
                    "download": "675017696"
                }
            },
            "decryptionkey": "2d11152e3fc50a34171b664dff293c731350e550006995bb73f11d2788985a5a"
        },
        "branches": {
            "public": {
                "buildid": "17442030",
                "timeupdated": "1740068173"
            }
        },
        "privatebranches": "1"
    }
}