{
    "appid": "3132550",
    "type": "DLC",
    "name": "Fuga: Melodies of Steel (Manga) Vol. 2",
    "schinese_name": "",
    "isfreeapp": "0",
    "change_number": "26183469",
    "update_time": "2024-11-14 07:34:06",
    "depot": {
        "3132551": {
            "manifests": {
                "public": {
                    "gid": "5610468213920079328",
                    "size": "106058811",
                    "download": "107365600"
                }
            },
            "dlcappid": "3132550",
            "decryptionkey": "573806fe65665803727a1872efeeeb66f4966b7a77b46cba60dd5a4437b19c4f"
        },
        "3132552": {
            "dlcappid": "3132550"
        },
        "branches": {
            "public": {
                "buildid": "15312216",
                "timeupdated": "1723166839"
            }
        },
        "privatebranches": "1"
    }
}