{
    "appid": "3200100",
    "type": "Demo",
    "name": "Hidden Objects Demo",
    "schinese_name": "",
    "isfreeapp": "0",
    "change_number": "25523124",
    "update_time": "2024-10-04 05:53:02",
    "depot": {
        "3200101": {
            "manifests": {
                "public": {
                    "gid": "8862958991493535209",
                    "size": "188673224",
                    "download": "75285824"
                }
            },
            "decryptionkey": "6cfbe9b871a17402eccba5262dd9d265b7f301ae48be7bb7954df086c957adff"
        },
        "branches": {
            "public": {
                "buildid": "15921946",
                "timeupdated": "1727992237"
            }
        }
    }
}