{
    "appid": "3604140",
    "type": "Game",
    "name": "After Friday",
    "schinese_name": "星期五之后",
    "isfreeapp": "0",
    "change_number": "29045689",
    "update_time": "2025-05-18 11:13:33",
    "depot": {
        "3604141": {
            "manifests": {
                "public": {
                    "gid": "4498131770258357393",
                    "size": "434862208",
                    "download": "252478608"
                }
            },
            "decryptionkey": "29701fc3c3e198cc016e5619564804b9dd90af4342ac0ff7933e916f0d3ec0a9"
        },
        "baselanguages": "english,schinese",
        "branches": {
            "public": {
                "buildid": "18082356",
                "timeupdated": "1744449376"
            }
        }
    }
}