{
    "appid": "3380720",
    "type": "Music",
    "name": "Big Helmet Heroes - Soundtrack",
    "schinese_name": "",
    "isfreeapp": "0",
    "change_number": "27792854",
    "update_time": "2025-03-05 18:49:40",
    "depot": {
        "3380721": {
            "manifests": {
                "public": {
                    "gid": "818426663785132735",
                    "size": "117072783",
                    "download": "116524176"
                }
            },
            "decryptionkey": "7a7505feb70dfb6b45e675987c1160441a69603298332c8dc73c108205b7ee47"
        },
        "3380722": {
            "config": {
                "highqualityaudio": "1"
            },
            "manifests": {
                "public": {
                    "gid": "332214231934312645",
                    "size": "1695648974",
                    "download": "1648232448"
                }
            },
            "decryptionkey": "dd40ef28f51949c7c484ad2c4e7d9ec8353cc83ff2e08923d449de9b0d27e100"
        },
        "branches": {
            "public": {
                "buildid": "17602795",
                "timeupdated": "1741171777"
            }
        }
    },
    "access_token": 17014698030686997416
}