{
    "appid": "3126050",
    "type": "Game",
    "name": "Ninja: Shadow of the Dash",
    "schinese_name": "",
    "isfreeapp": "0",
    "change_number": "26748862",
    "update_time": "2024-12-22 05:13:05",
    "depot": {
        "3126051": {
            "manifests": {
                "public": {
                    "gid": "1633857783005364442",
                    "size": "77730192",
                    "download": "20767792"
                }
            },
            "decryptionkey": "a3fa12616a3445a7634fe2f8aecaf7dc9116573c8d30d24b807c71657fed9ba0"
        },
        "branches": {
            "public": {
                "buildid": "15422635",
                "timeupdated": "1724086448"
            }
        }
    }
}