{
    "appid": "3399670",
    "type": "Game",
    "name": "Writer. Chapter 1",
    "schinese_name": "",
    "isfreeapp": "0",
    "change_number": "28129802",
    "update_time": "2025-03-25 21:18:46",
    "depot": {
        "228989": {
            "config": {
                "oslist": "windows"
            },
            "depotfromapp": "228980",
            "sharedinstall": "1"
        },
        "228990": {
            "config": {
                "oslist": "windows"
            },
            "depotfromapp": "228980",
            "sharedinstall": "1"
        },
        "3399671": {
            "manifests": {
                "public": {
                    "gid": "2692894072319787243",
                    "size": "2178480433",
                    "download": "1833009072"
                }
            },
            "decryptionkey": "e830ae2a48697aae34419d6ae0fa399aeb4cda20983161597738da71acf01dce"
        },
        "branches": {
            "public": {
                "buildid": "17196800",
                "timeupdated": "1738322202"
            }
        },
        "privatebranches": "1"
    }
}