{
    "appid": "2995070",
    "type": "Demo",
    "name": "Liminal Void Demo",
    "schinese_name": "",
    "isfreeapp": "0",
    "change_number": "26737292",
    "update_time": "2024-12-21 01:33:33",
    "depot": {
        "2995071": {
            "manifests": {
                "public": {
                    "gid": "2676488025510774166",
                    "size": "9520535970",
                    "download": "2277751856"
                }
            },
            "decryptionkey": "1b8326bd2ac352ab47e94fb3297739976f54908dfb76cf504f1f66e5b12b940d"
        },
        "branches": {
            "public": {
                "buildid": "16817026",
                "timeupdated": "1734716010"
            }
        }
    }
}