{
    "appid": "3402020",
    "type": "DLC",
    "name": "Deer Furry - DLC",
    "schinese_name": "",
    "isfreeapp": "0",
    "change_number": "26816707",
    "update_time": "2024-12-30 19:39:03",
    "depot": {
        "3402020": {
            "config": {
                "language": "english",
                "oslist": "windows"
            },
            "manifests": {
                "public": {
                    "gid": "432580831715367070",
                    "size": "196914131",
                    "download": "195404800"
                }
            },
            "dlcappid": "3402020",
            "decryptionkey": "05ce7d9771a7652ba041aa09a3f11ecd0c8cc4af19764cd1adc88d4822bfca37"
        },
        "branches": {
            "public": {
                "buildid": "16716607",
                "timeupdated": "1733978911"
            }
        }
    }
}