{
    "appid": "3002850",
    "type": "Game",
    "name": "FAIRY TAIL 2",
    "schinese_name": "妖精的尾巴2",
    "isfreeapp": "0",
    "change_number": "29015726",
    "update_time": "2025-05-16 11:06:49",
    "depot": {
        "228988": {
            "config": {
                "oslist": "windows"
            },
            "depotfromapp": "228980",
            "sharedinstall": "1"
        },
        "3002851": {
            "manifests": {
                "public": {
                    "gid": "8335800424820372378",
                    "size": "15650483893",
                    "download": "12210775760"
                }
            },
            "decryptionkey": "e948f2d613815929e41d2ea8914218fc1071df961d38a2f8e0336060c00fdb6c"
        },
        "baselanguages": "english,french,schinese,tchinese,japanese",
        "branches": {
            "public": {
                "buildid": "17805473",
                "timeupdated": "1743987016"
            }
        },
        "privatebranches": "1"
    }
}