{
    "appid": "3102140",
    "type": "Demo",
    "name": "Tales of Sintra: The Dark Vortex Demo",
    "schinese_name": "",
    "isfreeapp": "0",
    "change_number": "25367542",
    "update_time": "2024-09-24 19:32:49",
    "depot": {
        "3102141": {
            "manifests": {
                "public": {
                    "gid": "349566435003282422",
                    "size": "3697774037",
                    "download": "1751609616"
                }
            },
            "decryptionkey": "6765d28c02cc1ba2153556ff7fe0fb927abc1795ca8060cac2e8f5e703c758cc"
        },
        "branches": {
            "public": {
                "buildid": "15807898",
                "timeupdated": "1727177566"
            }
        }
    }
}