{
    "appid": "3491510",
    "type": "DLC",
    "name": "Innocence Or Money | Season 2 | Episode 2",
    "schinese_name": "",
    "isfreeapp": "0",
    "change_number": "28589386",
    "update_time": "2025-04-22 04:59:13",
    "depot": {
        "3491516": {
            "config": {
                "oslist": "windows,linux"
            },
            "manifests": {
                "public": {
                    "gid": "7462210845792834691",
                    "size": "3607283490",
                    "download": "3498411568"
                }
            },
            "dlcappid": "3491510",
            "decryptionkey": "bda2432ae44fef2a0e02e52e25eb6324587dcc2e78b81b3c1cb475b9be6ee438"
        },
        "branches": {
            "public": {
                "buildid": "17278921",
                "timeupdated": "1738926580"
            }
        },
        "privatebranches": "1"
    }
}