{
    "appid": "3623660",
    "type": "Game",
    "name": "PalWar",
    "schinese_name": "萌宠大作战",
    "isfreeapp": "0",
    "change_number": "29042053",
    "update_time": "2025-05-18 01:13:27",
    "depot": {
        "baselanguages": "english,german,french,italian,koreana,spanish,schinese,russian,thai,japanese,portuguese,polish,dutch,swedish,romanian,turkish,arabic,brazilian,greek,ukrainian,latam,indonesian",
        "3623661": {
            "config": {
                "oslist": "windows",
                "osarch": "64"
            },
            "manifests": {
                "public": {
                    "gid": "9088067640265786769",
                    "size": "300109736",
                    "download": "196861760"
                }
            },
            "decryptionkey": "719686efd02e3fc92cdfb5771e7da7922ef0ae21d26275a48e97f239a1a58956"
        },
        "branches": {
            "public": {
                "buildid": "18266556",
                "timeupdated": "1745850879"
            }
        }
    }
}