{
    "appid": "3371520",
    "type": "Game",
    "name": "Tea House Simulator",
    "schinese_name": "",
    "isfreeapp": "0",
    "change_number": "29041878",
    "update_time": "2025-05-18 00:54:48",
    "depot": {
        "228989": {
            "config": {
                "oslist": "windows"
            },
            "depotfromapp": "228980",
            "sharedinstall": "1"
        },
        "228990": {
            "config": {
                "oslist": "windows"
            },
            "depotfromapp": "228980",
            "sharedinstall": "1"
        },
        "3371521": {
            "config": {
                "oslist": "windows",
                "osarch": "64"
            },
            "manifests": {
                "public": {
                    "gid": "1485126656661448488",
                    "size": "10059579838",
                    "download": "7911551056"
                }
            },
            "decryptionkey": "00e9df12bbfdb8dc5c6a3426b656f15bf920ea6be40c7d798819e8086aaaaa8f"
        },
        "branches": {
            "public": {
                "buildid": "18503842",
                "timeupdated": "1747500885"
            }
        }
    }
}