{
    "appid": "3224940",
    "type": "Game",
    "name": "三九",
    "schinese_name": "",
    "isfreeapp": "0",
    "change_number": "28917782",
    "update_time": "2025-05-10 22:33:42",
    "depot": {
        "baselanguages": "schinese",
        "hasdepotsindlc": "0",
        "3224943": {
            "config": {
                "language": "schinese"
            },
            "manifests": {
                "public": {
                    "gid": "4369459678240477876",
                    "size": "4489280102",
                    "download": "2422211008"
                }
            },
            "decryptionkey": "406eef4e65111939ba7f0d58bb6bc6c1012eeb0064c952816cda1c3ff93c1e5a"
        },
        "branches": {
            "public": {
                "buildid": "16810186",
                "timeupdated": "1735091216"
            }
        }
    }
}