{
    "appid": "3153650",
    "type": "Demo",
    "name": "たねつみの歌 Demo",
    "schinese_name": "播种之谣 Demo",
    "isfreeapp": "0",
    "change_number": "26685919",
    "update_time": "2024-12-18 07:53:08",
    "depot": {
        "3153651": {
            "manifests": {
                "public": {
                    "gid": "6608330169107857680",
                    "size": "3877956699",
                    "download": "3812102448"
                }
            },
            "decryptionkey": "f1f811430f6a2929ee5c128f709d82f01c8d684c0725d9b109a0f2246eeebe09"
        },
        "baselanguages": "english,schinese,japanese",
        "branches": {
            "public": {
                "buildid": "16163485",
                "timeupdated": "1729765880"
            }
        },
        "privatebranches": "1"
    }
}