{
    "appid": "2952080",
    "type": "Demo",
    "name": "SOF: Enemy from the future - Prologue",
    "schinese_name": "",
    "isfreeapp": "0",
    "change_number": "25825282",
    "update_time": "2024-10-22 02:07:50",
    "depot": {
        "baselanguages": "english",
        "228989": {
            "config": {
                "oslist": "windows"
            },
            "depotfromapp": "228980",
            "sharedinstall": "1"
        },
        "228990": {
            "config": {
                "oslist": "windows"
            },
            "depotfromapp": "228980",
            "sharedinstall": "1"
        },
        "2952081": {
            "config": {
                "oslist": "windows",
                "osarch": "64"
            },
            "manifests": {
                "public": {
                    "gid": "3156158344025599397",
                    "size": "1786180063",
                    "download": "1336087936"
                }
            },
            "decryptionkey": "1d5c95e5f02fe8f503570e04529efb08fe2b85379c32640a326aae9ff4ac8633"
        },
        "hasdepotsindlc": "0",
        "branches": {
            "public": {
                "buildid": "15533980",
                "timeupdated": "1724948152"
            }
        },
        "privatebranches": "1"
    }
}