{
    "appid": "3042340",
    "type": "Game",
    "name": "CarTycoon",
    "schinese_name": "汽车大亨",
    "isfreeapp": "0",
    "change_number": "27154229",
    "update_time": "2025-01-25 02:03:23",
    "depot": {
        "baselanguages": "english,schinese,tchinese",
        "hasdepotsindlc": "0",
        "3042341": {
            "config": {
                "oslist": "windows",
                "osarch": "64"
            },
            "manifests": {
                "public": {
                    "gid": "7988771324776283823",
                    "size": "665055740",
                    "download": "151558576"
                }
            },
            "decryptionkey": "493dbab5a75720d84f9da7f75a9404b8d04c3377295dbc34c237a6788b87bc88"
        },
        "3042342": {
            "config": {
                "oslist": "windows",
                "osarch": "32"
            },
            "manifests": {
                "public": {
                    "gid": "2175583105405792709",
                    "size": "655050384",
                    "download": "148522720"
                }
            },
            "decryptionkey": ""
        },
        "branches": {
            "public": {
                "buildid": "16297388",
                "timeupdated": "1730792374"
            }
        }
    }
}