{
    "appid": "3111480",
    "type": "Demo",
    "name": "洛菲水族馆 · Lofi Aquarium Demo",
    "schinese_name": "洛菲水族馆 · Lofi Aquarium Demo ",
    "isfreeapp": "0",
    "change_number": "27437979",
    "update_time": "2025-02-12 19:22:57",
    "depot": {
        "3111481": {
            "manifests": {
                "public": {
                    "gid": "3847873325385184714",
                    "size": "475959948",
                    "download": "159795088"
                }
            },
            "decryptionkey": "f44206ee96f430685a2ac8b4ffbf80e623ca4d01b38326286cfa8a6ffcb2c37f"
        },
        "branches": {
            "public": {
                "buildid": "17334809",
                "timeupdated": "1739359332"
            }
        }
    }
}