{
    "appid": "2961530",
    "type": "Game",
    "name": "Fears to Fathom - Woodbury Getaway",
    "schinese_name": "",
    "isfreeapp": "0",
    "change_number": "29015497",
    "update_time": "2025-05-16 10:48:47",
    "depot": {
        "2961531": {
            "manifests": {
                "public": {
                    "gid": "3192230322384416859",
                    "size": "9513860847",
                    "download": "3825948160"
                }
            },
            "decryptionkey": "dff8b76588bfbefe7aceedf3312c31c7eab25b590d1a95485d82bad8d4ba225b"
        },
        "branches": {
            "public": {
                "buildid": "17902063",
                "timeupdated": "1743184512"
            }
        }
    }
}