{
    "appid": "3270630",
    "type": "Demo",
    "name": "Grimstone Survivors Demo",
    "schinese_name": "",
    "isfreeapp": "0",
    "change_number": "27234873",
    "update_time": "2025-01-30 20:50:22",
    "depot": {
        "3270631": {
            "manifests": {
                "public": {
                    "gid": "737146070957371476",
                    "size": "2758753977",
                    "download": "672632400"
                }
            },
            "decryptionkey": "712d75fd9cac2d84bc37e7a5f00451f59b2c2459ab083f08cff848435d19c711"
        },
        "branches": {
            "public": {
                "buildid": "16653077",
                "timeupdated": "1733839321"
            }
        },
        "privatebranches": "1"
    }
}