{
    "appid": "3085890",
    "type": "Game",
    "name": "世外桃源 Land Of Idyllic Beauty",
    "schinese_name": "世外桃源",
    "isfreeapp": "0",
    "change_number": "29036613",
    "update_time": "2025-05-17 12:24:36",
    "depot": {
        "baselanguages": "english,schinese,japanese",
        "3085891": {
            "manifests": {
                "public": {
                    "gid": "1651981423771859562",
                    "size": "4571259601",
                    "download": "610824096"
                }
            },
            "decryptionkey": "5cf3c9208314cbde9de4b11acf051ea93779fddaece9022375cbf8f54ba14d84"
        },
        "workshopdepot": "3085890",
        "branches": {
            "public": {
                "buildid": "18500135",
                "timeupdated": "1747455872"
            }
        },
        "privatebranches": "1",
        "workshopdepotdecryptionkey": ""
    }
}