{
    "appid": "3334550",
    "type": "Game",
    "name": "Cursed Digicam | 呪われたデジカメ",
    "schinese_name": "",
    "isfreeapp": "0",
    "change_number": "29016621",
    "update_time": "2025-05-16 12:36:46",
    "depot": {
        "228989": {
            "config": {
                "oslist": "windows"
            },
            "depotfromapp": "228980",
            "sharedinstall": "1"
        },
        "228990": {
            "config": {
                "oslist": "windows"
            },
            "depotfromapp": "228980",
            "sharedinstall": "1"
        },
        "3334551": {
            "manifests": {
                "public": {
                    "gid": "3693348580375409731",
                    "size": "5490760162",
                    "download": "5148049648"
                }
            },
            "decryptionkey": "69f60caeb41d4add1a61687aeda7b5f6093aaaf8b3a114bfed61ee506c06917c"
        },
        "branches": {
            "public": {
                "buildid": "16973026",
                "timeupdated": "1736578160"
            }
        }
    }
}