{
    "appid": "3295200",
    "type": "DLC",
    "name": "Full Service - Taste of Power (Rudolf Schwarz) Pack",
    "schinese_name": "",
    "isfreeapp": "0",
    "change_number": "26005768",
    "update_time": "2024-11-01 20:05:43",
    "depot": {
        "3295200": {
            "config": {
                "oslist": "windows,linux"
            },
            "dlcappid": "3295200",
            "manifests": {
                "public": {
                    "gid": "3607296002615364249",
                    "size": "14268364",
                    "download": "13551232"
                }
            },
            "decryptionkey": "dc8e7206a9b7395dc1bdbe862657af4fba36797fef2cc56c89f84e59b59d7743"
        },
        "3295201": {
            "config": {
                "oslist": "macos"
            },
            "manifests": {
                "public": {
                    "gid": "7015550709268530445",
                    "size": "14268364",
                    "download": "13551232"
                }
            },
            "dlcappid": "3295200",
            "decryptionkey": ""
        },
        "branches": {
            "public": {
                "buildid": "16191509",
                "timeupdated": "1729948593"
            }
        }
    }
}