{
    "appid": "3209670",
    "type": "Demo",
    "name": "Bioweaver Demo",
    "schinese_name": "原点计划：血肉工匠 Demo",
    "isfreeapp": "0",
    "change_number": "26224012",
    "update_time": "2024-11-16 14:59:31",
    "depot": {
        "3209671": {
            "manifests": {
                "public": {
                    "gid": "8684240489025131009",
                    "size": "713658397",
                    "download": "488100976"
                }
            },
            "decryptionkey": "b5db08ecf2af5847e3e5ff0120cd3809bb5f8d27d09cf66a66e6a30bfb1d7c26"
        },
        "branches": {
            "public": {
                "buildid": "16417522",
                "timeupdated": "1731661536"
            }
        }
    }
}