{
    "appid": "3541480",
    "type": "Game",
    "name": "MIRROR MIRROR",
    "schinese_name": "",
    "isfreeapp": "0",
    "change_number": "28882660",
    "update_time": "2025-05-08 21:31:17",
    "depot": {
        "228989": {
            "config": {
                "oslist": "windows"
            },
            "depotfromapp": "228980",
            "sharedinstall": "1"
        },
        "228990": {
            "config": {
                "oslist": "windows"
            },
            "depotfromapp": "228980",
            "sharedinstall": "1"
        },
        "3541481": {
            "manifests": {
                "public": {
                    "gid": "3785811409412725199",
                    "size": "1729380255",
                    "download": "1423260624"
                }
            },
            "decryptionkey": "3c19cbae470f0dbcfe52285502eff136245f5c336eb6324ae64386b1e3fe04a3"
        },
        "branches": {
            "public": {
                "buildid": "18302950",
                "timeupdated": "1746054630"
            }
        }
    }
}