{
    "appid": "3192430",
    "type": "Demo",
    "name": "Golden Warden Demo",
    "schinese_name": "",
    "isfreeapp": "0",
    "change_number": "27374567",
    "update_time": "2025-02-08 10:50:52",
    "depot": {
        "3192431": {
            "config": {
                "oslist": "windows"
            },
            "manifests": {
                "public": {
                    "gid": "6599969482500919612",
                    "size": "89781019",
                    "download": "58648432"
                }
            },
            "decryptionkey": "35431c9e9437ddbd081ba48028376e0f5fe532a20c43329906d75f52f5c74871"
        },
        "3192432": {
            "config": {
                "oslist": "windows"
            },
            "manifests": {
                "public": {
                    "gid": "1605458665158658637",
                    "size": "89781019",
                    "download": "58671824"
                }
            },
            "decryptionkey": ""
        },
        "branches": {
            "public": {
                "buildid": "17288265",
                "timeupdated": "1738982812"
            }
        }
    }
}