{
    "appid": "3158050",
    "type": "Demo",
    "name": "SeaQuestDungeon Demo",
    "schinese_name": "",
    "isfreeapp": "0",
    "change_number": "25799851",
    "update_time": "2024-10-19 21:03:32",
    "depot": {
        "3158051": {
            "config": {
                "oslist": "windows",
                "osarch": "64"
            },
            "manifests": {
                "public": {
                    "gid": "6031838165548238791",
                    "size": "383129528",
                    "download": "243557520"
                }
            },
            "decryptionkey": "ba8580e076dc36245c203df6bfc3651e4951e215a20d55c7ea7d938d028cbd79"
        },
        "branches": {
            "public": {
                "buildid": "16107126",
                "timeupdated": "1729343009"
            }
        }
    }
}