{
    "appid": "3236100",
    "type": "Demo",
    "name": "No Fap Island Demo",
    "schinese_name": "",
    "isfreeapp": "0",
    "change_number": "27516367",
    "update_time": "2025-02-17 21:37:22",
    "depot": {
        "3236101": {
            "manifests": {
                "public": {
                    "gid": "8477262708409875565",
                    "size": "949261866",
                    "download": "822234656"
                }
            },
            "decryptionkey": "f702dd211291d9128c65eeaf72915fd87c6df55d3a2df587ae04675472f1057f"
        },
        "baselanguages": "english",
        "branches": {
            "public": {
                "buildid": "17393653",
                "timeupdated": "1739799213"
            }
        }
    }
}