{
    "appid": "3443600",
    "type": "Demo",
    "name": "Niskala Sacred Knowledge of Leyak Demo",
    "schinese_name": "",
    "isfreeapp": "0",
    "change_number": "27105679",
    "update_time": "2025-01-22 12:23:11",
    "depot": {
        "228989": {
            "config": {
                "oslist": "windows"
            },
            "depotfromapp": "228980",
            "sharedinstall": "1"
        },
        "228990": {
            "config": {
                "oslist": "windows"
            },
            "depotfromapp": "228980",
            "sharedinstall": "1"
        },
        "3443601": {
            "config": {
                "language": "english",
                "oslist": "windows",
                "osarch": "64"
            },
            "manifests": {
                "public": {
                    "gid": "8178102745240455313",
                    "size": "8254570918",
                    "download": "6866959600"
                }
            },
            "decryptionkey": "daa2becf561ff1c7d8e86e42058f106decedb18e23d8632590b50ac5efeba662"
        },
        "hasdepotsindlc": "0",
        "branches": {
            "public": {
                "buildid": "16937878",
                "timeupdated": "1736328208"
            }
        }
    }
}