{
    "appid": "3123410",
    "type": "Game",
    "name": "Atelier Yumia: The Alchemist of Memories & the Envisioned Land",
    "schinese_name": "优米雅的炼金工房 ～追忆之炼金术士与幻创之地～",
    "isfreeapp": "0",
    "change_number": "29016278",
    "update_time": "2025-05-16 12:00:50",
    "depot": {
        "baselanguages": "english,german,french,koreana,spanish,schinese,tchinese,russian,japanese",
        "228988": {
            "config": {
                "oslist": "windows"
            },
            "depotfromapp": "228980",
            "sharedinstall": "1"
        },
        "3123411": {
            "manifests": {
                "public": {
                    "gid": "6295190593398443893",
                    "size": "17833296057",
                    "download": "17193716416"
                }
            },
            "decryptionkey": "427bebee696a57c77abdb7f7c291fe1f99efc82922c0ba9b154fd7cb9a2b4e78"
        },
        "hasdepotsindlc": "1",
        "branches": {
            "public": {
                "buildid": "17965200",
                "timeupdated": "1744851602"
            }
        },
        "privatebranches": "1"
    }
}