{
    "appid": "3057970",
    "type": "Demo",
    "name": "Time Re:Quest Demo",
    "schinese_name": "",
    "isfreeapp": "0",
    "change_number": "24515454",
    "update_time": "2024-07-26 06:02:23",
    "depot": {
        "3057971": {
            "manifests": {
                "public": {
                    "gid": "6680955255660425308",
                    "size": "295527933",
                    "download": "157139072"
                }
            },
            "decryptionkey": "6b255ef9bac2102306687f17d2260f04d01f661c72d6ce4460eb74db5138f7ef"
        },
        "branches": {
            "public": {
                "buildid": "14735933",
                "timeupdated": "1718566860"
            }
        }
    }
}