{
    "appid": "3310590",
    "type": "Game",
    "name": "Lurking Danger",
    "schinese_name": "",
    "isfreeapp": "0",
    "change_number": "28813903",
    "update_time": "2025-05-05 05:32:17",
    "depot": {
        "3310591": {
            "config": {
                "oslist": "windows",
                "osarch": "64"
            },
            "manifests": {
                "public": {
                    "gid": "2514811042751103938",
                    "size": "20147893075",
                    "download": "6996831040"
                }
            },
            "decryptionkey": "5c1af84a850c32a277eb4a29e4422040d3fef9cebf0840300f83651dabf9ecac"
        },
        "baselanguages": "english,latam",
        "branches": {
            "public": {
                "buildid": "18285500",
                "timeupdated": "1745972449"
            }
        },
        "privatebranches": "1"
    }
}