{
    "appid": "3025600",
    "type": "Game",
    "name": "Bishojo Battlefield",
    "schinese_name": "少女战地",
    "isfreeapp": "0",
    "change_number": "29046604",
    "update_time": "2025-05-18 14:46:47",
    "depot": {
        "3025601": {
            "manifests": {
                "public": {
                    "gid": "117790084901067181",
                    "size": "5611332571",
                    "download": "1786821824"
                }
            },
            "decryptionkey": "3aefcdb860ab398748f69b37bfc90e44dd088bf59da9722d2818934d149f7806"
        },
        "branches": {
            "public": {
                "buildid": "18507179",
                "timeupdated": "1747550804"
            }
        }
    }
}