{
    "appid": "3381010",
    "type": "Game",
    "name": "Catch Me",
    "schinese_name": "",
    "isfreeapp": "0",
    "change_number": "28714504",
    "update_time": "2025-04-29 04:52:45",
    "depot": {
        "228989": {
            "config": {
                "oslist": "windows"
            },
            "depotfromapp": "228980",
            "sharedinstall": "1"
        },
        "228990": {
            "config": {
                "oslist": "windows"
            },
            "depotfromapp": "228980",
            "sharedinstall": "1"
        },
        "3381011": {
            "config": {
                "oslist": "windows"
            },
            "manifests": {
                "public": {
                    "gid": "3690925917471371716",
                    "size": "4456486884",
                    "download": "4071720192"
                }
            },
            "decryptionkey": "9bdb3fd142fc4d57953e1f401e6749e7d3e694e0347c6d41dca9086b59af6bbd"
        },
        "branches": {
            "public": {
                "buildid": "18007614",
                "timeupdated": "1744009386"
            }
        },
        "privatebranches": "1"
    }
}