{
    "appid": "3405020",
    "type": "Game",
    "name": "That Village",
    "schinese_name": "",
    "isfreeapp": "0",
    "change_number": "29012704",
    "update_time": "2025-05-16 06:37:03",
    "depot": {
        "baselanguages": "english,turkish",
        "228989": {
            "config": {
                "oslist": "windows"
            },
            "depotfromapp": "228980",
            "sharedinstall": "1"
        },
        "228990": {
            "config": {
                "oslist": "windows"
            },
            "depotfromapp": "228980",
            "sharedinstall": "1"
        },
        "3405021": {
            "config": {
                "oslist": "windows"
            },
            "manifests": {
                "public": {
                    "gid": "5497261697622909114",
                    "size": "6584624287",
                    "download": "6133650752"
                }
            },
            "decryptionkey": "3a68ac6e036d5356dd24e7487ec4d2d44ed74510136faa3552203bded12d5b3e"
        },
        "3405022": {
            "config": {
                "language": "turkish",
                "oslist": "windows"
            }
        },
        "branches": {
            "public": {
                "buildid": "18482956",
                "timeupdated": "1747348062"
            }
        },
        "privatebranches": "1"
    }
}