{
    "appid": "3460780",
    "type": "Game",
    "name": "Hidden Cats: Japan",
    "schinese_name": "",
    "isfreeapp": "0",
    "change_number": "28920677",
    "update_time": "2025-05-11 05:32:22",
    "depot": {
        "3460781": {
            "config": {
                "oslist": "windows"
            },
            "manifests": {
                "public": {
                    "gid": "1636970944820547098",
                    "size": "220053631",
                    "download": "135839872"
                }
            },
            "decryptionkey": "80caaba71097e3f0b03eba0a1f4d84184a73df78763bbbff13c5b48fd4f25793"
        },
        "3460782": {
            "config": {
                "oslist": "macos"
            },
            "manifests": {
                "public": {
                    "gid": "340475927969761673",
                    "size": "244212392",
                    "download": "143369584"
                }
            }
        },
        "3460783": {
            "config": {
                "oslist": "linux"
            },
            "manifests": {
                "public": {
                    "gid": "7787890832440874363",
                    "size": "222139964",
                    "download": "135386992"
                }
            }
        },
        "branches": {
            "public": {
                "buildid": "17097137",
                "timeupdated": "1737583772"
            }
        }
    }
}