{
    "appid": "3148120",
    "type": "Demo",
    "name": "Shashlik Demo",
    "schinese_name": "",
    "isfreeapp": "0",
    "change_number": "26960423",
    "update_time": "2025-01-12 15:38:36",
    "depot": {
        "3148121": {
            "manifests": {
                "public": {
                    "gid": "8477654480352767533",
                    "size": "607621856",
                    "download": "462532832"
                }
            },
            "decryptionkey": "103095c7f743aee67782dfc3cfd596dd8552d167f0d722e61cd44bc90a045f12"
        },
        "baselanguages": "english,russian",
        "branches": {
            "public": {
                "buildid": "16025728",
                "timeupdated": "1728813662"
            }
        }
    }
}