{
    "appid": "3172330",
    "type": "Game",
    "name": "CUMVERSE [18+]",
    "schinese_name": "",
    "isfreeapp": "0",
    "change_number": "28268665",
    "update_time": "2025-04-02 20:59:57",
    "depot": {
        "3172331": {
            "config": {
                "oslist": "windows"
            },
            "manifests": {
                "public": {
                    "gid": "6726171553908637998",
                    "size": "4174813200",
                    "download": "3171848096"
                }
            },
            "decryptionkey": "99e879abbfeed90696ab54a0b5ea71447aae84a1a45683eb29e279a6d865fb3b"
        },
        "3172332": {
            "config": {
                "oslist": "macos"
            },
            "manifests": {
                "public": {
                    "gid": "523936940570188791",
                    "size": "4198157079",
                    "download": "3175786432"
                }
            },
            "decryptionkey": ""
        },
        "3172333": {
            "config": {
                "oslist": "linux"
            },
            "manifests": {
                "public": {
                    "gid": "4276783023205457605",
                    "size": "4176330948",
                    "download": "3166562752"
                }
            },
            "decryptionkey": ""
        },
        "branches": {
            "public": {
                "buildid": "16346753",
                "timeupdated": "1731099826"
            }
        }
    }
}