{
    "appid": "3095750",
    "type": "Demo",
    "name": "Unknown FPV: FPV Drone Simulator Demo",
    "schinese_name": "",
    "isfreeapp": "0",
    "change_number": "24618734",
    "update_time": "2024-08-02 15:45:25",
    "depot": {
        "228989": {
            "config": {
                "oslist": "windows"
            },
            "depotfromapp": "228980",
            "sharedinstall": "1"
        },
        "228990": {
            "config": {
                "oslist": "windows"
            },
            "depotfromapp": "228980",
            "sharedinstall": "1"
        },
        "3095751": {
            "config": {
                "language": "english",
                "oslist": "windows"
            },
            "manifests": {
                "public": {
                    "gid": "680212434080354250",
                    "size": "1411439814",
                    "download": "1041574608"
                }
            },
            "decryptionkey": "e08b3059d9d3cb8de89d96bf9ca96c06717f709386a2894b0a5c1daf5c9332f2"
        },
        "baselanguages": "english",
        "branches": {
            "public": {
                "buildid": "15236754",
                "timeupdated": "1722584721"
            }
        }
    }
}