{
    "appid": "3172220",
    "type": "Game",
    "name": "YUME 5 : Spring Festival of Lust",
    "schinese_name": "梦5：春节",
    "isfreeapp": "0",
    "change_number": "28835711",
    "update_time": "2025-05-06 14:46:42",
    "depot": {
        "3172221": {
            "manifests": {
                "public": {
                    "gid": "312666236051454071",
                    "size": "3823671671",
                    "download": "764256016"
                }
            },
            "decryptionkey": "420c56109db1519fc24b75968bfeb19a77a69e7391b47125420aeae63bc2c6b3"
        },
        "branches": {
            "public": {
                "buildid": "17376725",
                "timeupdated": "1739611809"
            }
        }
    }
}