{
    "appid": "3080960",
    "type": "Game",
    "name": "Unlucky Chicken",
    "schinese_name": "鸡你太霉",
    "isfreeapp": "0",
    "change_number": "28810825",
    "update_time": "2025-05-04 23:29:26",
    "depot": {
        "3080961": {
            "manifests": {
                "public": {
                    "gid": "831774524639460006",
                    "size": "892006860",
                    "download": "413654352"
                }
            },
            "decryptionkey": "eeec7292406c55396d676347b32f634105c5cca2b031f05b0548c96f48903051"
        },
        "branches": {
            "public": {
                "buildid": "17258316",
                "timeupdated": "1738795464"
            }
        }
    }
}