{
    "appid": "3227970",
    "type": "Demo",
    "name": "Unrailed 2: Back on Track – Demo",
    "schinese_name": "一起开火车2：汽笛重鸣 – Demo",
    "isfreeapp": "0",
    "change_number": "26194012",
    "update_time": "2024-11-14 22:02:38",
    "depot": {
        "hasdepotsindlc": "0",
        "baselanguages": "english,german,french,koreana,spanish,schinese,tchinese,russian,japanese,polish,brazilian,latam",
        "3227971": {
            "config": {
                "oslist": "windows",
                "osarch": "64"
            },
            "manifests": {
                "public": {
                    "gid": "558123287397455200",
                    "size": "445557036",
                    "download": "297399904"
                }
            },
            "decryptionkey": "dbdebf8f5baf5c6f3b399ca6f1712913ce61766d375b9b09f1435266b2d9017d"
        },
        "3227972": {
            "config": {
                "oslist": "macos",
                "osarch": "64"
            },
            "manifests": {
                "public": {
                    "gid": "5388637257085275689",
                    "size": "436143460",
                    "download": "254882784"
                }
            },
            "decryptionkey": ""
        },
        "branches": {
            "public": {
                "buildid": "16123910",
                "timeupdated": "1729522973"
            }
        },
        "privatebranches": "1"
    }
}