{
    "appid": "2959690",
    "type": "Music",
    "name": "Diplomacy is Not an Option Soundtrack",
    "schinese_name": "",
    "isfreeapp": "0",
    "change_number": "28019573",
    "update_time": "2025-03-19 03:40:38",
    "depot": {
        "2959691": {
            "manifests": {
                "public": {
                    "gid": "7457779569162959859",
                    "size": "171589539",
                    "download": "169182640"
                },
                "lossles": {
                    "gid": "9023904773450001429",
                    "size": "153192494",
                    "download": "150827360"
                }
            },
            "decryptionkey": "62339c047c81293d2047d98800c452851e401dad0cd49ab00901ff9486c73014"
        },
        "2959692": {
            "config": {
                "highqualityaudio": "1"
            },
            "manifests": {
                "public": {
                    "gid": "4519411563231151732",
                    "size": "1144066532",
                    "download": "994525696"
                },
                "lossles": {
                    "gid": "4519411563231151732",
                    "size": "1144066532",
                    "download": "994525696"
                }
            },
            "decryptionkey": "49e095119ebb6bd6aed0cbf368116aa1e62d56973a7d7b3251bfef30f8ac8504"
        },
        "branches": {
            "public": {
                "buildid": "16525252",
                "timeupdated": "1732544728"
            },
            "lossles": {
                "buildid": "16525202",
                "description": "Lossless version of soundtrack",
                "timeupdated": "1732544505"
            }
        }
    }
}