{
    "appid": "3267780",
    "type": "DLC",
    "name": "The Coma 2B: Catacomb - The Survivalist Skin",
    "schinese_name": "",
    "isfreeapp": "0",
    "change_number": "25932155",
    "update_time": "2024-10-28 22:06:05",
    "depot": {
        "3267780": {
            "manifests": {
                "public": {
                    "gid": "7568711964384086217",
                    "size": "30669823",
                    "download": "17450368"
                }
            },
            "dlcappid": "3267780",
            "decryptionkey": "f0d25088d031643d14c9a1a3a53da334b4b9d49eeff0eaac1d8f2b2c396f7f58"
        },
        "branches": {
            "public": {
                "buildid": "16202868",
                "timeupdated": "1730124360"
            }
        }
    }
}