{
    "appid": "2948790",
    "type": "Game",
    "name": "CROWDED. FOLLOWED.",
    "schinese_name": "",
    "isfreeapp": "0",
    "change_number": "28688811",
    "update_time": "2025-04-27 11:54:44",
    "depot": {
        "2948791": {
            "config": {
                "oslist": "windows"
            },
            "manifests": {
                "public": {
                    "gid": "5034900983200093665",
                    "size": "977411373",
                    "download": "620011312"
                }
            },
            "decryptionkey": "6eebbbdfaa92d3fd313999bf0011887219853ee3586fe0c4f0b9cedf3a83d0aa"
        },
        "2948792": {
            "config": {
                "oslist": "windows"
            }
        },
        "branches": {
            "public": {
                "buildid": "16155548",
                "timeupdated": "1729772418"
            }
        },
        "privatebranches": "1"
    }
}