{
    "appid": "2985550",
    "type": "Demo",
    "name": "Songs of Steel: Hispania Demo",
    "schinese_name": "",
    "isfreeapp": "0",
    "change_number": "24324576",
    "update_time": "2024-07-16 02:47:07",
    "depot": {
        "2985551": {
            "config": {
                "oslist": "windows",
                "osarch": "64"
            },
            "manifests": {
                "public": {
                    "gid": "7296781705679632331",
                    "size": "4414734641",
                    "download": "2198480448"
                }
            },
            "decryptionkey": "5757c5a82e7c613066e91993b144b563a39f99a76b416d1f39546699c4d78363"
        },
        "baselanguages": "english,german,spanish",
        "branches": {
            "public": {
                "buildid": "14975139",
                "timeupdated": "1720521623"
            }
        }
    }
}