{
    "appid": "3224740",
    "type": "Beta",
    "name": "Milky Way Idle Playtest",
    "schinese_name": "Milky Way Idle Playtest - 银河奶牛放置测试",
    "isfreeapp": "0",
    "change_number": "27968108",
    "update_time": "2025-03-15 09:36:22",
    "depot": {
        "baselanguages": "english,schinese",
        "3224741": {
            "config": {
                "oslist": "windows",
                "osarch": "64"
            },
            "manifests": {
                "public": {
                    "gid": "4991599619136323743",
                    "size": "288351417",
                    "download": "91598688"
                }
            },
            "decryptionkey": "cc293068b15752edf32dad5f0ed70304634b9ddbc371e0341719962ce1e25a05"
        },
        "branches": {
            "public": {
                "buildid": "17596835",
                "timeupdated": "1741135369"
            }
        },
        "privatebranches": "1"
    }
}