{
    "appid": "3249740",
    "type": "Demo",
    "name": "ABI-DOS-DEMO",
    "schinese_name": "",
    "isfreeapp": "0",
    "change_number": "27498827",
    "update_time": "2025-02-16 07:54:59",
    "depot": {
        "3249741": {
            "manifests": {
                "public": {
                    "gid": "1432418695615342615",
                    "size": "522362492",
                    "download": "421563168"
                }
            },
            "decryptionkey": "1badfb76ae27dfa93fff15edfe6c2339c61b1ff3925b865219e2ba8950c3a716"
        },
        "branches": {
            "public": {
                "buildid": "16509868",
                "timeupdated": "1732355585"
            }
        }
    }
}