{
    "appid": "3021060",
    "type": "Game",
    "name": "Idle Run Aya",
    "schinese_name": "",
    "isfreeapp": "0",
    "change_number": "29015847",
    "update_time": "2025-05-16 11:19:21",
    "depot": {
        "hasdepotsindlc": "0",
        "3021061": {
            "config": {
                "oslist": "windows"
            },
            "manifests": {
                "public": {
                    "gid": "2711786841119948536",
                    "size": "402264246",
                    "download": "213548576"
                }
            },
            "decryptionkey": "c9241c9ff831f1abe3224cbaed272ac5e789683a2857b67b1d5d42ac30293786"
        },
        "baselanguages": "english",
        "branches": {
            "public": {
                "buildid": "14576566",
                "timeupdated": "1717334130"
            }
        }
    }
}