{
    "appid": "3028100",
    "type": "Demo",
    "name": "Latex & Tentacles Demo",
    "schinese_name": "模拟触手 Demo",
    "isfreeapp": "0",
    "change_number": "25819389",
    "update_time": "2024-10-21 20:07:31",
    "depot": {
        "3028101": {
            "manifests": {
                "public": {
                    "gid": "4643463555143712505",
                    "size": "4762582216",
                    "download": "678875504"
                }
            },
            "decryptionkey": "98018528a69df4d636ef901d6a5e73d3160ea90a6eb20d831bfbcf6d48808746"
        },
        "branches": {
            "public": {
                "buildid": "16121862",
                "timeupdated": "1729512446"
            }
        }
    }
}