{
    "appid": "3002370",
    "type": "Demo",
    "name": "The Spell Brigade Demo",
    "schinese_name": "",
    "isfreeapp": "0",
    "change_number": "26734051",
    "update_time": "2024-12-20 21:57:16",
    "depot": {
        "3002371": {
            "config": {
                "oslist": "windows"
            },
            "manifests": {
                "public": {
                    "gid": "1857748265746842744",
                    "size": "2270980275",
                    "download": "418326448"
                }
            },
            "decryptionkey": "435b725a2e47e8438abdfa5da120e62e6150612ddba9fc96047badfc37e4421a"
        },
        "3002372": {
            "config": {
                "oslist": "linux"
            },
            "manifests": {
                "public": {
                    "gid": "8765531889639038047",
                    "size": "2320681216",
                    "download": "425382176"
                }
            },
            "decryptionkey": ""
        },
        "branches": {
            "public": {
                "buildid": "16285364",
                "timeupdated": "1730795468"
            }
        },
        "privatebranches": "1"
    }
}