{
    "appid": "3511660",
    "type": "Game",
    "name": "No Time to Build",
    "schinese_name": "",
    "isfreeapp": "0",
    "change_number": "28392352",
    "update_time": "2025-04-10 02:10:31",
    "depot": {
        "baselanguages": "english,german,russian",
        "3511661": {},
        "3511662": {
            "config": {
                "oslist": "windows",
                "osarch": "64"
            },
            "manifests": {
                "public": {
                    "gid": "7004906032929400705",
                    "size": "327910140",
                    "download": "62822832"
                }
            },
            "decryptionkey": "afd17ae5075ad9b16ab80aefbadd87b22980318f6fb7c238aed2f75b7aa150a8"
        },
        "3511663": {
            "config": {
                "oslist": "windows",
                "osarch": "32"
            }
        },
        "3511664": {
            "config": {
                "oslist": "macos"
            },
            "manifests": {
                "public": {
                    "gid": "2879391022503259766",
                    "size": "400829862",
                    "download": "103729680"
                }
            }
        },
        "branches": {
            "public": {
                "buildid": "18045294",
                "timeupdated": "1744222225"
            }
        }
    }
}