{
    "appid": "3072450",
    "type": "Game",
    "name": "FAKEBOOK",
    "schinese_name": "",
    "isfreeapp": "0",
    "change_number": "29016105",
    "update_time": "2025-05-16 11:42:44",
    "depot": {
        "hasdepotsindlc": "1",
        "baselanguages": "koreana",
        "3072451": {
            "config": {
                "oslist": "windows"
            },
            "manifests": {
                "public": {
                    "gid": "2316401338211041062",
                    "size": "489333717",
                    "download": "328849232"
                }
            },
            "decryptionkey": "b4de1aa5137d6688358891715edcf7cb168c0c255ec52103c6d350db00617530"
        },
        "3072452": {
            "config": {
                "oslist": "macos"
            },
            "manifests": {
                "public": {
                    "gid": "500795970880687834",
                    "size": "515682084",
                    "download": "336515136"
                }
            }
        },
        "branches": {
            "public": {
                "buildid": "17510403",
                "timeupdated": "1740551015"
            }
        },
        "privatebranches": "1"
    }
}