{
    "appid": "3223120",
    "type": "Game",
    "name": "Hentai Tales: Futanari Office",
    "schinese_name": "",
    "isfreeapp": "0",
    "change_number": "28803243",
    "update_time": "2025-05-04 03:28:34",
    "depot": {
        "baselanguages": "english",
        "3223121": {
            "config": {
                "oslist": "windows"
            },
            "manifests": {
                "public": {
                    "gid": "8818848496221109975",
                    "size": "795963463",
                    "download": "213575616"
                }
            },
            "decryptionkey": "f5458a6aef8a2204064b03fd85974a2e41eb161bc033abd6a0fda4c055343756"
        },
        "3223122": {
            "config": {
                "oslist": "macos"
            },
            "manifests": {
                "public": {
                    "gid": "4561685120034201952",
                    "size": "790396458",
                    "download": "212521104"
                }
            }
        },
        "3223123": {
            "config": {
                "oslist": "linux"
            },
            "manifests": {
                "public": {
                    "gid": "6241794349010820776",
                    "size": "836838618",
                    "download": "213552912"
                }
            }
        },
        "branches": {
            "public": {
                "buildid": "16286655",
                "timeupdated": "1730790665"
            }
        }
    }
}