{
    "appid": "3195400",
    "type": "Game",
    "name": "EmyLiveShow: Case of Four Hot Witnesses",
    "schinese_name": "",
    "isfreeapp": "0",
    "change_number": "28049548",
    "update_time": "2025-03-20 19:06:20",
    "depot": {
        "3195401": {
            "config": {
                "oslist": "windows",
                "osarch": "64"
            },
            "manifests": {
                "public": {
                    "gid": "6117830384993805737",
                    "size": "2190009544",
                    "download": "393722416"
                }
            },
            "decryptionkey": "69b100e78cfac28b5d608e89ac1a5284ce0b1d882997c49afbac420509038c31"
        },
        "3195402": {
            "config": {
                "oslist": "macos",
                "osarch": "64"
            },
            "manifests": {
                "public": {
                    "gid": "3008818684719725513",
                    "size": "2256360384",
                    "download": "409329232"
                }
            },
            "decryptionkey": ""
        },
        "branches": {
            "public": {
                "buildid": "16603968",
                "timeupdated": "1733337963"
            }
        },
        "privatebranches": "1"
    }
}