{
    "appid": "3502300",
    "type": "Game",
    "name": "blackhole simulator",
    "schinese_name": "",
    "isfreeapp": "0",
    "change_number": "28473496",
    "update_time": "2025-04-15 03:33:35",
    "depot": {
        "3502301": {
            "config": {
                "oslist": "windows"
            },
            "manifests": {
                "public": {
                    "gid": "2003571634192923642",
                    "size": "255144221",
                    "download": "85123600"
                }
            },
            "decryptionkey": "1649bacf75c59d44e9736c903db557519564e4953566143fe770aa315a7614e5"
        },
        "3502302": {
            "config": {
                "oslist": "macos"
            },
            "manifests": {
                "public": {
                    "gid": "6278204329222425562",
                    "size": "238633809",
                    "download": "78822352"
                }
            }
        },
        "3502303": {
            "config": {
                "oslist": "linux"
            },
            "manifests": {
                "public": {
                    "gid": "8659311830704044776",
                    "size": "104944254",
                    "download": "105094976"
                }
            }
        },
        "branches": {
            "public": {
                "buildid": "17799040",
                "timeupdated": "1742497204"
            }
        }
    }
}