{
    "appid": "3107070",
    "type": "Demo",
    "name": "THE JOY OF CREATION Demo",
    "schinese_name": "",
    "isfreeapp": "0",
    "change_number": "26183469",
    "update_time": "2024-11-14 07:32:32",
    "depot": {
        "baselanguages": "english",
        "3107071": {
            "config": {
                "oslist": "windows",
                "osarch": "64",
                "language": "english"
            },
            "manifests": {
                "public": {
                    "gid": "207475282123989790",
                    "size": "1504199026",
                    "download": "1304207296"
                }
            },
            "decryptionkey": "eb02b25f927a8a386c3874e302cdf06f04c9da40cb2fced61c5aa5f355ddeff3"
        },
        "branches": {
            "public": {
                "buildid": "15505212",
                "timeupdated": "1724761724"
            }
        },
        "privatebranches": "1"
    }
}