{
    "appid": "3159900",
    "type": "Game",
    "name": "108 Silly Ways to Die",
    "schinese_name": "杠精的108种死法",
    "isfreeapp": "0",
    "change_number": "28711876",
    "update_time": "2025-04-29 01:53:59",
    "depot": {
        "3159901": {
            "manifests": {
                "public": {
                    "gid": "8747532868645753375",
                    "size": "22853257482",
                    "download": "21556424384"
                }
            },
            "decryptionkey": "de7ec94f1484dcc239b0bd407445682237a6ac1da0497d4278cb0f3945341a2e"
        },
        "hasdepotsindlc": "1",
        "branches": {
            "public": {
                "buildid": "17781102",
                "timeupdated": "1742451091"
            }
        },
        "privatebranches": "1"
    }
}