{
    "appid": "3308500",
    "type": "DLC",
    "name": "RPG Maker MZ - Another World Hero Generator 3 for MZ",
    "schinese_name": "",
    "isfreeapp": "0",
    "change_number": "26412622",
    "update_time": "2024-12-05 04:40:57",
    "depot": {
        "3308500": {
            "manifests": {
                "public": {
                    "gid": "6313533561017376776",
                    "size": "3220375",
                    "download": "1552976"
                }
            },
            "dlcappid": "3308500",
            "decryptionkey": "bd9363917915438326f93b319ebcaceeba4446c004989534424c361c1e9496f4"
        },
        "branches": {
            "public": {
                "buildid": "16542195",
                "timeupdated": "1732646164"
            }
        }
    }
}