{
    "appid": "2980130",
    "type": "Demo",
    "name": "Endless Casual Drive Demo",
    "schinese_name": "无尽的休闲驾驶 Demo",
    "isfreeapp": "0",
    "change_number": "25237376",
    "update_time": "2024-09-16 09:17:19",
    "depot": {
        "2980131": {
            "manifests": {
                "public": {
                    "gid": "5199418975152349917",
                    "size": "3161534877",
                    "download": "1457590512"
                }
            },
            "decryptionkey": "3ccc15eec8a1a7f7dbd9b3cd183c0f44397b07cb310912fbef4895b2cd33fc3e"
        },
        "branches": {
            "public": {
                "buildid": "14733236",
                "timeupdated": "1718525526"
            }
        }
    }
}