{
    "appid": "3575540",
    "type": "Music",
    "name": "Deep Cuts OST - Bastard Town",
    "schinese_name": "",
    "isfreeapp": "0",
    "change_number": "28772295",
    "update_time": "2025-05-02 01:13:51",
    "depot": {
        "3575541": {
            "manifests": {
                "public": {
                    "gid": "1484186903466011853",
                    "size": "57671088",
                    "download": "57499712"
                }
            },
            "decryptionkey": "d7f84dbbd7007505006de77aa44499af0636c3ef9f6655185e8882420863fbae"
        },
        "3575542": {
            "config": {
                "highqualityaudio": "1"
            },
            "manifests": {
                "public": {
                    "gid": "6870659109545951993",
                    "size": "908922344",
                    "download": "795063536"
                }
            },
            "decryptionkey": "add623dcffd59d0512884f380c4e7e951487479c657c1ea62b812c03f3116866"
        },
        "branches": {
            "public": {
                "buildid": "17754479",
                "timeupdated": "1742230115"
            }
        }
    }
}