{
    "appid": "3013180",
    "type": "Demo",
    "name": "Horny Holiday Demo",
    "schinese_name": "",
    "isfreeapp": "0",
    "change_number": "26353373",
    "update_time": "2024-12-05 03:25:40",
    "depot": {
        "3013181": {
            "manifests": {
                "public": {
                    "gid": "4152959584042451588",
                    "size": "985589966",
                    "download": "803796000"
                }
            },
            "decryptionkey": "f469d3c10c2dad75a79733ee53f9393b240ecb29257262ab505ef653ebd554a9"
        },
        "branches": {
            "public": {
                "buildid": "16223722",
                "timeupdated": "1730217579"
            }
        }
    }
}