{
    "appid": "3125450",
    "type": "Music",
    "name": "ムーンレスムーン Soundtrack",
    "schinese_name": "",
    "isfreeapp": "0",
    "change_number": "28942106",
    "update_time": "2025-05-12 23:31:52",
    "depot": {
        "3125451": {
            "manifests": {
                "public": {
                    "gid": "6284040021673853819",
                    "size": "26974976",
                    "download": "26540144"
                }
            },
            "decryptionkey": "f46d5391cb5d1f449f75fe97959142a85ec3c5fbb6683bce68acc74d2a748d5d"
        },
        "3125452": {
            "config": {
                "highqualityaudio": "1"
            },
            "manifests": {
                "public": {
                    "gid": "2293012848504855943",
                    "size": "242680648",
                    "download": "217663152"
                }
            },
            "decryptionkey": "264c76c1b4ca73b41c15dd52f32988f00c1694f69bc233c8bb53557ac60c9187"
        },
        "branches": {
            "public": {
                "buildid": "15236548",
                "timeupdated": "1722583756"
            }
        }
    }
}