{
    "appid": "3376780",
    "type": "Demo",
    "name": "Shoes Store Simulator Demo",
    "schinese_name": "",
    "isfreeapp": "0",
    "change_number": "27216639",
    "update_time": "2025-01-29 19:51:30",
    "depot": {
        "3376781": {
            "manifests": {
                "public": {
                    "gid": "8358412348059612552",
                    "size": "4293529856",
                    "download": "857419968"
                }
            },
            "decryptionkey": "7716e1a2e8eabf3985551c070541352ea2377f2af8f677408430d39fb171e8ce"
        },
        "branches": {
            "public": {
                "buildid": "17169987",
                "timeupdated": "1738149774"
            }
        }
    }
}