{
    "appid": "3254600",
    "type": "Demo",
    "name": "Realpolitiks 3: Earth and Beyond Demo",
    "schinese_name": "",
    "isfreeapp": "0",
    "change_number": "26183469",
    "update_time": "2024-11-14 07:40:55",
    "depot": {
        "3254601": {
            "manifests": {
                "public": {
                    "gid": "4639026970297289915",
                    "size": "6230974172",
                    "download": "2006270480"
                }
            },
            "decryptionkey": "08203d01d9d614918e2dd82f0ca33aee5c4ecc75177cf3b710bae566c1b9d568"
        },
        "branches": {
            "public": {
                "buildid": "16036103",
                "timeupdated": "1728914229"
            }
        },
        "privatebranches": "1"
    }
}