{
    "appid": "3227870",
    "type": "Demo",
    "name": "再见断刀 Demo",
    "schinese_name": "",
    "isfreeapp": "0",
    "change_number": "27512466",
    "update_time": "2025-02-17 17:15:52",
    "depot": {
        "baselanguages": "english,schinese",
        "3227871": {
            "config": {
                "oslist": "windows"
            },
            "manifests": {
                "public": {
                    "gid": "4927106336981416796",
                    "size": "3946994735",
                    "download": "859024832"
                }
            },
            "decryptionkey": "499b6e1e02b28aeea34ceb5665dcc0c3a8c006884b78c2e03964803578ac07e6"
        },
        "branches": {
            "public": {
                "buildid": "17425740",
                "timeupdated": "1739984384"
            }
        }
    }
}