{
    "appid": "2955810",
    "type": "Demo",
    "name": "神魔决之江湖行 Demo",
    "schinese_name": "",
    "isfreeapp": "0",
    "change_number": "26934364",
    "update_time": "2025-01-10 11:05:48",
    "depot": {
        "2955811": {
            "config": {
                "oslist": "windows"
            },
            "manifests": {
                "public": {
                    "gid": "72613092948371281",
                    "size": "2024129535",
                    "download": "436871744"
                }
            },
            "decryptionkey": "a1e1d0ed1b74e266efd7e291fe86f767acfa06f8e48bba5532ecc587c25c47db"
        },
        "2955812": {
            "config": {
                "oslist": "macos"
            },
            "manifests": {
                "public": {
                    "gid": "2696407019168578158",
                    "size": "2048841899",
                    "download": "444977552"
                }
            },
            "decryptionkey": ""
        },
        "branches": {
            "public": {
                "buildid": "16959358",
                "timeupdated": "1736478344"
            }
        },
        "privatebranches": "1"
    }
}