{
    "appid": "3118770",
    "type": "Game",
    "name": "Lacrimal Eye",
    "schinese_name": "",
    "isfreeapp": "0",
    "change_number": "26253459",
    "update_time": "2024-11-21 01:02:23",
    "depot": {
        "3118771": {
            "manifests": {
                "public": {
                    "gid": "4125700882850221100",
                    "size": "409751997",
                    "download": "78532800"
                }
            },
            "decryptionkey": "5ef6df5e8f0019936c6b8f1126eb787d7e748088900355f920af62b3446f0201"
        },
        "branches": {
            "public": {
                "buildid": "15082116",
                "timeupdated": "1721345536"
            }
        }
    },
    "access_token": 5475181138380989837
}