{
    "appid": "3655720",
    "type": "Game",
    "name": "STELLAR INC",
    "schinese_name": "",
    "isfreeapp": "0",
    "change_number": "28768263",
    "update_time": "2025-05-01 20:19:48",
    "depot": {
        "3655721": {
            "manifests": {
                "public": {
                    "gid": "2876271922544638359",
                    "size": "350208244",
                    "download": "224072704"
                }
            },
            "decryptionkey": "c4790bf29ddef6645fc67bde81502984c7c46c4c1b1d34ca60e163e0fb02f044"
        },
        "branches": {
            "public": {
                "buildid": "18121434",
                "timeupdated": "1744768531"
            }
        }
    }
}