{
    "appid": "3192920",
    "type": "Demo",
    "name": "Killer Junkyard Demo",
    "schinese_name": "",
    "isfreeapp": "0",
    "change_number": "25700252",
    "update_time": "2024-10-14 11:20:07",
    "depot": {
        "3192921": {
            "manifests": {
                "public": {
                    "gid": "7593827237522074623",
                    "size": "629159332",
                    "download": "200401072"
                }
            },
            "decryptionkey": "815f4ba60ffb98837474e9eeb0227dfd08be7cfa6d866b8954f43bebd1087a85"
        },
        "branches": {
            "public": {
                "buildid": "15570778",
                "timeupdated": "1725308886"
            }
        }
    }
}