{
    "appid": "3165610",
    "type": "Game",
    "name": "Otherworldly: Beginning of the Rift",
    "schinese_name": "",
    "isfreeapp": "1",
    "change_number": "26979129",
    "update_time": "2025-01-14 05:32:21",
    "depot": {
        "228989": {
            "config": {
                "oslist": "windows"
            },
            "depotfromapp": "228980",
            "sharedinstall": "1"
        },
        "228990": {
            "config": {
                "oslist": "windows"
            },
            "depotfromapp": "228980",
            "sharedinstall": "1"
        },
        "3165611": {
            "config": {
                "language": "english",
                "oslist": "windows",
                "osarch": "64"
            },
            "manifests": {
                "public": {
                    "gid": "8264665406941867590",
                    "size": "22604082615",
                    "download": "10935693936"
                }
            },
            "decryptionkey": "1a8c0c1147e0db7693b68d22f7372bd9d5f86c6362591305a87c55e7ec1aba41"
        },
        "branches": {
            "public": {
                "buildid": "16828832",
                "timeupdated": "1734874733"
            }
        },
        "privatebranches": "1"
    }
}