{
    "appid": "3413130",
    "type": "Game",
    "name": "Kawaii -Ryona Trap Dungeon-",
    "schinese_name": "",
    "isfreeapp": "0",
    "change_number": "29044763",
    "update_time": "2025-05-18 08:14:01",
    "depot": {
        "baselanguages": "english,japanese",
        "3413131": {
            "manifests": {
                "public": {
                    "gid": "3162208894229160125",
                    "size": "1766598555",
                    "download": "436609232"
                }
            },
            "decryptionkey": "8d10dd726ac837007fcd76bb843b619538f139fa8b8d4d022d14fc3db935224b"
        },
        "3413132": {
            "config": {
                "language": "japanese"
            },
            "manifests": {
                "public": {
                    "gid": "1905848604502248055",
                    "size": "1767061298",
                    "download": "436992096"
                }
            },
            "decryptionkey": ""
        },
        "branches": {
            "public": {
                "buildid": "18315897",
                "timeupdated": "1746148840"
            }
        }
    }
}