{
    "appid": "3442760",
    "type": "Game",
    "name": "Apocalypse ? No !",
    "schinese_name": "",
    "isfreeapp": "0",
    "change_number": "29002390",
    "update_time": "2025-05-15 20:45:20",
    "depot": {
        "3442761": {
            "manifests": {
                "public": {
                    "gid": "9210618391170889566",
                    "size": "33509818",
                    "download": "16862256"
                }
            },
            "decryptionkey": "2d93f0255c43e74f78c1d1690fc3de3a42e46dd86d4c340088c8d10dbef4f529"
        },
        "branches": {
            "public": {
                "buildid": "18156160",
                "timeupdated": "1744969807"
            }
        },
        "privatebranches": "1"
    }
}