{
    "appid": "3043010",
    "type": "Game",
    "name": "Hurricane Abyss",
    "schinese_name": "",
    "isfreeapp": "0",
    "change_number": "24200831",
    "update_time": "2024-07-02 11:02:25",
    "depot": {
        "3043011": {
            "manifests": {
                "public": {
                    "gid": "1388894942120244886",
                    "size": "241975033",
                    "download": "49415808"
                }
            },
            "decryptionkey": "476142a761247e1deb07e8f67378527048bfc39452152db9d873796355f787e5"
        },
        "branches": {
            "public": {
                "buildid": "14638359",
                "timeupdated": "1717758384"
            }
        }
    }
}