{
    "appid": "3090100",
    "type": "Game",
    "name": "Prison Princess: Trapped Allure",
    "schinese_name": "囚狱公主 墮入圈套的少女们",
    "isfreeapp": "0",
    "change_number": "29016152",
    "update_time": "2025-05-16 11:48:47",
    "depot": {
        "3090101": {
            "manifests": {
                "public": {
                    "gid": "7074598322792413868",
                    "size": "913224207",
                    "download": "535689776"
                }
            },
            "decryptionkey": "55ec45e591ca45d31ce7526bd025a7eedb4ff0cb4ee6d3421a879bf84c2e90c0"
        },
        "baselanguages": "english,schinese,tchinese,japanese",
        "branches": {
            "public": {
                "buildid": "16482387",
                "timeupdated": "1732178355"
            }
        }
    }
}