{
    "appid": "3183630",
    "type": "Demo",
    "name": "Mindlock - The Apartment Demo",
    "schinese_name": "",
    "isfreeapp": "0",
    "change_number": "26373315",
    "update_time": "2024-12-05 04:49:33",
    "depot": {
        "baselanguages": "english,german",
        "3183631": {
            "config": {
                "language": "german",
                "oslist": "windows"
            },
            "manifests": {
                "public": {
                    "gid": "7935734940970645462",
                    "size": "1676719966",
                    "download": "1601294128"
                }
            },
            "decryptionkey": ""
        },
        "3183632": {
            "config": {
                "language": "english",
                "oslist": "windows"
            },
            "manifests": {
                "public": {
                    "gid": "4534920521237298292",
                    "size": "1734128256",
                    "download": "1643625632"
                }
            },
            "decryptionkey": "d8d06273c49f18972b93fcc17f1985a2578b1add0bff0134f40af8afc2f09c6e"
        },
        "branches": {
            "public": {
                "buildid": "16152094",
                "timeupdated": "1729692308"
            }
        }
    }
}