{
    "appid": "3450340",
    "type": "Game",
    "name": "Henshin mybro!",
    "schinese_name": "合体！变身！",
    "isfreeapp": "0",
    "change_number": "28624873",
    "update_time": "2025-04-23 23:20:43",
    "depot": {
        "3450341": {
            "config": {
                "oslist": "windows"
            },
            "manifests": {
                "public": {
                    "gid": "4552305786672118425",
                    "size": "378117779",
                    "download": "205592192"
                }
            },
            "decryptionkey": "c112b2e9b62ed36a46b2d9f14645f60255ba5db0634d38e3d8d109471e3c82ba"
        },
        "branches": {
            "public": {
                "buildid": "17965793",
                "timeupdated": "1743663698"
            }
        }
    }
}