{
    "appid": "3230110",
    "type": "Demo",
    "name": "Birds Organized Neatly Demo",
    "schinese_name": "",
    "isfreeapp": "0",
    "change_number": "26685919",
    "update_time": "2024-12-18 07:48:49",
    "depot": {
        "3230111": {
            "manifests": {
                "public": {
                    "gid": "2322550931478432385",
                    "size": "58342939",
                    "download": "45166448"
                }
            },
            "decryptionkey": "48ed21448d67a6c56657cf964110d62a9df4838d01f481045a34ee01c80f66d4"
        },
        "branches": {
            "public": {
                "buildid": "15807497",
                "timeupdated": "1727175544"
            }
        },
        "privatebranches": "1"
    }
}