{
    "appid": "3524190",
    "type": "DLC",
    "name": "快盗天使ツインエンジェル ～時とセカイの迷宮～Re:light＋化DLC",
    "schinese_name": "快盗天使双胞胎 〜时间与世界的迷宫〜 Re:light＋化DLC",
    "isfreeapp": "0",
    "change_number": "28066042",
    "update_time": "2025-03-21 15:02:03",
    "depot": {
        "3524191": {
            "config": {
                "oslist": "macos",
                "osarch": "64",
                "optionaldlc": "3524190"
            },
            "manifests": {
                "public": {
                    "gid": "1900547467084244644",
                    "size": "2059167245",
                    "download": "2083219856"
                }
            },
            "dlcappid": "3524190",
            "decryptionkey": "3a83dbc488541fe4b53fe33135940a70b6660735f2d80251603ae9e0bdf6426d"
        },
        "3524192": {
            "config": {
                "oslist": "windows",
                "optionaldlc": "3524190"
            },
            "manifests": {
                "public": {
                    "gid": "8421043830227320663",
                    "size": "2059161054",
                    "download": "2083114016"
                }
            },
            "dlcappid": "3524190",
            "decryptionkey": "cdefe32840ea38337a347e2794d6e26714269aac0b102c68597207f3e27b1009"
        },
        "branches": {
            "public": {
                "buildid": "17657880",
                "timeupdated": "1741588269"
            }
        },
        "appmanagesdlc": "1"
    }
}