{
    "appid": "3655300",
    "type": "Music",
    "name": "CTHULOOT Soundtrack",
    "schinese_name": "",
    "isfreeapp": "0",
    "change_number": "28496382",
    "update_time": "2025-04-16 06:13:37",
    "depot": {
        "3655301": {
            "manifests": {
                "public": {
                    "gid": "5232750688708647973",
                    "size": "81170732",
                    "download": "79934576"
                }
            },
            "decryptionkey": "fb78d4c86406d7ca4f5b1fa37fd4c8629e16dda2562bfe0d113267e867af91be"
        },
        "3655302": {
            "config": {
                "highqualityaudio": "1"
            },
            "manifests": {
                "public": {
                    "gid": "7984726640787262482",
                    "size": "361780583",
                    "download": "366410432"
                }
            },
            "decryptionkey": "f320084de21163f0ac784e58bb653dae3168dd57d0b9e423e36bf8b993cd9f39"
        },
        "branches": {
            "public": {
                "buildid": "18040570",
                "timeupdated": "1744200307"
            }
        }
    }
}