{
    "appid": "3122950",
    "type": "Game",
    "name": "101 Cats Hidden in Berlin",
    "schinese_name": "",
    "isfreeapp": "0",
    "change_number": "28010684",
    "update_time": "2025-03-18 17:56:20",
    "depot": {
        "3122951": {
            "manifests": {
                "public": {
                    "gid": "7227132651099292488",
                    "size": "567163379",
                    "download": "92423232"
                }
            },
            "decryptionkey": "0a55e182094a9160e77f5a733f1db4f44d0eb8b956686045cc822bd6d6ffd592"
        },
        "branches": {
            "public": {
                "buildid": "15143030",
                "timeupdated": "1721861050"
            }
        }
    }
}