{
    "appid": "3014550",
    "type": "Demo",
    "name": "Edge of Sanity Demo",
    "schinese_name": "理智边缘 - Edge of Sanity - Demo",
    "isfreeapp": "0",
    "change_number": "26183469",
    "update_time": "2024-11-14 07:25:56",
    "depot": {
        "3014551": {
            "manifests": {
                "public": {
                    "gid": "8284204125338987053",
                    "size": "8015716131",
                    "download": "676978784"
                }
            },
            "decryptionkey": "b1f185bb56847d7cbff819eb539d34d36282e2cedd4c7a509487430b14b415ec"
        },
        "branches": {
            "public": {
                "buildid": "15393503",
                "timeupdated": "1723817579"
            }
        },
        "privatebranches": "1"
    }
}