{
    "appid": "2962660",
    "type": "Demo",
    "name": "Grunn Demo",
    "schinese_name": "",
    "isfreeapp": "0",
    "change_number": "25536463",
    "update_time": "2024-10-04 23:37:56",
    "depot": {
        "2962661": {
            "config": {
                "oslist": "windows"
            },
            "manifests": {
                "public": {
                    "gid": "5572219090981016837",
                    "size": "288612284",
                    "download": "216235904"
                }
            },
            "decryptionkey": "db195cbf62decf4acf109d56d2dc580a61811d8f67a3e6f5d0bd288ab6b6dc95"
        },
        "2962662": {
            "config": {
                "oslist": "macos"
            },
            "manifests": {
                "public": {
                    "gid": "6363891649467206578",
                    "size": "290547153",
                    "download": "217484512"
                }
            },
            "decryptionkey": ""
        },
        "baselanguages": "english,german,french,italian,koreana,spanish,schinese,tchinese,japanese,polish,dutch,brazilian",
        "branches": {
            "public": {
                "buildid": "14694135",
                "timeupdated": "1718207667"
            }
        }
    }
}