{
    "appid": "2961340",
    "type": "Game",
    "name": "Secret Psychology",
    "schinese_name": "",
    "isfreeapp": "0",
    "change_number": "28937639",
    "update_time": "2025-05-12 19:33:12",
    "depot": {
        "2961341": {
            "config": {
                "oslist": "windows"
            },
            "manifests": {
                "public": {
                    "gid": "1039346992777090686",
                    "size": "484537173",
                    "download": "276171440"
                }
            },
            "decryptionkey": "caa70ee1cd316f73f80e4d03e6ceecb036d764dc1d3988daeacb3d1026e02855"
        },
        "baselanguages": "english",
        "branches": {
            "public": {
                "buildid": "14839112",
                "timeupdated": "1719383711"
            }
        },
        "privatebranches": "1"
    }
}