{
    "appid": "3146750",
    "type": "Demo",
    "name": "The Black Labyrinth Demo",
    "schinese_name": "",
    "isfreeapp": "0",
    "change_number": "26251944",
    "update_time": "2024-11-19 06:29:14",
    "depot": {
        "3146751": {
            "manifests": {
                "public": {
                    "gid": "2743421727776039295",
                    "size": "170192373",
                    "download": "128680544"
                }
            },
            "decryptionkey": "5001d2b7f027b73580ab693a086fe88b98357a5be3469a2768cfe5904fc7d0be"
        },
        "branches": {
            "public": {
                "buildid": "15242985",
                "timeupdated": "1722618621"
            }
        }
    }
}