{
    "appid": "3614250",
    "type": "Game",
    "name": "Waifu Puzzle",
    "schinese_name": "",
    "isfreeapp": "0",
    "change_number": "28658589",
    "update_time": "2025-04-25 12:26:08",
    "depot": {
        "3614251": {
            "manifests": {
                "public": {
                    "gid": "8093424411990032168",
                    "size": "476353628",
                    "download": "200742016"
                }
            },
            "decryptionkey": "5b07411edb0af3cff71e4e639d694254e2afb4675e50791ab0665fee40e32a76"
        },
        "branches": {
            "public": {
                "buildid": "18055066",
                "timeupdated": "1744282127"
            }
        }
    }
}