{
    "appid": "2995680",
    "type": "Game",
    "name": "Dinosaur Huntress",
    "schinese_name": "",
    "isfreeapp": "0",
    "change_number": "28442104",
    "update_time": "2025-04-12 14:55:20",
    "depot": {
        "228989": {
            "config": {
                "oslist": "windows"
            },
            "depotfromapp": "228980",
            "sharedinstall": "1"
        },
        "228990": {
            "config": {
                "oslist": "windows"
            },
            "depotfromapp": "228980",
            "sharedinstall": "1"
        },
        "2995681": {
            "manifests": {
                "public": {
                    "gid": "5580047223070708676",
                    "size": "3014535833",
                    "download": "2672419968"
                }
            },
            "decryptionkey": "9d1d86494122c5e1b3c71a4793305632f1505615d708b6224f3d7580f43df3b8"
        },
        "branches": {
            "public": {
                "buildid": "15127544",
                "timeupdated": "1721755489"
            }
        }
    }
}