{
    "appid": "3237680",
    "type": "Game",
    "name": "SEX Sport College 💦🏅",
    "schinese_name": "",
    "isfreeapp": "0",
    "change_number": "28504597",
    "update_time": "2025-04-16 17:21:36",
    "depot": {
        "3237681": {
            "config": {
                "oslist": "windows"
            },
            "manifests": {
                "public": {
                    "gid": "950626038477736889",
                    "size": "9942390184",
                    "download": "2762251808"
                }
            },
            "decryptionkey": "33ce77d4073ee2d0974d7bd1037016477e12864bc37b8ad84249bd5044f02a60"
        },
        "3237682": {
            "config": {
                "oslist": "macos"
            },
            "manifests": {
                "public": {
                    "gid": "4121893812915759691",
                    "size": "9965846801",
                    "download": "2769315152"
                }
            }
        },
        "3237683": {
            "config": {
                "oslist": "linux"
            },
            "manifests": {
                "public": {
                    "gid": "2396316318445834026",
                    "size": "9943861611",
                    "download": "2760892448"
                }
            }
        },
        "branches": {
            "public": {
                "buildid": "16510457",
                "timeupdated": "1732364423"
            }
        },
        "privatebranches": "1"
    }
}