{
    "appid": "3545270",
    "type": "Demo",
    "name": "Ukrainian Shield: Iraq Demo",
    "schinese_name": "",
    "isfreeapp": "0",
    "change_number": "28398222",
    "update_time": "2025-04-10 09:58:04",
    "depot": {
        "228989": {
            "shareddepottype": "commonredist",
            "sharedinstall": "1",
            "depotfromapp": "«228980»",
            "manifests": {
                "public": {
                    "gid": "2535578675698906784",
                    "size": "2011723425",
                    "download": "1369494448"
                }
            },
            "decryptionkey": "ad69276eb476cf06c40312df7376d63deac0c838b9a2767005be8bb306ffb853"
        },
        "228990": {
            "shareddepottype": "commonredist",
            "sharedinstall": "1",
            "depotfromapp": "«228980»"
        },
        "229007": {
            "shareddepottype": "commonredist",
            "sharedinstall": "1",
            "depotfromapp": "«228980»"
        },
        "3545271": {
            "config": {
                "oslist": "windows"
            },
            "manifests": {
                "public": {
                    "gid": "2406308708842725022",
                    "size": "2143654239",
                    "download": "1460954400"
                }
            }
        },
        "branches": {
            "public": {
                "buildid": "17523927",
                "timeupdated": "1740621595"
            }
        }
    }
}