{
    "appid": "2998110",
    "type": "DLC",
    "name": "RPG Maker MZ - SERIALGAMES LivingGoodCity Tileset - Local Shops Set",
    "schinese_name": "",
    "isfreeapp": "0",
    "change_number": "23848557",
    "update_time": "2024-07-16 02:47:07",
    "depot": {
        "2998110": {
            "manifests": {
                "public": {
                    "gid": "3471122126219544100",
                    "size": "50929875",
                    "download": "18933696"
                }
            },
            "dlcappid": "2998110",
            "decryptionkey": "7865ba472bbc2792ab1f46a6a5794b572b11dfdb894ed138cea901276c6138ec"
        },
        "branches": {
            "public": {
                "buildid": "14593480",
                "timeupdated": "1717475374"
            }
        }
    }
}