{
    "appid": "3085930",
    "type": "Music",
    "name": "偏差者 Soundtrack",
    "schinese_name": "",
    "isfreeapp": "0",
    "change_number": "24675684",
    "update_time": "2024-08-07 06:36:03",
    "depot": {
        "3085932": {
            "manifests": {
                "public": {
                    "gid": "6312502980415883415",
                    "size": "97618101",
                    "download": "97299568"
                }
            },
            "decryptionkey": "93a0b2187f1aee30b2f435b2db525fc810703472b29a6f992f32d8559f25056b"
        },
        "3085931": {
            "config": {
                "highqualityaudio": "1"
            },
            "manifests": {
                "public": {
                    "gid": "2151816114794504160",
                    "size": "646200256",
                    "download": "582386672"
                }
            },
            "decryptionkey": "715fc7f15f0203f136da03f975ac42b05de8c752d5933d992c919bf53c348366"
        },
        "branches": {
            "public": {
                "buildid": "14972207",
                "timeupdated": "1720498485"
            }
        }
    }
}