{
    "appid": "3204700",
    "type": "DLC",
    "name": "少年期の終り (Boyhood's End) デジタルアートブック",
    "schinese_name": "少年的终结 Digital Artbook",
    "isfreeapp": "0",
    "change_number": "28313769",
    "update_time": "2025-04-05 01:27:21",
    "depot": {
        "3204700": {
            "manifests": {
                "public": {
                    "gid": "5454817885777989252",
                    "size": "357986564",
                    "download": "238170912"
                }
            },
            "dlcappid": "3204700",
            "decryptionkey": "bf9d511ed9713348a582b240ad21e568291ba49ef4842c1571032667a97b656c"
        },
        "branches": {
            "public": {
                "buildid": "17984943",
                "timeupdated": "1743787633"
            }
        }
    }
}