{
    "appid": "3259490",
    "type": "Demo",
    "name": "Bat to the Beat Demo",
    "schinese_name": "",
    "isfreeapp": "0",
    "change_number": "27509387",
    "update_time": "2025-02-17 11:55:39",
    "depot": {
        "3259491": {
            "config": {
                "oslist": "windows"
            },
            "manifests": {
                "public": {
                    "gid": "1543113307797946953",
                    "size": "293669249",
                    "download": "108155184"
                }
            },
            "decryptionkey": "3981496020377b7efb6a51068b2aacd89f3e3ca21ecac0d12a60e3dfd9919095"
        },
        "3259492": {
            "config": {
                "oslist": "macos"
            },
            "manifests": {
                "public": {
                    "gid": "5580083782524155038",
                    "size": "318315550",
                    "download": "115536448"
                }
            },
            "decryptionkey": ""
        },
        "branches": {
            "public": {
                "buildid": "17415563",
                "timeupdated": "1739928276"
            }
        },
        "privatebranches": "1"
    }
}