{
    "appid": "3196960",
    "type": "Game",
    "name": "Meshwork",
    "schinese_name": "",
    "isfreeapp": "0",
    "change_number": "26253459",
    "update_time": "2024-11-21 01:02:35",
    "depot": {
        "3196961": {
            "manifests": {
                "public": {
                    "gid": "3772814432914773917",
                    "size": "92821974",
                    "download": "20928176"
                }
            },
            "decryptionkey": "7f125c52f61aaf79853681af9c56e199c1b523f47fbc4b0ced953100561ba124"
        },
        "branches": {
            "public": {
                "buildid": "15504530",
                "timeupdated": "1724756823"
            }
        }
    },
    "access_token": 7387809563364273670
}