{
    "appid": "3340210",
    "type": "Game",
    "name": "Please pay the rent!",
    "schinese_name": "",
    "isfreeapp": "0",
    "change_number": "28719988",
    "update_time": "2025-04-29 12:51:40",
    "depot": {
        "baselanguages": "schinese,tchinese",
        "3340211": {
            "manifests": {
                "public": {
                    "gid": "988317108964139961",
                    "size": "342980530",
                    "download": "217814912"
                }
            },
            "decryptionkey": "c4006020f5a08ac2b141ac7db04a43248e894de76fac60e3c1191a5b05dba30c"
        },
        "3340212": {
            "config": {
                "language": "schinese"
            },
            "manifests": {
                "public": {
                    "gid": "7918393593725211514",
                    "size": "342978983",
                    "download": "217813216"
                }
            },
            "decryptionkey": "98fcdb154f707a417daca051b7d0a232ab6b325b88da1b45587d522fb49ea995"
        },
        "3340213": {
            "config": {
                "language": "english"
            },
            "manifests": {
                "public": {
                    "gid": "533673896665616423",
                    "size": "326637796",
                    "download": "210740592"
                }
            },
            "decryptionkey": ""
        },
        "3340214": {
            "config": {
                "language": "japanese"
            },
            "manifests": {
                "public": {
                    "gid": "6385135477325504109",
                    "size": "328165589",
                    "download": "211446880"
                }
            },
            "decryptionkey": ""
        },
        "branches": {
            "public": {
                "buildid": "18065825",
                "timeupdated": "1744341293"
            }
        }
    }
}