{
    "appid": "3461400",
    "type": "Demo",
    "name": "Ender theater Demo",
    "schinese_name": "异相：晨昏都市 Demo",
    "isfreeapp": "0",
    "change_number": "28610308",
    "update_time": "2025-04-23 06:44:59",
    "depot": {
        "228989": {
            "config": {
                "oslist": "windows"
            },
            "depotfromapp": "228980",
            "sharedinstall": "1"
        },
        "228990": {
            "config": {
                "oslist": "windows"
            },
            "depotfromapp": "228980",
            "sharedinstall": "1"
        },
        "3461401": {
            "manifests": {
                "public": {
                    "gid": "979102958966609241",
                    "size": "791586653",
                    "download": "647344672"
                }
            },
            "decryptionkey": "5b1584ab8880f752e4fb4e30ef6fbd355a0fa93c77ede87a61c22245a680eac3"
        },
        "baselanguages": "english,schinese,tchinese",
        "branches": {
            "public": {
                "buildid": "17709905",
                "timeupdated": "1741874585"
            }
        }
    }
}