{
    "appid": "3575060",
    "type": "Music",
    "name": "Wanderstop Soundtrack",
    "schinese_name": "",
    "isfreeapp": "0",
    "change_number": "28792221",
    "update_time": "2025-05-03 04:32:34",
    "depot": {
        "3575061": {
            "manifests": {
                "public": {
                    "gid": "1207549234503510145",
                    "size": "395234553",
                    "download": "395295728"
                }
            },
            "decryptionkey": "ed683158329cd3c6867d4e4c4afbc5a69ac734ac219f4f55122da7af94ad3726"
        },
        "branches": {
            "public": {
                "buildid": "17625763",
                "timeupdated": "1741294582"
            }
        }
    }
}