{
    "appid": "3140990",
    "type": "Game",
    "name": "Backrooms Cleanup Crew",
    "schinese_name": "Backrooms 清洁小队 (Backrooms Cleanup Crew)",
    "isfreeapp": "0",
    "change_number": "29040655",
    "update_time": "2025-05-17 22:13:24",
    "depot": {
        "228989": {
            "config": {
                "oslist": "windows"
            },
            "depotfromapp": "228980",
            "sharedinstall": "1"
        },
        "228990": {
            "config": {
                "oslist": "windows"
            },
            "depotfromapp": "228980",
            "sharedinstall": "1"
        },
        "3140991": {
            "manifests": {
                "public": {
                    "gid": "440114817700348182",
                    "size": "1879129690",
                    "download": "1590184208"
                }
            },
            "decryptionkey": "d81e674b226c7ab087cff2aedcf107268b8d53a6264227b549fe9b4a0ae7c35f"
        },
        "branches": {
            "public": {
                "buildid": "18174204",
                "timeupdated": "1745175087"
            }
        },
        "privatebranches": "1"
    }
}