{
    "appid": "3085640",
    "type": "Game",
    "name": "Hypnosis Card 2 Happy Life",
    "schinese_name": "催眠卡牌2 幸福生活",
    "isfreeapp": "0",
    "change_number": "28835728",
    "update_time": "2025-05-06 14:47:32",
    "depot": {
        "3085641": {
            "config": {
                "oslist": "windows"
            },
            "manifests": {
                "public": {
                    "gid": "6737282308201846635",
                    "size": "1165087418",
                    "download": "665982624"
                }
            },
            "decryptionkey": "7a5eff2d30643526f645c30926fecbd461dd96b55a645a6aa25746f1333f742e"
        },
        "branches": {
            "public": {
                "buildid": "17135266",
                "timeupdated": "1737884634"
            }
        },
        "privatebranches": "1"
    }
}