{
    "appid": "3457760",
    "type": "Tool",
    "name": "Two Point Museum: Modding SDK",
    "schinese_name": "",
    "isfreeapp": "0",
    "change_number": "28782866",
    "update_time": "2025-05-02 17:28:06",
    "depot": {
        "3457761": {
            "manifests": {
                "public": {
                    "gid": "6120551727686957508",
                    "size": "188536937",
                    "download": "69269344"
                }
            },
            "decryptionkey": "84aa8b08d81ade9f0cd00e299660fbcc7d357fead158b5c807d08138eec0c24c"
        },
        "workshopdepot": "3457760",
        "branches": {
            "public": {
                "buildid": "17967681",
                "timeupdated": "1746178081"
            }
        },
        "privatebranches": "1",
        "workshopdepotdecryptionkey": ""
    },
    "access_token": 4179282858426086810
}