{
    "appid": "3499380",
    "type": "DLC",
    "name": "Easy Red 2: Shanghai - Nanking",
    "schinese_name": "",
    "isfreeapp": "0",
    "change_number": "28466988",
    "update_time": "2025-04-14 21:09:15",
    "depot": {
        "3499380": {
            "dlcappid": "3499380",
            "manifests": {
                "public": {
                    "gid": "3665159405217490266",
                    "size": "36",
                    "download": "80"
                }
            },
            "decryptionkey": "562ad0c0a2753f1aaf4cae8e67c3d2326d4709031c2a1f3d7d37fa3a1f24ea7c"
        },
        "branches": {
            "public": {
                "buildid": "17850357",
                "timeupdated": "1742899907"
            }
        }
    }
}