{
    "appid": "3374610",
    "type": "Game",
    "name": "Christmas Mutilator",
    "schinese_name": "",
    "isfreeapp": "0",
    "change_number": "28943309",
    "update_time": "2025-05-13 00:33:26",
    "depot": {
        "3374611": {
            "manifests": {
                "public": {
                    "gid": "4364980917632195798",
                    "size": "2608125225",
                    "download": "1688627520"
                }
            },
            "decryptionkey": "9e988009a5656df132b3191f3a12f1a8723781b17fd8bfe2a689ae18a22d2735"
        },
        "branches": {
            "public": {
                "buildid": "16666278",
                "timeupdated": "1733566403"
            }
        }
    }
}