{
    "appid": "3196570",
    "type": "Game",
    "name": "轮回之境",
    "schinese_name": "",
    "isfreeapp": "0",
    "change_number": "28189399",
    "update_time": "2025-03-28 19:38:04",
    "depot": {
        "228989": {
            "config": {
                "oslist": "windows"
            },
            "depotfromapp": "228980",
            "sharedinstall": "1"
        },
        "228990": {
            "config": {
                "oslist": "windows"
            },
            "depotfromapp": "228980",
            "sharedinstall": "1"
        },
        "3196571": {
            "manifests": {
                "public": {
                    "gid": "1344886795939151845",
                    "size": "4952235479",
                    "download": "4779972320"
                }
            },
            "decryptionkey": "f0026f891fee6e584946b58b028781cc11aeb064e87eca1831974e970c3e4d2c"
        },
        "branches": {
            "public": {
                "buildid": "17897178",
                "timeupdated": "1743161880"
            }
        }
    }
}