{
    "appid": "3665900",
    "type": "Game",
    "name": "砲撃少女",
    "schinese_name": "",
    "isfreeapp": "0",
    "change_number": "29013822",
    "update_time": "2025-05-16 08:16:01",
    "depot": {
        "baselanguages": "english,schinese,tchinese,japanese",
        "3665901": {
            "config": {
                "oslist": "windows"
            },
            "manifests": {
                "public": {
                    "gid": "6968654841148733571",
                    "size": "2524194800",
                    "download": "468532336"
                }
            },
            "decryptionkey": "2280997bf0f1ae7b876c67f97d7d8cd4fc6db1321716264b62f6d8b804d1d1d7"
        },
        "branches": {
            "public": {
                "buildid": "18477613",
                "timeupdated": "1747319883"
            }
        }
    }
}