{
    "appid": "3172860",
    "type": "Game",
    "name": "Lust Epidemic 18+",
    "schinese_name": "",
    "isfreeapp": "0",
    "change_number": "29016408",
    "update_time": "2025-05-16 12:12:43",
    "depot": {
        "3172861": {
            "config": {
                "oslist": "windows"
            },
            "manifests": {
                "public": {
                    "gid": "5171641883856997954",
                    "size": "884152275",
                    "download": "325189104"
                }
            },
            "decryptionkey": "623f99b45d8afab9c117ac6ec68ad5adafe7e1199fbc8da49c0ef666b474ce5a"
        },
        "3172862": {
            "config": {
                "oslist": "macos"
            },
            "manifests": {
                "public": {
                    "gid": "3159912371865749836",
                    "size": "908499821",
                    "download": "332638512"
                }
            },
            "decryptionkey": ""
        },
        "3172863": {
            "config": {
                "oslist": "linux"
            },
            "manifests": {
                "public": {
                    "gid": "1289046375567684206",
                    "size": "885964460",
                    "download": "324355072"
                }
            },
            "decryptionkey": ""
        },
        "branches": {
            "public": {
                "buildid": "15849082",
                "timeupdated": "1727433141"
            }
        },
        "privatebranches": "1"
    }
}