{
    "appid": "3023780",
    "type": "Demo",
    "name": "NO-SKIN Demo",
    "schinese_name": "",
    "isfreeapp": "0",
    "change_number": "27343388",
    "update_time": "2025-02-06 19:05:39",
    "depot": {
        "baselanguages": "english,italian",
        "3023781": {
            "config": {
                "oslist": "windows"
            },
            "manifests": {
                "public": {
                    "gid": "8206194497665835214",
                    "size": "55381867",
                    "download": "44274112"
                },
                "0.6_betatest": {
                    "gid": "5516671634190329267",
                    "size": "56234559",
                    "download": "44929104"
                }
            },
            "decryptionkey": "c68a47d833230f748fc4e85ad0f477c10f1aadf42d37d4461bd8d56c91eafe09"
        },
        "branches": {
            "public": {
                "buildid": "15485252",
                "timeupdated": "1724576755"
            },
            "0.6_betatest": {
                "buildid": "16072753",
                "description": "Ver 0.6 beta test",
                "timeupdated": "1729118329"
            }
        },
        "privatebranches": "1"
    }
}