{
    "appid": "3485400",
    "type": "Game",
    "name": "Historical Albion Press Experience VR",
    "schinese_name": "",
    "isfreeapp": "0",
    "change_number": "27458884",
    "update_time": "2025-02-13 20:26:05",
    "depot": {
        "228989": {
            "config": {
                "oslist": "windows"
            },
            "depotfromapp": "228980",
            "sharedinstall": "1"
        },
        "228990": {
            "config": {
                "oslist": "windows"
            },
            "depotfromapp": "228980",
            "sharedinstall": "1"
        },
        "3485401": {
            "manifests": {
                "public": {
                    "gid": "6006512806427958363",
                    "size": "445067253",
                    "download": "310784352"
                }
            },
            "decryptionkey": "f17852d22bd2d922bc8bd2309f7fa35dd511820f49d30d80a8187169fc92e815"
        },
        "branches": {
            "public": {
                "buildid": "17151913",
                "timeupdated": "1738025993"
            }
        }
    }
}