{
    "appid": "3089050",
    "type": "Demo",
    "name": "Hail to the Rainbow Demo",
    "schinese_name": "",
    "isfreeapp": "0",
    "change_number": "27443698",
    "update_time": "2025-02-13 01:21:18",
    "depot": {
        "3089051": {
            "manifests": {
                "public": {
                    "gid": "3867878779208687762",
                    "size": "5380737884",
                    "download": "2603490848"
                }
            },
            "decryptionkey": "297184b7cf392eefb26d6c33f639c2f7cfb48336a67ee26f05762c6e612073f6"
        },
        "branches": {
            "public": {
                "buildid": "16352020",
                "timeupdated": "1731152167"
            }
        }
    }
}