{
    "appid": "2990630",
    "type": "Demo",
    "name": "DUCKSIDE Demo",
    "schinese_name": "",
    "isfreeapp": "0",
    "change_number": "25485131",
    "update_time": "2024-10-02 09:24:58",
    "depot": {
        "228989": {
            "config": {
                "oslist": "windows"
            },
            "depotfromapp": "228980",
            "sharedinstall": "1"
        },
        "228990": {
            "config": {
                "oslist": "windows"
            },
            "depotfromapp": "228980",
            "sharedinstall": "1"
        },
        "2990631": {
            "manifests": {
                "public": {
                    "gid": "6833537182569765990",
                    "size": "15277517607",
                    "download": "7727162896"
                }
            },
            "decryptionkey": "8212fa75782c894bc83dfd8d95a3c8b2cb2bf94810b8e1717b5ff6bff9d32125"
        },
        "branches": {
            "public": {
                "buildid": "14830279",
                "timeupdated": "1719313370"
            }
        },
        "privatebranches": "1"
    }
}