{
    "appid": "3023690",
    "type": "Game",
    "name": "Money And Lady",
    "schinese_name": "",
    "isfreeapp": "0",
    "change_number": "28178922",
    "update_time": "2025-03-28 05:15:43",
    "depot": {
        "3023691": {
            "config": {
                "oslist": "windows",
                "osarch": "64"
            },
            "manifests": {
                "public": {
                    "gid": "3675774708206489963",
                    "size": "6845571978",
                    "download": "1335444432"
                }
            },
            "decryptionkey": "ca75a75d538c49954a3d19aae2f78a7fbc5b509f0688ed966c1ff5166e5f15f0"
        },
        "3122140": {
            "dlcappid": "3122140",
            "config": {
                "oslist": "windows",
                "osarch": "64"
            },
            "manifests": {
                "public": {
                    "gid": "3658004225650455651",
                    "size": "6116586904",
                    "download": "1407620848"
                }
            },
            "decryptionkey": ""
        },
        "3168680": {
            "dlcappid": "3168680",
            "config": {
                "oslist": "windows",
                "osarch": "64"
            },
            "manifests": {
                "public": {
                    "gid": "1204645125419795634",
                    "size": "6156639225",
                    "download": "1425611184"
                }
            },
            "decryptionkey": "67075f673e48fec13e5e73f43010da980f2a99389bb55538734fdee725f257db"
        },
        "branches": {
            "public": {
                "buildid": "16788973",
                "timeupdated": "1734536980"
            }
        }
    }
}