{
    "appid": "2953830",
    "type": "Demo",
    "name": "Teeto Demo",
    "schinese_name": "",
    "isfreeapp": "0",
    "change_number": "27543241",
    "update_time": "2025-02-19 06:17:54",
    "depot": {
        "2953831": {
            "manifests": {
                "public": {
                    "gid": "6869973292150962802",
                    "size": "439163469",
                    "download": "264188032"
                }
            },
            "decryptionkey": "b77605bf35b78a04c08e6c1ffb2b6a346f9259370774e0141c37b24041756bb5"
        },
        "branches": {
            "public": {
                "buildid": "17413957",
                "timeupdated": "1739917069"
            }
        }
    }
}