{
    "appid": "3163470",
    "type": "Game",
    "name": "At Death's Door",
    "schinese_name": "",
    "isfreeapp": "0",
    "change_number": "28976122",
    "update_time": "2025-05-14 22:40:36",
    "depot": {
        "baselanguages": "english",
        "3163471": {
            "manifests": {
                "public": {
                    "gid": "8196046102192250388",
                    "size": "8303341194",
                    "download": "3524830688"
                }
            },
            "decryptionkey": "aa7c034b5fac2d5941f946e1945a255992c34bcc9c8d7934fdc0b85139a9c4ce"
        },
        "3163472": {},
        "branches": {
            "public": {
                "buildid": "18332503",
                "timeupdated": "1746283665"
            }
        },
        "privatebranches": "1"
    }
}