{
    "appid": "3022690",
    "type": "Game",
    "name": "Night Driver",
    "schinese_name": "",
    "isfreeapp": "0",
    "change_number": "28536216",
    "update_time": "2025-04-18 02:58:18",
    "depot": {
        "3022691": {
            "manifests": {
                "public": {
                    "gid": "5269136110897109190",
                    "size": "452172571",
                    "download": "62039600"
                }
            },
            "decryptionkey": "e2fb3ef49669b39db63ad980cc341aaaf4f48ee5b2a743fbaa062ce1ec581ea5"
        },
        "branches": {
            "public": {
                "buildid": "14587861",
                "timeupdated": "1717434251"
            }
        }
    }
}