{
    "appid": "3244220",
    "type": "Game",
    "name": "A Game About Digging A Hole",
    "schinese_name": "掘地求财",
    "isfreeapp": "0",
    "change_number": "29016528",
    "update_time": "2025-05-16 12:24:48",
    "depot": {
        "228989": {
            "config": {
                "oslist": "windows"
            },
            "depotfromapp": "228980",
            "sharedinstall": "1"
        },
        "228990": {
            "config": {
                "oslist": "windows"
            },
            "depotfromapp": "228980",
            "sharedinstall": "1"
        },
        "3244221": {
            "manifests": {
                "public": {
                    "gid": "7003077520451003577",
                    "size": "934485388",
                    "download": "673778288"
                }
            },
            "decryptionkey": "4f1dcf1c8754ebe535efcdce9a662fc39701588510124052947612f1f24a795c"
        },
        "baselanguages": "english,german",
        "branches": {
            "public": {
                "buildid": "17793684",
                "timeupdated": "1742471387"
            }
        },
        "privatebranches": "1"
    }
}