{
    "appid": "3538350",
    "type": "Game",
    "name": "Trump Simulator 2025",
    "schinese_name": "",
    "isfreeapp": "0",
    "change_number": "28811688",
    "update_time": "2025-05-05 01:28:34",
    "depot": {
        "hasdepotsindlc": "1",
        "228989": {
            "config": {
                "oslist": "windows"
            },
            "depotfromapp": "228980",
            "sharedinstall": "1"
        },
        "228990": {
            "config": {
                "oslist": "windows"
            },
            "depotfromapp": "228980",
            "sharedinstall": "1"
        },
        "3538351": {
            "manifests": {
                "public": {
                    "gid": "729885401978208308",
                    "size": "3126390279",
                    "download": "2777089904"
                }
            },
            "decryptionkey": "d881859e27503374ec8dc1c00fbbb894339d65ce477987dedd4959ad20f7357c"
        },
        "3609450": {
            "dlcappid": "3609450",
            "config": {
                "oslist": "windows",
                "optionaldlc": "3609450"
            }
        },
        "branches": {
            "public": {
                "buildid": "17843251",
                "timeupdated": "1742854250"
            }
        },
        "appmanagesdlc": "1"
    }
}