{
    "appid": "3208490",
    "type": "Demo",
    "name": "Steam Punks Demo",
    "schinese_name": "",
    "isfreeapp": "0",
    "change_number": "25368383",
    "update_time": "2024-09-24 20:35:06",
    "depot": {
        "3208491": {
            "manifests": {
                "public": {
                    "gid": "4941569469491014445",
                    "size": "1246484599",
                    "download": "135104576"
                }
            },
            "decryptionkey": "77f7083c3c04e3dd54f684eb11ad89107503838b66151096daad7103077b22c2"
        },
        "branches": {
            "public": {
                "buildid": "15730367",
                "timeupdated": "1726584136"
            }
        }
    }
}