{
    "appid": "3027400",
    "type": "Music",
    "name": "Fuga: Melodies of Steel OST Vol. 1",
    "schinese_name": "",
    "isfreeapp": "0",
    "change_number": "26183469",
    "update_time": "2024-11-14 07:26:57",
    "depot": {
        "3027401": {
            "manifests": {
                "public": {
                    "gid": "3490415973197418055",
                    "size": "122873192",
                    "download": "98767600"
                }
            },
            "decryptionkey": "615ad33a4d8c666a5b363a31c1bd9e0b9781a66da459c3d2a6959a709c00bf81"
        },
        "3027402": {},
        "3027403": {
            "config": {
                "highqualityaudio": "1"
            },
            "manifests": {
                "public": {
                    "gid": "7852603408308567613",
                    "size": "541789742",
                    "download": "461781328"
                }
            },
            "decryptionkey": "19239e01c2aada9a51de9c6e63a30d426c282290c18c4bc68358ad912787b4e1"
        },
        "branches": {
            "public": {
                "buildid": "15055786",
                "timeupdated": "1721175811"
            }
        },
        "privatebranches": "1"
    }
}