{
    "appid": "2988290",
    "type": "Game",
    "name": "Endless Tentacle Cave",
    "schinese_name": "无底触穴",
    "isfreeapp": "0",
    "change_number": "28877902",
    "update_time": "2025-05-08 16:32:24",
    "depot": {
        "2988291": {
            "manifests": {
                "public": {
                    "gid": "8837497843717923430",
                    "size": "2133512190",
                    "download": "1787518976"
                }
            },
            "decryptionkey": "c4051cecc4562a0c10f24104538c83a67710d5e74249edf016d700cdbe21c23d"
        },
        "branches": {
            "public": {
                "buildid": "15558947",
                "timeupdated": "1725186567"
            }
        }
    }
}