{
    "appid": "2983770",
    "type": "Game",
    "name": "Bad Omens: 8th Apartment",
    "schinese_name": "",
    "isfreeapp": "0",
    "change_number": "28195735",
    "update_time": "2025-03-29 01:16:34",
    "depot": {
        "2983771": {
            "manifests": {
                "public": {
                    "gid": "3157281985911711045",
                    "size": "314427502",
                    "download": "226817696"
                }
            },
            "decryptionkey": "7c2c6f16fd563b8e73e32ecefb1a7104599d7ce53337949a405afb52a83f4913"
        },
        "branches": {
            "public": {
                "buildid": "15252488",
                "timeupdated": "1722722623"
            }
        }
    }
}