{
    "appid": "2979820",
    "type": "Game",
    "name": "Chaser of Light",
    "schinese_name": "",
    "isfreeapp": "0",
    "change_number": "24635051",
    "update_time": "2024-08-03 21:30:56",
    "depot": {
        "2979821": {
            "manifests": {
                "public": {
                    "gid": "5137177075398894091",
                    "size": "53349929",
                    "download": "14855952"
                }
            },
            "decryptionkey": "8998c7763f7022f8cf7a901b8c73726af892f41d78fe4aa98a01e7330e50ec81"
        },
        "branches": {
            "public": {
                "buildid": "14270512",
                "timeupdated": "1714911682"
            }
        }
    }
}