{
    "appid": "3244390",
    "type": "Demo",
    "name": "Keep Driving Demo",
    "schinese_name": "",
    "isfreeapp": "0",
    "change_number": "27386122",
    "update_time": "2025-02-09 17:44:25",
    "depot": {
        "3244391": {
            "manifests": {
                "public": {
                    "gid": "4877561280257661194",
                    "size": "1130440826",
                    "download": "991274720"
                }
            },
            "decryptionkey": "2cb7860ff07dd0f72d4f3a106120319dce5edaeee09efa894dba64da5a674b1b"
        },
        "branches": {
            "public": {
                "buildid": "16137475",
                "timeupdated": "1729606684"
            }
        },
        "privatebranches": "1"
    }
}