{
    "appid": "3186340",
    "type": "Game",
    "name": "STAaRS",
    "schinese_name": "",
    "isfreeapp": "1",
    "change_number": "28564440",
    "update_time": "2025-04-19 23:58:47",
    "depot": {
        "228989": {
            "config": {
                "oslist": "windows"
            },
            "depotfromapp": "228980",
            "sharedinstall": "1"
        },
        "228990": {
            "config": {
                "oslist": "windows"
            },
            "depotfromapp": "228980",
            "sharedinstall": "1"
        },
        "3186341": {
            "manifests": {
                "public": {
                    "gid": "2259544859309054045",
                    "size": "1862880779",
                    "download": "1729107984"
                }
            },
            "decryptionkey": "6223be8bd744a8b1bc5b67796dbe7fe2017600cf25545c33742563354b8dae77"
        },
        "branches": {
            "public": {
                "buildid": "16355687",
                "timeupdated": "1731211164"
            }
        }
    }
}