{
    "appid": "3071490",
    "type": "Game",
    "name": "PoetryAdventure",
    "schinese_name": "寻诗奇遇",
    "isfreeapp": "0",
    "change_number": "28439970",
    "update_time": "2025-04-12 09:28:02",
    "depot": {
        "3071491": {
            "manifests": {
                "public": {
                    "gid": "518540814830752194",
                    "size": "1122077480",
                    "download": "286747104"
                }
            },
            "decryptionkey": "853cd0140acec613b8c042ea5eaf35d6cb4745a80575513f45060f1d357ecb32"
        },
        "baselanguages": "schinese,tchinese",
        "branches": {
            "public": {
                "buildid": "18080004",
                "timeupdated": "1744421278"
            }
        },
        "privatebranches": "1"
    }
}