{
    "appid": "2983980",
    "type": "Demo",
    "name": "Saviour of the Wasteland Demo",
    "schinese_name": "",
    "isfreeapp": "0",
    "change_number": "23913231",
    "update_time": "2024-07-16 02:47:07",
    "depot": {
        "2983981": {
            "manifests": {
                "public": {
                    "gid": "344093565632726737",
                    "size": "389770579",
                    "download": "280667088"
                }
            },
            "decryptionkey": "e95e26ca461126e31c419591d40a96a8c1ccc3f941bf76d1ae6db455be75f983"
        },
        "branches": {
            "public": {
                "buildid": "14665350",
                "timeupdated": "1718029118"
            }
        }
    }
}