{
    "appid": "3474900",
    "type": "Application",
    "name": "AnimaEngine",
    "schinese_name": "",
    "isfreeapp": "0",
    "change_number": "29035264",
    "update_time": "2025-05-17 09:21:26",
    "depot": {
        "workshopdepot": "3474900",
        "3474901": {
            "manifests": {
                "public": {
                    "gid": "6606557446806509128",
                    "size": "6828706402",
                    "download": "2042483056"
                }
            },
            "decryptionkey": "fbc9891a1c20a2a57931cc7ac38cec562cf9fb996f284e99863b13fb98f140d8"
        },
        "3474902": {
            "config": {
                "oslist": "windows"
            }
        },
        "branches": {
            "public": {
                "buildid": "18499074",
                "timeupdated": "1747444879"
            }
        },
        "workshopdepotdecryptionkey": "6962e235f2435a469ecb60cd81380e00dc587a5d3bcb7d7090db101661c4990b"
    }
}