{
    "appid": "3066510",
    "type": "Game",
    "name": "Home 0",
    "schinese_name": "",
    "isfreeapp": "0",
    "change_number": "28963493",
    "update_time": "2025-05-13 23:32:51",
    "depot": {
        "baselanguages": "english,schinese,japanese",
        "3066511": {
            "manifests": {
                "public": {
                    "gid": "1697525055451911193",
                    "size": "742011078",
                    "download": "532257072"
                }
            },
            "decryptionkey": "0489474a2279eb8e46f59078bf07dc423ae8a26c3881ee857cf3431892d2df3d"
        },
        "branches": {
            "public": {
                "buildid": "16725198",
                "timeupdated": "1734027582"
            }
        }
    }
}