{
    "appid": "3606910",
    "type": "Game",
    "name": "Hentai Tales: Isekai Uncle Reversal 2",
    "schinese_name": "",
    "isfreeapp": "0",
    "change_number": "28742233",
    "update_time": "2025-04-30 14:20:29",
    "depot": {
        "3606911": {
            "config": {
                "oslist": "windows"
            },
            "manifests": {
                "public": {
                    "gid": "4491885711392873165",
                    "size": "639227583",
                    "download": "133130512"
                }
            },
            "decryptionkey": "e66b026209b27da56ad74fed070a3c045401d301ae887052006926c7318a9871"
        },
        "3606912": {
            "config": {
                "oslist": "macos"
            },
            "manifests": {
                "public": {
                    "gid": "1607807770962177189",
                    "size": "633746779",
                    "download": "132147136"
                }
            }
        },
        "3606913": {
            "config": {
                "oslist": "linux"
            },
            "manifests": {
                "public": {
                    "gid": "2590034132980414608",
                    "size": "679402591",
                    "download": "132774016"
                }
            }
        },
        "baselanguages": "english",
        "branches": {
            "public": {
                "buildid": "18194066",
                "timeupdated": "1745994025"
            }
        }
    }
}