{
    "appid": "3292980",
    "type": "Game",
    "name": "Hacky",
    "schinese_name": "",
    "isfreeapp": "0",
    "change_number": "29016574",
    "update_time": "2025-05-16 12:30:47",
    "depot": {
        "3292981": {
            "manifests": {
                "public": {
                    "gid": "5430574974249766556",
                    "size": "153885712",
                    "download": "100961968"
                }
            },
            "decryptionkey": "b41add0ee57cebc4d27dfd57dcea96f8fe2db83e09b4c646f1986dae79dbfc7c"
        },
        "branches": {
            "public": {
                "buildid": "16652133",
                "timeupdated": "1733462392"
            }
        }
    }
}