{
    "appid": "3026410",
    "type": "Demo",
    "name": "CraftCraft Demo",
    "schinese_name": "奇巧匠：手工经商模拟 Demo",
    "isfreeapp": "0",
    "change_number": "26183469",
    "update_time": "2024-11-14 07:26:44",
    "depot": {
        "3026413": {
            "config": {
                "oslist": "windows",
                "osarch": "64"
            },
            "manifests": {
                "public": {
                    "gid": "403985704509700711",
                    "size": "1905052295",
                    "download": "1548009120"
                }
            },
            "decryptionkey": "dad8e32e054cd7141054fa9b56fdbeaf94b2a10ed312b51cb3203ff3ee1109fa"
        },
        "3026414": {
            "config": {
                "oslist": "macos"
            },
            "manifests": {
                "public": {
                    "gid": "4564299512806040378",
                    "size": "1943969151",
                    "download": "1553858848"
                }
            },
            "decryptionkey": ""
        },
        "3026411": {},
        "branches": {
            "public": {
                "buildid": "15920345",
                "timeupdated": "1727983184"
            }
        },
        "privatebranches": "1"
    }
}