{
    "appid": "3422780",
    "type": "Demo",
    "name": "悠星大陆 Demo",
    "schinese_name": "",
    "isfreeapp": "0",
    "change_number": "27417094",
    "update_time": "2025-02-11 17:38:25",
    "depot": {
        "3422781": {
            "manifests": {
                "public": {
                    "gid": "6816718993954785391",
                    "size": "6204307806",
                    "download": "5088725024"
                }
            },
            "decryptionkey": "a773f1931150302d4a6bb06deb2c016588131a88ecbe683d191b3dee1450c6e5"
        },
        "baselanguages": "schinese",
        "branches": {
            "public": {
                "buildid": "17121247",
                "timeupdated": "1737731555"
            }
        },
        "privatebranches": "1"
    }
}