{
    "appid": "2951890",
    "type": "Game",
    "name": "The Cursed Tape",
    "schinese_name": "",
    "isfreeapp": "0",
    "change_number": "28942106",
    "update_time": "2025-05-12 23:31:48",
    "depot": {
        "228989": {
            "config": {
                "oslist": "windows"
            },
            "depotfromapp": "228980",
            "sharedinstall": "1"
        },
        "228990": {
            "config": {
                "oslist": "windows"
            },
            "depotfromapp": "228980",
            "sharedinstall": "1"
        },
        "2951891": {
            "config": {
                "oslist": "windows",
                "osarch": "64"
            },
            "manifests": {
                "public": {
                    "gid": "9093927037024262514",
                    "size": "7672105053",
                    "download": "7508948784"
                }
            },
            "decryptionkey": "d84b32d9dfb5121bf9e7ca38d6243648d164668022616b4d1960267c8978066e"
        },
        "branches": {
            "public": {
                "buildid": "14302688",
                "timeupdated": "1715170976"
            }
        }
    }
}