{
    "appid": "3564570",
    "type": "Game",
    "name": "MazeSlug",
    "schinese_name": "迷蝓",
    "isfreeapp": "0",
    "change_number": "28752451",
    "update_time": "2025-04-30 23:23:59",
    "depot": {
        "228989": {
            "config": {
                "oslist": "windows"
            },
            "depotfromapp": "228980",
            "sharedinstall": "1"
        },
        "228990": {
            "config": {
                "oslist": "windows"
            },
            "depotfromapp": "228980",
            "sharedinstall": "1"
        },
        "3564571": {
            "manifests": {
                "public": {
                    "gid": "1169523038141622487",
                    "size": "2593570575",
                    "download": "2497755568"
                }
            },
            "decryptionkey": "dd51770c7709925a4ca7f1981c6fd747fb36db5208abc848ecb330a0345033f6"
        },
        "baselanguages": "english,schinese",
        "branches": {
            "public": {
                "buildid": "18297529",
                "timeupdated": "1746024772"
            }
        }
    }
}