{
    "appid": "3034450",
    "type": "Game",
    "name": "流る星 -a wish star-",
    "schinese_name": "流星 -a wish star-",
    "isfreeapp": "0",
    "change_number": "28601407",
    "update_time": "2025-04-22 20:59:04",
    "depot": {
        "228990": {
            "config": {
                "oslist": "windows"
            },
            "depotfromapp": "228980",
            "sharedinstall": "1"
        },
        "3034451": {
            "manifests": {
                "public": {
                    "gid": "2851060093814789685",
                    "size": "1544403444",
                    "download": "1476303392"
                }
            },
            "decryptionkey": "7edb092ca8a34fcf00626f1655dafbd68b0ef3c0d0874f102f839da70b88809b"
        },
        "3034452": {
            "manifests": {
                "public": {
                    "gid": "6180186969189145924",
                    "size": "0",
                    "download": "0"
                }
            },
            "decryptionkey": "377ddde3a661209a218d8dabb34569df1599922a84ae7cb34651f539b1d2e66a"
        },
        "branches": {
            "public": {
                "buildid": "15285373",
                "timeupdated": "1723007765"
            }
        },
        "privatebranches": "1"
    }
}