{
    "appid": "3070260",
    "type": "Game",
    "name": "Monkeys & Typewriters!",
    "schinese_name": "猴子打字机",
    "isfreeapp": "0",
    "change_number": "26696477",
    "update_time": "2024-12-18 22:16:44",
    "depot": {
        "baselanguages": "english,german,koreana,schinese,japanese,indonesian",
        "3070261": {
            "config": {
                "oslist": "windows"
            },
            "manifests": {
                "public": {
                    "gid": "544297116241710497",
                    "size": "209005838",
                    "download": "57059488"
                }
            },
            "decryptionkey": "8e0e9eb713c1cb5660d25b85d3ae80577a870ad3885a313f4b070f2a3a06588f"
        },
        "3070262": {
            "config": {
                "oslist": "macos"
            },
            "manifests": {
                "public": {
                    "gid": "8436984648723181627",
                    "size": "226098428",
                    "download": "63700176"
                }
            },
            "decryptionkey": ""
        },
        "branches": {
            "public": {
                "buildid": "16677059",
                "timeupdated": "1733725757"
            }
        },
        "privatebranches": "1"
    }
}