{
    "appid": "3116650",
    "type": "Demo",
    "name": "Serke Demo",
    "schinese_name": "",
    "isfreeapp": "0",
    "change_number": "25781125",
    "update_time": "2024-10-18 15:43:40",
    "depot": {
        "3116651": {
            "manifests": {
                "public": {
                    "gid": "4443505333903815736",
                    "size": "1830168773",
                    "download": "551747232"
                }
            },
            "decryptionkey": "64ea31cc686b44044e48a90fcabd44be38d9a3534a2bac3239d192c70ea73551"
        },
        "baselanguages": "english,koreana,japanese",
        "branches": {
            "public": {
                "buildid": "16065969",
                "timeupdated": "1729237416"
            }
        }
    }
}