{
    "appid": "3390560",
    "type": "Demo",
    "name": "Lust's Cupid Demo",
    "schinese_name": "",
    "isfreeapp": "0",
    "change_number": "27439431",
    "update_time": "2025-02-12 21:00:43",
    "depot": {
        "3390561": {
            "manifests": {
                "public": {
                    "gid": "103836255271966358",
                    "size": "1897362213",
                    "download": "576337648"
                }
            },
            "decryptionkey": "a41ea0aab840681f5d9e254196fcebdd45f04af6a16dd5a939b9bddea718fb78"
        },
        "branches": {
            "public": {
                "buildid": "17171398",
                "timeupdated": "1738157536"
            }
        }
    }
}