{
    "appid": "3678750",
    "type": "Game",
    "name": "Tiny Dino",
    "schinese_name": "桌面小恐龙",
    "isfreeapp": "0",
    "change_number": "29029440",
    "update_time": "2025-05-17 01:15:45",
    "depot": {
        "228988": {
            "config": {
                "oslist": "windows"
            },
            "depotfromapp": "228980",
            "sharedinstall": "1"
        },
        "228990": {
            "config": {
                "oslist": "windows"
            },
            "depotfromapp": "228980",
            "sharedinstall": "1"
        },
        "3678751": {
            "manifests": {
                "public": {
                    "gid": "8727896587962788731",
                    "size": "3710666026",
                    "download": "3138512080"
                }
            },
            "decryptionkey": "1d89380dc35b3163ecfea1eb84b56c8872a97d796dd13c48b6afe7122889e589"
        },
        "branches": {
            "public": {
                "buildid": "18471764",
                "timeupdated": "1747293457"
            }
        }
    }
}