{
    "appid": "3242230",
    "type": "Game",
    "name": "TRAILCAM",
    "schinese_name": "",
    "isfreeapp": "0",
    "change_number": "29016528",
    "update_time": "2025-05-16 12:24:48",
    "depot": {
        "228989": {
            "config": {
                "oslist": "windows"
            },
            "depotfromapp": "228980",
            "sharedinstall": "1"
        },
        "228990": {
            "config": {
                "oslist": "windows"
            },
            "depotfromapp": "228980",
            "sharedinstall": "1"
        },
        "229007": {
            "config": {
                "oslist": "windows"
            },
            "depotfromapp": "228980",
            "sharedinstall": "1"
        },
        "3242231": {
            "manifests": {
                "public": {
                    "gid": "5213125723359029007",
                    "size": "2778752071",
                    "download": "2420595840"
                }
            },
            "decryptionkey": "30e1e62ad0ece1aa5d1eeb5465d40d604d393724581c9a43a9c4b1a341cd1691"
        },
        "branches": {
            "public": {
                "buildid": "16032573",
                "timeupdated": "1728888963"
            }
        }
    }
}