{
    "appid": "3615360",
    "type": "Game",
    "name": "Your StepSister",
    "schinese_name": "你的继妹",
    "isfreeapp": "0",
    "change_number": "28921715",
    "update_time": "2025-05-11 08:34:54",
    "depot": {
        "3615361": {
            "manifests": {
                "public": {
                    "gid": "2472308374962684073",
                    "size": "483615137",
                    "download": "89681296"
                }
            },
            "decryptionkey": "d90d490cb9ee756daa844c05fd5e799653136fa7b20fa7428da7e3472af26989"
        },
        "workshopdepot": "3615360",
        "branches": {
            "public": {
                "buildid": "18413932",
                "timeupdated": "1746877930"
            }
        },
        "workshopdepotdecryptionkey": ""
    }
}