{
    "appid": "3317770",
    "type": "Demo",
    "name": "iScoot Demo",
    "schinese_name": "",
    "isfreeapp": "0",
    "change_number": "26688748",
    "update_time": "2024-12-18 12:11:32",
    "depot": {
        "3317771": {
            "config": {
                "oslist": "macos"
            },
            "manifests": {
                "public": {
                    "gid": "138318885914893309",
                    "size": "4030695327",
                    "download": "1740467792"
                }
            },
            "decryptionkey": ""
        },
        "3317772": {
            "config": {
                "oslist": "windows",
                "osarch": "64"
            },
            "manifests": {
                "public": {
                    "gid": "4398051260672894535",
                    "size": "3887101381",
                    "download": "1697921808"
                }
            },
            "decryptionkey": "bb06e848be971f83bacc47569a79fd304dac35fcb32b2f1ca81fb183469a887f"
        },
        "branches": {
            "public": {
                "buildid": "16669111",
                "timeupdated": "1734495082"
            }
        }
    }
}