{
    "appid": "3028640",
    "type": "Demo",
    "name": "Lust for Speed Demo",
    "schinese_name": "",
    "isfreeapp": "0",
    "change_number": "26183469",
    "update_time": "2024-11-14 07:26:51",
    "depot": {
        "baselanguages": "english,german,french,italian,koreana,spanish,schinese,tchinese,russian,thai,japanese,portuguese,polish,danish,dutch,finnish,norwegian,swedish,hungarian,czech,romanian,turkish,arabic,brazilian,bulgarian,greek,ukrainian,latam,vietnamese,indonesian",
        "3028641": {
            "config": {
                "oslist": "windows",
                "osarch": "64"
            },
            "manifests": {
                "public": {
                    "gid": "1196053062760109326",
                    "size": "549804847",
                    "download": "143863312"
                }
            },
            "decryptionkey": "e1ae6cf0911ca765ac73099d459abcd1ba1976949c473f63d7cb8cccb517ba6f"
        },
        "3028642": {
            "config": {
                "oslist": "windows",
                "osarch": "32"
            },
            "manifests": {
                "public": {
                    "gid": "2784135897812176451",
                    "size": "539104405",
                    "download": "140279024"
                }
            },
            "decryptionkey": ""
        },
        "3028643": {
            "config": {
                "oslist": "linux"
            },
            "manifests": {
                "public": {
                    "gid": "3162690377808534511",
                    "size": "547408095",
                    "download": "141297248"
                }
            },
            "decryptionkey": ""
        },
        "3028644": {
            "config": {
                "oslist": "macos"
            },
            "manifests": {
                "public": {
                    "gid": "494402397372226994",
                    "size": "568970982",
                    "download": "150497552"
                }
            },
            "decryptionkey": ""
        },
        "branches": {
            "public": {
                "buildid": "15528752",
                "timeupdated": "1724919350"
            }
        },
        "privatebranches": "1"
    }
}