{
    "appid": "3148610",
    "type": "Game",
    "name": "Apprehend",
    "schinese_name": "",
    "isfreeapp": "0",
    "change_number": "26253459",
    "update_time": "2024-11-21 01:02:30",
    "depot": {
        "3148611": {
            "manifests": {
                "public": {
                    "gid": "2269624414047798498",
                    "size": "255786790",
                    "download": "19110944"
                }
            },
            "decryptionkey": "a1853c36d608e69f540237e0b41dd231e25ddf5ae026f516c4846057fbd0574d"
        },
        "branches": {
            "public": {
                "buildid": "15253688",
                "timeupdated": "1722741576"
            }
        }
    },
    "access_token": 7631889636493868810
}