{
    "appid": "3215680",
    "type": "Game",
    "name": "Who is Paul",
    "schinese_name": "",
    "isfreeapp": "0",
    "change_number": "28351683",
    "update_time": "2025-04-08 02:32:45",
    "depot": {
        "3215681": {
            "config": {
                "oslist": "windows"
            },
            "manifests": {
                "public": {
                    "gid": "2781984432976292075",
                    "size": "7016522382",
                    "download": "3031305568"
                }
            },
            "decryptionkey": "eab46fa0ce2568362b578c8f2206074561b73932c202d5dd7bf68e41bd984cb7"
        },
        "branches": {
            "public": {
                "buildid": "16280764",
                "timeupdated": "1730658717"
            }
        }
    }
}