{
    "appid": "3493610",
    "type": "Game",
    "name": "THREAT -SCREAM AND ESCAPE-",
    "schinese_name": "威嚇：尖叫逃亡",
    "isfreeapp": "0",
    "change_number": "29047099",
    "update_time": "2025-05-18 16:13:11",
    "depot": {
        "baselanguages": "english,tchinese,japanese",
        "3493613": {
            "config": {
                "oslist": "macos"
            },
            "manifests": {
                "public": {
                    "gid": "7897503053592188621",
                    "size": "1487161980",
                    "download": "750530624"
                },
                "beta_02": {
                    "gid": "7692084757530844474",
                    "size": "1575472031",
                    "download": "780779120"
                }
            }
        },
        "3493614": {
            "config": {
                "oslist": "windows"
            },
            "manifests": {
                "public": {
                    "gid": "5286466000229087019",
                    "size": "1458722093",
                    "download": "747914288"
                },
                "beta_02": {
                    "gid": "3927671109301117901",
                    "size": "1547049808",
                    "download": "778282256"
                }
            },
            "decryptionkey": ""
        },
        "3493611": {
            "config": {
                "oslist": "macos"
            },
            "manifests": {
                "public": {
                    "gid": "4015022433889625395",
                    "size": "1487161980",
                    "download": "750526368"
                },
                "beta_02": {
                    "gid": "2968092562769938816",
                    "size": "1575472031",
                    "download": "780764720"
                }
            }
        },
        "3493612": {
            "config": {
                "oslist": "windows"
            },
            "manifests": {
                "public": {
                    "gid": "5570520331835836400",
                    "size": "1458722093",
                    "download": "747922144"
                },
                "beta_02": {
                    "gid": "65022792786153442",
                    "size": "1547049808",
                    "download": "778270560"
                }
            },
            "decryptionkey": "ffcdc7843d7e0c7ddd79832692f711bf05050b1beb7088437d6d535c90dbbb1a"
        },
        "3493615": {
            "config": {
                "oslist": "windows"
            },
            "manifests": {
                "public": {
                    "gid": "1988589374702705632",
                    "size": "1465262322",
                    "download": "744501632"
                }
            },
            "decryptionkey": ""
        },
        "branches": {
            "public": {
                "buildid": "18507534",
                "timeupdated": "1747555988"
            },
            "beta_02": {
                "buildid": "17957745",
                "description": "cβt2用のブランチです。",
                "timeupdated": "1743611728"
            }
        }
    }
}