{
    "appid": "3292350",
    "type": "Demo",
    "name": "肥羊危机II / FatSheep Crisis II Demo",
    "schinese_name": "肥羊危机II Demo",
    "isfreeapp": "0",
    "change_number": "26375805",
    "update_time": "2024-12-05 04:50:49",
    "depot": {
        "228988": {
            "config": {
                "oslist": "windows"
            },
            "depotfromapp": "228980",
            "sharedinstall": "1"
        },
        "228990": {
            "config": {
                "oslist": "windows"
            },
            "depotfromapp": "228980",
            "sharedinstall": "1"
        },
        "229002": {
            "config": {
                "oslist": "windows"
            },
            "depotfromapp": "228980",
            "sharedinstall": "1"
        },
        "3292351": {
            "manifests": {
                "public": {
                    "gid": "7080268999232754697",
                    "size": "1056120971",
                    "download": "195688432"
                }
            },
            "decryptionkey": "09d32b7f95416cc187044753ef7ab205a39c7b0f2ae5d164f0451cfa693445a3"
        },
        "baselanguages": "english,koreana,schinese,tchinese,russian,japanese",
        "branches": {
            "public": {
                "buildid": "16208256",
                "timeupdated": "1730131737"
            }
        }
    }
}