{
    "appid": "3256480",
    "type": "Demo",
    "name": "As We Descend Demo",
    "schinese_name": "永夜之围 Demo",
    "isfreeapp": "0",
    "change_number": "28843521",
    "update_time": "2025-05-06 22:35:51",
    "depot": {
        "228989": {
            "config": {
                "oslist": "windows"
            },
            "depotfromapp": "228980",
            "sharedinstall": "1"
        },
        "228990": {
            "config": {
                "oslist": "windows"
            },
            "depotfromapp": "228980",
            "sharedinstall": "1"
        },
        "3256481": {
            "manifests": {
                "public": {
                    "gid": "7745560032821968026",
                    "size": "3272339960",
                    "download": "3048866304"
                }
            },
            "decryptionkey": "bbc7ab2dc24107947dd3e7c36886ebcd1cad12f48e9b0aa02a041bf1d330fcb8"
        },
        "baselanguages": "english,german,italian,koreana,spanish,schinese,tchinese,polish,ukrainian",
        "branches": {
            "public": {
                "buildid": "18358433",
                "timeupdated": "1746542144"
            }
        },
        "privatebranches": "1"
    }
}