{
    "appid": "3231990",
    "type": "Game",
    "name": "Soccer in a Box",
    "schinese_name": "盒中足球",
    "isfreeapp": "0",
    "change_number": "26742521",
    "update_time": "2024-12-21 10:20:33",
    "depot": {
        "3231991": {
            "manifests": {
                "public": {
                    "gid": "3667319838220772946",
                    "size": "144767624",
                    "download": "99451712"
                }
            },
            "decryptionkey": "80afbdb4a975734a5e1585013b89e1e421f7429e63b9b103fb5c0a93e7bdd217"
        },
        "branches": {
            "public": {
                "buildid": "16348683",
                "timeupdated": "1731111996"
            }
        }
    }
}