{
    "appid": "3651480",
    "type": "Game",
    "name": "Only Up ! 3",
    "schinese_name": "",
    "isfreeapp": "0",
    "change_number": "29046609",
    "update_time": "2025-05-18 14:49:44",
    "depot": {
        "228989": {
            "config": {
                "oslist": "windows"
            },
            "depotfromapp": "228980",
            "sharedinstall": "1"
        },
        "228990": {
            "config": {
                "oslist": "windows"
            },
            "depotfromapp": "228980",
            "sharedinstall": "1"
        },
        "3651481": {
            "manifests": {
                "public": {
                    "gid": "5775830495264621509",
                    "size": "1666988708",
                    "download": "1493068416"
                }
            },
            "decryptionkey": "adef690fca07f7a0bc6924b21e18be559528a7075e071cf97b6f2e6946376ddb"
        },
        "baselanguages": "english",
        "branches": {
            "public": {
                "buildid": "18507183",
                "timeupdated": "1747550981"
            }
        }
    }
}