{
    "appid": "3343770",
    "type": "Game",
    "name": "Scauage",
    "schinese_name": "",
    "isfreeapp": "1",
    "change_number": "29039797",
    "update_time": "2025-05-17 20:15:53",
    "depot": {
        "228989": {
            "config": {
                "oslist": "windows"
            },
            "depotfromapp": "228980",
            "sharedinstall": "1"
        },
        "229000": {
            "config": {
                "oslist": "windows"
            },
            "depotfromapp": "228980",
            "sharedinstall": "1"
        },
        "3343771": {
            "manifests": {
                "public": {
                    "gid": "6449729657125534453",
                    "size": "159443262",
                    "download": "93779600"
                }
            },
            "decryptionkey": "fb8bba1ded9a299dff09df95e8629bd2a2b8391862452de0f870150347e16d22"
        },
        "branches": {
            "public": {
                "buildid": "16597655",
                "timeupdated": "1733122786"
            }
        }
    }
}