{
    "appid": "2982280",
    "type": "Demo",
    "name": "Oblin Party Demo",
    "schinese_name": "",
    "isfreeapp": "0",
    "change_number": "27478901",
    "update_time": "2025-02-14 20:17:21",
    "depot": {
        "2982281": {
            "config": {
                "oslist": "windows"
            },
            "manifests": {
                "public": {
                    "gid": "7072520260516222194",
                    "size": "365241080",
                    "download": "108647008"
                }
            },
            "decryptionkey": "fbd0d2b407aa57f303e5ea07eecce52c52ddb1858827d0fda658db1506cd03c3"
        },
        "2982282": {
            "config": {
                "oslist": "linux"
            },
            "manifests": {
                "public": {
                    "gid": "9006198917223880956",
                    "size": "395218776",
                    "download": "116623984"
                }
            },
            "decryptionkey": ""
        },
        "2982283": {
            "config": {
                "oslist": "macos",
                "osarch": "64"
            },
            "manifests": {
                "public": {
                    "gid": "2853325963067508653",
                    "size": "429216490",
                    "download": "122140816"
                }
            },
            "decryptionkey": ""
        },
        "baselanguages": "english,german,french,italian,koreana,schinese,tchinese,russian,japanese,polish,turkish,brazilian,latam",
        "branches": {
            "public": {
                "buildid": "17364572",
                "timeupdated": "1739526821"
            }
        },
        "privatebranches": "1"
    }
}