{
    "appid": "3177550",
    "type": "Game",
    "name": "Black Light Kills",
    "schinese_name": "",
    "isfreeapp": "0",
    "change_number": "29026010",
    "update_time": "2025-05-16 22:16:19",
    "depot": {
        "228988": {
            "config": {
                "oslist": "windows"
            },
            "depotfromapp": "228980",
            "sharedinstall": "1"
        },
        "228989": {
            "config": {
                "oslist": "windows"
            },
            "depotfromapp": "228980",
            "sharedinstall": "1"
        },
        "228990": {
            "config": {
                "oslist": "windows"
            },
            "depotfromapp": "228980",
            "sharedinstall": "1"
        },
        "3177551": {
            "manifests": {
                "public": {
                    "gid": "3595369905128226261",
                    "size": "7126503020",
                    "download": "6150537424"
                }
            },
            "decryptionkey": "7b314b2ecfa1185206599379aa6a7ee3a751574d717a67ef2e44ce3e0b2bf65a"
        },
        "branches": {
            "public": {
                "buildid": "17886999",
                "timeupdated": "1743098162"
            }
        }
    }
}