{
    "appid": "3007750",
    "type": "DLC",
    "name": "Innocent Grape - Digital Artbook",
    "schinese_name": "",
    "isfreeapp": "0",
    "change_number": "25090868",
    "update_time": "2024-09-05 19:55:59",
    "depot": {
        "3007750": {
            "manifests": {
                "public": {
                    "gid": "4144553411478935953",
                    "size": "81800024",
                    "download": "76599936"
                }
            },
            "dlcappid": "3007750",
            "decryptionkey": "745389b76e6844e0b4ffc4f4fcaa6854ee067a5c644e970b6a2c0123ea8bc21f"
        },
        "branches": {
            "public": {
                "buildid": "15265713",
                "timeupdated": "1722872358"
            }
        }
    }
}