{
    "appid": "3044470",
    "type": "Demo",
    "name": "Call me Hero Demo",
    "schinese_name": "",
    "isfreeapp": "0",
    "change_number": "25376591",
    "update_time": "2024-09-25 06:59:02",
    "depot": {
        "baselanguages": "schinese",
        "228985": {
            "config": {
                "oslist": "windows"
            },
            "depotfromapp": "228980",
            "sharedinstall": "1"
        },
        "228989": {
            "config": {
                "oslist": "windows"
            },
            "depotfromapp": "228980",
            "sharedinstall": "1"
        },
        "228990": {
            "config": {
                "oslist": "windows"
            },
            "depotfromapp": "228980",
            "sharedinstall": "1"
        },
        "3044471": {
            "config": {
                "oslist": "windows",
                "osarch": "64"
            },
            "manifests": {
                "public": {
                    "gid": "6905329481892010061",
                    "size": "1852909834",
                    "download": "1731557376"
                }
            },
            "decryptionkey": "a7b7014eff3f577281086aef3e5a989f65a57fa73dc6fb7a8378ded172c77b2a"
        },
        "branches": {
            "public": {
                "buildid": "14648965",
                "timeupdated": "1717838803"
            }
        }
    }
}