{
    "appid": "3097570",
    "type": "Game",
    "name": "CHAINED",
    "schinese_name": "",
    "isfreeapp": "0",
    "change_number": "26183469",
    "update_time": "2024-11-14 07:31:50",
    "depot": {
        "228989": {
            "config": {
                "oslist": "windows"
            },
            "depotfromapp": "228980",
            "sharedinstall": "1"
        },
        "228990": {
            "config": {
                "oslist": "windows"
            },
            "depotfromapp": "228980",
            "sharedinstall": "1"
        },
        "3097571": {
            "manifests": {
                "public": {
                    "gid": "1427595725525068347",
                    "size": "7071591664",
                    "download": "6912713696"
                }
            },
            "decryptionkey": "900852e193c445cd5c008eec7041abac89773dca0be86b746b83cdc1c2b5b98e"
        },
        "baselanguages": "english,german,french,italian,koreana,spanish,schinese,tchinese,russian,japanese,portuguese,polish,danish,dutch,norwegian,swedish,hungarian,czech,romanian,turkish,brazilian,greek,ukrainian,latam,vietnamese",
        "branches": {
            "public": {
                "buildid": "16039551",
                "timeupdated": "1728924599"
            }
        },
        "privatebranches": "1"
    }
}