{
    "appid": "3341050",
    "type": "Tool",
    "name": "Drova - Mod Tool",
    "schinese_name": "",
    "isfreeapp": "0",
    "change_number": "26111425",
    "update_time": "2024-11-09 00:41:08",
    "depot": {
        "3341051": {
            "manifests": {
                "public": {
                    "gid": "6941814283462829441",
                    "size": "250106195",
                    "download": "159268912"
                }
            },
            "decryptionkey": "672bb6b7894735055b7365337aa39d88bfa49ac99206d5fab00a30844ff0064d"
        },
        "branches": {
            "public": {
                "buildid": "16343151",
                "timeupdated": "1731077027"
            }
        }
    }
}