{
    "appid": "3343840",
    "type": "Game",
    "name": "Dino running from a FURRY: GAMESFORFARM",
    "schinese_name": "",
    "isfreeapp": "0",
    "change_number": "28858183",
    "update_time": "2025-05-07 17:10:19",
    "depot": {
        "228989": {
            "config": {
                "oslist": "windows"
            },
            "depotfromapp": "228980",
            "sharedinstall": "1"
        },
        "228990": {
            "config": {
                "oslist": "windows"
            },
            "depotfromapp": "228980",
            "sharedinstall": "1"
        },
        "3343841": {
            "manifests": {
                "public": {
                    "gid": "5454178741631798107",
                    "size": "484201408",
                    "download": "131305200"
                }
            },
            "decryptionkey": "5d5c2006da313c45c3a3e3ce9edfbc11e3e5218dbb03449ea17360bcda79df9c"
        },
        "branches": {
            "public": {
                "buildid": "16466509",
                "timeupdated": "1732068488"
            }
        }
    }
}