{
    "appid": "3163250",
    "type": "Demo",
    "name": "44 Hidden Naomis Demo",
    "schinese_name": "思嘉哪儿去了？ 44 Hidden Naomis Demo",
    "isfreeapp": "0",
    "change_number": "28983957",
    "update_time": "2025-05-14 23:21:17",
    "depot": {
        "baselanguages": "english,schinese,tchinese,japanese",
        "228983": {
            "config": {
                "oslist": "windows"
            },
            "depotfromapp": "228980",
            "sharedinstall": "1"
        },
        "228990": {
            "config": {
                "oslist": "windows"
            },
            "depotfromapp": "228980",
            "sharedinstall": "1"
        },
        "3163251": {
            "config": {
                "language": "english"
            },
            "manifests": {
                "public": {
                    "gid": "7290281452375305679",
                    "size": "671480733",
                    "download": "308646000"
                }
            },
            "decryptionkey": "ededf8d0476e62278d84894dba1ea07d58decf86431589702b9f72aaa966e804"
        },
        "3163252": {
            "config": {
                "language": "tchinese"
            },
            "manifests": {
                "public": {
                    "gid": "1904902302935647914",
                    "size": "671301886",
                    "download": "307721168"
                }
            },
            "decryptionkey": ""
        },
        "3163253": {
            "config": {
                "language": "japanese"
            },
            "manifests": {
                "public": {
                    "gid": "5777874565137931191",
                    "size": "671647704",
                    "download": "308008976"
                }
            },
            "decryptionkey": ""
        },
        "3163254": {
            "config": {
                "language": "schinese"
            },
            "manifests": {
                "public": {
                    "gid": "8945142396102942730",
                    "size": "671275184",
                    "download": "308522416"
                }
            },
            "decryptionkey": "b9376761890fbf5f46ec7402c094158df67a6093e2ab7d3fa328081f2c7ca4c6"
        },
        "branches": {
            "public": {
                "buildid": "15485374",
                "timeupdated": "1724579588"
            }
        }
    }
}