{
    "appid": "3249970",
    "type": "Game",
    "name": "Corrupt Them All - Tokyo Meow",
    "schinese_name": "",
    "isfreeapp": "0",
    "change_number": "29034039",
    "update_time": "2025-05-17 07:13:04",
    "depot": {
        "3249971": {
            "manifests": {
                "public": {
                    "gid": "5662284190059929307",
                    "size": "736565637",
                    "download": "244672336"
                }
            },
            "decryptionkey": "e0a8ab5896e19b2ef4646aec6ce2134eaebc1b2a07bf9be7578dcdab7b16eca9"
        },
        "branches": {
            "public": {
                "buildid": "16527362",
                "timeupdated": "1732560145"
            }
        },
        "privatebranches": "1"
    }
}