{
    "appid": "2994870",
    "type": "Demo",
    "name": "S4U: CITYPUNK 2011 AND LOVE PUNCH DEMO",
    "schinese_name": "S4U: 都市朋克2011与爱的重拳 DEMO",
    "isfreeapp": "0",
    "change_number": "27070538",
    "update_time": "2025-01-20 13:56:25",
    "depot": {
        "baselanguages": "",
        "2994871": {
            "config": {
                "oslist": "windows"
            },
            "manifests": {
                "public": {
                    "gid": "4062197218470512414",
                    "size": "957524154",
                    "download": "311887824"
                }
            },
            "decryptionkey": "9bbe6efb8cbf23642b5f8d645ca40a2661b114c7de931ac900d2e8b1205e4317"
        },
        "branches": {
            "public": {
                "buildid": "16952716",
                "timeupdated": "1736433730"
            }
        },
        "privatebranches": "1"
    }
}