{
    "appid": "3381120",
    "type": "Game",
    "name": "ZDSimulator",
    "schinese_name": "",
    "isfreeapp": "0",
    "change_number": "29027875",
    "update_time": "2025-05-16 23:56:54",
    "depot": {
        "228983": {
            "config": {
                "oslist": "windows"
            },
            "depotfromapp": "228980",
            "sharedinstall": "1"
        },
        "baselanguages": "english,german,french,russian,polish,czech,ukrainian",
        "hasdepotsindlc": "1",
        "3381121": {
            "config": {
                "oslist": "windows"
            },
            "manifests": {
                "public": {
                    "gid": "3306378813816431126",
                    "size": "3028288695",
                    "download": "786758464"
                }
            },
            "decryptionkey": "728de21056163f61d9e9347d5812d2dbfd24a3b450348920c66a269e77b23b8f"
        },
        "workshopdepot": "3381120",
        "branches": {
            "public": {
                "buildid": "18435266",
                "timeupdated": "1747411010"
            }
        },
        "privatebranches": "1",
        "workshopdepotdecryptionkey": ""
    }
}