{
    "appid": "3047790",
    "type": "Music",
    "name": "Selaco Soundtrack",
    "schinese_name": "",
    "isfreeapp": "0",
    "change_number": "27429209",
    "update_time": "2025-02-12 07:59:29",
    "depot": {
        "3047791": {
            "manifests": {
                "public": {
                    "gid": "6301728485352696987",
                    "size": "246832040",
                    "download": "245750080"
                }
            },
            "decryptionkey": "97322e66aff48af46b50031bcc732089efe06a31b3ec39aa00d81f94c591dd1a"
        },
        "3047792": {
            "config": {
                "highqualityaudio": "1"
            },
            "manifests": {
                "public": {
                    "gid": "5553993400483935504",
                    "size": "710784374",
                    "download": "718653120"
                }
            },
            "decryptionkey": "5845da176cfa35c6dbed6a9c07178decd631369e02ae8f19e8c942acba144d93"
        },
        "branches": {
            "public": {
                "buildid": "14817238",
                "timeupdated": "1719229429"
            }
        }
    }
}