{
    "appid": "3602140",
    "type": "Music",
    "name": "Deep Cuts OST - Forsaken Festival",
    "schinese_name": "",
    "isfreeapp": "0",
    "change_number": "28772287",
    "update_time": "2025-05-02 01:13:25",
    "depot": {
        "3602141": {
            "manifests": {
                "public": {
                    "gid": "1446983731722405143",
                    "size": "73088352",
                    "download": "72707120"
                }
            },
            "decryptionkey": "2a421e6de87d55a2b17836075e1fd5e088ca38c25df5934e75f6c4da54c455dc"
        },
        "3602142": {
            "config": {
                "highqualityaudio": "1"
            },
            "manifests": {
                "public": {
                    "gid": "7778217249465295708",
                    "size": "1175639106",
                    "download": "985750192"
                }
            },
            "decryptionkey": "dadcb84664a740ba0fc3503d617cf92b97f8b36a87880b0094a77586feb0f886"
        },
        "branches": {
            "public": {
                "buildid": "17754550",
                "timeupdated": "1742230487"
            }
        }
    }
}