{
    "appid": "3176700",
    "type": "Demo",
    "name": "挖矿与成就 Demo",
    "schinese_name": "",
    "isfreeapp": "0",
    "change_number": "25959487",
    "update_time": "2024-10-30 06:21:10",
    "depot": {
        "3176701": {
            "manifests": {
                "public": {
                    "gid": "6857100967116861231",
                    "size": "273430546",
                    "download": "30962560"
                }
            },
            "decryptionkey": "69d393369af25a197afa97160c83eed3db415d221c976c1bcb3539f98231917e"
        },
        "baselanguages": "english,koreana,spanish,schinese,tchinese,japanese",
        "branches": {
            "public": {
                "buildid": "15872246",
                "timeupdated": "1727682449"
            }
        }
    }
}