{
    "appid": "3438040",
    "type": "Game",
    "name": "Gooning Aim Trainer",
    "schinese_name": "性瘾者目标训练师",
    "isfreeapp": "0",
    "change_number": "29016478",
    "update_time": "2025-05-16 12:19:33",
    "depot": {
        "228989": {
            "config": {
                "oslist": "windows"
            },
            "depotfromapp": "228980",
            "sharedinstall": "1"
        },
        "228990": {
            "config": {
                "oslist": "windows"
            },
            "depotfromapp": "228980",
            "sharedinstall": "1"
        },
        "229007": {
            "config": {
                "oslist": "windows"
            },
            "depotfromapp": "228980",
            "sharedinstall": "1"
        },
        "3438041": {
            "manifests": {
                "public": {
                    "gid": "5998080541278937667",
                    "size": "1086691044",
                    "download": "894741664"
                }
            },
            "decryptionkey": "f9b2369caa6242168cdb458b1cd0f681804c9463b9cfb531cfadc8b661d8ed10"
        },
        "branches": {
            "public": {
                "buildid": "18051519",
                "timeupdated": "1744264195"
            }
        },
        "privatebranches": "1"
    }
}