{
    "appid": "3147430",
    "type": "Game",
    "name": "Journey to Incrementalia",
    "schinese_name": "",
    "isfreeapp": "0",
    "change_number": "29016345",
    "update_time": "2025-05-16 12:06:44",
    "depot": {
        "3147431": {
            "manifests": {
                "public": {
                    "gid": "4518638485600302398",
                    "size": "186865322",
                    "download": "111767296"
                }
            },
            "decryptionkey": "4aab435ba111207f062739efb410a414d38f11e0e1910a84df1ac5e2b682d325"
        },
        "branches": {
            "public": {
                "buildid": "18452021",
                "timeupdated": "1747179179"
            }
        }
    }
}