{
    "appid": "3284010",
    "type": "Demo",
    "name": "Metal Thunder Demo",
    "schinese_name": "",
    "isfreeapp": "0",
    "change_number": "26063137",
    "update_time": "2024-11-06 07:19:35",
    "depot": {
        "3284011": {
            "manifests": {
                "public": {
                    "gid": "1809968798851645336",
                    "size": "538689349",
                    "download": "420824576"
                }
            },
            "decryptionkey": "24bbe3b29fdef1c57e2faa03084c9964888369f32a2b7e024974036117e920f4"
        },
        "branches": {
            "public": {
                "buildid": "16089855",
                "timeupdated": "1729219729"
            }
        }
    }
}