{
    "appid": "3447590",
    "type": "Demo",
    "name": "Recharge Demo",
    "schinese_name": "",
    "isfreeapp": "0",
    "change_number": "28666148",
    "update_time": "2025-04-25 21:02:46",
    "depot": {
        "228989": {
            "config": {
                "oslist": "windows"
            },
            "depotfromapp": "228980",
            "sharedinstall": "1"
        },
        "228990": {
            "config": {
                "oslist": "windows"
            },
            "depotfromapp": "228980",
            "sharedinstall": "1"
        },
        "3447591": {
            "manifests": {
                "public": {
                    "gid": "1264205897413192698",
                    "size": "6357647618",
                    "download": "5207934784"
                }
            },
            "decryptionkey": "ee32f648efea6c39c0b7bf2b464b066f47e12cd04ecff83403c4a3bd76a56797"
        },
        "hasdepotsindlc": "0",
        "branches": {
            "public": {
                "buildid": "17556561",
                "timeupdated": "1740806775"
            }
        },
        "privatebranches": "1"
    }
}