{
    "appid": "2962380",
    "type": "Demo",
    "name": "Old School Rally Demo",
    "schinese_name": "",
    "isfreeapp": "0",
    "change_number": "24021209",
    "update_time": "2024-07-16 02:47:06",
    "depot": {
        "2962381": {
            "manifests": {
                "public": {
                    "gid": "918231884419160366",
                    "size": "306566063",
                    "download": "150487904"
                }
            },
            "decryptionkey": "9fde9057759910faacc97bbc70cc7f619f195368cb881c56260e9bf51031d4de"
        },
        "branches": {
            "public": {
                "buildid": "14708932",
                "timeupdated": "1718352541"
            }
        },
        "privatebranches": "1"
    }
}