{
    "appid": "3172700",
    "type": "Game",
    "name": "Banquet for Fools",
    "schinese_name": "",
    "isfreeapp": "0",
    "change_number": "29032663",
    "update_time": "2025-05-17 04:59:39",
    "depot": {
        "3172701": {
            "config": {
                "oslist": "windows",
                "osarch": "64"
            },
            "manifests": {
                "public": {
                    "gid": "4990574300945064638",
                    "size": "9604867626",
                    "download": "5989395648"
                }
            },
            "decryptionkey": "0a51fbcec9c86fe5efd4531fab2c3c094dc9418dd21ddee026bf031a10f1dea2"
        },
        "3172702": {
            "config": {
                "oslist": "macos"
            },
            "manifests": {
                "public": {
                    "gid": "6765120368653290677",
                    "size": "9626794186",
                    "download": "6005687696"
                }
            }
        },
        "3172703": {
            "config": {
                "oslist": "windows",
                "osarch": "32"
            },
            "manifests": {
                "public": {
                    "gid": "1892274956775240004",
                    "size": "9592531482",
                    "download": "5996957232"
                }
            },
            "decryptionkey": ""
        },
        "branches": {
            "public": {
                "buildid": "18497011",
                "timeupdated": "1747429176"
            }
        },
        "privatebranches": "1"
    }
}