{
    "appid": "3060960",
    "type": "DLC",
    "name": "The Emperor and State - Supporter Pack",
    "schinese_name": "皇帝与社稷 - 支持者包",
    "isfreeapp": "0",
    "change_number": "28960866",
    "update_time": "2025-05-13 21:08:05",
    "depot": {
        "3060961": {
            "config": {
                "oslist": "windows",
                "osarch": "64"
            },
            "manifests": {
                "public": {
                    "gid": "6471986126343595692",
                    "size": "1480275084",
                    "download": "479016416"
                }
            },
            "dlcappid": "3060960",
            "decryptionkey": "5782a6ec3c1e2c39a1347bf0ef9f419f3db9b1dcc439cff949c98fbe88c76f27"
        },
        "branches": {
            "public": {
                "buildid": "18445103",
                "timeupdated": "1747141680"
            }
        },
        "privatebranches": "1"
    }
}