{
    "appid": "3260600",
    "type": "Demo",
    "name": "Primal Planet Demo",
    "schinese_name": "",
    "isfreeapp": "0",
    "change_number": "27176650",
    "update_time": "2025-01-27 09:29:09",
    "depot": {
        "3260601": {
            "manifests": {
                "public": {
                    "gid": "1070885084678591506",
                    "size": "192534400",
                    "download": "95129152"
                }
            },
            "decryptionkey": "05ea186b571f316f27d281a38c39464886933552d7d69742640c7c2ee45706f1"
        },
        "branches": {
            "public": {
                "buildid": "16682549",
                "timeupdated": "1733762487"
            }
        },
        "privatebranches": "1"
    }
}