{
    "appid": "3359010",
    "type": "Music",
    "name": "Arisen Force: Life Devotee Soundtrack II",
    "schinese_name": "崛起力量: 添命人 音乐原声2",
    "isfreeapp": "0",
    "change_number": "27172104",
    "update_time": "2025-01-26 21:52:09",
    "depot": {
        "3359011": {
            "manifests": {
                "public": {
                    "gid": "1207152644849096313",
                    "size": "247954410",
                    "download": "190955680"
                }
            },
            "decryptionkey": "7fc27367f95aab5c611886705d7b01b27814291f8f53685e97ce970091b2af24"
        },
        "branches": {
            "public": {
                "buildid": "17075694",
                "timeupdated": "1737453845"
            }
        }
    }
}