{
    "appid": "3628630",
    "type": "Game",
    "name": "Parking Lot Simulator: Car Collector",
    "schinese_name": "",
    "isfreeapp": "0",
    "change_number": "28942106",
    "update_time": "2025-05-12 23:31:55",
    "depot": {
        "3628631": {
            "manifests": {
                "public": {
                    "gid": "8594279749867455606",
                    "size": "3879783044",
                    "download": "2916456160"
                }
            },
            "decryptionkey": "4262a12db92bd5ce71c1040d4ef93a0259922aaad29344ca7f301248de7c60a7"
        },
        "branches": {
            "public": {
                "buildid": "18165763",
                "timeupdated": "1745050457"
            }
        }
    }
}