{
    "appid": "3133370",
    "type": "Demo",
    "name": "Slime Princess Demo",
    "schinese_name": "史莱姆公主 Demo",
    "isfreeapp": "0",
    "change_number": "27535321",
    "update_time": "2025-02-18 21:47:46",
    "depot": {
        "3133371": {
            "manifests": {
                "public": {
                    "gid": "3728625712792944014",
                    "size": "122718072",
                    "download": "65877056"
                }
            },
            "decryptionkey": "1b37a1933ab41c5465a1801828dabdb4fc63d27d6db0a9a6b0e7c4fe84fcd51d"
        },
        "branches": {
            "public": {
                "buildid": "15672169",
                "timeupdated": "1726113219"
            }
        }
    }
}