{
    "appid": "3312030",
    "type": "Game",
    "name": "AI Learns To Drive",
    "schinese_name": "",
    "isfreeapp": "0",
    "change_number": "28564851",
    "update_time": "2025-04-20 00:59:08",
    "depot": {
        "3312031": {
            "manifests": {
                "public": {
                    "gid": "7039355547277608360",
                    "size": "250391624",
                    "download": "102463984"
                },
                "test": {
                    "gid": "7039355547277608360",
                    "size": "250391624",
                    "download": "102463984"
                }
            },
            "decryptionkey": "7ad30214c8a641abe2c259c892ec5d4e563e8cf2b1799cf748b8c5e596a112bb"
        },
        "branches": {
            "public": {
                "buildid": "17996646",
                "timeupdated": "1743869188"
            },
            "test": {
                "buildid": "17996646",
                "description": "Testing branch.",
                "timeupdated": "1743868947"
            }
        },
        "privatebranches": "1"
    }
}