{
    "appid": "3153440",
    "type": "Demo",
    "name": "The Berlin Apartment Demo",
    "schinese_name": "",
    "isfreeapp": "0",
    "change_number": "26485661",
    "update_time": "2024-12-05 12:11:25",
    "depot": {
        "3153441": {
            "manifests": {
                "public": {
                    "gid": "1900930993113695281",
                    "size": "3505621690",
                    "download": "717891568"
                }
            },
            "decryptionkey": "abe7a57e8e951308461e1264752eb12ae520d4bb4fcb02c3a4fbbd50402ae057"
        },
        "baselanguages": "english,german",
        "branches": {
            "public": {
                "buildid": "15837301",
                "timeupdated": "1727357643"
            }
        }
    }
}