{
    "appid": "2994790",
    "type": "Game",
    "name": "Summer Scent",
    "schinese_name": "",
    "isfreeapp": "0",
    "change_number": "29015726",
    "update_time": "2025-05-16 11:06:50",
    "depot": {
        "2994791": {
            "config": {
                "language": "english",
                "osarch": "64"
            },
            "manifests": {
                "public": {
                    "gid": "1953269390104127109",
                    "size": "4802607121",
                    "download": "4619901472"
                }
            },
            "decryptionkey": "5c060538a93c66aebe2e3b0e02eb8cddde3bebcdccee9dcc7017794cadcc0046"
        },
        "branches": {
            "public": {
                "buildid": "16861541",
                "timeupdated": "1735317524"
            }
        }
    }
}