{
    "appid": "3402090",
    "type": "DLC",
    "name": "Horse Furry - DLC",
    "schinese_name": "",
    "isfreeapp": "0",
    "change_number": "26816756",
    "update_time": "2024-12-30 19:43:14",
    "depot": {
        "3402090": {
            "config": {
                "language": "english",
                "oslist": "windows"
            },
            "manifests": {
                "public": {
                    "gid": "9116622554826840657",
                    "size": "185794892",
                    "download": "184090592"
                }
            },
            "dlcappid": "3402090",
            "decryptionkey": "af24423b8173284c8e56e3430467f9ae0eaacb859552bf0ba1864c17c9afb5d9"
        },
        "branches": {
            "public": {
                "buildid": "16716579",
                "timeupdated": "1733978630"
            }
        }
    }
}