{
    "appid": "3140650",
    "type": "Game",
    "name": "Perish",
    "schinese_name": "",
    "isfreeapp": "0",
    "change_number": "26253459",
    "update_time": "2024-11-21 01:02:29",
    "depot": {
        "3140651": {
            "manifests": {
                "public": {
                    "gid": "9197223513477641286",
                    "size": "99034850",
                    "download": "21867520"
                }
            },
            "decryptionkey": "ac5977bbcc91382de5bd20b67f2327c101ecbfd23a3986f94354175b90fa7a19"
        },
        "branches": {
            "public": {
                "buildid": "15199725",
                "timeupdated": "1722344423"
            }
        }
    },
    "access_token": 15825606445024903795
}