{
    "appid": "3156460",
    "type": "Demo",
    "name": "Sexbot Demo",
    "schinese_name": "",
    "isfreeapp": "0",
    "change_number": "26284051",
    "update_time": "2024-11-21 01:28:16",
    "depot": {
        "3156461": {
            "manifests": {
                "public": {
                    "gid": "5625039928523852246",
                    "size": "1407039204",
                    "download": "1276488128"
                }
            },
            "decryptionkey": "16db06d295f2a3653b8e48971c32a207339960dba712ad933d909e5ea865371f"
        },
        "branches": {
            "public": {
                "buildid": "16102709",
                "timeupdated": "1729292516"
            }
        }
    }
}