{
    "appid": "3472100",
    "type": "Game",
    "name": "SEXSTELLAR",
    "schinese_name": "",
    "isfreeapp": "0",
    "change_number": "29047117",
    "update_time": "2025-05-18 16:15:49",
    "depot": {
        "3472101": {
            "config": {
                "oslist": "windows"
            },
            "manifests": {
                "public": {
                    "gid": "630848348422586360",
                    "size": "2351401309",
                    "download": "2161756768"
                }
            },
            "decryptionkey": "6612b9c58e708157d18c0aa7d3658fbcdda501793a9a17bf4410c00a3caa6402"
        },
        "3472102": {
            "config": {
                "oslist": "macos"
            },
            "manifests": {
                "public": {
                    "gid": "2912259226576977903",
                    "size": "2375573746",
                    "download": "2165932960"
                }
            }
        },
        "3472103": {
            "config": {
                "oslist": "linux"
            },
            "manifests": {
                "public": {
                    "gid": "8728525712693676916",
                    "size": "3815055213",
                    "download": "3462807728"
                }
            }
        },
        "branches": {
            "public": {
                "buildid": "18278857",
                "timeupdated": "1745928598"
            }
        }
    }
}