{
    "appid": "3175720",
    "type": "Game",
    "name": "BM Love Cafe",
    "schinese_name": "黑山恋爱咖啡厅",
    "isfreeapp": "0",
    "change_number": "29016408",
    "update_time": "2025-05-16 12:12:45",
    "depot": {
        "3175721": {
            "manifests": {
                "public": {
                    "gid": "4229078597546823055",
                    "size": "1669276902",
                    "download": "291270624"
                },
                "allcg": {
                    "gid": "2865448670720682598",
                    "size": "658405467",
                    "download": "88878288"
                }
            },
            "decryptionkey": "71573c1731fb949527f6c97d8059f7fc0b56ca2cceec834c0e2e5b04160fc093"
        },
        "baselanguages": "english,schinese,japanese",
        "hasdepotsindlc": "0",
        "branches": {
            "public": {
                "buildid": "18410300",
                "timeupdated": "1747001482"
            },
            "allcg": {
                "buildid": "15456251",
                "description": "allcg",
                "timeupdated": "1724306414"
            }
        }
    }
}