{
    "appid": "3171880",
    "type": "Demo",
    "name": "Wizard of Wings Demo",
    "schinese_name": "",
    "isfreeapp": "0",
    "change_number": "26373080",
    "update_time": "2024-12-05 04:43:38",
    "depot": {
        "3171881": {
            "manifests": {
                "public": {
                    "gid": "8432662734901579101",
                    "size": "2162149539",
                    "download": "602260512"
                }
            },
            "decryptionkey": "1db1df2bf0ca381be8a4eca0661bd9d1c1ae0a2deb5e4bfca51875e5cc38bb06"
        },
        "baselanguages": "english,german,french,italian,koreana,spanish,schinese,tchinese,russian,japanese,portuguese,polish,turkish,ukrainian,indonesian",
        "branches": {
            "public": {
                "buildid": "15460840",
                "timeupdated": "1724389807"
            }
        }
    }
}