{
    "appid": "3652490",
    "type": "DLC",
    "name": "CUSTOM ORDER MAID 3D2 Friendly and Slightly Naughty Woman GP-01",
    "schinese_name": "",
    "isfreeapp": "0",
    "change_number": "28739892",
    "update_time": "2025-04-30 10:46:28",
    "depot": {
        "3652491": {
            "config": {
                "oslist": "windows",
                "osarch": "64"
            },
            "manifests": {
                "public": {
                    "gid": "8302034378889007863",
                    "size": "821055091",
                    "download": "274060128"
                }
            },
            "dlcappid": "3652490",
            "decryptionkey": "9c3b4273b2f030e508ae6184da68e9147cc596eb612ef768fb95d85ff7d6b6a1"
        },
        "branches": {
            "public": {
                "buildid": "18176846",
                "timeupdated": "1745206100"
            }
        }
    }
}