{
    "appid": "2998080",
    "type": "DLC",
    "name": "RPG Maker MZ - RMFinder",
    "schinese_name": "",
    "isfreeapp": "0",
    "change_number": "23848557",
    "update_time": "2024-07-16 02:47:07",
    "depot": {
        "2998080": {
            "manifests": {
                "public": {
                    "gid": "1193748589621624805",
                    "size": "3003415",
                    "download": "898976"
                }
            },
            "dlcappid": "2998080",
            "decryptionkey": "1009c75b1e737522974e98fe085012f117ea2fcf9c058358f9eb816a28bd3516"
        },
        "branches": {
            "public": {
                "buildid": "14583355",
                "timeupdated": "1717408495"
            }
        }
    }
}