{
    "appid": "3565880",
    "type": "Game",
    "name": "Ведьмы зов",
    "schinese_name": "",
    "isfreeapp": "0",
    "change_number": "28710014",
    "update_time": "2025-04-29 00:13:36",
    "depot": {
        "3565881": {
            "manifests": {
                "public": {
                    "gid": "7060918501093853118",
                    "size": "253086471",
                    "download": "139394608"
                }
            },
            "decryptionkey": "a24a9c9109f5cad34a01616fdf638666f846f075013aebb614716e9f7778fb65"
        },
        "branches": {
            "public": {
                "buildid": "17552018",
                "timeupdated": "1740770822"
            }
        }
    }
}