{
    "appid": "3173770",
    "type": "Demo",
    "name": "SkelDungeon Demo",
    "schinese_name": "",
    "isfreeapp": "0",
    "change_number": "25828021",
    "update_time": "2024-10-22 05:50:22",
    "depot": {
        "3173771": {
            "manifests": {
                "public": {
                    "gid": "5762293231476533775",
                    "size": "327593329",
                    "download": "148440400"
                }
            },
            "decryptionkey": "aa84ee42d3b83d608fb89752c72e7e4f5f57ccc3636a4c8040fa9b95a0bc3674"
        },
        "branches": {
            "public": {
                "buildid": "15586655",
                "timeupdated": "1725433508"
            }
        }
    }
}