{
    "appid": "3123580",
    "type": "Game",
    "name": "Madness Arena",
    "schinese_name": "",
    "isfreeapp": "1",
    "change_number": "29019611",
    "update_time": "2025-05-16 16:14:49",
    "depot": {
        "hasdepotsindlc": "0",
        "baselanguages": "english",
        "228989": {
            "config": {
                "oslist": "windows"
            },
            "depotfromapp": "228980",
            "sharedinstall": "1"
        },
        "228990": {
            "config": {
                "oslist": "windows"
            },
            "depotfromapp": "228980",
            "sharedinstall": "1"
        },
        "3123581": {
            "config": {
                "oslist": "windows",
                "osarch": "64"
            },
            "manifests": {
                "public": {
                    "gid": "5170710240744425326",
                    "size": "13390496791",
                    "download": "9639872992"
                }
            },
            "decryptionkey": "214a5604c77f60bead0d98bec2201cb5e92e8cf1bef7df5de85b88436de1012a"
        },
        "3187440": {
            "dlcappid": "3187440",
            "config": {
                "oslist": "windows",
                "osarch": "64"
            },
            "manifests": {
                "public": {
                    "gid": "2510818003590744960",
                    "size": "7",
                    "download": "64"
                }
            }
        },
        "3185080": {
            "dlcappid": "3185080",
            "config": {
                "oslist": "windows",
                "osarch": "64"
            },
            "manifests": {
                "public": {
                    "gid": "1069804561696638766",
                    "size": "7",
                    "download": "64"
                }
            }
        },
        "branches": {
            "public": {
                "buildid": "17041767",
                "timeupdated": "1737129105"
            }
        },
        "privatebranches": "1"
    }
}