{
    "appid": "3004090",
    "type": "Game",
    "name": "Unbodied",
    "schinese_name": "",
    "isfreeapp": "0",
    "change_number": "24933186",
    "update_time": "2024-08-26 01:26:30",
    "depot": {
        "3004091": {
            "manifests": {
                "public": {
                    "gid": "1843225504441797671",
                    "size": "135651851",
                    "download": "41984704"
                }
            },
            "decryptionkey": "e1832c2173d7e78e6d0fd851a84a29ec7b20b78b226f4c6502f9c26c33dddc24"
        },
        "branches": {
            "public": {
                "buildid": "15486842",
                "timeupdated": "1724606784"
            }
        }
    }
}