{
    "appid": "3279160",
    "type": "Game",
    "name": "Only Up: LIZARDS MUST FALL",
    "schinese_name": "",
    "isfreeapp": "0",
    "change_number": "28445030",
    "update_time": "2025-04-12 22:12:03",
    "depot": {
        "228989": {
            "config": {
                "oslist": "windows"
            },
            "depotfromapp": "228980",
            "sharedinstall": "1"
        },
        "228990": {
            "config": {
                "oslist": "windows"
            },
            "depotfromapp": "228980",
            "sharedinstall": "1"
        },
        "3279161": {
            "manifests": {
                "public": {
                    "gid": "2108140046602913619",
                    "size": "6130048822",
                    "download": "5838172896"
                }
            },
            "decryptionkey": "3443a7884ebbf202c83e8c5a96086500513b05c04a502bdb3f1d091cbfeed513"
        },
        "branches": {
            "public": {
                "buildid": "17039790",
                "timeupdated": "1741037311"
            }
        }
    }
}