{
    "appid": "3419320",
    "type": "Music",
    "name": "Virtua Fighter 5 R.E.V.O. - Virtua Fighter 30th Anniversary Music Selection",
    "schinese_name": "Virtua Fighter 5 R.E.V.O. - VF30周年纪念音乐合集",
    "isfreeapp": "0",
    "change_number": "28393149",
    "update_time": "2025-04-10 03:13:40",
    "depot": {
        "3419321": {
            "manifests": {
                "public": {
                    "gid": "761571708819810826",
                    "size": "4121997975",
                    "download": "3036156320"
                }
            },
            "decryptionkey": "0929d2d358fbfe514e71e5350f6e02c08d6e99e0492c03a8a6c50415d3133d63"
        },
        "3419322": {
            "config": {
                "highqualityaudio": "1"
            },
            "manifests": {
                "public": {
                    "gid": "8967352750622013939",
                    "size": "16356463862",
                    "download": "15183991536"
                }
            },
            "decryptionkey": "46010cfa219028e127529941b1c113493625693d14509b1ce3608db4ed496534"
        },
        "branches": {
            "public": {
                "buildid": "17007899",
                "timeupdated": "1737338243"
            }
        },
        "privatebranches": "1"
    }
}