{
    "appid": "3365740",
    "type": "Demo",
    "name": "Death Howl Demo",
    "schinese_name": "死亡呼啸：试玩版",
    "isfreeapp": "0",
    "change_number": "27385681",
    "update_time": "2025-02-09 16:27:30",
    "depot": {
        "3365741": {
            "manifests": {
                "public": {
                    "gid": "5462797652426888766",
                    "size": "1667656290",
                    "download": "645767120"
                }
            },
            "decryptionkey": "d87840df1607aa1fdd04c5d70fc7ebfd02b939041a625f002464b3c2e77c8f84"
        },
        "branches": {
            "public": {
                "buildid": "17090270",
                "timeupdated": "1737635229"
            }
        },
        "privatebranches": "1"
    }
}