{
    "appid": "3444480",
    "type": "Game",
    "name": "Nebulock",
    "schinese_name": "",
    "isfreeapp": "0",
    "change_number": "29016664",
    "update_time": "2025-05-16 12:42:48",
    "depot": {
        "3444481": {
            "manifests": {
                "public": {
                    "gid": "4292864418655892185",
                    "size": "190521365",
                    "download": "42846944"
                }
            },
            "decryptionkey": "c44c4c6a4f9db4b092a5d69c21c8729baab585f3cca3e11d9fa0b79f3836f1a1"
        },
        "branches": {
            "public": {
                "buildid": "17233475",
                "timeupdated": "1738645539"
            }
        }
    }
}