{
    "appid": "3226850",
    "type": "Game",
    "name": "Sol-Rui -after mini-",
    "schinese_name": "苏尔露伊 -after mini-",
    "isfreeapp": "0",
    "change_number": "28589383",
    "update_time": "2025-04-22 04:59:12",
    "depot": {
        "3226851": {
            "manifests": {
                "public": {
                    "gid": "1133618042968259632",
                    "size": "980472941",
                    "download": "669615616"
                }
            },
            "decryptionkey": "649c57a9a92e5829f65173c114acab91aa0a86aaa46bf00789b681f38505189e"
        },
        "3226852": {
            "config": {
                "language": "schinese"
            },
            "manifests": {
                "public": {
                    "gid": "2785030456047437645",
                    "size": "804410977",
                    "download": "623644416"
                }
            },
            "decryptionkey": "1b99e283617da76264553e217162fe5da5c4ec11bfedaff5fefa9b73dc2b2052"
        },
        "3226853": {
            "config": {
                "language": "japanese"
            },
            "manifests": {
                "public": {
                    "gid": "5443384739655384768",
                    "size": "797859853",
                    "download": "622961792"
                }
            },
            "decryptionkey": "f39350a6019bcbd15bce0b060ea039c17c46612defec5648a9907e560b4b38f6"
        },
        "branches": {
            "public": {
                "buildid": "16972237",
                "timeupdated": "1736568621"
            }
        }
    }
}