{
    "appid": "3649480",
    "type": "Game",
    "name": "逃离森林 ",
    "schinese_name": "",
    "isfreeapp": "0",
    "change_number": "28678771",
    "update_time": "2025-04-26 11:20:53",
    "depot": {
        "baselanguages": "english,schinese,russian",
        "hasdepotsindlc": "0",
        "3649481": {
            "config": {
                "language": "schinese",
                "oslist": "windows",
                "osarch": "64"
            },
            "manifests": {
                "public": {
                    "gid": "1697650008647839546",
                    "size": "214959670",
                    "download": "62669488"
                }
            },
            "decryptionkey": "0304e48ff9b8dedb6d2cf741a0c1919612dd666159dbc1ac768b77d28b0f1e21"
        },
        "3649482": {
            "config": {
                "language": "english",
                "oslist": "windows",
                "osarch": "64"
            },
            "manifests": {
                "public": {
                    "gid": "8919177883409919472",
                    "size": "214951434",
                    "download": "62669392"
                }
            },
            "decryptionkey": ""
        },
        "3649483": {
            "config": {
                "language": "russian",
                "oslist": "windows",
                "osarch": "64"
            },
            "manifests": {
                "public": {
                    "gid": "2606736766668875765",
                    "size": "214969103",
                    "download": "62673232"
                }
            },
            "decryptionkey": ""
        },
        "branches": {
            "public": {
                "buildid": "18246949",
                "timeupdated": "1745637650"
            }
        }
    }
}