{
    "appid": "3410950",
    "type": "DLC",
    "name": "Millionaire Loong",
    "schinese_name": "",
    "isfreeapp": "0",
    "change_number": "27143943",
    "update_time": "2025-01-24 14:07:38",
    "depot": {
        "3410950": {
            "manifests": {
                "public": {
                    "gid": "2790739400200535871",
                    "size": "1486788",
                    "download": "1496304"
                }
            },
            "dlcappid": "3410950",
            "decryptionkey": "c3df4ff81eedaa744e81ce5dc963c480f6874051e801f17062ff2f54e4a26d6f"
        },
        "branches": {
            "public": {
                "buildid": "17115110",
                "timeupdated": "1737697255"
            }
        }
    }
}