{
    "appid": "3229690",
    "type": "Game",
    "name": "见诡录：色孽 Haunting Record: Sins of Lust",
    "schinese_name": "",
    "isfreeapp": "0",
    "change_number": "28648349",
    "update_time": "2025-04-25 00:07:30",
    "depot": {
        "228989": {
            "config": {
                "oslist": "windows"
            },
            "depotfromapp": "228980",
            "sharedinstall": "1"
        },
        "228990": {
            "config": {
                "oslist": "windows"
            },
            "depotfromapp": "228980",
            "sharedinstall": "1"
        },
        "3229691": {
            "manifests": {
                "public": {
                    "gid": "7642036415971572402",
                    "size": "6206854216",
                    "download": "6005891504"
                }
            },
            "decryptionkey": "d5441d0c1ffdc35cfeb4473ecf5323cb2f8a53546db7b3b2ec69af91a495b0d0"
        },
        "branches": {
            "public": {
                "buildid": "16428360",
                "timeupdated": "1731729200"
            }
        }
    }
}