{
    "appid": "3115520",
    "type": "Game",
    "name": "Precept",
    "schinese_name": "",
    "isfreeapp": "0",
    "change_number": "27422477",
    "update_time": "2025-02-11 23:22:28",
    "depot": {
        "228989": {
            "config": {
                "oslist": "windows"
            },
            "depotfromapp": "228980",
            "sharedinstall": "1"
        },
        "228990": {
            "config": {
                "oslist": "windows"
            },
            "depotfromapp": "228980",
            "sharedinstall": "1"
        },
        "3115521": {
            "manifests": {
                "public": {
                    "gid": "1199342118633096759",
                    "size": "2809932040",
                    "download": "2652802128"
                }
            },
            "decryptionkey": "c66d1c18d17614ea7ec7c589173eb37e938e9a9798d1c1c1fde55af8c41f2a7d"
        },
        "branches": {
            "public": {
                "buildid": "17323235",
                "timeupdated": "1739287343"
            }
        }
    }
}