{
    "appid": "3318310",
    "type": "DLC",
    "name": "抗日：血战上海滩-黑太阳 DLC",
    "schinese_name": "抗日：血战上海滩-黑太阳 DLC",
    "isfreeapp": "0",
    "change_number": "28914193",
    "update_time": "2025-05-10 13:14:25",
    "depot": {
        "3318310": {
            "config": {
                "oslist": "windows"
            },
            "dlcappid": "3318310"
        },
        "3318311": {
            "config": {
                "oslist": "windows"
            },
            "manifests": {
                "public": {
                    "gid": "6558971554574167031",
                    "size": "6819326490",
                    "download": "6852749552"
                }
            },
            "dlcappid": "3318310",
            "decryptionkey": "60424b6be36e7ac7002f5f9416a7aaf36e6c24b4702d6e9e441713f9923a466e"
        },
        "branches": {
            "public": {
                "buildid": "16256570",
                "timeupdated": "1730405171"
            }
        }
    }
}