{
    "appid": "3214910",
    "type": "Game",
    "name": "The Fox Hare Disaster: Chapter One",
    "schinese_name": "",
    "isfreeapp": "0",
    "change_number": "25845261",
    "update_time": "2024-10-23 03:54:01",
    "depot": {
        "3214911": {
            "manifests": {
                "public": {
                    "gid": "2651831598515331068",
                    "size": "2262211154",
                    "download": "926520832"
                }
            },
            "decryptionkey": "694cfcd8de87193f7be8b1aec260b792d4790551177ff5da6f758c673d965868"
        },
        "branches": {
            "public": {
                "buildid": "16141361",
                "timeupdated": "1729626838"
            }
        }
    }
}