{
    "appid": "3203510",
    "type": "Game",
    "name": "水浒群侠传",
    "schinese_name": "",
    "isfreeapp": "0",
    "change_number": "25455064",
    "update_time": "2024-09-30 17:04:17",
    "depot": {
        "3203511": {
            "manifests": {
                "public": {
                    "gid": "6227639274205541928",
                    "size": "2489523369",
                    "download": "150568784"
                }
            },
            "decryptionkey": "fb8884a7b3a3ec9479c45c0fde8a39694564072fa7d315df5b7ccda982087df8"
        },
        "workshopdepot": "3203510",
        "branches": {
            "public": {
                "buildid": "15872117",
                "timeupdated": "1727681623"
            }
        },
        "workshopdepotdecryptionkey": ""
    }
}