{
    "appid": "3132750",
    "type": "Demo",
    "name": "Magical Bakery Demo",
    "schinese_name": "",
    "isfreeapp": "0",
    "change_number": "28400845",
    "update_time": "2025-04-10 14:11:00",
    "depot": {
        "228989": {
            "config": {
                "oslist": "windows"
            },
            "depotfromapp": "228980",
            "sharedinstall": "1"
        },
        "228990": {
            "config": {
                "oslist": "windows"
            },
            "depotfromapp": "228980",
            "sharedinstall": "1"
        },
        "3132751": {
            "config": {
                "oslist": "windows",
                "osarch": "64"
            },
            "manifests": {
                "public": {
                    "gid": "1648782335520255217",
                    "size": "2118238695",
                    "download": "1759635936"
                }
            },
            "decryptionkey": "c784c9fa9b02d700aed3ca90f17343689bf636867fdc8bd05f0b42b613844b07"
        },
        "branches": {
            "public": {
                "buildid": "15990542",
                "timeupdated": "1728542602"
            }
        }
    }
}