{
    "appid": "3601980",
    "type": "Game",
    "name": "Manivore",
    "schinese_name": "",
    "isfreeapp": "0",
    "change_number": "29048543",
    "update_time": "2025-05-18 20:15:57",
    "depot": {
        "228988": {
            "config": {
                "oslist": "windows"
            },
            "depotfromapp": "228980",
            "sharedinstall": "1"
        },
        "228989": {
            "config": {
                "oslist": "windows"
            },
            "depotfromapp": "228980",
            "sharedinstall": "1"
        },
        "228990": {
            "config": {
                "oslist": "windows"
            },
            "depotfromapp": "228980",
            "sharedinstall": "1"
        },
        "3601981": {
            "manifests": {
                "public": {
                    "gid": "1070871900455457478",
                    "size": "4487992564",
                    "download": "4021040240"
                }
            },
            "decryptionkey": "3333ec8a55d5acab0b8821debe46173b6259b44522d3a00f3d111fe290f5176b"
        },
        "branches": {
            "public": {
                "buildid": "18409837",
                "timeupdated": "1746832642"
            }
        }
    }
}