{
    "appid": "2959050",
    "type": "Demo",
    "name": "Fantasy Match -Make a H match with cute young woman- Demo",
    "schinese_name": "异世界奇幻配对 -与可爱妹子一起色色配对- Demo",
    "isfreeapp": "0",
    "change_number": "25164552",
    "update_time": "2024-09-11 06:23:59",
    "depot": {
        "2959051": {
            "manifests": {
                "public": {
                    "gid": "5702258832570076431",
                    "size": "919258729",
                    "download": "212309888"
                }
            },
            "decryptionkey": "49befae0e3fef862033f14d374facf1d1a03c13ed9e78110edf62b01959e5f88"
        },
        "branches": {
            "public": {
                "buildid": "14154403",
                "timeupdated": "1713930251"
            }
        }
    }
}