{
    "appid": "2945640",
    "type": "DLC",
    "name": "Cities: Skylines II - Creator Pack: Dragon Gate",
    "schinese_name": "",
    "isfreeapp": "0",
    "change_number": "28982600",
    "update_time": "2025-05-14 22:51:42",
    "depot": {
        "2945640": {
            "config": {
                "oslist": "windows",
                "osarch": "64"
            },
            "dlcappid": "2945640",
            "manifests": {
                "public": {
                    "gid": "2132912396488277388",
                    "size": "1312898347",
                    "download": "1077257056"
                }
            },
            "decryptionkey": "e1c2ffe0f3139d1e9dcce3914e56e42316024a30f289013e5b0a76181bf18325"
        },
        "branches": {
            "public": {
                "buildid": "17387207",
                "timeupdated": "1742285348"
            }
        },
        "privatebranches": "1"
    }
}