{
    "appid": "3037940",
    "type": "Game",
    "name": "Chaos Caster",
    "schinese_name": "",
    "isfreeapp": "0",
    "change_number": "28372770",
    "update_time": "2025-04-09 03:43:42",
    "depot": {
        "3037941": {
            "manifests": {
                "public": {
                    "gid": "3280947947673813772",
                    "size": "252010246",
                    "download": "88556000"
                }
            },
            "decryptionkey": "6fa8cc649de9e13409589b1d131a2eab285f6e7d24d15c08c1d4ee2268a876fd"
        },
        "branches": {
            "public": {
                "buildid": "17609699",
                "timeupdated": "1741206997"
            }
        }
    }
}