{
    "appid": "3191080",
    "type": "Demo",
    "name": "Spire Horizon Online Demo",
    "schinese_name": "",
    "isfreeapp": "0",
    "change_number": "26183469",
    "update_time": "2024-11-14 07:37:34",
    "depot": {
        "228989": {
            "config": {
                "oslist": "windows"
            },
            "depotfromapp": "228980",
            "sharedinstall": "1"
        },
        "228990": {
            "config": {
                "oslist": "windows"
            },
            "depotfromapp": "228980",
            "sharedinstall": "1"
        },
        "3191081": {
            "manifests": {
                "public": {
                    "gid": "3309928262804091759",
                    "size": "10231376338",
                    "download": "9728378528"
                }
            },
            "decryptionkey": "73e3fcd70d1dc47a45971b717b6c2d95322fa82ca41a07f08577d7318584ea87"
        },
        "branches": {
            "public": {
                "buildid": "16093785",
                "timeupdated": "1729245071"
            }
        },
        "privatebranches": "1"
    }
}