{
    "appid": "3143690",
    "type": "Beta",
    "name": "瓶盖战舰 Playtest",
    "schinese_name": "",
    "isfreeapp": "0",
    "change_number": "26823962",
    "update_time": "2024-12-31 15:41:41",
    "depot": {
        "baselanguages": "english,schinese",
        "3143691": {
            "config": {
                "oslist": "windows"
            },
            "manifests": {
                "public": {
                    "gid": "3068845579273705060",
                    "size": "3251371311",
                    "download": "759909456"
                }
            },
            "decryptionkey": "e576515e9b045330f0aed43032dd14f0f32cf01f4f270eeb7a485002846bfeb4"
        },
        "3143692": {
            "config": {
                "oslist": "windows"
            }
        },
        "branches": {
            "public": {
                "buildid": "15714513",
                "timeupdated": "1726488337"
            }
        }
    }
}