{
    "appid": "3409150",
    "type": "DLC",
    "name": "RPG Maker MZ - KR Stone Quarry Tileset",
    "schinese_name": "",
    "isfreeapp": "0",
    "change_number": "27138131",
    "update_time": "2025-01-24 05:20:53",
    "depot": {
        "3409150": {
            "manifests": {
                "public": {
                    "gid": "2484989310612919796",
                    "size": "47955685",
                    "download": "47995184"
                }
            },
            "dlcappid": "3409150",
            "decryptionkey": "12d0114c89bcc86eef2b486a96481a665f61fdabbaa293d0a8772d889fd89046"
        },
        "branches": {
            "public": {
                "buildid": "17094717",
                "timeupdated": "1737568402"
            }
        }
    }
}