{
    "appid": "3278670",
    "type": "Music",
    "name": "Menace from the Deep Soundtrack",
    "schinese_name": "蠕行的恐惧：克苏鲁选集 数字原声带",
    "isfreeapp": "0",
    "change_number": "26251944",
    "update_time": "2024-11-19 06:30:58",
    "depot": {
        "3278671": {
            "manifests": {
                "public": {
                    "gid": "4861245321231507312",
                    "size": "83469611",
                    "download": "75353504"
                }
            },
            "decryptionkey": "48177b0cc988e6f58b7170edb6c2794552f4993871563250f40d54853b11b430"
        },
        "branches": {
            "public": {
                "buildid": "16018664",
                "timeupdated": "1728714873"
            }
        }
    }
}