{
    "appid": "2988720",
    "type": "Demo",
    "name": "I Am Your Beast Demo",
    "schinese_name": "",
    "isfreeapp": "0",
    "change_number": "25164552",
    "update_time": "2024-09-11 06:23:15",
    "depot": {
        "2988721": {
            "manifests": {
                "public": {
                    "gid": "6488687747799766054",
                    "size": "945438004",
                    "download": "329395088"
                }
            },
            "decryptionkey": "455cb75e5ca8a6fab1dc8f7e9c8d1beb091f0fbda955dd0a16cf05568bb76bed"
        },
        "branches": {
            "public": {
                "buildid": "14758661",
                "timeupdated": "1718735881"
            }
        }
    }
}