{
    "appid": "3005060",
    "type": "Demo",
    "name": "Nekokami Demo",
    "schinese_name": "Nekokami 猫神公司 体验版",
    "isfreeapp": "0",
    "change_number": "26183469",
    "update_time": "2024-11-14 07:25:11",
    "depot": {
        "3005061": {
            "config": {
                "oslist": "windows"
            },
            "manifests": {
                "public": {
                    "gid": "3459743610044902183",
                    "size": "177776027",
                    "download": "55929040"
                }
            },
            "decryptionkey": "40c2c9969d6d35d98af3d01be22365c46c6ff92548a1f3ade3e306846ae80a82"
        },
        "branches": {
            "public": {
                "buildid": "14562634",
                "timeupdated": "1717169149"
            }
        },
        "privatebranches": "1"
    }
}