{
    "appid": "2989900",
    "type": "Demo",
    "name": "Gal Mothers and Daughters Who Love Sex - Trial Ver -",
    "schinese_name": "热爱性爱的母女 - 试用版 -",
    "isfreeapp": "0",
    "change_number": "24516191",
    "update_time": "2024-07-26 07:15:01",
    "depot": {
        "2989901": {
            "config": {
                "oslist": "windows"
            },
            "manifests": {
                "public": {
                    "gid": "5310249324430851546",
                    "size": "2203530286",
                    "download": "1368758864"
                }
            },
            "decryptionkey": "4bf9164eb9754b9a9622330e53eb2a5b346c812fc632c69eaaca5d816e6c1805"
        },
        "2989902": {
            "config": {
                "language": "japanese",
                "oslist": "windows"
            },
            "manifests": {
                "public": {
                    "gid": "1166462751354249331",
                    "size": "360281",
                    "download": "361184"
                }
            },
            "decryptionkey": ""
        },
        "branches": {
            "public": {
                "buildid": "14482407",
                "timeupdated": "1716553266"
            }
        }
    }
}