{
    "appid": "3508770",
    "type": "Game",
    "name": "Haydee 3",
    "schinese_name": "",
    "isfreeapp": "0",
    "change_number": "29039786",
    "update_time": "2025-05-17 20:13:18",
    "depot": {
        "228988": {
            "config": {
                "oslist": "windows"
            },
            "depotfromapp": "228980",
            "sharedinstall": "1"
        },
        "228990": {
            "config": {
                "oslist": "windows"
            },
            "depotfromapp": "228980",
            "sharedinstall": "1"
        },
        "229033": {
            "config": {
                "oslist": "windows"
            },
            "depotfromapp": "228980",
            "sharedinstall": "1"
        },
        "3508771": {
            "manifests": {
                "public": {
                    "gid": "2195175656176721210",
                    "size": "6653266401",
                    "download": "1139019728"
                }
            },
            "decryptionkey": "5ae074648692e776045b21f542a0a3ac50e755f5d7406ca958131f34b319286b"
        },
        "workshopdepot": "3508770",
        "branches": {
            "public": {
                "buildid": "18180765",
                "timeupdated": "1745244203"
            }
        },
        "privatebranches": "1",
        "workshopdepotdecryptionkey": "54ca3a2e319deb32122f92b15d4926839e488428bb2ebd4a9ce41451a0e92655"
    }
}