{
    "appid": "2947890",
    "type": "Game",
    "name": "Guardians of the Sanctree: Early Birds",
    "schinese_name": "什么鸟都：蛋生",
    "isfreeapp": "0",
    "change_number": "29015434",
    "update_time": "2025-05-16 10:42:46",
    "depot": {
        "2947891": {
            "manifests": {
                "public": {
                    "gid": "7437629386457117602",
                    "size": "4557511395",
                    "download": "924831200"
                }
            },
            "decryptionkey": "e3c5a8eb897859d2ee5a82cd43a3c62fdc27b0b20eb54db694dc939e45ee3063"
        },
        "branches": {
            "public": {
                "buildid": "15766019",
                "timeupdated": "1726808152"
            }
        }
    }
}