{
    "appid": "3558810",
    "type": "Music",
    "name": "South of Midnight Soundtrack",
    "schinese_name": "",
    "isfreeapp": "0",
    "change_number": "28610308",
    "update_time": "2025-04-23 06:41:43",
    "depot": {
        "3558811": {
            "manifests": {
                "public": {
                    "gid": "8820380893997423567",
                    "size": "212533787",
                    "download": "212946832"
                }
            },
            "decryptionkey": "678be8b914133c73b665cea06ab2d2e9d208b0eba0f9e2d06312353dc31d1b0b"
        },
        "3558812": {
            "config": {
                "highqualityaudio": "1"
            },
            "manifests": {
                "public": {
                    "gid": "69876713511591725",
                    "size": "1733210455",
                    "download": "1755663200"
                }
            },
            "decryptionkey": "f631398c880fb244d758adc51880b4fb9d4f0f86fef45923385963ee0d3c5ca7"
        },
        "branches": {
            "public": {
                "buildid": "17794642",
                "timeupdated": "1742475997"
            }
        }
    }
}