{
    "appid": "3102820",
    "type": "Game",
    "name": "X Roulette",
    "schinese_name": "",
    "isfreeapp": "0",
    "change_number": "29016213",
    "update_time": "2025-05-16 11:54:48",
    "depot": {
        "baselanguages": "english",
        "3102821": {
            "manifests": {
                "public": {
                    "gid": "1073608794145503327",
                    "size": "704060676",
                    "download": "180852512"
                }
            },
            "decryptionkey": "09325a776c1c43aed1cc1630182196e9858f3031fb31a507848a82d248f3e43e"
        },
        "branches": {
            "public": {
                "buildid": "15781885",
                "timeupdated": "1726937060"
            }
        },
        "privatebranches": "1"
    }
}