{
    "appid": "3183350",
    "type": "Game",
    "name": "幻想鱼箱",
    "schinese_name": "幻想鱼箱",
    "isfreeapp": "0",
    "change_number": "29016408",
    "update_time": "2025-05-16 12:12:47",
    "depot": {
        "hasdepotsindlc": "1",
        "228988": {
            "config": {
                "oslist": "windows"
            },
            "depotfromapp": "228980",
            "sharedinstall": "1"
        },
        "228990": {
            "config": {
                "oslist": "windows"
            },
            "depotfromapp": "228980",
            "sharedinstall": "1"
        },
        "229000": {
            "config": {
                "oslist": "windows"
            },
            "depotfromapp": "228980",
            "sharedinstall": "1"
        },
        "3183351": {
            "config": {
                "oslist": "windows"
            },
            "manifests": {
                "public": {
                    "gid": "2038093086755382424",
                    "size": "409372242",
                    "download": "206402096"
                }
            },
            "decryptionkey": "658f12f618cc354328ece7cbc378435292727f63bc08756757aed7b797fba884"
        },
        "3619980": {
            "dlcappid": "3619980",
            "manifests": {
                "public": {
                    "gid": "2586547484551766405",
                    "size": "755201607",
                    "download": "462397088"
                }
            },
            "decryptionkey": ""
        },
        "branches": {
            "public": {
                "buildid": "17938613",
                "timeupdated": "1743506821"
            }
        }
    }
}