{
    "appid": "3398420",
    "type": "Music",
    "name": "Citizen Sleeper 2: Starward Vector Soundtrack",
    "schinese_name": "",
    "isfreeapp": "0",
    "change_number": "27429209",
    "update_time": "2025-02-12 07:46:45",
    "depot": {
        "3398421": {
            "manifests": {
                "public": {
                    "gid": "3053695608950778736",
                    "size": "279712358",
                    "download": "256676032"
                }
            },
            "decryptionkey": "43d49bb9c46219e1c78e019713f5853496d199148ad3317b0dce96e6d5945fdf"
        },
        "3398422": {
            "config": {
                "highqualityaudio": "1"
            },
            "manifests": {
                "public": {
                    "gid": "3496028185601571643",
                    "size": "1760369144",
                    "download": "1653773792"
                }
            },
            "decryptionkey": "16383c4208c41753cfd0b78ee006cbf027a3f7af91a4b75c9065c8d48149ab87"
        },
        "branches": {
            "public": {
                "buildid": "16723851",
                "timeupdated": "1734020219"
            }
        }
    }
}