{
    "appid": "2955150",
    "type": "Game",
    "name": "Deals With Witch",
    "schinese_name": "女巫的交易",
    "isfreeapp": "0",
    "change_number": "28821875",
    "update_time": "2025-05-05 20:29:58",
    "depot": {
        "2955151": {
            "manifests": {
                "public": {
                    "gid": "8632764189984643697",
                    "size": "1624976058",
                    "download": "180802096"
                }
            },
            "decryptionkey": "a26f28a51a09bb586ef567d857cecdeb861d8b3f61af76ac81b73985b167384b"
        },
        "branches": {
            "public": {
                "buildid": "14427593",
                "timeupdated": "1716205197"
            }
        }
    }
}