{
    "appid": "3260780",
    "type": "Demo",
    "name": "Hyper Flux Demo",
    "schinese_name": "",
    "isfreeapp": "0",
    "change_number": "27095046",
    "update_time": "2025-01-21 22:44:50",
    "depot": {
        "3260781": {
            "config": {
                "language": "english",
                "oslist": "windows"
            },
            "manifests": {
                "public": {
                    "gid": "2950292871605897496",
                    "size": "763074142",
                    "download": "273549072"
                }
            },
            "decryptionkey": "a6e42f2a90daa4493491510d83e9dfa4ba49585c0e6b149c598f1978a24fd875"
        },
        "branches": {
            "public": {
                "buildid": "17078835",
                "timeupdated": "1737470686"
            }
        }
    }
}