{
    "appid": "3001910",
    "type": "Music",
    "name": "Voidwrought Soundtrack",
    "schinese_name": "",
    "isfreeapp": "0",
    "change_number": "28257225",
    "update_time": "2025-04-02 06:49:23",
    "depot": {
        "3001911": {
            "manifests": {
                "public": {
                    "gid": "5634748055308671388",
                    "size": "240882560",
                    "download": "238550800"
                }
            },
            "decryptionkey": "d0392b49a1cb9f0bfa62f0ed85bc0b8a6c2086954d87ea55936880059127e06f"
        },
        "3001912": {
            "config": {
                "highqualityaudio": "1"
            },
            "manifests": {
                "public": {
                    "gid": "2449398324530498619",
                    "size": "1505993704",
                    "download": "1394743824"
                }
            },
            "decryptionkey": "3033a92ab8e93a8b80d69d41a1e4f19fed64ec531867f87a332a80beeda4bc56"
        },
        "branches": {
            "public": {
                "buildid": "16081749",
                "timeupdated": "1729171538"
            }
        }
    }
}