{
    "appid": "3305540",
    "type": "Game",
    "name": "A Night Duty",
    "schinese_name": "",
    "isfreeapp": "0",
    "change_number": "28923115",
    "update_time": "2025-05-11 13:44:08",
    "depot": {
        "baselanguages": "english,koreana",
        "228989": {
            "config": {
                "oslist": "windows"
            },
            "depotfromapp": "228980",
            "sharedinstall": "1"
        },
        "228990": {
            "config": {
                "oslist": "windows"
            },
            "depotfromapp": "228980",
            "sharedinstall": "1"
        },
        "3305543": {
            "config": {
                "oslist": "windows",
                "osarch": "64"
            },
            "manifests": {
                "public": {
                    "gid": "3292959103312946329",
                    "size": "1768608997",
                    "download": "1611258096"
                }
            },
            "decryptionkey": "bd72ab1208fa3ac7e91229c4a5ac0798445ee9ff3adc7a59136dbd985699e004"
        },
        "branches": {
            "public": {
                "buildid": "16524847",
                "timeupdated": "1732543721"
            }
        }
    }
}