{
    "appid": "3253030",
    "type": "Game",
    "name": "ダンジョンに出会いを求めるのは間違っているだろうか 水と光のフルランド",
    "schinese_name": "",
    "isfreeapp": "0",
    "change_number": "28591318",
    "update_time": "2025-04-22 08:04:45",
    "depot": {
        "baselanguages": "english,japanese",
        "3253031": {
            "manifests": {
                "public": {
                    "gid": "7577686605393940104",
                    "size": "2521746105",
                    "download": "1353418976"
                }
            },
            "decryptionkey": "5f592c020816020c22f6a8045b20314ba58a002969a686e3ffd30897b6e9d055"
        },
        "branches": {
            "public": {
                "buildid": "17878104",
                "timeupdated": "1744264307"
            }
        }
    }
}