{
    "appid": "3117160",
    "type": "Game",
    "name": "叛军组织的我爱上了贵族大小姐",
    "schinese_name": "",
    "isfreeapp": "0",
    "change_number": "28571625",
    "update_time": "2025-04-20 19:58:53",
    "depot": {
        "baselanguages": "english",
        "hasdepotsindlc": "0",
        "3117161": {
            "config": {
                "language": "english"
            },
            "manifests": {
                "public": {
                    "gid": "8804174558718603991",
                    "size": "1561582805",
                    "download": "1276336016"
                }
            },
            "decryptionkey": ""
        },
        "3117162": {
            "config": {
                "language": "japanese"
            },
            "manifests": {
                "public": {
                    "gid": "2007629910020234578",
                    "size": "1495074832",
                    "download": "1248292160"
                }
            },
            "decryptionkey": ""
        },
        "3117163": {
            "config": {
                "language": "schinese"
            },
            "manifests": {
                "public": {
                    "gid": "7391541638093460703",
                    "size": "1498553651",
                    "download": "1252255088"
                }
            },
            "decryptionkey": "630633cc5d4e1f733e9d7f77a1f654a1b1b72336aee168403aa0d9913e8cfbba"
        },
        "3117164": {
            "config": {
                "language": "tchinese"
            },
            "manifests": {
                "public": {
                    "gid": "6411483100952483303",
                    "size": "1498553651",
                    "download": "1252255088"
                }
            },
            "decryptionkey": ""
        },
        "3158830": {
            "dlcappid": "3158830",
            "manifests": {
                "public": {
                    "gid": "5154599006664149324",
                    "size": "1943",
                    "download": "992"
                }
            },
            "decryptionkey": "2b59e7de81aa7fca25609fd63746971a050959cfde801e0d62e1e50da6d83bfe"
        },
        "branches": {
            "public": {
                "buildid": "17135368",
                "timeupdated": "1737881906"
            }
        }
    }
}