{
    "appid": "3597190",
    "type": "Music",
    "name": "Badlands Crew - Official Soundtrack",
    "schinese_name": "",
    "isfreeapp": "0",
    "change_number": "28760401",
    "update_time": "2025-05-01 08:05:16",
    "depot": {
        "3597191": {
            "manifests": {
                "public": {
                    "gid": "6117001450365177612",
                    "size": "465435190",
                    "download": "454366368"
                }
            },
            "decryptionkey": "461e39dcef91bc0e59097b19cf7629eedca9f06e177ded9bffbf183642881972"
        },
        "branches": {
            "public": {
                "buildid": "17882935",
                "timeupdated": "1743080540"
            }
        }
    }
}