{
    "appid": "3109020",
    "type": "DLC",
    "name": "Research And Development 1 - Extra Research",
    "schinese_name": "",
    "isfreeapp": "0",
    "change_number": "24996518",
    "update_time": "2024-08-29 23:47:51",
    "depot": {
        "3109020": {
            "manifests": {
                "public": {
                    "gid": "1916821116902895326",
                    "size": "57271547",
                    "download": "56364320"
                }
            },
            "dlcappid": "3109020",
            "decryptionkey": "9ed516a5eb3a37959034bb7711a0ff3844572a549393a3ac100ff784f7819154"
        },
        "branches": {
            "public": {
                "buildid": "15028584",
                "timeupdated": "1720961894"
            }
        }
    }
}