{
    "appid": "2947230",
    "type": "Game",
    "name": "Haruka Ao no Hanayome ni",
    "schinese_name": "献给蔚蓝之海的新娘",
    "isfreeapp": "0",
    "change_number": "27913737",
    "update_time": "2025-03-12 23:09:02",
    "depot": {
        "2947231": {
            "manifests": {
                "public": {
                    "gid": "7972491535066669751",
                    "size": "2648180584",
                    "download": "2409518304"
                }
            },
            "decryptionkey": "8b95863307cecd8b8c526d3d5421c460d5a8f1e51f799d52141fc7240f691e3b"
        },
        "branches": {
            "public": {
                "buildid": "15302914",
                "timeupdated": "1723112999"
            }
        }
    }
}