{
    "appid": "3167800",
    "type": "Game",
    "name": "Therapy",
    "schinese_name": "",
    "isfreeapp": "0",
    "change_number": "25090820",
    "update_time": "2024-09-05 19:52:04",
    "depot": {
        "3167801": {
            "manifests": {
                "public": {
                    "gid": "3838779020559307006",
                    "size": "61695907",
                    "download": "11663440"
                }
            },
            "decryptionkey": "cef4cf911e605c5e0320a5e960797773e975d654945b6b63f494f307aa055484"
        },
        "branches": {
            "public": {
                "buildid": "15355602",
                "timeupdated": "1723555604"
            }
        }
    }
}