{
    "appid": "3471350",
    "type": "Game",
    "name": "Alpha League HD",
    "schinese_name": "阿尔法联盟HD",
    "isfreeapp": "1",
    "change_number": "29036088",
    "update_time": "2025-05-17 11:10:57",
    "depot": {
        "228989": {
            "config": {
                "oslist": "windows"
            },
            "depotfromapp": "228980",
            "sharedinstall": "1"
        },
        "228990": {
            "config": {
                "oslist": "windows"
            },
            "depotfromapp": "228980",
            "sharedinstall": "1"
        },
        "3471351": {
            "manifests": {
                "public": {
                    "gid": "1651998371852381641",
                    "size": "3435246607",
                    "download": "3263770896"
                }
            },
            "decryptionkey": "d87879ecb0b506b4546d8405e77f7b8c837e4e637883765eba4c5f1fc5f2f492"
        },
        "branches": {
            "public": {
                "buildid": "18355207",
                "timeupdated": "1746514273"
            }
        }
    }
}