{
    "appid": "3190480",
    "type": "Game",
    "name": "A Few Nights With Margaret",
    "schinese_name": "",
    "isfreeapp": "0",
    "change_number": "28784585",
    "update_time": "2025-05-02 19:42:21",
    "depot": {
        "3190481": {
            "manifests": {
                "public": {
                    "gid": "3067226889517471138",
                    "size": "316737385",
                    "download": "105321408"
                }
            },
            "decryptionkey": "519657066cfff7b65c83a6d8aa32d2c6e701e5ce2bb3eb9239cdebdda4ece050"
        },
        "branches": {
            "public": {
                "buildid": "16986525",
                "timeupdated": "1736769522"
            }
        },
        "privatebranches": "1"
    }
}