{
    "appid": "3073580",
    "type": "Game",
    "name": "Aquatic Store Simulator",
    "schinese_name": "",
    "isfreeapp": "0",
    "change_number": "29016105",
    "update_time": "2025-05-16 11:42:44",
    "depot": {
        "baselanguages": "english",
        "3073581": {
            "manifests": {
                "public": {
                    "gid": "7506563868088893866",
                    "size": "6833438940",
                    "download": "2656704992"
                }
            },
            "decryptionkey": "48ef30c413229aaed2bb752bf7613f2083f09756f4cf404744dd1f31e6fb09a1"
        },
        "branches": {
            "public": {
                "buildid": "18228232",
                "timeupdated": "1746116970"
            }
        },
        "privatebranches": "1"
    }
}