{
    "appid": "3206370",
    "type": "Game",
    "name": "Island Treasure",
    "schinese_name": "",
    "isfreeapp": "0",
    "change_number": "25302014",
    "update_time": "2024-09-20 00:36:08",
    "depot": {
        "3206371": {
            "manifests": {
                "public": {
                    "gid": "1870452248414741051",
                    "size": "84161256",
                    "download": "24184864"
                }
            },
            "decryptionkey": "5de79dce5510594867faf9bd7d2aab7f0c255899bd2fb216d1a51a1c652c8620"
        },
        "branches": {
            "public": {
                "buildid": "15554536",
                "timeupdated": "1725112930"
            }
        }
    }
}