{
    "appid": "3469320",
    "type": "Music",
    "name": "Revenge of the Savage Planet Soundtrack",
    "schinese_name": "",
    "isfreeapp": "0",
    "change_number": "28912117",
    "update_time": "2025-05-10 08:21:01",
    "depot": {
        "3469321": {
            "manifests": {
                "public": {
                    "gid": "2135996906142975274",
                    "size": "161111436",
                    "download": "154737664"
                }
            },
            "decryptionkey": "0c96be9069d33e7760873c9f2e6662f01338c56034fac045763c19eb0e67b169"
        },
        "3469322": {
            "config": {
                "highqualityaudio": "1"
            },
            "manifests": {
                "public": {
                    "gid": "8263642370269664531",
                    "size": "391959312",
                    "download": "396243920"
                }
            },
            "decryptionkey": "1f9af9be3000426f1cacc66ec197336fe9347b57ff5060d5030b52097d97dd0e"
        },
        "branches": {
            "public": {
                "buildid": "18145096",
                "timeupdated": "1744898859"
            }
        }
    },
    "access_token": 3061271536733368647
}