{
    "appid": "3137520",
    "type": "Game",
    "name": "Gun Factory Simulator",
    "schinese_name": "枪炮工厂模拟器 - Gun Factory Simulator",
    "isfreeapp": "0",
    "change_number": "28769935",
    "update_time": "2025-05-01 22:34:33",
    "depot": {
        "3137521": {
            "config": {
                "oslist": "windows",
                "osarch": "64"
            },
            "manifests": {
                "public": {
                    "gid": "3799460116837500241",
                    "size": "5244806841",
                    "download": "1624594096"
                }
            },
            "decryptionkey": "6dffa7bebdc89d2a49f94564b961d8de4b0254b0c58e9e52f218f57059b02de2"
        },
        "branches": {
            "public": {
                "buildid": "18169685",
                "timeupdated": "1745102477"
            }
        }
    }
}