{
    "appid": "2980940",
    "type": "Game",
    "name": "Loop:ClassRoom",
    "schinese_name": "循环：教室",
    "isfreeapp": "0",
    "change_number": "25773002",
    "update_time": "2024-10-18 03:01:43",
    "depot": {
        "228989": {
            "config": {
                "oslist": "windows"
            },
            "depotfromapp": "228980",
            "sharedinstall": "1"
        },
        "228990": {
            "config": {
                "oslist": "windows"
            },
            "depotfromapp": "228980",
            "sharedinstall": "1"
        },
        "2980941": {
            "manifests": {
                "public": {
                    "gid": "1890105467630784809",
                    "size": "2141790535",
                    "download": "763225040"
                }
            },
            "decryptionkey": "67348c0b941951d0ad44f420f11c08d56d3a60eeb6dd772dfd10d0672a4d6b7e"
        },
        "baselanguages": "english,koreana,schinese,tchinese,japanese",
        "branches": {
            "public": {
                "buildid": "14686050",
                "timeupdated": "1718159809"
            }
        }
    }
}