{
    "appid": "3017860",
    "type": "Game",
    "name": "DOOM: The Dark Ages",
    "schinese_name": "",
    "isfreeapp": "0",
    "change_number": "29046209",
    "update_time": "2025-05-18 13:15:06",
    "depot": {
        "228989": {
            "config": {
                "oslist": "windows"
            },
            "depotfromapp": "228980",
            "sharedinstall": "1"
        },
        "228990": {
            "config": {
                "oslist": "windows"
            },
            "depotfromapp": "228980",
            "sharedinstall": "1"
        },
        "3017862": {
            "config": {
                "oslist": "windows",
                "osarch": "64"
            },
            "manifests": {
                "public": {
                    "gid": "1207483256999145647",
                    "size": "638636764",
                    "download": "329147536"
                }
            },
            "decryptionkey": "b537907a613fd29911d2e311eb41fd2f0b309324601b0ef164c8520562eac290"
        },
        "3017863": {
            "config": {
                "oslist": "windows",
                "osarch": "64"
            },
            "manifests": {
                "public": {
                    "gid": "7277804419344617298",
                    "size": "444",
                    "download": "368"
                }
            },
            "decryptionkey": "0c010bdf1623542793fb5765875c715494c4a6c78856f75c124aa7d31f3021cd"
        },
        "3017864": {
            "config": {
                "oslist": "windows",
                "osarch": "64"
            },
            "manifests": {
                "public": {
                    "gid": "7469488182398135778",
                    "size": "5674074755",
                    "download": "5429231072"
                }
            },
            "decryptionkey": "35f0d11b6d2b729dd8e5f50a21e7b0300e8d6b79fc6ba487f4198ca6d3402c0d"
        },
        "3017865": {
            "config": {
                "oslist": "windows",
                "osarch": "64"
            },
            "manifests": {
                "public": {
                    "gid": "9108580810918908470",
                    "size": "0",
                    "download": "0"
                }
            },
            "decryptionkey": "558521d6ef4cac7a1318bb55268dc878b72482482691e7791ea81bff06c73694"
        },
        "3017866": {
            "config": {
                "oslist": "windows",
                "osarch": "64"
            },
            "manifests": {
                "public": {
                    "gid": "9217731964535062300",
                    "size": "232",
                    "download": "288"
                }
            },
            "decryptionkey": "cc9112a06785fd0d7f6e24a50702f1f71e655e35caf8fb3ea09f6036680c0fe4"
        },
        "3017867": {
            "config": {
                "oslist": "windows",
                "osarch": "64"
            },
            "manifests": {
                "public": {
                    "gid": "2781668816118486945",
                    "size": "67991141468",
                    "download": "66401426224"
                }
            },
            "decryptionkey": "8ffa78f10846725bed8d48d1a182cf4088f770691c44561b2d167f84fdc60789"
        },
        "3017868": {
            "manifests": {
                "public": {
                    "gid": "902058716550281427",
                    "size": "79415652",
                    "download": "20274448"
                }
            },
            "decryptionkey": "fb3bda82e733857d05419dce15179a1aa642b840af21ef69520346fe8a00e20e"
        },
        "baselanguages": "english,german,french,italian,koreana,spanish,schinese,tchinese,russian,japanese,polish,turkish,arabic,brazilian,latam",
        "branches": {
            "public": {
                "buildid": "18467502",
                "timeupdated": "1747265474"
            }
        },
        "privatebranches": "1"
    }
}