{
    "appid": "3097440",
    "type": "Game",
    "name": "Town Rhapsody",
    "schinese_name": "小镇狂想曲",
    "isfreeapp": "0",
    "change_number": "24614121",
    "update_time": "2024-08-02 07:28:27",
    "depot": {
        "3097441": {
            "config": {
                "oslist": "windows"
            },
            "manifests": {
                "public": {
                    "gid": "2327931946886369132",
                    "size": "578531103",
                    "download": "376280240"
                }
            },
            "decryptionkey": "09f353c82dd798ee12ebee35f928a6af04aac53a3c26e7698e0e97d9bf11f857"
        },
        "branches": {
            "public": {
                "buildid": "15174214",
                "timeupdated": "1722113150"
            }
        }
    }
}