{
    "appid": "3384190",
    "type": "Game",
    "name": "TrickShot Simulator",
    "schinese_name": "",
    "isfreeapp": "0",
    "change_number": "29016664",
    "update_time": "2025-05-16 12:42:46",
    "depot": {
        "228989": {
            "config": {
                "oslist": "windows"
            },
            "depotfromapp": "228980",
            "sharedinstall": "1"
        },
        "228990": {
            "config": {
                "oslist": "windows"
            },
            "depotfromapp": "228980",
            "sharedinstall": "1"
        },
        "3384191": {
            "manifests": {
                "public": {
                    "gid": "4190959408407621005",
                    "size": "1274549077",
                    "download": "982863008"
                }
            },
            "decryptionkey": "97901f88cd379424859440c2461e5c102d52c718ec07bf823788ac9a39f9087d"
        },
        "branches": {
            "public": {
                "buildid": "17265736",
                "timeupdated": "1738842416"
            }
        }
    }
}