{
    "appid": "3036880",
    "type": "Game",
    "name": "Panic In The Woods",
    "schinese_name": "林中惊慌",
    "isfreeapp": "0",
    "change_number": "28916279",
    "update_time": "2025-05-10 18:35:24",
    "depot": {
        "228989": {
            "config": {
                "oslist": "windows"
            },
            "depotfromapp": "228980",
            "sharedinstall": "1"
        },
        "228990": {
            "config": {
                "oslist": "windows"
            },
            "depotfromapp": "228980",
            "sharedinstall": "1"
        },
        "3036881": {
            "config": {
                "language": "english",
                "oslist": "windows"
            },
            "manifests": {
                "public": {
                    "gid": "7609697957563890227",
                    "size": "1626803544",
                    "download": "1376186320"
                }
            },
            "decryptionkey": "12450ce23a0d1719983cb268be40542cadbca0ccf12309de87fd372d79536e7f"
        },
        "branches": {
            "public": {
                "buildid": "16207437",
                "timeupdated": "1730135190"
            }
        },
        "privatebranches": "1"
    }
}