{
    "appid": "2999710",
    "type": "Game",
    "name": "もういいかい？",
    "schinese_name": "准备好了吗?",
    "isfreeapp": "0",
    "change_number": "27976085",
    "update_time": "2025-03-16 05:55:55",
    "depot": {
        "baselanguages": "english,japanese",
        "2999711": {
            "manifests": {
                "public": {
                    "gid": "7238470856185821342",
                    "size": "1251292543",
                    "download": "288746624"
                }
            },
            "decryptionkey": "63014c166fd2a98a8a8090b8a3a1b033bd6e421e219fa397174fec155d2840ba"
        },
        "branches": {
            "public": {
                "buildid": "16245409",
                "timeupdated": "1730336472"
            }
        }
    }
}