{
    "appid": "3260910",
    "type": "Game",
    "name": "Psychopathy Assessment",
    "schinese_name": "",
    "isfreeapp": "0",
    "change_number": "28933219",
    "update_time": "2025-05-12 14:33:36",
    "depot": {
        "3260911": {
            "manifests": {
                "public": {
                    "gid": "2777752331932277834",
                    "size": "549653062",
                    "download": "331310400"
                }
            },
            "decryptionkey": "f677a485a6c560b76d0dfa3fe61707c450283d330b4278777bc54e57635348ae"
        },
        "branches": {
            "public": {
                "buildid": "16033487",
                "timeupdated": "1728894631"
            }
        }
    }
}