{
    "appid": "3148570",
    "type": "Demo",
    "name": "ニンジャム！ Demo",
    "schinese_name": "忍者大乱斗！ - Ninjam! Demo -",
    "isfreeapp": "0",
    "change_number": "27729992",
    "update_time": "2025-03-01 13:02:50",
    "depot": {
        "baselanguages": "english,japanese",
        "3148571": {
            "manifests": {
                "public": {
                    "gid": "1798926238861360893",
                    "size": "1113146044",
                    "download": "914553584"
                }
            },
            "decryptionkey": "b37ca1c8c4a1bac95a065106d50e9758c418afcbf3510118a83b409eaf2fec51"
        },
        "3148572": {
            "manifests": {}
        },
        "branches": {
            "public": {
                "buildid": "17134930",
                "timeupdated": "1737874629"
            }
        },
        "privatebranches": "1"
    }
}