{
    "appid": "3651940",
    "type": "Game",
    "name": "Submeris",
    "schinese_name": "",
    "isfreeapp": "0",
    "change_number": "28986131",
    "update_time": "2025-05-15 01:15:40",
    "depot": {
        "3651941": {
            "manifests": {
                "public": {
                    "gid": "8570721970456133383",
                    "size": "1927962702",
                    "download": "255109776"
                }
            },
            "decryptionkey": "42c8b5ae2f70f0f23d2456860556747432b6ab666deb494118ed014624bb3f53"
        },
        "branches": {
            "public": {
                "buildid": "18258106",
                "timeupdated": "1745785948"
            }
        }
    }
}