{
    "appid": "3074110",
    "type": "Game",
    "name": "The Rangers In The South",
    "schinese_name": "",
    "isfreeapp": "0",
    "change_number": "29016105",
    "update_time": "2025-05-16 11:42:45",
    "depot": {
        "228989": {
            "config": {
                "oslist": "windows"
            },
            "depotfromapp": "228980",
            "sharedinstall": "1"
        },
        "228990": {
            "config": {
                "oslist": "windows"
            },
            "depotfromapp": "228980",
            "sharedinstall": "1"
        },
        "3074111": {
            "manifests": {
                "public": {
                    "gid": "3023299370042454914",
                    "size": "1055170307",
                    "download": "768278592"
                }
            },
            "decryptionkey": "979451bc4e8c9a6b5839063c8eb1be1aec69c166335fda4221c86886f9bac99e"
        },
        "baselanguages": "english",
        "branches": {
            "public": {
                "buildid": "18313239",
                "timeupdated": "1746129093"
            }
        }
    }
}