{
    "appid": "3253740",
    "type": "Demo",
    "name": "边缘空间 - 试玩版",
    "schinese_name": "",
    "isfreeapp": "0",
    "change_number": "25946943",
    "update_time": "2024-10-29 16:26:13",
    "depot": {
        "3253741": {
            "manifests": {
                "public": {
                    "gid": "3777094457409708592",
                    "size": "328747882",
                    "download": "49543664"
                }
            },
            "decryptionkey": "fe11e84e0a64446f761e314e50980ea8ea76f98477fd4523a43f15f70654b083"
        },
        "branches": {
            "public": {
                "buildid": "16075536",
                "timeupdated": "1729138346"
            }
        }
    }
}