{
    "appid": "3428620",
    "type": "Game",
    "name": "Max Manos",
    "schinese_name": "",
    "isfreeapp": "0",
    "change_number": "29016664",
    "update_time": "2025-05-16 12:42:47",
    "depot": {
        "3428621": {
            "manifests": {
                "public": {
                    "gid": "7529099216381840792",
                    "size": "346047604",
                    "download": "273939584"
                }
            },
            "decryptionkey": "4230ec41b2d210ca9b3cf29d88204be470ce55b8a6b83c4c8fb9c0e541e99c6b"
        },
        "branches": {
            "public": {
                "buildid": "17748291",
                "timeupdated": "1742195604"
            }
        }
    }
}