{
    "appid": "3274170",
    "type": "DLC",
    "name": "Beat Saber - Excision & Dion Timmer - DABADABADABADABA",
    "schinese_name": "",
    "isfreeapp": "0",
    "change_number": "26160020",
    "update_time": "2024-11-12 23:49:09",
    "depot": {
        "3274170": {
            "manifests": {
                "public": {
                    "gid": "2142251740670952521",
                    "size": "10107818",
                    "download": "10246096"
                }
            },
            "dlcappid": "3274170",
            "decryptionkey": "848cd5582486e1ccb355b3e585ca90c23093c06409e2df865a5d92c28a7e1ca3"
        },
        "branches": {
            "public": {
                "buildid": "15951280",
                "timeupdated": "1728294416"
            }
        }
    }
}