{
    "appid": "3222870",
    "type": "Demo",
    "name": "Valor Of Man Demo",
    "schinese_name": "",
    "isfreeapp": "0",
    "change_number": "27542420",
    "update_time": "2025-02-19 05:14:18",
    "depot": {
        "3222871": {
            "manifests": {
                "public": {
                    "gid": "9154848802256635145",
                    "size": "2352426208",
                    "download": "630001792"
                },
                "beta": {
                    "gid": "9154848802256635145",
                    "size": "2352426208",
                    "download": "630001792"
                }
            },
            "decryptionkey": "57f9f1179484c6ec1fd7a165db6b4be5dd4911960c871e98dec258ec52e531f7"
        },
        "branches": {
            "public": {
                "buildid": "17428199",
                "timeupdated": "1739997518"
            },
            "beta": {
                "buildid": "17428199",
                "description": "Beta CI branch",
                "timeupdated": "1739997431"
            }
        }
    }
}