{
    "appid": "2961680",
    "type": "Game",
    "name": "LustRunner 3069: Tokyo Crisis",
    "schinese_name": "",
    "isfreeapp": "0",
    "change_number": "28455881",
    "update_time": "2025-04-14 03:08:34",
    "depot": {
        "2961681": {
            "manifests": {
                "public": {
                    "gid": "983641218861822119",
                    "size": "438857291",
                    "download": "372978848"
                }
            },
            "decryptionkey": "02f9d4491b366b29a357009525e21203ae0f83f8b63923624e6202e9d9286471"
        },
        "branches": {
            "public": {
                "buildid": "14385262",
                "timeupdated": "1715840108"
            }
        }
    }
}