{
    "appid": "3163520",
    "type": "Demo",
    "name": "CARnage Demo",
    "schinese_name": "",
    "isfreeapp": "0",
    "change_number": "26685919",
    "update_time": "2024-12-18 07:51:50",
    "depot": {
        "3163522": {
            "config": {
                "countrycode": "CARnage Demo Beta"
            },
            "manifests": {
                "public": {
                    "gid": "3716125362711994080",
                    "size": "310150491",
                    "download": "77081072"
                }
            },
            "decryptionkey": ""
        },
        "3163521": {
            "manifests": {
                "public": {
                    "gid": "6023841202358094110",
                    "size": "311458703",
                    "download": "77308800"
                }
            },
            "decryptionkey": "8ba267de6dc443754f76d154abc1a41261b2ce90b2a3fe4cf53d1f0d18d2856f"
        },
        "branches": {
            "public": {
                "buildid": "15560281",
                "timeupdated": "1725210106"
            }
        }
    }
}