{
    "appid": "3172770",
    "type": "Game",
    "name": "Terrorbytes",
    "schinese_name": "",
    "isfreeapp": "0",
    "change_number": "28564036",
    "update_time": "2025-04-19 22:59:25",
    "depot": {
        "3172771": {
            "manifests": {
                "public": {
                    "gid": "931137598728926443",
                    "size": "3156015723",
                    "download": "1149718304"
                }
            },
            "decryptionkey": "f9d73ff2a218f27f1b6316d4de06be8d4ab5354d77e8026b5f05b350a0d25c5f"
        },
        "branches": {
            "public": {
                "buildid": "17554691",
                "timeupdated": "1740790748"
            }
        },
        "privatebranches": "1"
    }
}