{
    "appid": "3300580",
    "type": "Game",
    "name": "Mushroom Jump! Miracle",
    "schinese_name": "蘑菇大冒险！奇迹",
    "isfreeapp": "0",
    "change_number": "26786634",
    "update_time": "2024-12-26 15:46:56",
    "depot": {
        "3300581": {
            "manifests": {
                "public": {
                    "gid": "4636194810603853365",
                    "size": "965288118",
                    "download": "109127200"
                }
            },
            "decryptionkey": "dcf26b53a1f2fcf141d73d62b01dba0fdb9872c33f62535cc5bb12c9596ca876"
        },
        "baselanguages": "english,schinese,tchinese,japanese",
        "branches": {
            "public": {
                "buildid": "16852842",
                "timeupdated": "1735198006"
            }
        }
    }
}