{
    "appid": "3107940",
    "type": "Game",
    "name": "Maniac Path 3",
    "schinese_name": "",
    "isfreeapp": "0",
    "change_number": "29043292",
    "update_time": "2025-05-18 04:15:22",
    "depot": {
        "3107941": {
            "manifests": {
                "public": {
                    "gid": "8402439656489168518",
                    "size": "226699931",
                    "download": "162300400"
                }
            },
            "decryptionkey": "5db7758275dc0887bea03a6e094ad2acbd5cdf086a074a39b579918987cb563c"
        },
        "branches": {
            "public": {
                "buildid": "15868204",
                "timeupdated": "1727636795"
            }
        }
    }
}