{
    "appid": "3088950",
    "type": "DLC",
    "name": "Star Trucker - Heavy Duty Pack",
    "schinese_name": "《星际卡车司机》- 重型包",
    "isfreeapp": "0",
    "change_number": "26594081",
    "update_time": "2024-12-11 22:00:51",
    "depot": {
        "3088950": {
            "manifests": {
                "public": {
                    "gid": "9140824127826252003",
                    "size": "6",
                    "download": "64"
                }
            },
            "dlcappid": "3088950",
            "decryptionkey": "360ccc21ba2392f48bb79f55743a3883e02b09f007ab33d464b425f8378a326e"
        },
        "branches": {
            "public": {
                "buildid": "14929683",
                "timeupdated": "1720086550"
            }
        }
    }
}