{
    "appid": "3391830",
    "type": "Game",
    "name": "召しませ！レミリアお嬢様！",
    "schinese_name": "",
    "isfreeapp": "0",
    "change_number": "28093685",
    "update_time": "2025-03-23 14:20:17",
    "depot": {
        "3391831": {
            "manifests": {
                "public": {
                    "gid": "6707383047424380802",
                    "size": "91416508",
                    "download": "36259840"
                }
            },
            "decryptionkey": "31f53008bb7f50190291ac6db8280a40db8f99a0354ea52226cc7987acb6e38d"
        },
        "branches": {
            "public": {
                "buildid": "16829306",
                "timeupdated": "1734880900"
            }
        }
    }
}