{
    "appid": "3195600",
    "type": "DLC",
    "name": "RPG Maker MZ - KR Fairy Tale Forest Tileset",
    "schinese_name": "",
    "isfreeapp": "0",
    "change_number": "25096674",
    "update_time": "2024-09-06 02:24:16",
    "depot": {
        "3195600": {
            "manifests": {
                "public": {
                    "gid": "4057130010669328699",
                    "size": "7216914",
                    "download": "7226896"
                }
            },
            "dlcappid": "3195600",
            "decryptionkey": "ea6d031defbcbfadf05ea2e51f1fcbce1df6dc83af7475d06dac71e710eae398"
        },
        "branches": {
            "public": {
                "buildid": "15571553",
                "timeupdated": "1725316765"
            }
        }
    }
}