{
    "appid": "3030240",
    "type": "Game",
    "name": "CuckTales 🐓🌈",
    "schinese_name": "",
    "isfreeapp": "0",
    "change_number": "29037293",
    "update_time": "2025-05-17 14:15:23",
    "depot": {
        "3030241": {
            "manifests": {
                "public": {
                    "gid": "9096886311388109224",
                    "size": "682167944",
                    "download": "483660864"
                }
            },
            "decryptionkey": "d196a0a60d91dc67d747ca27048261548a1c480581b653e09127dec4d395d38b"
        },
        "branches": {
            "public": {
                "buildid": "17999747",
                "timeupdated": "1743912707"
            }
        }
    }
}