{
    "appid": "3112760",
    "type": "Demo",
    "name": "It's Only Money Demo",
    "schinese_name": "",
    "isfreeapp": "0",
    "change_number": "28595525",
    "update_time": "2025-04-22 14:57:42",
    "depot": {
        "228988": {
            "config": {
                "oslist": "windows"
            },
            "depotfromapp": "228980",
            "sharedinstall": "1"
        },
        "228989": {
            "config": {
                "oslist": "windows"
            },
            "depotfromapp": "228980",
            "sharedinstall": "1"
        },
        "228990": {
            "config": {
                "oslist": "windows"
            },
            "depotfromapp": "228980",
            "sharedinstall": "1"
        },
        "3112761": {
            "manifests": {
                "public": {
                    "gid": "3527480003905624271",
                    "size": "5488336280",
                    "download": "5029015056"
                }
            },
            "decryptionkey": "fd74b1206d92d0fd8ffe1212b1e6e4df4c778026960143686f2f6788c000c421"
        },
        "branches": {
            "public": {
                "buildid": "16145465",
                "timeupdated": "1729661948"
            }
        },
        "privatebranches": "1"
    }
}