{
    "appid": "3016090",
    "type": "Game",
    "name": "Eternal Escape: castle of shadows",
    "schinese_name": "永恒逃脱：暗影城堡",
    "isfreeapp": "0",
    "change_number": "29015780",
    "update_time": "2025-05-16 11:12:46",
    "depot": {
        "3016091": {
            "manifests": {
                "public": {
                    "gid": "2213362961414573358",
                    "size": "4203511736",
                    "download": "1295156848"
                }
            },
            "decryptionkey": "ccb78ad6fa77c00435ddedf46001e8b388787312e38d96f4bd0b627d03af9b20"
        },
        "branches": {
            "public": {
                "buildid": "15008201",
                "timeupdated": "1720749424"
            }
        }
    }
}