{
    "appid": "3314130",
    "type": "Music",
    "name": "Once Upon A Puppet - Soundtrack",
    "schinese_name": "《木偶往事》Once Upon A Puppet - 数字原声带",
    "isfreeapp": "0",
    "change_number": "28736706",
    "update_time": "2025-04-30 06:19:44",
    "depot": {
        "3314131": {
            "manifests": {
                "public": {
                    "gid": "6370808341026169737",
                    "size": "139212626",
                    "download": "133243584"
                }
            },
            "decryptionkey": "d74f923c166194be6519149b83f327f46028bfb53912901031c4a825ef64cf5a"
        },
        "3314132": {
            "config": {
                "highqualityaudio": "1"
            },
            "manifests": {
                "public": {
                    "gid": "5821809723555983502",
                    "size": "532633664",
                    "download": "539232896"
                }
            },
            "decryptionkey": "d165f912c1028580042b90b1f2f5f1e53a7043f3fc01c0d5bdd412a6dae92f0a"
        },
        "branches": {
            "public": {
                "buildid": "16616991",
                "timeupdated": "1733241874"
            }
        },
        "privatebranches": "1"
    }
}