{
    "appid": "3163820",
    "type": "Demo",
    "name": "Habilis Demo",
    "schinese_name": "",
    "isfreeapp": "0",
    "change_number": "26251944",
    "update_time": "2024-11-19 06:29:26",
    "depot": {
        "3163821": {
            "manifests": {
                "public": {
                    "gid": "5565242518769025404",
                    "size": "7357821807",
                    "download": "1801093264"
                }
            },
            "decryptionkey": "31ef28ea0ad1d67bab2bd3a31e7ffbd006a2f42ab18d03778503e8df0aba6b95"
        },
        "branches": {
            "public": {
                "buildid": "15644556",
                "timeupdated": "1725926284"
            }
        }
    }
}