{
    "appid": "2998790",
    "type": "Demo",
    "name": "Incantation Demo",
    "schinese_name": "咒 Demo",
    "isfreeapp": "0",
    "change_number": "26375805",
    "update_time": "2024-12-05 00:55:54",
    "depot": {
        "228988": {
            "config": {
                "oslist": "windows"
            },
            "depotfromapp": "228980",
            "sharedinstall": "1"
        },
        "228990": {
            "config": {
                "oslist": "windows"
            },
            "depotfromapp": "228980",
            "sharedinstall": "1"
        },
        "2998791": {
            "manifests": {
                "public": {
                    "gid": "7049143734883308838",
                    "size": "3927964226",
                    "download": "3610107376"
                }
            },
            "decryptionkey": "606bfca7c78434d6f411481f7eb5394817db142150834c6e6789d3673bef0ce6"
        },
        "baselanguages": "english,german,koreana,spanish,schinese,tchinese,russian,thai,japanese",
        "branches": {
            "public": {
                "buildid": "15966921",
                "timeupdated": "1728391377"
            }
        }
    }
}