{
    "appid": "3278470",
    "type": "Music",
    "name": "Beloved Rapture Soundtrack",
    "schinese_name": "",
    "isfreeapp": "0",
    "change_number": "26270128",
    "update_time": "2024-11-20 07:24:50",
    "depot": {
        "3278471": {
            "manifests": {
                "public": {
                    "gid": "6135280836425193863",
                    "size": "332956559",
                    "download": "291827520"
                }
            },
            "decryptionkey": "73dc5d8ea5373db3bd390ecc6b21a362503f0eab88a0753a7e94c75f7b480305"
        },
        "branches": {
            "public": {
                "buildid": "15957383",
                "timeupdated": "1728326429"
            }
        }
    }
}