{
    "appid": "3380740",
    "type": "Game",
    "name": "Boo! Are you scared? The Chests Game",
    "schinese_name": "",
    "isfreeapp": "0",
    "change_number": "27206093",
    "update_time": "2025-01-29 02:46:04",
    "depot": {
        "228990": {
            "config": {
                "oslist": "windows"
            },
            "depotfromapp": "228980",
            "sharedinstall": "1"
        },
        "baselanguages": "english,schinese,russian",
        "3380741": {
            "manifests": {
                "public": {
                    "gid": "8732524694721601843",
                    "size": "168693320",
                    "download": "89656816"
                }
            },
            "decryptionkey": "4145f583e71fb91c44588fd1f589f4a976a3a5001f7fba9dc287fc32d758a8ed"
        },
        "workshopdepot": "3380740",
        "branches": {
            "public": {
                "buildid": "17136439",
                "timeupdated": "1737896618"
            }
        },
        "workshopdepotdecryptionkey": "a2f2e5eef6ce744432b1dd844c4fe1f46798a5902afead0b2220898716abfc4d"
    }
}