{
    "appid": "3154590",
    "type": "Game",
    "name": "100 hidden Cats : Pirates",
    "schinese_name": "",
    "isfreeapp": "0",
    "change_number": "28317540",
    "update_time": "2025-04-05 06:16:02",
    "depot": {
        "baselanguages": "english",
        "3154591": {
            "config": {
                "oslist": "windows",
                "osarch": "64"
            },
            "manifests": {
                "public": {
                    "gid": "2611222796417745101",
                    "size": "648416904",
                    "download": "47107488"
                }
            },
            "decryptionkey": "e31ea95cf43af05a3c41504f3108888ad41d0e20dee2f68aed4ee2526a33babd"
        },
        "3154592": {
            "config": {
                "oslist": "linux",
                "osarch": "64"
            },
            "manifests": {
                "public": {
                    "gid": "2240332547059981804",
                    "size": "649938134",
                    "download": "46166496"
                }
            },
            "decryptionkey": ""
        },
        "branches": {
            "public": {
                "buildid": "15919283",
                "timeupdated": "1727976076"
            }
        }
    }
}