{
    "appid": "3082130",
    "type": "Demo",
    "name": "THE DESCENT Demo",
    "schinese_name": "",
    "isfreeapp": "0",
    "change_number": "24329360",
    "update_time": "2024-07-16 02:47:11",
    "depot": {
        "228989": {
            "config": {
                "oslist": "windows"
            },
            "depotfromapp": "228980",
            "sharedinstall": "1"
        },
        "228990": {
            "config": {
                "oslist": "windows"
            },
            "depotfromapp": "228980",
            "sharedinstall": "1"
        },
        "3082131": {
            "manifests": {
                "public": {
                    "gid": "526126306467732785",
                    "size": "6874342232",
                    "download": "6827619328"
                }
            },
            "decryptionkey": "6a7a30248f50b12a6dce76b6ceff92cbe8cef765a5f6d8c1808b1c08490a1ceb"
        },
        "branches": {
            "public": {
                "buildid": "14874789",
                "timeupdated": "1720062363"
            }
        }
    }
}