{
    "appid": "3014160",
    "type": "DLC",
    "name": "Fuga: Melodies of Steel (Manga) Vol. 1",
    "schinese_name": "",
    "isfreeapp": "0",
    "change_number": "26183469",
    "update_time": "2024-11-14 07:25:54",
    "depot": {
        "3014161": {
            "manifests": {
                "public": {
                    "gid": "6161364876095577268",
                    "size": "126489486",
                    "download": "128138896"
                }
            },
            "dlcappid": "3014160",
            "decryptionkey": "7bd8a663ef2ea18cca90113abecc9b4cd97e79225054e662782a60ae93eaaddb"
        },
        "3014162": {
            "dlcappid": "3014160"
        },
        "branches": {
            "public": {
                "buildid": "16093108",
                "timeupdated": "1729471358"
            }
        },
        "privatebranches": "1"
    }
}