{
    "appid": "3196090",
    "type": "Demo",
    "name": "赫雷斯的角鬥場 Ⅲ Demo",
    "schinese_name": "",
    "isfreeapp": "0",
    "change_number": "26183469",
    "update_time": "2024-11-14 07:37:50",
    "depot": {
        "3196091": {
            "manifests": {
                "public": {
                    "gid": "61987611591439590",
                    "size": "3543830129",
                    "download": "996315968"
                }
            },
            "decryptionkey": "25a06001f5fc898f5c38addbcade9fabdd880c637b591d651b54bcc735f5507d"
        },
        "branches": {
            "public": {
                "buildid": "16092188",
                "timeupdated": "1729241319"
            }
        },
        "privatebranches": "1"
    }
}