{
    "appid": "3211510",
    "type": "Game",
    "name": "Falling Cube",
    "schinese_name": "",
    "isfreeapp": "0",
    "change_number": "25766306",
    "update_time": "2024-10-17 20:08:30",
    "depot": {
        "3211511": {
            "manifests": {
                "public": {
                    "gid": "401988923505004021",
                    "size": "38398792",
                    "download": "15539120"
                }
            },
            "decryptionkey": "10b3e18ba6c44b7628c4b3f02afefa315a059a0d4d494abc132d440eb770ea01"
        },
        "branches": {
            "public": {
                "buildid": "15577662",
                "timeupdated": "1725366829"
            }
        }
    }
}