{
    "appid": "3085700",
    "type": "Game",
    "name": "绝色特工",
    "schinese_name": "绝色特工",
    "isfreeapp": "0",
    "change_number": "28998584",
    "update_time": "2025-05-15 17:14:34",
    "depot": {
        "3085701": {
            "manifests": {
                "public": {
                    "gid": "4491099379007542771",
                    "size": "13819372383",
                    "download": "3650165840"
                }
            },
            "decryptionkey": "4fe29abd60c6040bf2042438048b31e3232da1f78de6b7fca1257015f25b9d30"
        },
        "branches": {
            "public": {
                "buildid": "15766950",
                "timeupdated": "1726815508"
            }
        }
    }
}