{
    "appid": "3440440",
    "type": "Demo",
    "name": "Liminal Department Demo",
    "schinese_name": "",
    "isfreeapp": "0",
    "change_number": "28374651",
    "update_time": "2025-04-09 06:11:47",
    "depot": {
        "228989": {
            "config": {
                "oslist": "windows"
            },
            "depotfromapp": "228980",
            "sharedinstall": "1"
        },
        "228990": {
            "config": {
                "oslist": "windows"
            },
            "depotfromapp": "228980",
            "sharedinstall": "1"
        },
        "baselanguages": "english",
        "3440442": {
            "config": {
                "osarch": "64",
                "oslist": "windows"
            },
            "manifests": {
                "public": {
                    "gid": "4437031727308629803",
                    "size": "1041746862",
                    "download": "740644176"
                }
            },
            "decryptionkey": "655a14af6316d2aec22bd6b26de9bd15fa0a111bf77bf42fe478c687a91736f4"
        },
        "branches": {
            "public": {
                "buildid": "17450094",
                "timeupdated": "1740117319"
            }
        }
    }
}