{
    "appid": "2965680",
    "type": "Game",
    "name": "Malleus Cocconum: The Heiress",
    "schinese_name": "茧之锤：继承者",
    "isfreeapp": "0",
    "change_number": "29015559",
    "update_time": "2025-05-16 10:54:47",
    "depot": {
        "baselanguages": "english,schinese,tchinese",
        "2965681": {
            "config": {
                "oslist": "windows,linux"
            },
            "manifests": {
                "public": {
                    "gid": "8152525246982967551",
                    "size": "1819504287",
                    "download": "1574668160"
                }
            },
            "decryptionkey": "2e7f4862122d6f42bf27da1535972a33bc69bd0af5ee52a95ac294a17e8b2d04"
        },
        "2965682": {
            "config": {
                "oslist": "macos"
            },
            "manifests": {
                "public": {
                    "gid": "1940917712648711903",
                    "size": "1733068625",
                    "download": "1549077104"
                }
            },
            "decryptionkey": ""
        },
        "branches": {
            "public": {
                "buildid": "17470007",
                "timeupdated": "1740265452"
            }
        }
    }
}