{
    "appid": "3122170",
    "type": "Game",
    "name": "Dream Cage",
    "schinese_name": "",
    "isfreeapp": "0",
    "change_number": "29016278",
    "update_time": "2025-05-16 12:00:45",
    "depot": {
        "228988": {
            "config": {
                "oslist": "windows"
            },
            "depotfromapp": "228980",
            "sharedinstall": "1"
        },
        "228989": {
            "config": {
                "oslist": "windows"
            },
            "depotfromapp": "228980",
            "sharedinstall": "1"
        },
        "228990": {
            "config": {
                "oslist": "windows"
            },
            "depotfromapp": "228980",
            "sharedinstall": "1"
        },
        "3122171": {
            "manifests": {
                "public": {
                    "gid": "7289150121257426128",
                    "size": "6111642309",
                    "download": "5930810384"
                }
            },
            "decryptionkey": "66fb3be6d84a24b5e8946bb9e96ae61cf32ac55f474eb506b537d34fb81af796"
        },
        "branches": {
            "public": {
                "buildid": "17292340",
                "timeupdated": "1739031320"
            }
        }
    }
}