{
    "appid": "3066660",
    "type": "Game",
    "name": "Ells Tales: Chicken",
    "schinese_name": "",
    "isfreeapp": "0",
    "change_number": "28976122",
    "update_time": "2025-05-14 22:40:39",
    "depot": {
        "228988": {
            "config": {
                "oslist": "windows"
            },
            "depotfromapp": "228980",
            "sharedinstall": "1"
        },
        "228990": {
            "config": {
                "oslist": "windows"
            },
            "depotfromapp": "228980",
            "sharedinstall": "1"
        },
        "3066661": {
            "manifests": {
                "public": {
                    "gid": "5192440077647425993",
                    "size": "196921617",
                    "download": "113661376"
                }
            },
            "decryptionkey": "f988474f10ee1211b8c0e98a5600e44e4c99822555b74779af4c3c2c2b68c16a"
        },
        "branches": {
            "public": {
                "buildid": "15160472",
                "timeupdated": "1721982352"
            }
        }
    }
}