{
    "appid": "3250970",
    "type": "Game",
    "name": "Isekai Reincarnation Magic Cock",
    "schinese_name": "魔法鸡鸡转生异世界",
    "isfreeapp": "0",
    "change_number": "29016528",
    "update_time": "2025-05-16 12:24:47",
    "depot": {
        "baselanguages": "english,schinese,tchinese,japanese",
        "3250971": {
            "config": {
                "language": "japanese"
            },
            "manifests": {
                "public": {
                    "gid": "8078851639272386190",
                    "size": "516437438",
                    "download": "327862480"
                }
            },
            "decryptionkey": "913b2213067e51f14c796da889b5f8b6145412eed9c5d84bf1e82532d72ae9da"
        },
        "3250972": {
            "config": {
                "language": "english"
            },
            "manifests": {
                "public": {
                    "gid": "8956647880670451975",
                    "size": "531530321",
                    "download": "337116432"
                }
            },
            "decryptionkey": "2615162d8b529519af52786e3b002fd84292f78f9f0ebfe29aeb6e7fa6c03c2e"
        },
        "3250973": {
            "config": {
                "language": "tchinese"
            },
            "manifests": {
                "public": {
                    "gid": "2657117713828265702",
                    "size": "531775731",
                    "download": "337337008"
                }
            },
            "decryptionkey": "5e9e67aff4439914fe935ecbf0b410c2e452fd38b155793bfa678e8da7c0af25"
        },
        "3250974": {
            "config": {
                "language": "schinese"
            },
            "manifests": {
                "public": {
                    "gid": "3422545314348255332",
                    "size": "531742091",
                    "download": "337322784"
                }
            },
            "decryptionkey": "1f44ee3cc74188499315a8553de817aae3bb576292264f5bb5054ff6ba17b627"
        },
        "branches": {
            "public": {
                "buildid": "16846600",
                "timeupdated": "1735095746"
            }
        }
    }
}