{
    "appid": "3272300",
    "type": "Game",
    "name": "Yasuke Simulator",
    "schinese_name": "",
    "isfreeapp": "0",
    "change_number": "29016574",
    "update_time": "2025-05-16 12:30:43",
    "depot": {
        "3272301": {
            "manifests": {
                "public": {
                    "gid": "3760880416631274962",
                    "size": "9254855330",
                    "download": "3113601232"
                }
            },
            "decryptionkey": "a04583eb791521d867756bfcabe7706dd288b23799bd1a5ac112362590ab5208"
        },
        "branches": {
            "public": {
                "buildid": "17964068",
                "timeupdated": "1743651160"
            }
        }
    }
}