{
    "appid": "3022750",
    "type": "Game",
    "name": "Rune Stones",
    "schinese_name": "",
    "isfreeapp": "0",
    "change_number": "28418058",
    "update_time": "2025-04-11 07:27:25",
    "depot": {
        "3022751": {
            "manifests": {
                "public": {
                    "gid": "3611412032750332731",
                    "size": "260169383",
                    "download": "53275440"
                }
            },
            "decryptionkey": "f5ed03784eae4aa791b96779e852de6f949763f9e1ff78053e042663460294cf"
        },
        "branches": {
            "public": {
                "buildid": "14631897",
                "timeupdated": "1717712967"
            }
        }
    }
}