{
    "appid": "3352580",
    "type": "DLC",
    "name": "Aloft - Supporter Pack",
    "schinese_name": "Aloft - 支持者回馈礼包",
    "isfreeapp": "0",
    "change_number": "27014932",
    "update_time": "2025-01-16 06:18:07",
    "depot": {
        "3352580": {
            "manifests": {
                "public": {
                    "gid": "4641934724710294930",
                    "size": "302224110",
                    "download": "281882464"
                }
            },
            "dlcappid": "3352580",
            "decryptionkey": "dad71f0783613579b08d5787dc32c61d420acb327988eb00bb6049ff1df2b630"
        },
        "branches": {
            "public": {
                "buildid": "16944292",
                "timeupdated": "1736463923"
            }
        }
    }
}