{
    "appid": "3169820",
    "type": "Game",
    "name": "YUME 5",
    "schinese_name": "梦5：春节（一般向）",
    "isfreeapp": "0",
    "change_number": "29046209",
    "update_time": "2025-05-18 13:15:05",
    "depot": {
        "3169821": {
            "manifests": {
                "public": {
                    "gid": "5092878292254325237",
                    "size": "864319450",
                    "download": "156364192"
                }
            },
            "decryptionkey": "a126e24e872fc456b31ee5e236803d3585fd44ace7b9c82efeaed70325afde2a"
        },
        "branches": {
            "public": {
                "buildid": "17907755",
                "timeupdated": "1743470455"
            }
        }
    }
}