{
    "appid": "3152210",
    "type": "Demo",
    "name": "World of the dead Demo",
    "schinese_name": "",
    "isfreeapp": "0",
    "change_number": "26183469",
    "update_time": "2024-11-14 07:35:22",
    "depot": {
        "228988": {
            "config": {
                "oslist": "windows"
            },
            "depotfromapp": "228980",
            "sharedinstall": "1"
        },
        "228989": {
            "config": {
                "oslist": "windows"
            },
            "depotfromapp": "228980",
            "sharedinstall": "1"
        },
        "228990": {
            "config": {
                "oslist": "windows"
            },
            "depotfromapp": "228980",
            "sharedinstall": "1"
        },
        "3152211": {
            "manifests": {
                "public": {
                    "gid": "8185268224035508639",
                    "size": "21469815644",
                    "download": "21144081248"
                }
            },
            "decryptionkey": "2e59df33217cc241d6087f689b368ae86c4ca68f68e0273b8e87ee3bd3afe15d"
        },
        "branches": {
            "public": {
                "buildid": "16089165",
                "timeupdated": "1729382058"
            }
        },
        "privatebranches": "1"
    }
}