{
    "appid": "3184370",
    "type": "Demo",
    "name": "Madness inside Demo",
    "schinese_name": "",
    "isfreeapp": "0",
    "change_number": "26501495",
    "update_time": "2024-12-05 13:52:20",
    "depot": {
        "228989": {
            "config": {
                "oslist": "windows"
            },
            "depotfromapp": "228980",
            "sharedinstall": "1"
        },
        "228990": {
            "config": {
                "oslist": "windows"
            },
            "depotfromapp": "228980",
            "sharedinstall": "1"
        },
        "3184371": {
            "manifests": {
                "public": {
                    "gid": "5964967763939656241",
                    "size": "3749016054",
                    "download": "3395954560"
                }
            },
            "decryptionkey": "dde89635ff397c1e3bc22aa6a4d0faf7b3e887d5fea12297d730eaec15a57e1f"
        },
        "branches": {
            "public": {
                "buildid": "15457010",
                "timeupdated": "1724312599"
            }
        }
    }
}