{
    "appid": "3299130",
    "type": "Game",
    "name": "Mayhem Maidens",
    "schinese_name": "",
    "isfreeapp": "0",
    "change_number": "28987172",
    "update_time": "2025-05-15 02:15:01",
    "depot": {
        "baselanguages": "english,koreana,schinese,tchinese,japanese",
        "3299131": {
            "manifests": {
                "public": {
                    "gid": "6848744991123082667",
                    "size": "220183326",
                    "download": "85348464"
                }
            },
            "decryptionkey": "998fe69604eae0f52ec591c7bd2bd69202f635470d723f2842b0b652581e4874"
        },
        "branches": {
            "public": {
                "buildid": "18222778",
                "timeupdated": "1745493330"
            }
        },
        "privatebranches": "1"
    }
}