{
    "appid": "3206470",
    "type": "Game",
    "name": "Domain Master",
    "schinese_name": "",
    "isfreeapp": "0",
    "change_number": "25308785",
    "update_time": "2024-09-20 09:50:49",
    "depot": {
        "3206471": {
            "manifests": {
                "public": {
                    "gid": "1819723830641274992",
                    "size": "170280607",
                    "download": "27646144"
                }
            },
            "decryptionkey": "eb42821b1cd567174bdaec9dfa50d334244ee2d2bb46103d6efbbbdd9833cfe0"
        },
        "branches": {
            "public": {
                "buildid": "15554445",
                "timeupdated": "1725111583"
            }
        }
    }
}