{
    "appid": "3093590",
    "type": "Game",
    "name": "Kemopop!",
    "schinese_name": "",
    "isfreeapp": "0",
    "change_number": "29016152",
    "update_time": "2025-05-16 11:48:49",
    "depot": {
        "3093591": {
            "config": {
                "oslist": "windows"
            },
            "manifests": {
                "public": {
                    "gid": "1231331768409147483",
                    "size": "528618936",
                    "download": "472544640"
                },
                "beta": {
                    "gid": "1231331768409147483",
                    "size": "528618936",
                    "download": "472544640"
                }
            },
            "decryptionkey": "bb1643f6f7a3b4bd4f286d307082298064737c237f7cd8a8546dc399590f82d7"
        },
        "3093592": {
            "config": {
                "oslist": "linux"
            },
            "manifests": {
                "public": {
                    "gid": "4544340580888666239",
                    "size": "535213728",
                    "download": "474266384"
                },
                "beta": {
                    "gid": "4544340580888666239",
                    "size": "535213728",
                    "download": "474266384"
                }
            },
            "decryptionkey": ""
        },
        "3093593": {
            "config": {
                "oslist": "macos"
            },
            "manifests": {
                "public": {
                    "gid": "977705494791062542",
                    "size": "600167148",
                    "download": "487773936"
                },
                "beta": {
                    "gid": "977705494791062542",
                    "size": "600167148",
                    "download": "487773936"
                }
            },
            "decryptionkey": ""
        },
        "workshopdepot": "3093590",
        "hasdepotsindlc": "1",
        "branches": {
            "public": {
                "buildid": "17647466",
                "timeupdated": "1741451852"
            },
            "beta": {
                "buildid": "17647466",
                "description": "Live distribution staging branch",
                "timeupdated": "1741449790"
            }
        },
        "workshopdepotdecryptionkey": "d2ef3d71acee18fec388c39f07d9c1fbe04beec5eecd1782a43a250170ebaa43"
    }
}