{
    "appid": "3376160",
    "type": "Game",
    "name": "おしかけねーちゃん Can I crash at your place?",
    "schinese_name": "",
    "isfreeapp": "0",
    "change_number": "28397773",
    "update_time": "2025-04-10 09:18:14",
    "depot": {
        "3376161": {
            "manifests": {
                "public": {
                    "gid": "4716243051955504023",
                    "size": "245769908",
                    "download": "234175728"
                }
            },
            "decryptionkey": "07ac97e50d3ae190084388a2486b62affcfb9ed38305e814beba46ceb0d75171"
        },
        "baselanguages": "english,japanese",
        "branches": {
            "public": {
                "buildid": "17656497",
                "timeupdated": "1741574456"
            }
        }
    }
}