{
    "appid": "3213850",
    "type": "Game",
    "name": "gogh: Focus with Your Avatar",
    "schinese_name": "gogh: 虚拟形象与专注",
    "isfreeapp": "0",
    "change_number": "29021318",
    "update_time": "2025-05-16 17:52:04",
    "depot": {
        "hasdepotsindlc": "0",
        "3213851": {
            "manifests": {
                "public": {
                    "gid": "1976074895668210218",
                    "size": "1153915526",
                    "download": "842342256"
                }
            },
            "decryptionkey": "096cd494378b8ab62d21a7eadcf9a1736f7fe130b6f9bef9d2bb894074ab1bce"
        },
        "branches": {
            "public": {
                "buildid": "18488633",
                "timeupdated": "1747389120"
            }
        },
        "privatebranches": "1"
    }
}