{
    "appid": "3089130",
    "type": "Game",
    "name": "Retail Company Simulator",
    "schinese_name": "时尚梦想家",
    "isfreeapp": "0",
    "change_number": "29016152",
    "update_time": "2025-05-16 11:48:45",
    "depot": {
        "228988": {
            "config": {
                "oslist": "windows"
            },
            "depotfromapp": "228980",
            "sharedinstall": "1"
        },
        "228989": {
            "config": {
                "oslist": "windows"
            },
            "depotfromapp": "228980",
            "sharedinstall": "1"
        },
        "228990": {
            "config": {
                "oslist": "windows"
            },
            "depotfromapp": "228980",
            "sharedinstall": "1"
        },
        "3089131": {
            "manifests": {
                "public": {
                    "gid": "8277795318489076890",
                    "size": "3411338993",
                    "download": "2349809920"
                }
            },
            "decryptionkey": "5786ccb1d1879ab3e1ea79533b18f26a2738a511b8085872aef7a6a38e8a19bd"
        },
        "branches": {
            "public": {
                "buildid": "17939150",
                "timeupdated": "1744476920"
            }
        },
        "privatebranches": "1"
    }
}