{
    "appid": "2981440",
    "type": "Game",
    "name": "黑山房产中介",
    "schinese_name": "",
    "isfreeapp": "0",
    "change_number": "29045922",
    "update_time": "2025-05-18 12:12:49",
    "depot": {
        "baselanguages": "english,schinese,japanese",
        "2981441": {
            "config": {
                "oslist": "windows",
                "osarch": "64"
            },
            "manifests": {
                "public": {
                    "gid": "2018241140723265093",
                    "size": "386803534",
                    "download": "79840256"
                },
                "allcg": {
                    "gid": "4380218693860434789",
                    "size": "359176160",
                    "download": "74352992"
                }
            },
            "decryptionkey": "f6828d0aeab20c41ad79971177c3b69ad8dcd401124b0694eb23189d366d101d"
        },
        "branches": {
            "public": {
                "buildid": "16759353",
                "timeupdated": "1734355539"
            },
            "allcg": {
                "buildid": "14277917",
                "description": "allcg",
                "timeupdated": "1714999393"
            }
        }
    }
}