{
    "appid": "3468550",
    "type": "Music",
    "name": "Kingdom Come: Deliverance II Soundtrack",
    "schinese_name": "",
    "isfreeapp": "0",
    "change_number": "28769939",
    "update_time": "2025-05-01 22:34:37",
    "depot": {
        "3468551": {
            "manifests": {
                "public": {
                    "gid": "6872057523820499398",
                    "size": "200323678",
                    "download": "197462128"
                }
            },
            "decryptionkey": "25b35bae1bb9e7a4cce9c03f6de8e02f15249954fc825b32b3d36db9844e04f2"
        },
        "3468552": {
            "config": {
                "highqualityaudio": "1"
            },
            "manifests": {
                "public": {
                    "gid": "5959204188281972405",
                    "size": "925786496",
                    "download": "937519728"
                }
            },
            "decryptionkey": "1af88e054ff8a58910611d28559791d4cf5f49bf9f51d60536284f2ce725d341"
        },
        "branches": {
            "public": {
                "buildid": "17120102",
                "timeupdated": "1737725884"
            }
        },
        "privatebranches": "1"
    }
}