{
    "appid": "3340810",
    "type": "Game",
    "name": "Hero of the Kingdom: The Lost Tales 3",
    "schinese_name": "",
    "isfreeapp": "0",
    "change_number": "29016621",
    "update_time": "2025-05-16 12:36:47",
    "depot": {
        "baselanguages": "english,german,french,italian,spanish,russian,polish,danish,dutch,hungarian,czech,turkish,brazilian,ukrainian",
        "3340811": {
            "config": {
                "oslist": "windows,linux"
            },
            "manifests": {
                "public": {
                    "gid": "6147453055522410307",
                    "size": "444550780",
                    "download": "196331552"
                }
            },
            "decryptionkey": "0e42e8c660d00fe7dbccd97f38c1ba5b7b54dd1c2950ab2dd19c573a4dd75d7c"
        },
        "3340812": {
            "config": {
                "oslist": "windows"
            },
            "manifests": {
                "public": {
                    "gid": "3960848071803950512",
                    "size": "2703248",
                    "download": "765696"
                }
            },
            "decryptionkey": "1869de18d16e42bd67d798196dac85c31ca606aab719d5e1b05ef14fde5a0564"
        },
        "3340813": {
            "config": {
                "oslist": "macos"
            },
            "manifests": {
                "public": {
                    "gid": "1277078701538288983",
                    "size": "463408228",
                    "download": "199888448"
                }
            },
            "decryptionkey": ""
        },
        "3340814": {
            "config": {
                "oslist": "linux"
            },
            "manifests": {
                "public": {
                    "gid": "3629338859515872866",
                    "size": "1672129",
                    "download": "533760"
                }
            },
            "decryptionkey": ""
        },
        "branches": {
            "public": {
                "buildid": "18389528",
                "timeupdated": "1746711539"
            }
        }
    }
}