{
    "appid": "3261000",
    "type": "Demo",
    "name": "POLARIS™ Demo",
    "schinese_name": "",
    "isfreeapp": "0",
    "change_number": "27316086",
    "update_time": "2025-02-05 07:49:02",
    "depot": {
        "228989": {
            "config": {
                "oslist": "windows"
            },
            "depotfromapp": "228980",
            "sharedinstall": "1"
        },
        "228990": {
            "config": {
                "oslist": "windows"
            },
            "depotfromapp": "228980",
            "sharedinstall": "1"
        },
        "3261001": {
            "manifests": {
                "public": {
                    "gid": "6672640791264609527",
                    "size": "14120468721",
                    "download": "4510079600"
                }
            },
            "decryptionkey": "f5d5fac9ea6e000c6f2aa30a69f81f15d1db30c4ddaf4c3ed064b2e0e7d50a01"
        },
        "branches": {
            "public": {
                "buildid": "16038243",
                "timeupdated": "1728921721"
            }
        },
        "privatebranches": "1"
    }
}