{
    "appid": "3394080",
    "type": "Game",
    "name": "Friendship with Benefits 2",
    "schinese_name": "",
    "isfreeapp": "0",
    "change_number": "29016664",
    "update_time": "2025-05-16 12:42:43",
    "depot": {
        "3394081": {
            "manifests": {
                "public": {
                    "gid": "9032190841315018217",
                    "size": "852248283",
                    "download": "706216512"
                }
            },
            "decryptionkey": "a55200e42abd908499968a30dd65529e5d9c7475f5ac318dd9b45c5aa040d67b"
        },
        "branches": {
            "public": {
                "buildid": "18295484",
                "timeupdated": "1746015388"
            }
        }
    }
}