{
    "appid": "3088060",
    "type": "Music",
    "name": "超级星探 Soundtrack",
    "schinese_name": "",
    "isfreeapp": "0",
    "change_number": "26536314",
    "update_time": "2024-12-07 11:54:57",
    "depot": {
        "3088061": {
            "manifests": {
                "public": {
                    "gid": "3923900731956315191",
                    "size": "156576661",
                    "download": "150836368"
                }
            },
            "decryptionkey": "4a700bdd8335781e4b891772da7efcb14a3d4a92b5dde0f84affef437200d9cc"
        },
        "branches": {
            "public": {
                "buildid": "15009509",
                "timeupdated": "1720762135"
            }
        }
    }
}