{
    "appid": "3533450",
    "type": "DLC",
    "name": "ずんだもん DLC",
    "schinese_name": "",
    "isfreeapp": "0",
    "change_number": "28901079",
    "update_time": "2025-05-09 20:03:56",
    "depot": {
        "3533450": {
            "manifests": {
                "public": {
                    "gid": "2952962540067732494",
                    "size": "4191353",
                    "download": "4248864"
                },
                "debug": {
                    "gid": "2952962540067732494",
                    "size": "4191353",
                    "download": "4248864"
                }
            },
            "dlcappid": "3533450",
            "decryptionkey": "9c3422e204117b9185c9474c97cfb09cc8f9dffd5bf40704c2747623474dea8f"
        },
        "branches": {
            "public": {
                "buildid": "18222452",
                "timeupdated": "1746691574"
            },
            "debug": {
                "buildid": "18222452",
                "description": "debug",
                "timeupdated": "1745491539"
            }
        }
    }
}