{
    "appid": "3354590",
    "type": "DLC",
    "name": "Beat Saber - Metallica - Lux Æterna",
    "schinese_name": "",
    "isfreeapp": "0",
    "change_number": "26610811",
    "update_time": "2024-12-12 20:43:07",
    "depot": {
        "3354590": {
            "manifests": {
                "public": {
                    "gid": "4007293596535984740",
                    "size": "12175556",
                    "download": "12342288"
                }
            },
            "dlcappid": "3354590",
            "decryptionkey": "705bb5987644ae5d173a84bfa143e26673f7808dc2911be17fe09a58565d4671"
        },
        "branches": {
            "public": {
                "buildid": "16721084",
                "timeupdated": "1734007308"
            }
        }
    }
}