{
    "appid": "3136240",
    "type": "Demo",
    "name": "动物农场 Demo",
    "schinese_name": "动物农场 Demo",
    "isfreeapp": "0",
    "change_number": "26914073",
    "update_time": "2025-01-09 05:23:10",
    "depot": {
        "baselanguages": "english,koreana,schinese,tchinese,japanese",
        "3136241": {
            "config": {
                "oslist": "windows",
                "osarch": "64"
            },
            "manifests": {
                "public": {
                    "gid": "7432138803208195056",
                    "size": "172217110",
                    "download": "51113136"
                }
            },
            "decryptionkey": "36f0baea06d9a0f9df14c8b84900955faa1f1fecb15cb96d1837635bb8908b0b"
        },
        "3136242": {
            "config": {
                "oslist": "macos",
                "osarch": "64"
            },
            "manifests": {
                "public": {
                    "gid": "2149504898665379694",
                    "size": "189270710",
                    "download": "58033184"
                }
            },
            "decryptionkey": ""
        },
        "branches": {
            "public": {
                "buildid": "16944137",
                "timeupdated": "1736371386"
            }
        }
    }
}