{
    "appid": "3012340",
    "type": "Demo",
    "name": "Skopje '83 Demo",
    "schinese_name": "",
    "isfreeapp": "0",
    "change_number": "27533681",
    "update_time": "2025-02-18 20:08:52",
    "depot": {
        "3012341": {
            "manifests": {
                "public": {
                    "gid": "105966170911322174",
                    "size": "3067044047",
                    "download": "1950280496"
                }
            },
            "decryptionkey": "0b75678c3b2e84b1ef580f4810f546f644aa23dcbee5ef43e8b22ced9b773b4a"
        },
        "branches": {
            "public": {
                "buildid": "16803389",
                "timeupdated": "1734630434"
            }
        },
        "privatebranches": "1"
    }
}