{
    "appid": "3288600",
    "type": "Game",
    "name": "SKIBIDI GYATROOMS",
    "schinese_name": "",
    "isfreeapp": "0",
    "change_number": "29047829",
    "update_time": "2025-05-18 18:15:18",
    "depot": {
        "3288601": {
            "config": {
                "oslist": "windows"
            },
            "manifests": {
                "public": {
                    "gid": "5155676239305367325",
                    "size": "2051796284",
                    "download": "574725312"
                }
            },
            "decryptionkey": "5f5b765fe91a578fb0ba7aa721f349246ce7eb6b914e51d58ec7bf4c7fcf63ec"
        },
        "branches": {
            "public": {
                "buildid": "17213301",
                "timeupdated": "1738460638"
            }
        }
    }
}