{
    "appid": "3105990",
    "type": "Demo",
    "name": "蛋丸之地 2 Demo",
    "schinese_name": "蛋丸之地 2 Demo",
    "isfreeapp": "0",
    "change_number": "26183469",
    "update_time": "2024-11-14 07:32:26",
    "depot": {
        "3105991": {
            "manifests": {
                "public": {
                    "gid": "3404731434908262850",
                    "size": "390341630",
                    "download": "80462352"
                }
            },
            "decryptionkey": "bacdad7bfa227bf39a14011665e13f2cf2526f6ee4ded04e7e9445c8d25e1af2"
        },
        "branches": {
            "public": {
                "buildid": "15104506",
                "timeupdated": "1721571100"
            }
        },
        "privatebranches": "1"
    }
}