{
    "appid": "3456140",
    "type": "DLC",
    "name": "Weirdo Artbook",
    "schinese_name": "异人 游戏设定集",
    "isfreeapp": "0",
    "change_number": "27478854",
    "update_time": "2025-02-14 20:15:04",
    "depot": {
        "3456140": {
            "config": {
                "osarch": "64"
            },
            "dlcappid": "3456140",
            "manifests": {
                "public": {
                    "gid": "7645510806743335859",
                    "size": "65048538",
                    "download": "65453488"
                }
            },
            "decryptionkey": "1fb3060c7feaa00a33f30eb3961010a578d2b38a9e2e99fc31ff8ff618f72819"
        },
        "branches": {
            "public": {
                "buildid": "17049929",
                "timeupdated": "1737199890"
            }
        }
    }
}