{
    "appid": "2942680",
    "type": "Game",
    "name": "Survivor in the Forest",
    "schinese_name": "",
    "isfreeapp": "0",
    "change_number": "26802827",
    "update_time": "2024-12-28 15:41:00",
    "depot": {
        "2942681": {
            "manifests": {
                "public": {
                    "gid": "5600653079977428394",
                    "size": "632389269",
                    "download": "167714144"
                }
            },
            "decryptionkey": "2640d29d14b6d390d5633236a8e7368286d99cd5b40d5bc3cb0f6f4dd9278070"
        },
        "branches": {
            "public": {
                "buildid": "14314293",
                "timeupdated": "1715251623"
            }
        }
    }
}