{
    "appid": "3015270",
    "type": "Game",
    "name": "Tower of Megami Descents",
    "schinese_name": "女神降临的昇天塔",
    "isfreeapp": "0",
    "change_number": "29015780",
    "update_time": "2025-05-16 11:12:44",
    "depot": {
        "3015271": {
            "manifests": {
                "public": {
                    "gid": "2919153501749282097",
                    "size": "124968848",
                    "download": "60156640"
                }
            },
            "decryptionkey": "1bb4faf6bc3ed9dffb3076d3bdbff16c13cc693a57982a85929e8d9df3458645"
        },
        "branches": {
            "public": {
                "buildid": "17238290",
                "timeupdated": "1738676453"
            }
        }
    }
}