{
    "appid": "3050300",
    "type": "DLC",
    "name": "RPG Maker MZ - REFMAP Fantasy Character Pack 1",
    "schinese_name": "",
    "isfreeapp": "0",
    "change_number": "26704995",
    "update_time": "2024-12-19 09:03:45",
    "depot": {
        "3050300": {
            "manifests": {
                "public": {
                    "gid": "367708573681152145",
                    "size": "1200902",
                    "download": "1181904"
                }
            },
            "dlcappid": "3050300",
            "decryptionkey": "83e9395be8385b95119879ae4819e0f69b80e016cea5a74c7d4826c3865a04ea"
        },
        "branches": {
            "public": {
                "buildid": "14891083",
                "timeupdated": "1719813412"
            }
        }
    }
}