{
    "appid": "3319890",
    "type": "DLC",
    "name": "DYNASTY WARRIORS: ORIGINS - Letters",
    "schinese_name": "真・三国无双 起源 - 书信",
    "isfreeapp": "0",
    "change_number": "27034310",
    "update_time": "2025-01-17 09:00:38",
    "depot": {
        "3319890": {
            "config": {
                "oslist": "windows"
            },
            "manifests": {
                "public": {
                    "gid": "1226171390310445224",
                    "size": "96",
                    "download": "192"
                }
            },
            "dlcappid": "3319890",
            "decryptionkey": "ee47966cbf4e985ece4730ea8e94a7766202486517e1dba9de172b6fe849760d"
        },
        "branches": {
            "public": {
                "buildid": "16543888",
                "timeupdated": "1732666748"
            }
        }
    },
    "access_token": 4925446025434514146
}