{
    "appid": "3300060",
    "type": "Game",
    "name": "Enchanted - A Magic Shop",
    "schinese_name": "",
    "isfreeapp": "1",
    "change_number": "26820456",
    "update_time": "2024-12-31 04:59:06",
    "depot": {
        "228989": {
            "config": {
                "oslist": "windows"
            },
            "depotfromapp": "228980",
            "sharedinstall": "1"
        },
        "228990": {
            "config": {
                "oslist": "windows"
            },
            "depotfromapp": "228980",
            "sharedinstall": "1"
        },
        "baselanguages": "english",
        "3300061": {
            "config": {
                "language": "english",
                "oslist": "windows"
            },
            "manifests": {
                "public": {
                    "gid": "4096075071438089476",
                    "size": "1469084283",
                    "download": "870059488"
                },
                "update2": {
                    "gid": "4096075071438089476",
                    "size": "1469084283",
                    "download": "870059488"
                }
            },
            "decryptionkey": "4303155447542cf6bccf15826356d80d5d0e12a5c838699bf8a2ceadf1bebc08"
        },
        "branches": {
            "public": {
                "buildid": "16850813",
                "timeupdated": "1735162882"
            },
            "update2": {
                "buildid": "16850813",
                "description": "Update",
                "timeupdated": "1735162592"
            }
        }
    }
}