{
    "appid": "3202300",
    "type": "Demo",
    "name": "Tetra Dungeon Demo",
    "schinese_name": "",
    "isfreeapp": "0",
    "change_number": "26779310",
    "update_time": "2024-12-25 15:52:16",
    "depot": {
        "baselanguages": "english,schinese",
        "3202301": {
            "config": {
                "oslist": "windows"
            },
            "manifests": {
                "public": {
                    "gid": "2871549157942322963",
                    "size": "384904122",
                    "download": "133064224"
                }
            },
            "decryptionkey": "b878cb5ee31797f82573dc3cff344559f8a5a0a1525fbbd734167e1357862257"
        },
        "3202302": {
            "config": {
                "oslist": "macos"
            },
            "manifests": {
                "public": {
                    "gid": "263203114389506850",
                    "size": "229509182",
                    "download": "117412544"
                }
            },
            "decryptionkey": ""
        },
        "branches": {
            "public": {
                "buildid": "16847723",
                "timeupdated": "1735113076"
            }
        }
    }
}