{
    "appid": "3294750",
    "type": "Game",
    "name": "MUBOSAMA",
    "schinese_name": "",
    "isfreeapp": "0",
    "change_number": "28245572",
    "update_time": "2025-04-01 17:51:39",
    "depot": {
        "baselanguages": "english,schinese,russian,japanese",
        "3294751": {
            "config": {
                "oslist": "windows,linux"
            },
            "manifests": {
                "public": {
                    "gid": "5476218556145809410",
                    "size": "257254831",
                    "download": "205767488"
                }
            },
            "decryptionkey": "bc77851a21641b36d48167e5a675ffd734c0085698e57ee99347e823905d48a9"
        },
        "3294752": {
            "config": {
                "language": "schinese",
                "oslist": "windows,linux"
            },
            "manifests": {
                "public": {
                    "gid": "1051439307988260873",
                    "size": "257254579",
                    "download": "205771456"
                }
            },
            "decryptionkey": "c65a3834d38aa0dfa65689409672239249b7e9545893641dc26f54a6e65f5d57"
        },
        "3294753": {
            "config": {
                "language": "russian",
                "oslist": "windows,linux"
            },
            "manifests": {
                "public": {
                    "gid": "8820054338999805686",
                    "size": "257259847",
                    "download": "205765536"
                }
            },
            "decryptionkey": ""
        },
        "3294754": {
            "config": {
                "language": "japanese",
                "oslist": "windows,linux"
            },
            "manifests": {
                "public": {
                    "gid": "8199922918638717272",
                    "size": "257258616",
                    "download": "205751696"
                }
            },
            "decryptionkey": "6866c714a67f122f29b0c4193e5fddde462e104b6dff6c55e4ee5c2196bff71d"
        },
        "branches": {
            "public": {
                "buildid": "16407776",
                "timeupdated": "1731596938"
            }
        }
    }
}