{
    "appid": "3188130",
    "type": "Demo",
    "name": "PAKO Caravan Demo",
    "schinese_name": "",
    "isfreeapp": "0",
    "change_number": "26004258",
    "update_time": "2024-11-01 18:03:32",
    "depot": {
        "3188131": {
            "config": {
                "oslist": "windows"
            },
            "manifests": {
                "public": {
                    "gid": "8798262978607825296",
                    "size": "124884187",
                    "download": "43048496"
                }
            },
            "decryptionkey": "92edd3fe4c500d93001a990754848128f3685ad2a754fab3b882c8fe1bedaf75"
        },
        "3188132": {
            "config": {
                "oslist": "macos"
            },
            "manifests": {
                "public": {
                    "gid": "1238798342733583790",
                    "size": "148669343",
                    "download": "50223520"
                }
            },
            "decryptionkey": ""
        },
        "3188133": {
            "config": {
                "oslist": "linux"
            },
            "manifests": {
                "public": {
                    "gid": "1590257764454442709",
                    "size": "126225725",
                    "download": "42095232"
                }
            },
            "decryptionkey": ""
        },
        "branches": {
            "public": {
                "buildid": "16081150",
                "timeupdated": "1729168882"
            }
        }
    }
}