{
    "appid": "3203370",
    "type": "Game",
    "name": "Ala Mobile",
    "schinese_name": "",
    "isfreeapp": "0",
    "change_number": "28835353",
    "update_time": "2025-05-06 14:08:25",
    "depot": {
        "baselanguages": "english,german,french,italian,spanish,japanese,portuguese,polish,dutch,brazilian,latam,indonesian",
        "3203371": {
            "config": {
                "oslist": "linux"
            },
            "manifests": {
                "public": {
                    "gid": "127085588147886603",
                    "size": "1301816667",
                    "download": "378306832"
                }
            }
        },
        "3203372": {
            "config": {
                "oslist": "macos",
                "osarch": "64"
            },
            "manifests": {
                "public": {
                    "gid": "4607691482012394615",
                    "size": "1327696406",
                    "download": "379567920"
                }
            }
        },
        "3203373": {
            "config": {
                "oslist": "windows",
                "osarch": "64"
            },
            "manifests": {
                "public": {
                    "gid": "4928448425053249501",
                    "size": "1232700245",
                    "download": "362614480"
                }
            },
            "decryptionkey": "5b0a637543b83268c24a4c0b612ea57ca39e1da3ed4e29e7f139f330da94cf17"
        },
        "branches": {
            "public": {
                "buildid": "16688247",
                "timeupdated": "1733797896"
            }
        }
    }
}