{
    "appid": "3094040",
    "type": "Game",
    "name": "Liminal Border Part III",
    "schinese_name": "Liminal Border Part III",
    "isfreeapp": "0",
    "change_number": "28918671",
    "update_time": "2025-05-11 00:33:09",
    "depot": {
        "3094041": {
            "manifests": {
                "public": {
                    "gid": "3947353451397595602",
                    "size": "3123244316",
                    "download": "2815037056"
                }
            },
            "decryptionkey": "c69bfcc0b7843edf6ace89fc0266e0ce77a57d798177147242b4825ddb04db81"
        },
        "baselanguages": "",
        "branches": {
            "public": {
                "buildid": "17543306",
                "timeupdated": "1740730200"
            }
        }
    }
}