{
    "appid": "2973580",
    "type": "Game",
    "name": "Hidden FPS Shooting Top-Down 3D",
    "schinese_name": "",
    "isfreeapp": "0",
    "change_number": "28872351",
    "update_time": "2025-05-08 08:33:18",
    "depot": {
        "2973581": {
            "manifests": {
                "public": {
                    "gid": "4346781949212186130",
                    "size": "682216336",
                    "download": "123625520"
                }
            },
            "decryptionkey": "146700b038bce2927e469c8cbb3c1bd2d20a6352dbbb9b5738bcc0de6a2256d0"
        },
        "branches": {
            "public": {
                "buildid": "14421473",
                "timeupdated": "1716412340"
            }
        }
    }
}