{
    "appid": "3518150",
    "type": "Tool",
    "name": "STANDBOX SDK",
    "schinese_name": "",
    "isfreeapp": "0",
    "change_number": "28206663",
    "update_time": "2025-03-29 22:24:55",
    "depot": {
        "3518151": {
            "manifests": {
                "public": {
                    "gid": "7721744150562543541",
                    "size": "2003589245",
                    "download": "614753360"
                },
                "betatests": {
                    "gid": "5454469021891108723",
                    "size": "2043946048",
                    "download": "631787104"
                }
            },
            "decryptionkey": "911d8423bc856e0f46e95dec60b325dbea8d08ed624a47b639da58d467dcbba5"
        },
        "branches": {
            "public": {
                "buildid": "17395582",
                "timeupdated": "1739810030"
            },
            "betatests": {
                "buildid": "17909993",
                "description": "Beta testing",
                "timeupdated": "1743258290"
            }
        }
    }
}