{
    "appid": "2984290",
    "type": "Music",
    "name": "ROBOBEAT Soundtrack",
    "schinese_name": "",
    "isfreeapp": "0",
    "change_number": "27468716",
    "update_time": "2025-02-14 06:45:02",
    "depot": {
        "2984291": {
            "manifests": {
                "public": {
                    "gid": "260465431750991587",
                    "size": "220188248",
                    "download": "179171904"
                }
            },
            "decryptionkey": "075081ea3fdc14a2e205feba39a00863a9fc4f8d4662337399e4d29747bbdd9f"
        },
        "2984293": {
            "config": {
                "highqualityaudio": "1"
            },
            "manifests": {
                "public": {
                    "gid": "5744495767767779174",
                    "size": "1511428400",
                    "download": "1416757376"
                }
            },
            "decryptionkey": "eddc0232c99cd7881ec7ef895b2f8b0fcf923639ae7f7a9c118e4520f8de6fce"
        },
        "branches": {
            "public": {
                "buildid": "14349520",
                "timeupdated": "1715605919"
            }
        }
    }
}