{
    "appid": "3024270",
    "type": "DLC",
    "name": "Erogoddess: Olympus - Wallpapers Pack",
    "schinese_name": "",
    "isfreeapp": "0",
    "change_number": "24410618",
    "update_time": "2024-07-18 17:53:43",
    "depot": {
        "3024270": {
            "manifests": {
                "public": {
                    "gid": "8553896916424463589",
                    "size": "80145224",
                    "download": "79505776"
                }
            },
            "dlcappid": "3024270",
            "decryptionkey": "37db060f19e0bdddce3d0c64b7caa6f681d9348c8143f89d2130cfbff94ac4d3"
        },
        "branches": {
            "public": {
                "buildid": "14569948",
                "timeupdated": "1717230599"
            }
        }
    }
}