{
    "appid": "3201460",
    "type": "Game",
    "name": "行星之旅-VR",
    "schinese_name": "",
    "isfreeapp": "0",
    "change_number": "26253459",
    "update_time": "2024-11-21 01:02:36",
    "depot": {
        "3201461": {
            "manifests": {
                "public": {
                    "gid": "483421379734916469",
                    "size": "286344878",
                    "download": "74696208"
                }
            },
            "decryptionkey": "1dc91d2e021268b88a203afd9f817372aa76e32ba7d0d7acdac30a86535306f5"
        },
        "branches": {
            "public": {
                "buildid": "15530769",
                "timeupdated": "1724934164"
            }
        }
    },
    "access_token": 915549980237166817
}