{
    "appid": "3029990",
    "type": "Game",
    "name": "学妹、学姐、少妇还有教导主任爱上我!",
    "schinese_name": "",
    "isfreeapp": "0",
    "change_number": "28843437",
    "update_time": "2025-05-06 22:31:48",
    "depot": {
        "baselanguages": "schinese",
        "3029991": {
            "manifests": {
                "public": {
                    "gid": "8773065274773864040",
                    "size": "15753469149",
                    "download": "15627335568"
                }
            },
            "decryptionkey": "67f56b5fbff43888a3b8333cbf8d02c30c55f3611de0e82fb9204f61d865ff08"
        },
        "branches": {
            "public": {
                "buildid": "17391341",
                "timeupdated": "1739787552"
            }
        }
    }
}