{
    "appid": "3476660",
    "type": "Game",
    "name": "Star Crafter",
    "schinese_name": "",
    "isfreeapp": "0",
    "change_number": "29038073",
    "update_time": "2025-05-17 16:12:07",
    "depot": {
        "228989": {
            "config": {
                "oslist": "windows"
            },
            "depotfromapp": "228980",
            "sharedinstall": "1"
        },
        "228990": {
            "config": {
                "oslist": "windows"
            },
            "depotfromapp": "228980",
            "sharedinstall": "1"
        },
        "3476661": {
            "manifests": {
                "public": {
                    "gid": "4426249071176323022",
                    "size": "9681926769",
                    "download": "8504658432"
                },
                "beta": {
                    "gid": "7625545171111815861",
                    "size": "9682176897",
                    "download": "8505772320"
                }
            },
            "decryptionkey": "556d09c6efd437abe16e6b4a0b3e179a2a471aacb4d522a9c536a2db40257c72"
        },
        "branches": {
            "public": {
                "buildid": "17581005",
                "timeupdated": "1741043782"
            },
            "beta": {
                "buildid": "17911199",
                "description": "beta",
                "timeupdated": "1743273465"
            }
        }
    }
}