{
    "appid": "3408790",
    "type": "Game",
    "name": "Rogue Rubber",
    "schinese_name": "",
    "isfreeapp": "1",
    "change_number": "28596318",
    "update_time": "2025-04-22 15:56:56",
    "depot": {
        "228989": {
            "config": {
                "oslist": "windows"
            },
            "depotfromapp": "228980",
            "sharedinstall": "1"
        },
        "228990": {
            "config": {
                "oslist": "windows"
            },
            "depotfromapp": "228980",
            "sharedinstall": "1"
        },
        "3408791": {
            "manifests": {
                "public": {
                    "gid": "1231899587740776432",
                    "size": "905494278",
                    "download": "747997232"
                }
            },
            "decryptionkey": "7264eb885839de052a8cd5e1f40367119d01e7ec4723ac81ef3a64aec96f1476"
        },
        "branches": {
            "public": {
                "buildid": "16892588",
                "timeupdated": "1735832501"
            }
        }
    }
}