{
    "appid": "3202570",
    "type": "Demo",
    "name": "Story Crafter Demo",
    "schinese_name": "",
    "isfreeapp": "0",
    "change_number": "27326282",
    "update_time": "2025-02-05 21:29:54",
    "depot": {
        "baselanguages": "english,schinese",
        "3202571": {
            "manifests": {
                "public": {
                    "gid": "2593838160751956582",
                    "size": "70818039",
                    "download": "27787456"
                }
            },
            "decryptionkey": "91b664edb2fe36ace7c3faf8a12f013ff1fbd5ca283dab6c205c70a235b91c34"
        },
        "branches": {
            "public": {
                "buildid": "16863556",
                "timeupdated": "1735345841"
            }
        }
    }
}