{
    "appid": "3164970",
    "type": "Game",
    "name": "Hentai Tales: Sex Institute",
    "schinese_name": "",
    "isfreeapp": "0",
    "change_number": "25393428",
    "update_time": "2024-09-26 04:05:00",
    "depot": {
        "3164971": {
            "config": {
                "oslist": "windows"
            },
            "manifests": {
                "public": {
                    "gid": "2244286045442779373",
                    "size": "807114509",
                    "download": "194876448"
                }
            },
            "decryptionkey": "9d0b0936f8e8328ed047cc9deac286a854f24a2d5b5c7c74fdaa00eafe00b545"
        },
        "3164972": {
            "config": {
                "oslist": "macos"
            },
            "manifests": {
                "public": {
                    "gid": "2394873473202881365",
                    "size": "801468285",
                    "download": "193754432"
                }
            },
            "decryptionkey": ""
        },
        "3164973": {
            "config": {
                "oslist": "linux"
            },
            "manifests": {
                "public": {
                    "gid": "2200781020864144512",
                    "size": "847987494",
                    "download": "194866720"
                }
            },
            "decryptionkey": ""
        },
        "baselanguages": "english",
        "branches": {
            "public": {
                "buildid": "15587983",
                "timeupdated": "1725441129"
            }
        }
    }
}