{
    "appid": "3097940",
    "type": "Game",
    "name": "whiskers",
    "schinese_name": "",
    "isfreeapp": "0",
    "change_number": "26253459",
    "update_time": "2024-11-21 01:02:21",
    "depot": {
        "3097941": {
            "manifests": {
                "public": {
                    "gid": "1955637630008845655",
                    "size": "105206697",
                    "download": "29293824"
                }
            },
            "decryptionkey": "3f43973d97633ac0e8fddc94dcb5bb0e94fddd72be01db993d063a63b6082371"
        },
        "branches": {
            "public": {
                "buildid": "14963864",
                "timeupdated": "1720437266"
            }
        }
    },
    "access_token": 102338317561946249
}