{
    "appid": "3342650",
    "type": "Game",
    "name": "From The Past",
    "schinese_name": "",
    "isfreeapp": "0",
    "change_number": "28886168",
    "update_time": "2025-05-09 00:30:50",
    "depot": {
        "228989": {
            "config": {
                "oslist": "windows"
            },
            "depotfromapp": "228980",
            "sharedinstall": "1"
        },
        "228990": {
            "config": {
                "oslist": "windows"
            },
            "depotfromapp": "228980",
            "sharedinstall": "1"
        },
        "3342651": {
            "manifests": {
                "public": {
                    "gid": "817230023044900039",
                    "size": "9844365526",
                    "download": "9283006608"
                }
            },
            "decryptionkey": "2e83d1a4526417dbb18c32a9ebda314ef2e22c55d49b5a71300aa0dd0d7611f8"
        },
        "branches": {
            "public": {
                "buildid": "17046529",
                "timeupdated": "1737158490"
            }
        }
    }
}