{
    "appid": "3015060",
    "type": "DLC",
    "name": "Tower! Simulator 3 - KONT Airport",
    "schinese_name": "",
    "isfreeapp": "0",
    "change_number": "26075141",
    "update_time": "2024-11-07 00:57:02",
    "depot": {
        "3015060": {
            "config": {
                "oslist": "windows",
                "osarch": "64"
            },
            "manifests": {
                "public": {
                    "gid": "3369987895392918295",
                    "size": "1118372410",
                    "download": "383810768"
                }
            },
            "dlcappid": "3015060",
            "decryptionkey": "59e0c1a34bc70abc6fdfb4bfee1603878e8e29ca5f8fcded1ca518d3aed45df0"
        },
        "branches": {
            "public": {
                "buildid": "16316623",
                "timeupdated": "1730912220"
            }
        }
    }
}