{
    "appid": "3256030",
    "type": "Game",
    "name": "Hideko",
    "schinese_name": "",
    "isfreeapp": "0",
    "change_number": "27263405",
    "update_time": "2025-02-01 08:33:35",
    "depot": {
        "228990": {
            "config": {
                "oslist": "windows"
            },
            "depotfromapp": "228980",
            "sharedinstall": "1"
        },
        "baselanguages": "english,german,french,italian,koreana,spanish,schinese,tchinese,russian,thai,japanese,portuguese,polish,danish,dutch,finnish,norwegian,swedish,hungarian,czech,romanian,turkish,arabic,brazilian,bulgarian,greek,ukrainian,latam,vietnamese,indonesian",
        "3256031": {
            "config": {
                "oslist": "windows"
            },
            "manifests": {
                "public": {
                    "gid": "9175946255531110623",
                    "size": "88116736",
                    "download": "89132048"
                }
            },
            "decryptionkey": "2b3ee96b7cfcd12620ac007674da2ae97cb241a441c69aecb3372ad894883ab3"
        },
        "3256032": {
            "config": {
                "oslist": "macos"
            },
            "manifests": {
                "public": {
                    "gid": "3610113608948803141",
                    "size": "165883594",
                    "download": "87232176"
                }
            },
            "decryptionkey": "bc4365456b52c8007c75b9b67978d2193811714d44db5e3ba1c28d64236187d3"
        },
        "branches": {
            "public": {
                "buildid": "16823050",
                "timeupdated": "1734775038"
            }
        }
    }
}