{
    "appid": "3270130",
    "type": "Demo",
    "name": "Chroma Zero Demo",
    "schinese_name": "色度零 Chroma Zero Demo",
    "isfreeapp": "0",
    "change_number": "28841631",
    "update_time": "2025-05-06 20:49:53",
    "depot": {
        "228989": {
            "config": {
                "oslist": "windows"
            },
            "depotfromapp": "228980",
            "sharedinstall": "1"
        },
        "228990": {
            "config": {
                "oslist": "windows"
            },
            "depotfromapp": "228980",
            "sharedinstall": "1"
        },
        "baselanguages": "english",
        "3270131": {
            "config": {
                "language": "english",
                "oslist": "windows",
                "osarch": "64"
            },
            "manifests": {
                "public": {
                    "gid": "3522431353035298516",
                    "size": "555277905",
                    "download": "415478336"
                }
            },
            "decryptionkey": "4c177dca2c27a814ef8bc93fba2a348b6bde21eb640899ac934cd23cb8f343ab"
        },
        "branches": {
            "public": {
                "buildid": "16801544",
                "timeupdated": "1734616692"
            }
        }
    }
}