{
    "appid": "2961460",
    "type": "Game",
    "name": "神树残响",
    "schinese_name": "",
    "isfreeapp": "0",
    "change_number": "29040655",
    "update_time": "2025-05-17 22:13:24",
    "depot": {
        "2961461": {
            "manifests": {
                "public": {
                    "gid": "1971943558022367960",
                    "size": "4585459993",
                    "download": "4004792800"
                }
            },
            "decryptionkey": "f212983d1e3601104cc7f5b5a4aa8955ad1572209b9afe60a34e610948ec8b65"
        },
        "baselanguages": "schinese",
        "branches": {
            "public": {
                "buildid": "18177612",
                "timeupdated": "1745214961"
            }
        },
        "privatebranches": "1"
    }
}