{
    "appid": "3214870",
    "type": "Game",
    "name": "Snow Bros Wonderland",
    "schinese_name": "",
    "isfreeapp": "0",
    "change_number": "28998947",
    "update_time": "2025-05-15 17:32:53",
    "depot": {
        "3214871": {
            "manifests": {
                "public": {
                    "gid": "1340521777764451488",
                    "size": "5197571896",
                    "download": "4026890992"
                }
            },
            "decryptionkey": "41a9beb4057fe83f826a91a5d1eef5646760802d023ae46dd6411dd088b9fe03"
        },
        "branches": {
            "public": {
                "buildid": "16559106",
                "timeupdated": "1732750008"
            }
        },
        "privatebranches": "1"
    }
}