{
    "appid": "3266190",
    "type": "Demo",
    "name": "FATE: Reawakened Demo",
    "schinese_name": "",
    "isfreeapp": "0",
    "change_number": "26183469",
    "update_time": "2024-11-14 07:41:26",
    "depot": {
        "3266191": {
            "config": {
                "oslist": "windows",
                "osarch": "64"
            },
            "manifests": {
                "public": {
                    "gid": "1298198654616347011",
                    "size": "2084775746",
                    "download": "924091376"
                }
            },
            "decryptionkey": "b8b6a315dc6cb5171343d0187a892562c34a49bf999e9c1fa09271217ed361f1"
        },
        "baselanguages": "english,german,french,koreana,spanish,schinese,japanese",
        "branches": {
            "public": {
                "buildid": "16036917",
                "timeupdated": "1728913232"
            }
        },
        "privatebranches": "1"
    }
}