{
    "appid": "3184600",
    "type": "Demo",
    "name": "Fishing Grind Demo",
    "schinese_name": "",
    "isfreeapp": "0",
    "change_number": "26183469",
    "update_time": "2024-11-14 07:37:16",
    "depot": {
        "3184601": {
            "manifests": {
                "public": {
                    "gid": "5129815720158629779",
                    "size": "1515002954",
                    "download": "776492784"
                }
            },
            "decryptionkey": "d6b8d87777b8a77421f0dce0f74bb27f3dcce17bf029d1ba58a5a0b6cdfdb93f"
        },
        "branches": {
            "public": {
                "buildid": "16084099",
                "timeupdated": "1729183391"
            }
        },
        "privatebranches": "1"
    }
}