{
    "appid": "3002910",
    "type": "Game",
    "name": "奴隶商人",
    "schinese_name": "",
    "isfreeapp": "0",
    "change_number": "25843927",
    "update_time": "2024-10-23 02:13:47",
    "depot": {
        "3002911": {
            "manifests": {
                "public": {
                    "gid": "6262693924995623139",
                    "size": "480755176",
                    "download": "80507104"
                }
            },
            "decryptionkey": "059aa5e94a7b3736297360a0f3e7157d5c920a3533bd87d23d87d086a616ca00"
        },
        "branches": {
            "public": {
                "buildid": "14400914",
                "timeupdated": "1715938756"
            }
        }
    }
}