{
    "appid": "3463310",
    "type": "Demo",
    "name": "Idle Craft Demo",
    "schinese_name": "",
    "isfreeapp": "0",
    "change_number": "27906429",
    "update_time": "2025-03-12 16:09:27",
    "depot": {
        "baselanguages": "english,german,french,spanish,schinese,russian,portuguese,brazilian,latam",
        "228988": {
            "config": {
                "oslist": "windows"
            },
            "depotfromapp": "228980",
            "sharedinstall": "1"
        },
        "229007": {
            "config": {
                "oslist": "windows"
            },
            "depotfromapp": "228980",
            "sharedinstall": "1"
        },
        "3463311": {
            "manifests": {
                "public": {
                    "gid": "1926952100013731739",
                    "size": "465083416",
                    "download": "121006448"
                }
            },
            "decryptionkey": "1b20ca5d7ddb0da3da178596758dfe752a42e8c734e8e2a2e2479f3ecb9f05e4"
        },
        "3463312": {
            "manifests": {
                "public": {
                    "gid": "1504969061384628843",
                    "size": "464079571",
                    "download": "120418752"
                }
            }
        },
        "branches": {
            "public": {
                "buildid": "17534508",
                "timeupdated": "1740675810"
            }
        },
        "privatebranches": "1"
    }
}