{
    "appid": "3259470",
    "type": "Game",
    "name": "Papa's Pizzeria Deluxe",
    "schinese_name": "",
    "isfreeapp": "0",
    "change_number": "29016528",
    "update_time": "2025-05-16 12:24:50",
    "depot": {
        "3259471": {
            "config": {
                "oslist": "windows"
            },
            "manifests": {
                "public": {
                    "gid": "1701948935685648865",
                    "size": "65443287",
                    "download": "51511152"
                }
            },
            "decryptionkey": "ad754a5ef122cf73d3e716b098147852b772657134f530db751d180073d74e83"
        },
        "baselanguages": "english",
        "branches": {
            "public": {
                "buildid": "16618985",
                "timeupdated": "1733252587"
            }
        }
    }
}