{
    "appid": "3149960",
    "type": "Game",
    "name": "American Election Simulator",
    "schinese_name": "",
    "isfreeapp": "0",
    "change_number": "28439846",
    "update_time": "2025-04-12 09:09:09",
    "depot": {
        "3149961": {
            "manifests": {
                "public": {
                    "gid": "8154801308600849942",
                    "size": "396274071",
                    "download": "66566480"
                }
            },
            "decryptionkey": "cc36feb3c3d313a8e265cecc407ebf5075529d7013e2dbb76fe652270929a49d"
        },
        "branches": {
            "public": {
                "buildid": "15557753",
                "timeupdated": "1725162859"
            }
        }
    }
}