{
    "appid": "3217960",
    "type": "Demo",
    "name": "Unto Deepest Depths Demo",
    "schinese_name": "",
    "isfreeapp": "0",
    "change_number": "27236379",
    "update_time": "2025-01-30 22:31:30",
    "depot": {
        "3217961": {
            "config": {
                "oslist": "windows"
            },
            "manifests": {
                "public": {
                    "gid": "9149644447392817013",
                    "size": "86652328",
                    "download": "31357888"
                },
                "beta": {
                    "gid": "9149644447392817013",
                    "size": "86652328",
                    "download": "31357888"
                }
            },
            "decryptionkey": "960acdff71d21d58b22d812c8dfcad844061d4af86d990378c9393c9938d375f"
        },
        "3217962": {
            "config": {
                "oslist": "linux"
            },
            "manifests": {
                "public": {
                    "gid": "7970201647454724606",
                    "size": "80894544",
                    "download": "29127056"
                },
                "beta": {
                    "gid": "7970201647454724606",
                    "size": "80894544",
                    "download": "29127056"
                }
            },
            "decryptionkey": ""
        },
        "branches": {
            "public": {
                "buildid": "17185495",
                "timeupdated": "1738247483"
            },
            "beta": {
                "buildid": "17185495",
                "description": "Early access to in-progress features",
                "timeupdated": "1738246750"
            }
        },
        "privatebranches": "1"
    }
}