{
    "appid": "3410310",
    "type": "Game",
    "name": "Make Good Choices",
    "schinese_name": "",
    "isfreeapp": "0",
    "change_number": "29016664",
    "update_time": "2025-05-16 12:42:44",
    "depot": {
        "3410311": {
            "config": {
                "oslist": "windows"
            },
            "manifests": {
                "public": {
                    "gid": "9062764495798674220",
                    "size": "5163851356",
                    "download": "1759157376"
                }
            },
            "decryptionkey": "9f9fbe1a217b2aa27bb04ddf2d7bd856d6e606ccaf00ac26ce356bf794320a6c"
        },
        "3410312": {
            "config": {
                "oslist": "macos"
            },
            "manifests": {
                "public": {
                    "gid": "6177504903460157734",
                    "size": "3874402822",
                    "download": "2316281520"
                }
            }
        },
        "branches": {
            "public": {
                "buildid": "17997037",
                "timeupdated": "1743874005"
            }
        },
        "privatebranches": "1"
    }
}