{
    "appid": "2996200",
    "type": "Game",
    "name": "勾八狂想曲(J8 Fantasy)",
    "schinese_name": "",
    "isfreeapp": "0",
    "change_number": "26781682",
    "update_time": "2024-12-25 22:24:49",
    "depot": {
        "2996201": {
            "manifests": {
                "public": {
                    "gid": "7672666498456259300",
                    "size": "4031755480",
                    "download": "261062832"
                }
            },
            "decryptionkey": "f849746ab905312fb50a99b0c2d4b22643c99fa0b20432712ef4810b21d3a40b"
        },
        "baselanguages": "schinese",
        "branches": {
            "public": {
                "buildid": "15599524",
                "timeupdated": "1725519207"
            }
        }
    },
    "access_token": 4257035284154489118
}