{
    "appid": "3600840",
    "type": "Game",
    "name": "Back：Fade",
    "schinese_name": "背后：异化",
    "isfreeapp": "0",
    "change_number": "29018464",
    "update_time": "2025-05-16 15:16:29",
    "depot": {
        "3600841": {},
        "3600842": {
            "config": {
                "oslist": "windows",
                "osarch": "64"
            },
            "manifests": {
                "public": {
                    "gid": "2984715622642098749",
                    "size": "49229287773",
                    "download": "47814636368"
                }
            },
            "decryptionkey": "dfd77e262b2141c88ba294f30ef9a282e125e437dc749dae72e461f2527004e5"
        },
        "3600843": {
            "config": {
                "oslist": "macos",
                "osarch": "64"
            }
        },
        "baselanguages": "english,schinese,tchinese",
        "branches": {
            "public": {
                "buildid": "18305398",
                "timeupdated": "1746079132"
            }
        },
        "privatebranches": "1"
    }
}