{
    "appid": "3304750",
    "type": "Game",
    "name": "Mansion of the Dead",
    "schinese_name": "尸境求生",
    "isfreeapp": "0",
    "change_number": "28952633",
    "update_time": "2025-05-13 12:08:29",
    "depot": {
        "228988": {
            "config": {
                "oslist": "windows"
            },
            "depotfromapp": "228980",
            "sharedinstall": "1"
        },
        "228990": {
            "config": {
                "oslist": "windows"
            },
            "depotfromapp": "228980",
            "sharedinstall": "1"
        },
        "229000": {
            "config": {
                "oslist": "windows"
            },
            "depotfromapp": "228980",
            "sharedinstall": "1"
        },
        "3304751": {
            "manifests": {
                "public": {
                    "gid": "4904446970224304096",
                    "size": "3628142161",
                    "download": "1309240912"
                }
            },
            "decryptionkey": "e0e071fd7c0716e5cc5ebcf9b5dc7f25f71ce34ce77c0976956f084fd9fb38a1"
        },
        "baselanguages": "english,german,french,italian,koreana,spanish,schinese,tchinese,russian,thai,japanese,portuguese,brazilian,latam",
        "branches": {
            "public": {
                "buildid": "18438755",
                "timeupdated": "1747109305"
            }
        }
    }
}