{
    "appid": "3467420",
    "type": "Demo",
    "name": "第八中学 Demo",
    "schinese_name": "",
    "isfreeapp": "0",
    "change_number": "27326316",
    "update_time": "2025-02-05 21:31:03",
    "depot": {
        "baselanguages": "english,schinese",
        "3467421": {
            "manifests": {
                "public": {
                    "gid": "5427951210804324058",
                    "size": "372638997",
                    "download": "116527984"
                }
            },
            "decryptionkey": "e311fa4f0d2a7eb5d77bd9b17f9fa208e7397c9726b1a27816c0069d35ce8818"
        },
        "branches": {
            "public": {
                "buildid": "17252087",
                "timeupdated": "1738762258"
            }
        },
        "privatebranches": "1"
    }
}