{
    "appid": "3052520",
    "type": "Game",
    "name": "Volleyborne: Unbound Horizons",
    "schinese_name": "",
    "isfreeapp": "0",
    "change_number": "28974419",
    "update_time": "2025-05-14 14:12:51",
    "depot": {
        "3052521": {
            "manifests": {
                "public": {
                    "gid": "4265911843873612876",
                    "size": "660383451",
                    "download": "139522944"
                }
            },
            "decryptionkey": "a1f36cab6c5f6a7d440ccd2fc0c67c6c760ad8755613defbf8bc3820907eefd0"
        },
        "branches": {
            "public": {
                "buildid": "17914793",
                "timeupdated": "1743327092"
            }
        }
    }
}