{
    "appid": "3084580",
    "type": "Game",
    "name": "血族少女也能当圣骑士吗",
    "schinese_name": "",
    "isfreeapp": "0",
    "change_number": "28780924",
    "update_time": "2025-05-02 14:30:41",
    "depot": {
        "3084581": {
            "manifests": {
                "public": {
                    "gid": "217048608730010385",
                    "size": "305303458",
                    "download": "251465952"
                }
            },
            "decryptionkey": "a6cde9adf52514d9a1afbf5bb6539a917636eef9e1bf642f67c03fc73290ad7f"
        },
        "branches": {
            "public": {
                "buildid": "16216605",
                "timeupdated": "1730182855"
            }
        }
    }
}