{
    "appid": "3582020",
    "type": "Game",
    "name": "EvilSlayer",
    "schinese_name": "",
    "isfreeapp": "0",
    "change_number": "29045107",
    "update_time": "2025-05-18 09:14:10",
    "depot": {
        "3582021": {
            "manifests": {
                "public": {
                    "gid": "3562677749083956631",
                    "size": "2375758884",
                    "download": "799907728"
                }
            },
            "decryptionkey": "6187cae89320d1cff23ba2c53318e48926b606c18be20a69436a3359dda5d462"
        },
        "workshopdepot": "3582020",
        "branches": {
            "public": {
                "buildid": "18403350",
                "timeupdated": "1746796045"
            }
        },
        "privatebranches": "1",
        "workshopdepotdecryptionkey": ""
    }
}