{
    "appid": "3018780",
    "type": "Demo",
    "name": "辩经 Demo",
    "schinese_name": "",
    "isfreeapp": "0",
    "change_number": "27742990",
    "update_time": "2025-03-03 00:10:11",
    "depot": {
        "baselanguages": "schinese",
        "228990": {
            "config": {
                "oslist": "windows"
            },
            "depotfromapp": "228980",
            "sharedinstall": "1"
        },
        "3018781": {
            "config": {
                "oslist": "windows"
            },
            "manifests": {
                "public": {
                    "gid": "8768857401121458546",
                    "size": "218004794",
                    "download": "132096576"
                }
            },
            "decryptionkey": "9b81e6bb79919a612628cc9c4ed14f8a4ba60da0f8853d9e307c126af82dbc62"
        },
        "branches": {
            "public": {
                "buildid": "14784645",
                "timeupdated": "1718904489"
            }
        }
    }
}