{
    "appid": "3111080",
    "type": "Game",
    "name": "Secret Agent Wizard Boy and the International Crime Syndicate",
    "schinese_name": "",
    "isfreeapp": "0",
    "change_number": "29016213",
    "update_time": "2025-05-16 11:54:51",
    "depot": {
        "228989": {
            "config": {
                "oslist": "windows"
            },
            "depotfromapp": "228980",
            "sharedinstall": "1"
        },
        "228990": {
            "config": {
                "oslist": "windows"
            },
            "depotfromapp": "228980",
            "sharedinstall": "1"
        },
        "3111081": {
            "manifests": {
                "public": {
                    "gid": "8390734315685278762",
                    "size": "1413265483",
                    "download": "878931264"
                }
            },
            "decryptionkey": "8411918c449ce8996aae76cde60594f80c341a830643f4318d416cc19cec09dc"
        },
        "hasdepotsindlc": "0",
        "branches": {
            "public": {
                "buildid": "17757184",
                "timeupdated": "1742247090"
            }
        },
        "privatebranches": "1"
    }
}