{
    "appid": "3004200",
    "type": "Demo",
    "name": "Beauty Girl Chronicles: Island Obstacle Challenge Demo",
    "schinese_name": "美少女物语:岛屿障碍挑战 试玩版",
    "isfreeapp": "0",
    "change_number": "23888123",
    "update_time": "2024-07-16 02:47:08",
    "depot": {
        "228989": {
            "config": {
                "oslist": "windows"
            },
            "depotfromapp": "228980",
            "sharedinstall": "1"
        },
        "228990": {
            "config": {
                "oslist": "windows"
            },
            "depotfromapp": "228980",
            "sharedinstall": "1"
        },
        "3004201": {
            "config": {
                "oslist": "windows",
                "osarch": "64"
            },
            "manifests": {
                "public": {
                    "gid": "784020330874849380",
                    "size": "5241874585",
                    "download": "5021718256"
                }
            },
            "decryptionkey": "f92f41143444101fe1fdb5a9c65262b09302ae18f0ed5491db5774fe57aed60f"
        },
        "baselanguages": "english,german,french,italian,koreana,spanish,schinese,tchinese,japanese",
        "branches": {
            "public": {
                "buildid": "14651525",
                "timeupdated": "1717869426"
            }
        }
    }
}