{
    "appid": "3245330",
    "type": "Game",
    "name": "The Final Exam",
    "schinese_name": "",
    "isfreeapp": "1",
    "change_number": "29016528",
    "update_time": "2025-05-16 12:24:47",
    "depot": {
        "228989": {
            "config": {
                "oslist": "windows"
            },
            "depotfromapp": "228980",
            "sharedinstall": "1"
        },
        "228990": {
            "config": {
                "oslist": "windows"
            },
            "depotfromapp": "228980",
            "sharedinstall": "1"
        },
        "3245331": {
            "manifests": {
                "public": {
                    "gid": "5103303690489155915",
                    "size": "3246048755",
                    "download": "2889792880"
                }
            },
            "decryptionkey": "8b32c8a6145fed73ba747f03a9eebb26e437f0bcb8b1688a3b67784f74a98ddd"
        },
        "branches": {
            "public": {
                "buildid": "15776014",
                "timeupdated": "1726917819"
            }
        }
    }
}