{
    "appid": "3258060",
    "type": "Demo",
    "name": "Sex Desert: Mad Lust Demo",
    "schinese_name": "",
    "isfreeapp": "0",
    "change_number": "26506922",
    "update_time": "2024-12-05 20:22:14",
    "depot": {
        "3258061": {
            "config": {
                "oslist": "windows"
            },
            "manifests": {
                "public": {
                    "gid": "3118622154701546487",
                    "size": "4367801851",
                    "download": "3711265904"
                }
            },
            "decryptionkey": "fd8aec4922898a7ad2be157a4dfb4f2eaab0736d6ec0af21d38314f15bca1cc4"
        },
        "3258062": {
            "config": {
                "oslist": "macos"
            },
            "manifests": {
                "public": {
                    "gid": "4092035452237951891",
                    "size": "4361599145",
                    "download": "3713057984"
                }
            },
            "decryptionkey": ""
        },
        "3258063": {
            "config": {
                "oslist": "linux"
            },
            "manifests": {
                "public": {
                    "gid": "2063393267967161212",
                    "size": "4366621747",
                    "download": "3711831344"
                }
            },
            "decryptionkey": ""
        },
        "branches": {
            "public": {
                "buildid": "16035697",
                "timeupdated": "1728985342"
            }
        }
    }
}