{
    "appid": "3243360",
    "type": "Demo",
    "name": "Below, Rusted Gods Demo",
    "schinese_name": "",
    "isfreeapp": "0",
    "change_number": "28609645",
    "update_time": "2025-04-23 05:16:16",
    "depot": {
        "228989": {
            "config": {
                "oslist": "windows"
            },
            "depotfromapp": "228980",
            "sharedinstall": "1"
        },
        "228990": {
            "config": {
                "oslist": "windows"
            },
            "depotfromapp": "228980",
            "sharedinstall": "1"
        },
        "3243361": {
            "manifests": {
                "public": {
                    "gid": "4026158523488048189",
                    "size": "3844301776",
                    "download": "3658407040"
                }
            },
            "decryptionkey": "44945aa58eb09a3b8c14b368b90613d6fbeca6aa5448ece3f5fca4d01c5769df"
        },
        "branches": {
            "public": {
                "buildid": "16101151",
                "timeupdated": "1729282202"
            }
        }
    }
}