{
    "appid": "3389670",
    "type": "Music",
    "name": "The Sinners Songbook",
    "schinese_name": "",
    "isfreeapp": "0",
    "change_number": "28055882",
    "update_time": "2025-03-21 01:10:45",
    "depot": {
        "3389673": {
            "manifests": {
                "public": {
                    "gid": "1797180770907201192",
                    "size": "83446999",
                    "download": "71011392"
                }
            },
            "decryptionkey": "870face54530bc853652e0ab73f45bf7eb5f23c602b2cb8752850b2446a2170b"
        },
        "3389674": {
            "config": {
                "highqualityaudio": "1"
            },
            "manifests": {
                "public": {
                    "gid": "7403935528697550788",
                    "size": "618910156",
                    "download": "570725376"
                }
            },
            "decryptionkey": "af42f18bc8ea4a353109bcf32602ce17581d360a5062d426339439d82b5d3014"
        },
        "branches": {
            "public": {
                "buildid": "16690558",
                "timeupdated": "1733816104"
            }
        }
    }
}