{
    "appid": "3227440",
    "type": "DLC",
    "name": "HEAVEN SEEKER - MIKADO PACK",
    "schinese_name": "",
    "isfreeapp": "0",
    "change_number": "27035329",
    "update_time": "2025-01-17 10:33:27",
    "depot": {
        "3227440": {
            "dlcappid": "3227440",
            "config": {
                "oslist": "windows"
            },
            "manifests": {
                "public": {
                    "gid": "2080548437749532860",
                    "size": "1355786",
                    "download": "1053920"
                }
            },
            "decryptionkey": "e1a4b6d5573fb3fd7b897dc24160949ccbb3349d989fb0fbfe84cfc028f85b96"
        },
        "branches": {
            "public": {
                "buildid": "17022631",
                "timeupdated": "1737081203"
            }
        }
    }
}