{
    "appid": "3170290",
    "type": "Demo",
    "name": "茜格玛战记 Demo",
    "schinese_name": "",
    "isfreeapp": "0",
    "change_number": "28138716",
    "update_time": "2025-03-26 06:36:27",
    "depot": {
        "228989": {
            "config": {
                "oslist": "windows"
            },
            "depotfromapp": "228980",
            "sharedinstall": "1"
        },
        "228990": {
            "config": {
                "oslist": "windows"
            },
            "depotfromapp": "228980",
            "sharedinstall": "1"
        },
        "baselanguages": "english,schinese",
        "3170291": {
            "config": {
                "oslist": "windows",
                "osarch": "64"
            },
            "manifests": {
                "public": {
                    "gid": "3124765370111189386",
                    "size": "4507120020",
                    "download": "3903401024"
                }
            },
            "decryptionkey": "5b42f13bc3c8bdc7852d566333cb56ef5eb63e8e6f62cdb69de70edca57a0188"
        },
        "branches": {
            "public": {
                "buildid": "17780333",
                "timeupdated": "1742388813"
            }
        }
    }
}