{
    "appid": "2952220",
    "type": "Demo",
    "name": "Melo's nightmare",
    "schinese_name": "",
    "isfreeapp": "0",
    "change_number": "24084736",
    "update_time": "2024-07-16 02:47:05",
    "depot": {
        "2952221": {
            "manifests": {
                "public": {
                    "gid": "2840065365987468660",
                    "size": "686964758",
                    "download": "312304784"
                }
            },
            "decryptionkey": "725fd66f20000573ac0a5cb46ce4438e8f603273b4c9e0f9fa2d4efdd0435b63"
        },
        "baselanguages": "english,japanese",
        "branches": {
            "public": {
                "buildid": "14397240",
                "timeupdated": "1715911326"
            }
        }
    }
}