{
    "appid": "3389860",
    "type": "Game",
    "name": "Puff Love Story",
    "schinese_name": "泡芙爱情故事",
    "isfreeapp": "0",
    "change_number": "28455047",
    "update_time": "2025-04-14 01:09:03",
    "depot": {
        "3389861": {
            "manifests": {
                "public": {
                    "gid": "201820375318516855",
                    "size": "1341577367",
                    "download": "1205328272"
                }
            },
            "decryptionkey": "7a2947e2e7ddc5793ff93ff4654f0db5787540aa12f002da8c167b6bea7f11ef"
        },
        "3389870": {
            "dlcappid": "3389870",
            "manifests": {
                "public": {
                    "gid": "1397680274587953314",
                    "size": "30174535",
                    "download": "24296272"
                }
            },
            "decryptionkey": "4af3d235ae6fbfdc7cfd7df362d7f150d0601b896e540882ed06f8b98209c8f1"
        },
        "baselanguages": "schinese",
        "branches": {
            "public": {
                "buildid": "17993458",
                "timeupdated": "1743833273"
            }
        },
        "privatebranches": "1"
    }
}