{
    "appid": "2994080",
    "type": "Game",
    "name": "The Cake",
    "schinese_name": "",
    "isfreeapp": "0",
    "change_number": "24425789",
    "update_time": "2024-07-19 11:11:51",
    "depot": {
        "228989": {
            "config": {
                "oslist": "windows"
            },
            "depotfromapp": "228980",
            "sharedinstall": "1"
        },
        "228990": {
            "config": {
                "oslist": "windows"
            },
            "depotfromapp": "228980",
            "sharedinstall": "1"
        },
        "2994081": {
            "manifests": {
                "public": {
                    "gid": "4227399790599256442",
                    "size": "383143847",
                    "download": "258450560"
                }
            },
            "decryptionkey": "c36112422bd0e179bece97b951aaf754c736a3e51dd86cc54dccbf2c2efdf66b"
        },
        "branches": {
            "public": {
                "buildid": "15009837",
                "timeupdated": "1720765190"
            }
        }
    }
}