{
    "appid": "3453320",
    "type": "Demo",
    "name": "Squirreled Away Demo",
    "schinese_name": "",
    "isfreeapp": "0",
    "change_number": "28501656",
    "update_time": "2025-04-16 14:08:30",
    "depot": {
        "228989": {
            "config": {
                "oslist": "windows"
            },
            "depotfromapp": "228980",
            "sharedinstall": "1"
        },
        "228990": {
            "config": {
                "oslist": "windows"
            },
            "depotfromapp": "228980",
            "sharedinstall": "1"
        },
        "3453321": {
            "config": {
                "oslist": "windows"
            },
            "manifests": {
                "public": {
                    "gid": "7677840069095681311",
                    "size": "1222932841",
                    "download": "1077809040"
                }
            },
            "decryptionkey": "2bd955dccbe493602075a0d8911294761671bf09438845f4a2d9ea65d0174d6b"
        },
        "branches": {
            "public": {
                "buildid": "17497995",
                "timeupdated": "1740485243"
            }
        }
    }
}