{
    "appid": "3170200",
    "type": "DLC",
    "name": "Lyndaria: Lust Adventure - Digital Artbook",
    "schinese_name": "",
    "isfreeapp": "0",
    "change_number": "25319922",
    "update_time": "2024-09-20 23:55:44",
    "depot": {
        "3170200": {
            "manifests": {
                "public": {
                    "gid": "650546032111108399",
                    "size": "518414604",
                    "download": "516628528"
                }
            },
            "dlcappid": "3170200",
            "decryptionkey": "61913975dce4c23923cb9319f8dbfaca4078207f9018369fba85b7dbe47cf5aa"
        },
        "branches": {
            "public": {
                "buildid": "15728425",
                "timeupdated": "1726573629"
            }
        }
    }
}