{
    "appid": "2996320",
    "type": "Game",
    "name": "Xrun3",
    "schinese_name": "闪客快跑3",
    "isfreeapp": "0",
    "change_number": "28388998",
    "update_time": "2025-04-09 23:11:07",
    "depot": {
        "2996321": {
            "manifests": {
                "public": {
                    "gid": "3386663554953690886",
                    "size": "1260286223",
                    "download": "326717248"
                }
            },
            "decryptionkey": "1fd2f0132316aa85371f0c17c9358b2957194cba2d27b5b5040e7f34bb0d97c8"
        },
        "workshopdepot": "2996320",
        "baselanguages": "english,schinese,tchinese,japanese",
        "branches": {
            "public": {
                "buildid": "15541930",
                "timeupdated": "1725006566"
            }
        },
        "workshopdepotdecryptionkey": "19b50551e06824d77c475a571c9526f4059bbcad4643f2a54ed985237b452531"
    }
}