{
    "appid": "3155230",
    "type": "Demo",
    "name": "Card-en-Ciel Demo",
    "schinese_name": "Card-en-Ciel 天穹卡牌录 体验版",
    "isfreeapp": "0",
    "change_number": "28859770",
    "update_time": "2025-05-07 18:46:01",
    "depot": {
        "228989": {
            "config": {
                "oslist": "windows"
            },
            "depotfromapp": "228980",
            "sharedinstall": "1"
        },
        "228990": {
            "config": {
                "oslist": "windows"
            },
            "depotfromapp": "228980",
            "sharedinstall": "1"
        },
        "3155231": {
            "manifests": {
                "public": {
                    "gid": "5925434471633071515",
                    "size": "3566575662",
                    "download": "3534190496"
                }
            },
            "decryptionkey": "a8ac8098439d2212097ddd682c7f52b045d378389956d92d75238adc8c2ab482"
        },
        "baselanguages": "english,german,french,italian,koreana,spanish,schinese,tchinese,japanese,brazilian",
        "branches": {
            "public": {
                "buildid": "17965921",
                "timeupdated": "1743671042"
            }
        },
        "privatebranches": "1"
    }
}