{
    "appid": "3227430",
    "type": "Demo",
    "name": "Aquilon's Sex Quest Demo",
    "schinese_name": "",
    "isfreeapp": "0",
    "change_number": "27063862",
    "update_time": "2025-01-19 21:46:00",
    "depot": {
        "3227431": {
            "manifests": {
                "public": {
                    "gid": "3292991685489621421",
                    "size": "837592765",
                    "download": "140255520"
                }
            },
            "decryptionkey": "a82f86245c0d4ffdfdeaf15663f8ee4354046735893c0f15c5d4efeb3ae01c16"
        },
        "branches": {
            "public": {
                "buildid": "16454020",
                "timeupdated": "1731993205"
            }
        }
    }
}