{
    "appid": "3087200",
    "type": "Game",
    "name": "Drunk Woman",
    "schinese_name": "醉酒的女人",
    "isfreeapp": "0",
    "change_number": "28691825",
    "update_time": "2025-04-27 19:54:16",
    "depot": {
        "hasdepotsindlc": "1",
        "3087201": {
            "manifests": {
                "public": {
                    "gid": "5577649642426279969",
                    "size": "522226957",
                    "download": "114672480"
                }
            },
            "decryptionkey": "55a4f6a3bd649b35e3cd42fca891737b127f9652cd3883009b0eaf3f040d32d4"
        },
        "branches": {
            "public": {
                "buildid": "15358190",
                "timeupdated": "1723569838"
            }
        }
    }
}