{
    "appid": "3038780",
    "type": "Demo",
    "name": "古神模拟器ElderGods Simulator Demo",
    "schinese_name": "古神模拟器 Demo",
    "isfreeapp": "0",
    "change_number": "24364509",
    "update_time": "2024-07-15 17:11:11",
    "depot": {
        "3038781": {
            "manifests": {
                "public": {
                    "gid": "7171829085474099093",
                    "size": "507837157",
                    "download": "312313600"
                }
            },
            "decryptionkey": "0afcb61abf800f75193c9922399863f2af28e72085ee3367596dab27c5d06d40"
        },
        "branches": {
            "public": {
                "buildid": "14901851",
                "timeupdated": "1719891941"
            }
        }
    }
}