{
    "appid": "3161730",
    "type": "Demo",
    "name": "I Am Legion: Stand Survivors Demo",
    "schinese_name": "我即军团：替身幸存者 试玩版",
    "isfreeapp": "0",
    "change_number": "27319710",
    "update_time": "2025-02-05 12:59:23",
    "depot": {
        "3161731": {
            "manifests": {
                "public": {
                    "gid": "988028913257216821",
                    "size": "201460341",
                    "download": "70702576"
                }
            },
            "decryptionkey": "2c5f28c9c298def089fa56f136b986ba8eeecd91738c413b391c28dc4ba077e4"
        },
        "baselanguages": "english,schinese",
        "branches": {
            "public": {
                "buildid": "16596174",
                "timeupdated": "1733293866"
            }
        },
        "privatebranches": "1"
    }
}