{
    "appid": "3441190",
    "type": "Game",
    "name": "Dead of Night: Supermarket",
    "schinese_name": "",
    "isfreeapp": "0",
    "change_number": "28847430",
    "update_time": "2025-05-07 02:24:30",
    "depot": {
        "228989": {
            "config": {
                "oslist": "windows"
            },
            "depotfromapp": "228980",
            "sharedinstall": "1"
        },
        "228990": {
            "config": {
                "oslist": "windows"
            },
            "depotfromapp": "228980",
            "sharedinstall": "1"
        },
        "3441191": {
            "manifests": {
                "public": {
                    "gid": "2223201325944135857",
                    "size": "3533811596",
                    "download": "1278520704"
                },
                "beta": {
                    "gid": "2223201325944135857",
                    "size": "3533811596",
                    "download": "1278520704"
                }
            },
            "decryptionkey": "497f9dc3fcd31ee69ac383a7171ea1216cb405afdfb1b0f43331c69b82b0663b"
        },
        "branches": {
            "public": {
                "buildid": "17819892",
                "timeupdated": "1742642669"
            },
            "beta": {
                "buildid": "17819892",
                "description": "Test Build",
                "timeupdated": "1742641773"
            }
        }
    }
}