{
    "appid": "2952680",
    "type": "Game",
    "name": "Lunaria Fantasia",
    "schinese_name": "露娜莉亚幻想曲",
    "isfreeapp": "0",
    "change_number": "29048543",
    "update_time": "2025-05-18 20:15:55",
    "depot": {
        "2952681": {
            "manifests": {
                "public": {
                    "gid": "6205009224518018353",
                    "size": "1223582422",
                    "download": "1214267328"
                }
            },
            "decryptionkey": "5ec2103385f0865ade17ea24c43f68a97423b8e766a900dc0509184c4047bf98"
        },
        "2952682": {
            "config": {
                "language": "schinese"
            },
            "manifests": {
                "public": {
                    "gid": "8457559037046508751",
                    "size": "1243461417",
                    "download": "1236386752"
                }
            },
            "decryptionkey": "28a1e629064ac445c5d75d35b4411d30577ec3d10c4b96d32aa7c766fdc1a7e0"
        },
        "2952683": {
            "config": {
                "language": "japanese"
            },
            "manifests": {
                "public": {
                    "gid": "1894578380786696536",
                    "size": "1231825779",
                    "download": "1223861440"
                }
            },
            "decryptionkey": ""
        },
        "branches": {
            "public": {
                "buildid": "18383934",
                "timeupdated": "1746679527"
            }
        }
    }
}