{
    "appid": "3147900",
    "type": "Game",
    "name": "Meddl Dash",
    "schinese_name": "",
    "isfreeapp": "0",
    "change_number": "27425342",
    "update_time": "2025-02-12 02:10:05",
    "depot": {
        "3147901": {
            "manifests": {
                "public": {
                    "gid": "2026385219862370507",
                    "size": "555286843",
                    "download": "179374128"
                }
            },
            "decryptionkey": "4239bcafe120b2c90d22a7f2e3aad46e95781ceda9c3bd5d4f4b9b50c418812a"
        },
        "baselanguages": "",
        "branches": {
            "public": {
                "buildid": "15251389",
                "timeupdated": "1722705917"
            }
        }
    }
}