{
    "appid": "3015400",
    "type": "Game",
    "name": "MDNE",
    "schinese_name": "",
    "isfreeapp": "0",
    "change_number": "28938684",
    "update_time": "2025-05-12 20:36:18",
    "depot": {
        "3015401": {
            "manifests": {
                "public": {
                    "gid": "8283735390948527796",
                    "size": "88622179",
                    "download": "37669696"
                }
            },
            "decryptionkey": "5b007486db2b5095ee614d20851c1b9e113a28e5037f1fa003e7554a82a21a64"
        },
        "branches": {
            "public": {
                "buildid": "15100990",
                "timeupdated": "1721510210"
            }
        }
    }
}