{
    "appid": "3426800",
    "type": "Demo",
    "name": "Delverium Demo",
    "schinese_name": "",
    "isfreeapp": "0",
    "change_number": "27493081",
    "update_time": "2025-02-15 18:15:25",
    "depot": {
        "3426801": {
            "manifests": {
                "public": {
                    "gid": "6768810388153672230",
                    "size": "149760456",
                    "download": "72844672"
                }
            },
            "decryptionkey": "acb83b1a82cc71fd53b7e76fd2696d64e06a4b28eb7573ef008e6692deda58ba"
        },
        "branches": {
            "public": {
                "buildid": "17454557",
                "timeupdated": "1740144464"
            }
        }
    }
}