{
    "appid": "3134300",
    "type": "Demo",
    "name": "Niktophobia Demo",
    "schinese_name": "",
    "isfreeapp": "0",
    "change_number": "26782578",
    "update_time": "2024-12-26 01:17:39",
    "depot": {
        "3134301": {
            "manifests": {
                "public": {
                    "gid": "3797343521199035934",
                    "size": "11400299962",
                    "download": "2954190272"
                }
            },
            "decryptionkey": "f7a0910ea13ae813572808300a3a73069714ab6cf9a8f0fbe1d7bfef0145dcdf"
        },
        "branches": {
            "public": {
                "buildid": "16849912",
                "timeupdated": "1735147055"
            }
        },
        "privatebranches": "1"
    }
}