{
    "appid": "3078290",
    "type": "Game",
    "name": "寿司王 -sushi ou-",
    "schinese_name": "",
    "isfreeapp": "0",
    "change_number": "26905320",
    "update_time": "2025-01-08 17:11:19",
    "depot": {
        "228989": {
            "config": {
                "oslist": "windows"
            },
            "depotfromapp": "228980",
            "sharedinstall": "1"
        },
        "228990": {
            "config": {
                "oslist": "windows"
            },
            "depotfromapp": "228980",
            "sharedinstall": "1"
        },
        "3078291": {
            "manifests": {
                "public": {
                    "gid": "3957431637121647444",
                    "size": "699647827",
                    "download": "407953136"
                }
            },
            "decryptionkey": "d570590c651defc7ae5f7d13b1b9cc9f866113cc431b314ebeb41269679ac3d7"
        },
        "baselanguages": "japanese",
        "branches": {
            "public": {
                "buildid": "16937743",
                "timeupdated": "1736327473"
            }
        }
    }
}