{
    "appid": "3218600",
    "type": "Game",
    "name": "命运游戏2：百年之约",
    "schinese_name": "",
    "isfreeapp": "0",
    "change_number": "28996605",
    "update_time": "2025-05-15 15:12:23",
    "depot": {
        "hasdepotsindlc": "1",
        "baselanguages": "english,schinese,tchinese",
        "3218601": {
            "config": {
                "oslist": "windows"
            },
            "manifests": {
                "public": {
                    "gid": "6828545060662160884",
                    "size": "67363259570",
                    "download": "67936660720"
                }
            },
            "decryptionkey": "a9056353de36f2ccfb10c1b66ad52bba28d64db535fb19c5540bbf759b0a6ec7"
        },
        "3218602": {
            "config": {
                "oslist": "macos"
            },
            "manifests": {
                "public": {
                    "gid": "2256331663091201338",
                    "size": "67413026956",
                    "download": "67947736896"
                }
            }
        },
        "3218603": {
            "config": {
                "steamdeck": "1"
            },
            "manifests": {
                "public": {
                    "gid": "6912043052237102575",
                    "size": "66883441697",
                    "download": "67522279776"
                }
            },
            "decryptionkey": ""
        },
        "branches": {
            "public": {
                "buildid": "17878725",
                "timeupdated": "1743059537"
            }
        }
    }
}