{
    "appid": "2950840",
    "type": "Music",
    "name": "Hades II Original Soundtrack ",
    "schinese_name": "",
    "isfreeapp": "0",
    "change_number": "28903669",
    "update_time": "2025-05-09 22:32:59",
    "depot": {
        "2950842": {
            "manifests": {
                "public": {
                    "gid": "120139278302247223",
                    "size": "490855787",
                    "download": "473538768"
                }
            },
            "decryptionkey": "fca5e03ba1607d809bb6410da5a466f2e3c9456b3ef75a1fa4f3b0427ae9fc34"
        },
        "2950841": {
            "config": {
                "highqualityaudio": "1"
            },
            "manifests": {
                "public": {
                    "gid": "5853058294905543409",
                    "size": "3713709873",
                    "download": "3761287792"
                }
            },
            "decryptionkey": "e3caba4f78ee373466d01e82c8533e6d858847bd48fefb2cba4724554537a206"
        },
        "branches": {
            "public": {
                "buildid": "17428605",
                "timeupdated": "1740007309"
            }
        }
    }
}