{
    "appid": "3150510",
    "type": "Game",
    "name": "Humiliation Dungeon Survivors",
    "schinese_name": "凌辱地牢的幸存者",
    "isfreeapp": "0",
    "change_number": "29016345",
    "update_time": "2025-05-16 12:06:45",
    "depot": {
        "3150511": {
            "manifests": {
                "public": {
                    "gid": "4150604188550233536",
                    "size": "786639866",
                    "download": "290691536"
                }
            },
            "decryptionkey": "34066e9be5c399ebc44d8488519085f85c7b7f38a150a9d109841b6099f9823b"
        },
        "branches": {
            "public": {
                "buildid": "18343120",
                "timeupdated": "1746431512"
            }
        },
        "privatebranches": "1"
    }
}