{
    "appid": "3183840",
    "type": "Game",
    "name": "Ticker",
    "schinese_name": "",
    "isfreeapp": "0",
    "change_number": "25139459",
    "update_time": "2024-09-09 20:11:37",
    "depot": {
        "3183841": {
            "manifests": {
                "public": {
                    "gid": "844607530672112673",
                    "size": "143587162",
                    "download": "33508688"
                }
            },
            "decryptionkey": "d7b503985500980b9312a438b204de9574c6ee2d276194a1b15951c99a0ed101"
        },
        "branches": {
            "public": {
                "buildid": "15448415",
                "timeupdated": "1724248735"
            }
        }
    }
}