{
    "appid": "3096370",
    "type": "Game",
    "name": "Hyper Empire",
    "schinese_name": "",
    "isfreeapp": "0",
    "change_number": "28812632",
    "update_time": "2025-05-05 03:17:08",
    "depot": {
        "baselanguages": "english",
        "3096371": {
            "config": {
                "oslist": "windows"
            },
            "manifests": {
                "public": {
                    "gid": "575888001987462705",
                    "size": "5188126912",
                    "download": "1956056224"
                }
            },
            "decryptionkey": "cf380fb2ddefa75716b712a06aa253058b91cf76861db4ceb90872a089b22165"
        },
        "branches": {
            "public": {
                "buildid": "18177559",
                "timeupdated": "1745214085"
            }
        }
    }
}