{
    "appid": "3263280",
    "type": "Game",
    "name": "The Spire of Mech Zero",
    "schinese_name": "零号机的卡牌尖塔",
    "isfreeapp": "0",
    "change_number": "29013895",
    "update_time": "2025-05-16 08:21:34",
    "depot": {
        "228989": {
            "config": {
                "oslist": "windows"
            },
            "depotfromapp": "228980",
            "sharedinstall": "1"
        },
        "228990": {
            "config": {
                "oslist": "windows"
            },
            "depotfromapp": "228980",
            "sharedinstall": "1"
        },
        "3263281": {
            "manifests": {
                "public": {
                    "gid": "2120126958826625854",
                    "size": "2685040391",
                    "download": "2470090048"
                },
                "dev0": {
                    "gid": "9041981167037349550",
                    "size": "2683795940",
                    "download": "2468836752"
                }
            },
            "decryptionkey": "0bbcab5cccfccc9a96d8d52c48a09e85fcee9e7e94b2d67462ac41960d2714eb"
        },
        "branches": {
            "public": {
                "buildid": "16363017",
                "timeupdated": "1731314757"
            },
            "dev0": {
                "buildid": "16363638",
                "description": "dev0",
                "timeupdated": "1731318324"
            }
        }
    }
}