{
    "appid": "3239730",
    "type": "Demo",
    "name": "Unhinged 2 Demo",
    "schinese_name": "",
    "isfreeapp": "0",
    "change_number": "25988687",
    "update_time": "2024-10-31 20:13:14",
    "depot": {
        "3239731": {
            "manifests": {
                "public": {
                    "gid": "5337428615149504133",
                    "size": "146354643",
                    "download": "126183984"
                }
            },
            "decryptionkey": "48a93b66acf694bb6edae5d63156788a9fc7a78f4d42ddd9f61e392b432e9ed1"
        },
        "branches": {
            "public": {
                "buildid": "16251269",
                "timeupdated": "1730376791"
            }
        }
    }
}