{
    "appid": "3037780",
    "type": "Game",
    "name": "Alessia's Dollhouse",
    "schinese_name": "",
    "isfreeapp": "0",
    "change_number": "28982600",
    "update_time": "2025-05-14 22:51:42",
    "depot": {
        "228989": {
            "config": {
                "oslist": "windows"
            },
            "depotfromapp": "228980",
            "sharedinstall": "1"
        },
        "228990": {
            "config": {
                "oslist": "windows"
            },
            "depotfromapp": "228980",
            "sharedinstall": "1"
        },
        "3037781": {
            "manifests": {
                "public": {
                    "gid": "2387147011629778945",
                    "size": "6894001537",
                    "download": "6753341600"
                }
            },
            "decryptionkey": "987c9c5efeccd53a760f2e51e9e5bf60a223d2d0458861ed86e4fae4df18a750"
        },
        "branches": {
            "public": {
                "buildid": "15080183",
                "timeupdated": "1721333498"
            }
        }
    }
}