{
    "appid": "3137470",
    "type": "Demo",
    "name": "破碎空间旅行者 Demo",
    "schinese_name": "破碎空间旅行者 Demo",
    "isfreeapp": "0",
    "change_number": "26165717",
    "update_time": "2024-11-13 07:35:05",
    "depot": {
        "baselanguages": "english,schinese",
        "3137471": {
            "config": {
                "oslist": "windows"
            },
            "manifests": {
                "public": {
                    "gid": "381558420294343306",
                    "size": "936755226",
                    "download": "117404176"
                }
            },
            "decryptionkey": "330140077198efe633f91b4e2231fccd102daa2c6f69fec9afc0d4e08853729c"
        },
        "branches": {
            "public": {
                "buildid": "16091880",
                "timeupdated": "1729234864"
            }
        }
    }
}