{
    "appid": "3408570",
    "type": "Game",
    "name": "Harmony Of Fear",
    "schinese_name": "",
    "isfreeapp": "0",
    "change_number": "28925043",
    "update_time": "2025-05-11 19:32:50",
    "depot": {
        "228989": {
            "config": {
                "oslist": "windows"
            },
            "depotfromapp": "228980",
            "sharedinstall": "1"
        },
        "228990": {
            "config": {
                "oslist": "windows"
            },
            "depotfromapp": "228980",
            "sharedinstall": "1"
        },
        "3408571": {
            "manifests": {
                "public": {
                    "gid": "7652753997556425101",
                    "size": "1268618290",
                    "download": "1006950928"
                }
            },
            "decryptionkey": "c70bfe0b7c52fb90fd7e465354417c4cbd1617494219c3a3150cfc2ec341e1ef"
        },
        "baselanguages": "english,indonesian",
        "branches": {
            "public": {
                "buildid": "17781512",
                "timeupdated": "1742394924"
            }
        },
        "privatebranches": "1"
    }
}