{
    "appid": "3207570",
    "type": "Demo",
    "name": "Forgotten 23 Demo",
    "schinese_name": "",
    "isfreeapp": "0",
    "change_number": "26926824",
    "update_time": "2025-01-10 00:17:57",
    "depot": {
        "baselanguages": "english,polish",
        "3207571": {
            "config": {
                "oslist": "windows"
            },
            "manifests": {
                "public": {
                    "gid": "3030493747303298491",
                    "size": "774013084",
                    "download": "549657120"
                },
                "beta": {
                    "gid": "3030493747303298491",
                    "size": "774013084",
                    "download": "549657120"
                },
                "iio-dev": {
                    "gid": "8857927093324478369",
                    "size": "1320574954",
                    "download": "943009376"
                },
                "iio-testing": {
                    "gid": "138043686606567017",
                    "size": "1355493175",
                    "download": "976543168"
                }
            },
            "decryptionkey": "fd3b9687e740a4df00347dd61b2836eeb7418da36c9d2fec5aaa4c31a1374bfb"
        },
        "branches": {
            "public": {
                "buildid": "16112910",
                "timeupdated": "1729426056"
            },
            "beta": {
                "buildid": "16112910",
                "description": "BETA Hidden",
                "timeupdated": "1729426018"
            },
            "iio-dev": {
                "buildid": "16930296",
                "description": "iio dev branch",
                "timeupdated": "1736268281"
            },
            "iio-testing": {
                "buildid": "16953610",
                "description": "iio testing branch",
                "timeupdated": "1736439473"
            }
        }
    }
}