{
    "appid": "2987420",
    "type": "DLC",
    "name": "CUSTOM ORDER MAID 3D2 Sweet, Affectionate, and Devoted Long-lost Friend GP-01",
    "schinese_name": "",
    "isfreeapp": "0",
    "change_number": "23751991",
    "update_time": "2024-07-16 02:47:07",
    "depot": {
        "2987421": {
            "config": {
                "oslist": "windows",
                "osarch": "64"
            },
            "manifests": {
                "public": {
                    "gid": "8558573588338758208",
                    "size": "820200603",
                    "download": "264572176"
                }
            },
            "dlcappid": "2987420",
            "decryptionkey": "5992e71ef36995ccdba87e25c6774aa587b0d49f265d971608b2c378c1f2e2ad"
        },
        "branches": {
            "public": {
                "buildid": "14313238",
                "timeupdated": "1715244604"
            }
        }
    }
}