{
    "appid": "3244880",
    "type": "Demo",
    "name": "Blood Peace Demo",
    "schinese_name": "",
    "isfreeapp": "0",
    "change_number": "26120071",
    "update_time": "2024-11-09 16:58:51",
    "depot": {
        "228989": {
            "config": {
                "oslist": "windows"
            },
            "depotfromapp": "228980",
            "sharedinstall": "1"
        },
        "228990": {
            "config": {
                "oslist": "windows"
            },
            "depotfromapp": "228980",
            "sharedinstall": "1"
        },
        "229007": {
            "config": {
                "oslist": "windows"
            },
            "depotfromapp": "228980",
            "sharedinstall": "1"
        },
        "3244881": {
            "manifests": {
                "public": {
                    "gid": "5301928480089544417",
                    "size": "28700316295",
                    "download": "19721825984"
                }
            },
            "decryptionkey": "f67ca71f7b3f300b641c884be264efb37c4cbeded724d7ac0cc0494c0bc66d84"
        },
        "baselanguages": "english,german,french,spanish,schinese,russian,latam",
        "branches": {
            "public": {
                "buildid": "16351290",
                "timeupdated": "1731142727"
            }
        }
    }
}