{
    "appid": "3202060",
    "type": "Music",
    "name": "南栀 Unwavering love Soundtrack",
    "schinese_name": "",
    "isfreeapp": "0",
    "change_number": "28060386",
    "update_time": "2025-03-21 06:41:15",
    "depot": {
        "3202061": {
            "manifests": {
                "public": {
                    "gid": "7274770920217486727",
                    "size": "16868067",
                    "download": "16502256"
                }
            },
            "decryptionkey": "557cef620637f6cd192a98c758dde49f285f9098bb0da4e6940aa386fd5c4d95"
        },
        "3202062": {
            "config": {
                "highqualityaudio": "1"
            },
            "manifests": {
                "public": {
                    "gid": "5736490231859774508",
                    "size": "279447802",
                    "download": "265653424"
                }
            },
            "decryptionkey": "99ead173364ed7486990db93cfa4d5cfdc977d48626e0cad85e7de913f8f25e1"
        },
        "branches": {
            "public": {
                "buildid": "15587209",
                "timeupdated": "1725436538"
            }
        }
    }
}