{
    "appid": "3260510",
    "type": "Demo",
    "name": "Cursor Kingdom Demo",
    "schinese_name": "光标王国 DEMO",
    "isfreeapp": "0",
    "change_number": "27035519",
    "update_time": "2025-01-17 10:52:02",
    "depot": {
        "3260511": {
            "manifests": {
                "public": {
                    "gid": "2679839451904714257",
                    "size": "1182903690",
                    "download": "94238784"
                }
            },
            "decryptionkey": "69bd91b8a0c9c94e2b156c132b0030954a024025732f50c5896b9d852044a309"
        },
        "branches": {
            "public": {
                "buildid": "16080096",
                "timeupdated": "1729164354"
            }
        },
        "privatebranches": "1"
    }
}