{
    "appid": "3227760",
    "type": "Game",
    "name": "纸嫁衣6千秋魇",
    "schinese_name": "",
    "isfreeapp": "0",
    "change_number": "29016468",
    "update_time": "2025-05-16 12:19:14",
    "depot": {
        "3227761": {
            "config": {
                "oslist": "windows",
                "osarch": "32"
            },
            "manifests": {
                "public": {
                    "gid": "874557219778769599",
                    "size": "218425622",
                    "download": "75926432"
                }
            },
            "decryptionkey": ""
        },
        "3227762": {
            "config": {
                "oslist": "windows",
                "osarch": "64"
            },
            "manifests": {
                "public": {
                    "gid": "8861727928832313771",
                    "size": "238612335",
                    "download": "78068224"
                }
            },
            "decryptionkey": "2552bf98b66adcedb6153e4d4294ee95bb124281a667843fbc66f5397bb1ec3d"
        },
        "3227763": {
            "manifests": {
                "public": {
                    "gid": "7778064901107986",
                    "size": "782758078",
                    "download": "790534400"
                }
            },
            "decryptionkey": "fcd90f845c8f9207cc7a6dff64b174c3d1c987eeccf67ff4d83d18bfbaaa1bf0"
        },
        "3283000": {
            "dlcappid": "3283000",
            "manifests": {
                "public": {
                    "gid": "4877437083952888248",
                    "size": "49774638",
                    "download": "47845184"
                }
            },
            "decryptionkey": "7067bd44fff2bb3a55e9223dabc1d1a00a6336ec747fb3859a8f5d27a0693fc6"
        },
        "3284820": {
            "dlcappid": "3284820",
            "manifests": {
                "public": {
                    "gid": "1617866985731512989",
                    "size": "121715488",
                    "download": "122741168"
                }
            },
            "decryptionkey": "f56b357bf5eca79547a270eb8b527e97905dd22aa14a5c03ea293eb545bcff90"
        },
        "branches": {
            "public": {
                "buildid": "16784982",
                "timeupdated": "1734516259"
            }
        },
        "privatebranches": "1"
    }
}