{
    "appid": "3616000",
    "type": "Game",
    "name": "King's Amusements",
    "schinese_name": "君王的消遣",
    "isfreeapp": "0",
    "change_number": "28658925",
    "update_time": "2025-04-25 20:52:25",
    "depot": {
        "3616001": {
            "manifests": {
                "public": {
                    "gid": "3223663925239520162",
                    "size": "997762937",
                    "download": "845237232"
                }
            },
            "decryptionkey": "fa19a3ea48c5333c3877a8aba4beadfde610281bf1062a710f0df0bef757835c"
        },
        "branches": {
            "public": {
                "buildid": "18057152",
                "timeupdated": "1744292363"
            }
        },
        "privatebranches": "1"
    }
}