{
    "appid": "3246190",
    "type": "Game",
    "name": "どこかで見た“あのゲー”ムたちをもっと激しく作ってみたけれど、棒人間には限界があった件。",
    "schinese_name": "关于我们尝试把似曾相见的「那些游戏」做得更加刺激，却惊觉火柴人存在极限这档事。",
    "isfreeapp": "0",
    "change_number": "28928497",
    "update_time": "2025-05-12 03:36:12",
    "depot": {
        "3246191": {
            "manifests": {
                "public": {
                    "gid": "130651012281382517",
                    "size": "1020192963",
                    "download": "431607008"
                }
            },
            "decryptionkey": "3e8d3c5368921f884b8efb0d11062e3772f6fe71b3c3e6dccd975db28ccfaa3d"
        },
        "baselanguages": "english,german,french,italian,koreana,schinese,tchinese,japanese,brazilian,latam",
        "branches": {
            "public": {
                "buildid": "18189270",
                "timeupdated": "1745306665"
            }
        },
        "privatebranches": "1"
    }
}