{
    "appid": "3102770",
    "type": "Demo",
    "name": "Security: The Horrible Nights Demo",
    "schinese_name": "",
    "isfreeapp": "0",
    "change_number": "26160829",
    "update_time": "2024-11-13 00:41:30",
    "depot": {
        "3102771": {
            "manifests": {
                "public": {
                    "gid": "969838030123916082",
                    "size": "160274012",
                    "download": "121901504"
                }
            },
            "decryptionkey": "09ade560c0429acf1b8be2372439686fe2c4c8531945c75b1e8b19f7286f8de3"
        },
        "branches": {
            "public": {
                "buildid": "16095917",
                "timeupdated": "1729254767"
            }
        }
    }
}