{
    "appid": "3053700",
    "type": "DLC",
    "name": "Smash Girls Artbook",
    "schinese_name": "",
    "isfreeapp": "0",
    "change_number": "24119423",
    "update_time": "2024-07-16 02:47:10",
    "depot": {
        "3053700": {
            "dlcappid": "3053700",
            "manifests": {
                "public": {
                    "gid": "5468330024965026445",
                    "size": "344624932",
                    "download": "329529072"
                }
            },
            "decryptionkey": ""
        },
        "3053701": {
            "manifests": {
                "public": {
                    "gid": "4501453014274258550",
                    "size": "344624932",
                    "download": "329542912"
                }
            },
            "dlcappid": "3053700",
            "decryptionkey": "bb6853f10f2447d40bf70b305bae13e275b73c58ee0a4f7d23006eb520860224"
        },
        "branches": {
            "public": {
                "buildid": "14839324",
                "timeupdated": "1719370581"
            }
        }
    }
}