{
    "appid": "3555630",
    "type": "Game",
    "name": "BeKing",
    "schinese_name": "占山为王",
    "isfreeapp": "0",
    "change_number": "28770673",
    "update_time": "2025-05-01 23:32:01",
    "depot": {
        "3555631": {
            "manifests": {
                "public": {
                    "gid": "3406992869658815218",
                    "size": "175373626",
                    "download": "37748656"
                }
            },
            "decryptionkey": "c502ca8a426d725911be44b34736726d5657cd3bf451063954c0bdffd9987d96"
        },
        "branches": {
            "public": {
                "buildid": "18297725",
                "timeupdated": "1746025578"
            }
        }
    }
}