{
    "appid": "3384350",
    "type": "Game",
    "name": "The Butterfly Collector",
    "schinese_name": "蝴蝶收藏家",
    "isfreeapp": "0",
    "change_number": "28690459",
    "update_time": "2025-04-27 16:54:06",
    "depot": {
        "3384351": {
            "manifests": {
                "public": {
                    "gid": "9212784895258492940",
                    "size": "354563704",
                    "download": "193972912"
                }
            },
            "decryptionkey": "84a8d639ffccb2557f8b2acac092f6d007ff660c84c040612234c36ec6323809"
        },
        "baselanguages": "english,schinese",
        "branches": {
            "public": {
                "buildid": "17142972",
                "timeupdated": "1737971812"
            }
        }
    }
}