{
    "appid": "3367740",
    "type": "Game",
    "name": "The Secret Story",
    "schinese_name": "",
    "isfreeapp": "0",
    "change_number": "28732356",
    "update_time": "2025-04-30 01:06:00",
    "depot": {
        "baselanguages": "english",
        "hasdepotsindlc": "1",
        "3367741": {
            "config": {
                "language": "english",
                "oslist": "windows"
            },
            "manifests": {
                "public": {
                    "gid": "6414114214678475354",
                    "size": "3640923925",
                    "download": "1371508912"
                }
            },
            "decryptionkey": "89c7a7713003674ded8d7b2dad7e7a97de1830b16b5ffba116b252d31b1f0ad2"
        },
        "branches": {
            "public": {
                "buildid": "17500506",
                "timeupdated": "1740491695"
            }
        }
    }
}