{
    "appid": "3063420",
    "type": "Game",
    "name": "Coffee Quest VR",
    "schinese_name": "",
    "isfreeapp": "0",
    "change_number": "28636911",
    "update_time": "2025-04-24 13:13:35",
    "depot": {
        "3063421": {
            "manifests": {
                "public": {
                    "gid": "5631436540070888097",
                    "size": "1105107747",
                    "download": "427894576"
                }
            },
            "decryptionkey": "862d57772c8647b13737d28481bab2e24261ddc3ff4473fce7111471be2b5eb7"
        },
        "branches": {
            "public": {
                "buildid": "18218693",
                "timeupdated": "1745471610"
            }
        }
    }
}