{
    "appid": "3205480",
    "type": "Game",
    "name": "Unique Identy",
    "schinese_name": "",
    "isfreeapp": "0",
    "change_number": "27942428",
    "update_time": "2025-03-14 04:23:47",
    "depot": {
        "3205481": {
            "manifests": {
                "public": {
                    "gid": "3222920038068977569",
                    "size": "121761322",
                    "download": "28067744"
                }
            },
            "decryptionkey": "bb97e0474da8bae14f9be6f2ce722b9f3585b7c6cad25d5a9e5de5de0f813b0e"
        },
        "branches": {
            "public": {
                "buildid": "15556705",
                "timeupdated": "1725143173"
            }
        }
    }
}