{
    "appid": "2955200",
    "type": "Game",
    "name": "Hotel Overloop",
    "schinese_name": "",
    "isfreeapp": "0",
    "change_number": "28537173",
    "update_time": "2025-04-18 03:58:47",
    "depot": {
        "228989": {
            "config": {
                "oslist": "windows"
            },
            "depotfromapp": "228980",
            "sharedinstall": "1"
        },
        "228990": {
            "config": {
                "oslist": "windows"
            },
            "depotfromapp": "228980",
            "sharedinstall": "1"
        },
        "2955201": {
            "manifests": {
                "public": {
                    "gid": "3182288086844297103",
                    "size": "1803657169",
                    "download": "1646604512"
                }
            },
            "decryptionkey": "9252d0ddf3e7bd5f6ba0c30c8de63c476dcf25837465dbefe093a04e3b3d881f"
        },
        "branches": {
            "public": {
                "buildid": "14543172",
                "timeupdated": "1717048521"
            }
        }
    }
}