{
    "appid": "3179810",
    "type": "Game",
    "name": "Tiny Dangerous Dungeons Remake",
    "schinese_name": "",
    "isfreeapp": "0",
    "change_number": "28566658",
    "update_time": "2025-04-20 04:59:30",
    "depot": {
        "3179811": {
            "manifests": {
                "public": {
                    "gid": "5144336534146210225",
                    "size": "62245910",
                    "download": "22772336"
                }
            },
            "decryptionkey": "5cd551a2cf589edb61616942a5ef65e8da886f9a7c0d131da7922c3fbf47e1ac"
        },
        "branches": {
            "public": {
                "buildid": "17905177",
                "timeupdated": "1743204248"
            }
        }
    }
}