{
    "appid": "3250840",
    "type": "Demo",
    "name": "The Die Is Cast Demo",
    "schinese_name": "",
    "isfreeapp": "0",
    "change_number": "26081666",
    "update_time": "2024-11-07 09:39:54",
    "depot": {
        "3250841": {
            "manifests": {
                "public": {
                    "gid": "5685684524754539651",
                    "size": "2032102498",
                    "download": "534084800"
                }
            },
            "decryptionkey": "ba5ddbefcae42a8371391ae7c678c9a803c1740879c33d9a4ad9b522818bdce4"
        },
        "branches": {
            "public": {
                "buildid": "16321562",
                "timeupdated": "1730943590"
            }
        }
    }
}