{
    "appid": "3455450",
    "type": "Game",
    "name": "Useless Princess and the Village Renovation",
    "schinese_name": "废柴公主荒村开拓记",
    "isfreeapp": "0",
    "change_number": "29046730",
    "update_time": "2025-05-18 15:12:24",
    "depot": {
        "baselanguages": "english,schinese,tchinese,japanese",
        "3455451": {
            "config": {
                "language": "japanese"
            },
            "manifests": {
                "public": {
                    "gid": "194954736058649280",
                    "size": "991242678",
                    "download": "850064912"
                }
            },
            "decryptionkey": ""
        },
        "3455452": {
            "config": {
                "language": "english"
            },
            "manifests": {
                "public": {
                    "gid": "3499784078024851211",
                    "size": "1004856535",
                    "download": "857613840"
                }
            },
            "decryptionkey": ""
        },
        "3455453": {
            "config": {
                "language": "tchinese"
            },
            "manifests": {
                "public": {
                    "gid": "7734861827836343944",
                    "size": "1004825362",
                    "download": "857562064"
                }
            },
            "decryptionkey": ""
        },
        "3455454": {
            "config": {
                "language": "schinese"
            },
            "manifests": {
                "public": {
                    "gid": "4499508058798152857",
                    "size": "1004868780",
                    "download": "857662464"
                }
            },
            "decryptionkey": "e3b4fb7a16fbce824888c566c8e67d00bdc4510d970d96ab78b59db83832ba8c"
        },
        "branches": {
            "public": {
                "buildid": "18413651",
                "timeupdated": "1746873679"
            }
        },
        "privatebranches": "1"
    }
}