{
    "appid": "3464080",
    "type": "Game",
    "name": "Cats & Critters: A Dungeon Claw-er",
    "schinese_name": "",
    "isfreeapp": "0",
    "change_number": "27382570",
    "update_time": "2025-02-09 06:30:57",
    "depot": {
        "3464081": {
            "manifests": {
                "public": {
                    "gid": "991658629022204958",
                    "size": "939909928",
                    "download": "301045824"
                }
            },
            "decryptionkey": "c45fc104e37ff90a2663060f6d0a83a717cd718a56795a739aea3f42f9e7dd25"
        },
        "branches": {
            "public": {
                "buildid": "16994944",
                "timeupdated": "1736828464"
            }
        }
    }
}