{
    "appid": "3174270",
    "type": "Demo",
    "name": "Dirty League Demo",
    "schinese_name": "",
    "isfreeapp": "0",
    "change_number": "25200022",
    "update_time": "2024-09-13 06:00:34",
    "depot": {
        "3174271": {
            "config": {
                "oslist": "windows"
            },
            "manifests": {
                "public": {
                    "gid": "2572474665274830581",
                    "size": "174679163",
                    "download": "81334464"
                }
            },
            "decryptionkey": "8253b83b7c7949a9dc9fb6d46b1560571a6a34e264c100838607cd1e3c5bd697"
        },
        "baselanguages": "english,german,french,italian,spanish,schinese,russian,japanese,portuguese,polish,dutch,swedish,czech,romanian,turkish",
        "branches": {
            "public": {
                "buildid": "15678150",
                "timeupdated": "1726149197"
            }
        }
    }
}