{
    "appid": "3063520",
    "type": "Game",
    "name": "LISC",
    "schinese_name": "",
    "isfreeapp": "0",
    "change_number": "29048541",
    "update_time": "2025-05-18 20:16:03",
    "depot": {
        "baselanguages": "english",
        "3063521": {
            "manifests": {
                "public": {
                    "gid": "4064799371555363999",
                    "size": "14083330745",
                    "download": "13672490352"
                }
            },
            "decryptionkey": "d06cfd37a509592c6f54599bdedc319e4933a4f15391d5024ec96b63285ac30d"
        },
        "3063522": {
            "manifests": {
                "public": {
                    "gid": "3571427704263523290",
                    "size": "14083330745",
                    "download": "13672490352"
                }
            },
            "decryptionkey": "cf7dec6f9c5422aa5ffa041a00bb3a1a6a2142165ae72de7d7d12922f17d3ac6"
        },
        "branches": {
            "public": {
                "buildid": "18505179",
                "timeupdated": "1747518068"
            }
        }
    }
}