{
    "appid": "3043150",
    "type": "Game",
    "name": "Black light wave",
    "schinese_name": "",
    "isfreeapp": "0",
    "change_number": "24304608",
    "update_time": "2024-07-10 19:09:16",
    "depot": {
        "3043151": {
            "manifests": {
                "public": {
                    "gid": "4461850593591249328",
                    "size": "76560867",
                    "download": "18273856"
                }
            },
            "decryptionkey": "f3abf318dda007bd8fa2a70fe7fc8f8b769ce54eb58c02346c349a3094e242ce"
        },
        "branches": {
            "public": {
                "buildid": "14639270",
                "timeupdated": "1717763152"
            }
        }
    }
}