{
    "appid": "2990980",
    "type": "Demo",
    "name": "Ultra Strikers Demo",
    "schinese_name": "",
    "isfreeapp": "0",
    "change_number": "28768252",
    "update_time": "2025-05-01 20:19:55",
    "depot": {
        "228989": {
            "config": {
                "oslist": "windows"
            },
            "depotfromapp": "228980",
            "sharedinstall": "1"
        },
        "228990": {
            "config": {
                "oslist": "windows"
            },
            "depotfromapp": "228980",
            "sharedinstall": "1"
        },
        "2990981": {
            "manifests": {
                "public": {
                    "gid": "5883449878078576923",
                    "size": "5551501966",
                    "download": "4683810112"
                }
            },
            "decryptionkey": "ec228f00f679a2c3da4d5e678285e817a65bd56266dd9b8fdf438096bc0e6b27"
        },
        "branches": {
            "public": {
                "buildid": "14722613",
                "timeupdated": "1718390826"
            }
        },
        "privatebranches": "1"
    }
}