{
    "appid": "3144830",
    "type": "DLC",
    "name": "Ara: History Untold Digital Art Book",
    "schinese_name": "",
    "isfreeapp": "0",
    "change_number": "25370910",
    "update_time": "2024-09-24 23:02:16",
    "depot": {
        "3144830": {
            "manifests": {
                "public": {
                    "gid": "955835515862955028",
                    "size": "58127181",
                    "download": "52386032"
                }
            },
            "dlcappid": "3144830",
            "decryptionkey": "46ec9fab404dcd3a5e0b2862b1f9c1a0410157b5071f35a086bd4f57f6b79beb"
        },
        "branches": {
            "public": {
                "buildid": "15655534",
                "timeupdated": "1725997685"
            }
        }
    }
}