{
    "appid": "3082620",
    "type": "Game",
    "name": "Sifu's Quest",
    "schinese_name": "无极群侠传",
    "isfreeapp": "0",
    "change_number": "27150786",
    "update_time": "2025-01-24 22:29:16",
    "depot": {
        "3082621": {
            "manifests": {
                "public": {
                    "gid": "7509722566714236706",
                    "size": "3720035995",
                    "download": "645235552"
                }
            },
            "decryptionkey": "2caed03ad9dfb9d3704a4e52373096582ece6440cc13bd86e5d5a34a63d3ac20"
        },
        "branches": {
            "public": {
                "buildid": "15002621",
                "timeupdated": "1720710159"
            }
        }
    }
}