{
    "appid": "3618440",
    "type": "Music",
    "name": "Wildkeepers Rising Soundtrack",
    "schinese_name": "",
    "isfreeapp": "0",
    "change_number": "28257225",
    "update_time": "2025-04-02 06:30:13",
    "depot": {
        "3618441": {
            "manifests": {
                "public": {
                    "gid": "7765695088433193339",
                    "size": "72879381",
                    "download": "72454800"
                }
            },
            "decryptionkey": "b79a006ca042d6f76e901079d3fdcc21b60919fe34a10e3f3d854d471e710500"
        },
        "3618442": {
            "config": {
                "highqualityaudio": "1"
            },
            "manifests": {
                "public": {
                    "gid": "343306001849378378",
                    "size": "524503878",
                    "download": "508666928"
                }
            },
            "decryptionkey": "234b9af981e606fef4c0eba41c7849d42b0d6c68c6bf24aad0e9635fbc236b9c"
        },
        "branches": {
            "public": {
                "buildid": "17845839",
                "timeupdated": "1742871789"
            }
        }
    }
}