{
    "appid": "3183280",
    "type": "Game",
    "name": "Game of Thrones: Kingsroad",
    "schinese_name": "",
    "isfreeapp": "0",
    "change_number": "29040025",
    "update_time": "2025-05-17 20:50:52",
    "depot": {
        "hasdepotsindlc": "1",
        "baselanguages": "english",
        "3183281": {
            "manifests": {
                "public": {
                    "gid": "6335560386929688306",
                    "size": "1051653884",
                    "download": "545290992"
                }
            },
            "decryptionkey": "68dce48db7977a0ea03b654ede2a578765ee4320c93955e29aeae0ef9bb43c9e"
        },
        "3183282": {
            "manifests": {
                "public": {
                    "gid": "1381306832141350231",
                    "size": "34325420375",
                    "download": "27159722080"
                }
            },
            "decryptionkey": "7fda33f42919c3fececa548528f54b0514a220b324f6a87377d20f63a8d7982f"
        },
        "3477690": {
            "dlcappid": "3477690",
            "config": {
                "language": "english",
                "oslist": "windows",
                "osarch": "64"
            },
            "manifests": {
                "public": {
                    "gid": "6790709864012105538",
                    "size": "0",
                    "download": "0"
                }
            },
            "decryptionkey": "09ad1044265abc607d130258e11d192531c0471b4755edbe711911048d6bd94f"
        },
        "3516830": {
            "dlcappid": "3516830",
            "config": {
                "language": "english",
                "oslist": "windows",
                "osarch": "64"
            },
            "manifests": {
                "public": {
                    "gid": "2386730318353588602",
                    "size": "0",
                    "download": "0"
                }
            },
            "decryptionkey": ""
        },
        "3508440": {
            "dlcappid": "3508440",
            "config": {
                "language": "english",
                "oslist": "windows",
                "osarch": "64"
            },
            "manifests": {
                "public": {
                    "gid": "7793818489679416633",
                    "size": "0",
                    "download": "0"
                }
            },
            "decryptionkey": ""
        },
        "branches": {
            "public": {
                "buildid": "18456308",
                "timeupdated": "1747271239"
            }
        },
        "privatebranches": "1"
    }
}