{
    "appid": "3030760",
    "type": "Game",
    "name": "Horror Manor",
    "schinese_name": "",
    "isfreeapp": "0",
    "change_number": "28452242",
    "update_time": "2025-04-13 18:08:28",
    "depot": {
        "3030761": {
            "manifests": {
                "public": {
                    "gid": "7814214707128129760",
                    "size": "2086896493",
                    "download": "817134064"
                }
            },
            "decryptionkey": "5e668a50f5b440bba7dfcdc7396e3a08981514fb3442cc8a34c4c1a7bce4957d"
        },
        "branches": {
            "public": {
                "buildid": "14564562",
                "timeupdated": "1717180331"
            }
        }
    }
}