{
    "appid": "3333030",
    "type": "DLC",
    "name": "Kota`s New Journey - Supporter Pack",
    "schinese_name": "",
    "isfreeapp": "0",
    "change_number": "28285332",
    "update_time": "2025-04-03 17:16:53",
    "depot": {
        "3333030": {
            "dlcappid": "3333030",
            "manifests": {
                "public": {
                    "gid": "3126940162753886575",
                    "size": "9401393",
                    "download": "9353936"
                }
            },
            "decryptionkey": "37227ecbaf51bf7689af5a278c09b55105c66e9ad55c531c4568f808b08b6790"
        },
        "branches": {
            "public": {
                "buildid": "16502215",
                "timeupdated": "1732289880"
            }
        }
    }
}