{
    "appid": "3209910",
    "type": "Game",
    "name": "Slender Reborn",
    "schinese_name": "",
    "isfreeapp": "0",
    "change_number": "27525144",
    "update_time": "2025-02-18 08:17:01",
    "depot": {
        "228989": {
            "config": {
                "oslist": "windows"
            },
            "depotfromapp": "228980",
            "sharedinstall": "1"
        },
        "228990": {
            "config": {
                "oslist": "windows"
            },
            "depotfromapp": "228980",
            "sharedinstall": "1"
        },
        "3209911": {
            "manifests": {
                "public": {
                    "gid": "7579203854966219370",
                    "size": "1924274181",
                    "download": "1812748416"
                }
            },
            "decryptionkey": "5dad293b039482fa23aa075f9e3e61be3a227bd2093badd6ec5c9132fd0b448d"
        },
        "branches": {
            "public": {
                "buildid": "16982350",
                "timeupdated": "1736726372"
            }
        }
    }
}