{
    "appid": "3256160",
    "type": "Demo",
    "name": "Village Slut Transformation Demo",
    "schinese_name": "",
    "isfreeapp": "0",
    "change_number": "25707399",
    "update_time": "2024-10-14 20:23:06",
    "depot": {
        "3256161": {
            "manifests": {
                "public": {
                    "gid": "1885948117113503331",
                    "size": "1974842059",
                    "download": "1919573760"
                }
            },
            "decryptionkey": "f3d5b3e3202160b8a81eb166dec92eca2bda9390973022b26da348a3d7d910af"
        },
        "branches": {
            "public": {
                "buildid": "15821506",
                "timeupdated": "1727263529"
            }
        }
    }
}