{
    "appid": "3144110",
    "type": "Game",
    "name": "Journey Up",
    "schinese_name": "",
    "isfreeapp": "0",
    "change_number": "29016345",
    "update_time": "2025-05-16 12:06:45",
    "depot": {
        "228989": {
            "config": {
                "oslist": "windows"
            },
            "depotfromapp": "228980",
            "sharedinstall": "1"
        },
        "228990": {
            "config": {
                "oslist": "windows"
            },
            "depotfromapp": "228980",
            "sharedinstall": "1"
        },
        "229007": {
            "config": {
                "oslist": "windows"
            },
            "depotfromapp": "228980",
            "sharedinstall": "1"
        },
        "229033": {
            "config": {
                "oslist": "windows"
            },
            "depotfromapp": "228980",
            "sharedinstall": "1"
        },
        "3144111": {
            "config": {
                "oslist": "windows",
                "osarch": "64"
            },
            "manifests": {
                "public": {
                    "gid": "2510645620868540924",
                    "size": "579787173",
                    "download": "178667008"
                }
            },
            "decryptionkey": "334d0629087bc27c71ec099548ad8d97a191600e2022a319e8cbcaacc5c75818"
        },
        "branches": {
            "public": {
                "buildid": "18011303",
                "timeupdated": "1744029431"
            }
        }
    }
}