{
    "appid": "2957960",
    "type": "Demo",
    "name": "Arcane Blast Demo",
    "schinese_name": "",
    "isfreeapp": "0",
    "change_number": "26607235",
    "update_time": "2024-12-12 16:46:10",
    "depot": {
        "2957961": {
            "config": {
                "oslist": "windows"
            },
            "manifests": {
                "public": {
                    "gid": "3378172484962630918",
                    "size": "3168203504",
                    "download": "765251024"
                }
            },
            "decryptionkey": "5066c5d0e793ae3ef5b9f9b2e8f1ea80a1af10ddd98dbc56bf8139c3349267a3"
        },
        "2957962": {
            "config": {
                "oslist": "macos"
            },
            "manifests": {
                "public": {
                    "gid": "7993465261624682800",
                    "size": "3214540474",
                    "download": "779892800"
                }
            },
            "decryptionkey": ""
        },
        "branches": {
            "public": {
                "buildid": "15339769",
                "timeupdated": "1723453439"
            }
        }
    }
}