{
    "appid": "2952020",
    "type": "Game",
    "name": "Shoot To Pleasure",
    "schinese_name": "射到爽",
    "isfreeapp": "0",
    "change_number": "28566113",
    "update_time": "2025-04-20 04:04:25",
    "depot": {
        "2952021": {
            "manifests": {
                "public": {
                    "gid": "3098820464718776627",
                    "size": "104513346",
                    "download": "70380128"
                }
            },
            "decryptionkey": "b1e2a0ba3f20599d06981387a8d9c16a3fb367a30ae7cd7a008975636399091d"
        },
        "branches": {
            "public": {
                "buildid": "14241687",
                "timeupdated": "1714639374"
            }
        }
    }
}