{
    "appid": "3265180",
    "type": "Demo",
    "name": "Platform Demo",
    "schinese_name": "",
    "isfreeapp": "0",
    "change_number": "26127868",
    "update_time": "2024-11-10 17:45:35",
    "depot": {
        "3265181": {
            "manifests": {
                "public": {
                    "gid": "4250654352508773654",
                    "size": "3321159013",
                    "download": "1027683824"
                }
            },
            "decryptionkey": "bfe6aa02ac3e7be428ff8b7bfd2193bb02276d81adfa19c4931ec8aac5e4716a"
        },
        "branches": {
            "public": {
                "buildid": "15913880",
                "timeupdated": "1727947474"
            }
        }
    }
}