{
    "appid": "3109210",
    "type": "Game",
    "name": "Night Market Simulator",
    "schinese_name": "",
    "isfreeapp": "0",
    "change_number": "28947262",
    "update_time": "2025-05-13 04:31:24",
    "depot": {
        "3109211": {
            "manifests": {
                "public": {
                    "gid": "1627490109340066699",
                    "size": "4633526597",
                    "download": "1136331456"
                }
            },
            "decryptionkey": "a8f7193aa138da04c6a627e3b7330c450272234e9e9e810aaa80d87e89055f4d"
        },
        "branches": {
            "public": {
                "buildid": "18338823",
                "timeupdated": "1746376076"
            }
        }
    }
}