{
    "appid": "3188410",
    "type": "DLC",
    "name": "AURA: Hentai Cards - Full Animations Pack",
    "schinese_name": "",
    "isfreeapp": "0",
    "change_number": "26019272",
    "update_time": "2024-11-02 20:22:37",
    "depot": {
        "3188410": {
            "manifests": {
                "public": {
                    "gid": "473725513856695759",
                    "size": "5413511922",
                    "download": "5403764864"
                }
            },
            "dlcappid": "3188410",
            "decryptionkey": "29eed0351cf04624e5f6efa1da0e5b2c2754b656a6f0c4731ae7365e006b221f"
        },
        "branches": {
            "public": {
                "buildid": "16041558",
                "timeupdated": "1728936372"
            }
        }
    }
}