{
    "appid": "3188550",
    "type": "Game",
    "name": "Trainee Death Simulator",
    "schinese_name": "死神模拟器",
    "isfreeapp": "0",
    "change_number": "28785737",
    "update_time": "2025-05-02 21:08:55",
    "depot": {
        "3188551": {
            "manifests": {
                "public": {
                    "gid": "1854500914376115895",
                    "size": "620030972",
                    "download": "514997056"
                }
            },
            "decryptionkey": "6ed228c9ac1dbac1b89898ad102d41a0a0956e067cd3edf9725c57b9b570ad57"
        },
        "branches": {
            "public": {
                "buildid": "17064744",
                "timeupdated": "1737620106"
            }
        },
        "privatebranches": "1"
    }
}