{
    "appid": "3345450",
    "type": "Music",
    "name": "Cosmic Ultramarine Soundtrack Vol.1",
    "schinese_name": "",
    "isfreeapp": "0",
    "change_number": "26726167",
    "update_time": "2024-12-20 10:56:38",
    "depot": {
        "3345451": {
            "manifests": {
                "public": {
                    "gid": "5764986033974858680",
                    "size": "155060846",
                    "download": "154764128"
                }
            },
            "decryptionkey": "5dd67ba4de593ef6a436e82279b0a5f8e937f580f529acff6fa7ca26fde428bd"
        },
        "branches": {
            "public": {
                "buildid": "16786258",
                "timeupdated": "1734522954"
            }
        }
    }
}