{
    "appid": "3350470",
    "type": "Music",
    "name": "Kaiju Princess 2 Soundtrack",
    "schinese_name": "暴食的怪兽公主：惑星美食之旅 Soundtrack",
    "isfreeapp": "0",
    "change_number": "27955921",
    "update_time": "2025-03-14 20:24:28",
    "depot": {
        "3350471": {
            "manifests": {
                "public": {
                    "gid": "7801301057959222722",
                    "size": "49156379",
                    "download": "49250416"
                }
            },
            "decryptionkey": "aa455c139ed574eeb891aa6af5fc41b4e177da3a64738c09fa7371a200156726"
        },
        "branches": {
            "public": {
                "buildid": "16692825",
                "timeupdated": "1733829468"
            }
        }
    }
}