{
    "appid": "3305590",
    "type": "Demo",
    "name": "HELLCAM Demo",
    "schinese_name": "",
    "isfreeapp": "0",
    "change_number": "26650217",
    "update_time": "2024-12-15 22:11:03",
    "depot": {
        "228989": {
            "config": {
                "oslist": "windows"
            },
            "depotfromapp": "228980",
            "sharedinstall": "1"
        },
        "228990": {
            "config": {
                "oslist": "windows"
            },
            "depotfromapp": "228980",
            "sharedinstall": "1"
        },
        "3305591": {
            "manifests": {
                "public": {
                    "gid": "6216112513459931124",
                    "size": "2839704035",
                    "download": "2662956080"
                }
            },
            "decryptionkey": "5f26870b3e69b15026cfa86a3db447a5714fc94b0581c0ef26113c6fb14e9761"
        },
        "branches": {
            "public": {
                "buildid": "16326776",
                "timeupdated": "1730979244"
            }
        }
    }
}