{
    "appid": "3054440",
    "type": "Game",
    "name": "Short Snow",
    "schinese_name": "短雪 / Short Snow",
    "isfreeapp": "0",
    "change_number": "28939609",
    "update_time": "2025-05-12 21:32:21",
    "depot": {
        "3054441": {
            "manifests": {
                "public": {
                    "gid": "456821244553864617",
                    "size": "22618538574",
                    "download": "9547007904"
                }
            },
            "decryptionkey": "ebf4804f30552083c811eb2963acc9d753e3f3b05f69f0c8fc28293c577b7600"
        },
        "baselanguages": "english",
        "branches": {
            "public": {
                "buildid": "18242523",
                "timeupdated": "1745604633"
            }
        }
    }
}