{
    "appid": "3027290",
    "type": "Demo",
    "name": "Full Fathom Demo",
    "schinese_name": "",
    "isfreeapp": "0",
    "change_number": "26283546",
    "update_time": "2024-11-21 00:56:59",
    "depot": {
        "3027291": {
            "manifests": {
                "public": {
                    "gid": "2877559772733920950",
                    "size": "4670586797",
                    "download": "1902055872"
                }
            },
            "decryptionkey": "1891085d5d87411ad34d19a0b00f517006a3e5fd6b7b1c365205fdb3e3471137"
        },
        "branches": {
            "public": {
                "buildid": "16203151",
                "timeupdated": "1730103372"
            }
        }
    }
}