{
    "appid": "3065840",
    "type": "Demo",
    "name": "One Room Dungeon Demo",
    "schinese_name": "",
    "isfreeapp": "0",
    "change_number": "27156717",
    "update_time": "2025-01-25 05:28:11",
    "depot": {
        "3065841": {
            "config": {
                "oslist": "windows"
            },
            "manifests": {
                "public": {
                    "gid": "248483441532419601",
                    "size": "415948947",
                    "download": "119695376"
                }
            },
            "decryptionkey": "aadc63f169b59d87b21295c282710777ee580688b1867765658464f69c86affb"
        },
        "3065842": {
            "config": {
                "oslist": "macos",
                "osarch": "64"
            },
            "manifests": {
                "public": {
                    "gid": "1496942503657208486",
                    "size": "409946181",
                    "download": "118966608"
                }
            },
            "decryptionkey": ""
        },
        "branches": {
            "public": {
                "buildid": "16894916",
                "timeupdated": "1735862299"
            }
        }
    }
}