{
    "appid": "3278600",
    "type": "Demo",
    "name": "Tentacle Tango Demo",
    "schinese_name": "",
    "isfreeapp": "0",
    "change_number": "27404013",
    "update_time": "2025-02-11 00:21:56",
    "depot": {
        "3278601": {
            "config": {
                "oslist": "windows"
            },
            "manifests": {
                "public": {
                    "gid": "8213895564104024399",
                    "size": "315326433",
                    "download": "108699920"
                }
            },
            "decryptionkey": "6a65541c05443f42907992a6e596f1410fefa4478d8aedc629b6c7eca937d30c"
        },
        "3278602": {
            "config": {
                "oslist": "macos"
            },
            "manifests": {
                "public": {
                    "gid": "704288493783625490",
                    "size": "210155496",
                    "download": "122381168"
                }
            },
            "decryptionkey": ""
        },
        "branches": {
            "public": {
                "buildid": "17309366",
                "timeupdated": "1739204511"
            }
        },
        "privatebranches": "1"
    }
}