{
    "appid": "3163930",
    "type": "Demo",
    "name": "PhotoStudioSimulator Demo",
    "schinese_name": "镜头人生 Demo",
    "isfreeapp": "0",
    "change_number": "28971567",
    "update_time": "2025-05-14 09:49:10",
    "depot": {
        "228989": {
            "config": {
                "oslist": "windows"
            },
            "depotfromapp": "228980",
            "sharedinstall": "1"
        },
        "228990": {
            "config": {
                "oslist": "windows"
            },
            "depotfromapp": "228980",
            "sharedinstall": "1"
        },
        "3163931": {
            "manifests": {
                "public": {
                    "gid": "2536979849257098603",
                    "size": "7112534851",
                    "download": "6445036592"
                }
            },
            "decryptionkey": "bc98f6efc50bf2f531dece57d9f8449e06fc6d3cb2b015c9e8b3de34ca9b9ed7"
        },
        "branches": {
            "public": {
                "buildid": "18413806",
                "timeupdated": "1746875630"
            }
        }
    }
}