{
    "appid": "3192510",
    "type": "Game",
    "name": "Star Runaway",
    "schinese_name": "",
    "isfreeapp": "0",
    "change_number": "25301993",
    "update_time": "2024-09-20 00:35:33",
    "depot": {
        "3192511": {
            "manifests": {
                "public": {
                    "gid": "7453814466483038534",
                    "size": "85481123",
                    "download": "26239936"
                }
            },
            "decryptionkey": "b88a9f67eb1eb3b720a45780770ff76d5fa908c6dd63636edd3d473c9f1dca8a"
        },
        "branches": {
            "public": {
                "buildid": "15486561",
                "timeupdated": "1724602379"
            }
        }
    }
}