{
    "appid": "2957300",
    "type": "Demo",
    "name": "撩妹模拟器：渣男的秘密 Demo",
    "schinese_name": "",
    "isfreeapp": "0",
    "change_number": "25887684",
    "update_time": "2024-10-25 09:30:37",
    "depot": {
        "2957301": {
            "manifests": {
                "public": {
                    "gid": "9022024491090092616",
                    "size": "2090725924",
                    "download": "1273839376"
                }
            },
            "decryptionkey": "439416fbea18c1e09e42b80f9d496b1eac02f18f63fe1355ae10c35dca219395"
        },
        "branches": {
            "public": {
                "buildid": "16145298",
                "timeupdated": "1729653649"
            }
        }
    }
}