{
    "appid": "3417360",
    "type": "Beta",
    "name": "Card Cultivation Playtest",
    "schinese_name": "卡牌修仙传 Playtest",
    "isfreeapp": "0",
    "change_number": "27436839",
    "update_time": "2025-02-12 18:06:18",
    "depot": {
        "3417361": {
            "config": {
                "realm": "steamglobal"
            },
            "manifests": {
                "public": {
                    "gid": "183750196756610109",
                    "size": "720367409",
                    "download": "453214688"
                }
            },
            "decryptionkey": "0f7403813528eca231fa1f7b527aad7c3fa5d35fbee3b4cf30b5bdc7a39fe4bc"
        },
        "3417362": {
            "config": {
                "realm": "steamchina"
            },
            "manifests": {
                "public": {
                    "gid": "3975561926406918253",
                    "size": "720367510",
                    "download": "453273808"
                }
            },
            "decryptionkey": ""
        },
        "branches": {
            "public": {
                "buildid": "17128260",
                "timeupdated": "1737782440"
            }
        },
        "privatebranches": "1"
    }
}