{
    "appid": "3069540",
    "type": "Demo",
    "name": "Who Wears The Crown? Demo",
    "schinese_name": "",
    "isfreeapp": "0",
    "change_number": "27524157",
    "update_time": "2025-02-18 06:35:01",
    "depot": {
        "3069541": {
            "manifests": {
                "public": {
                    "gid": "4561178098278877158",
                    "size": "2727137233",
                    "download": "214295280"
                }
            },
            "decryptionkey": "00e6e0e22052b16b1bb48f648bd54eee28f9c86a80e048bc6784953310e7be42"
        },
        "branches": {
            "public": {
                "buildid": "17475583",
                "timeupdated": "1740339442"
            }
        }
    }
}