{
    "appid": "3187290",
    "type": "Game",
    "name": "Winning Post 10 2025",
    "schinese_name": "",
    "isfreeapp": "0",
    "change_number": "29016408",
    "update_time": "2025-05-16 12:12:48",
    "depot": {
        "baselanguages": "",
        "228988": {
            "config": {
                "oslist": "windows"
            },
            "depotfromapp": "228980",
            "sharedinstall": "1"
        },
        "228990": {
            "config": {
                "oslist": "windows"
            },
            "depotfromapp": "228980",
            "sharedinstall": "1"
        },
        "3187291": {
            "manifests": {
                "public": {
                    "gid": "1814866034684527819",
                    "size": "50869365683",
                    "download": "12743639152"
                }
            },
            "decryptionkey": "b70f2db9caaaeec0af28a07621c4b42daa75fa5e69c6c60066ad110915cead63"
        },
        "3455470": {
            "dlcappid": "3455470",
            "manifests": {
                "public": {
                    "gid": "1202874501607936589",
                    "size": "0",
                    "download": "0"
                }
            },
            "decryptionkey": ""
        },
        "3455980": {
            "dlcappid": "3455980",
            "manifests": {
                "public": {
                    "gid": "8718101732640801298",
                    "size": "0",
                    "download": "0"
                }
            },
            "decryptionkey": ""
        },
        "3455920": {
            "dlcappid": "3455920",
            "manifests": {
                "public": {
                    "gid": "1526890478192520625",
                    "size": "0",
                    "download": "0"
                }
            },
            "decryptionkey": ""
        },
        "3455930": {
            "dlcappid": "3455930",
            "manifests": {
                "public": {
                    "gid": "8159609207490845099",
                    "size": "0",
                    "download": "0"
                }
            },
            "decryptionkey": ""
        },
        "3455940": {
            "dlcappid": "3455940",
            "manifests": {
                "public": {
                    "gid": "2631893581243053086",
                    "size": "0",
                    "download": "0"
                }
            },
            "decryptionkey": ""
        },
        "3455950": {
            "dlcappid": "3455950",
            "manifests": {
                "public": {
                    "gid": "3629060967124301241",
                    "size": "0",
                    "download": "0"
                }
            },
            "decryptionkey": ""
        },
        "3455960": {
            "dlcappid": "3455960",
            "manifests": {
                "public": {
                    "gid": "7415393212474092923",
                    "size": "0",
                    "download": "0"
                }
            },
            "decryptionkey": ""
        },
        "3455970": {
            "dlcappid": "3455970",
            "manifests": {
                "public": {
                    "gid": "999828833015656986",
                    "size": "0",
                    "download": "0"
                }
            },
            "decryptionkey": ""
        },
        "3455990": {
            "dlcappid": "3455990",
            "manifests": {
                "public": {
                    "gid": "5710352681362715805",
                    "size": "0",
                    "download": "0"
                }
            },
            "decryptionkey": "da22ea47a70510320cb08120df7f19f77465e63940c6cfa5bd62341d83d78cba"
        },
        "3455630": {
            "dlcappid": "3455630",
            "manifests": {
                "public": {
                    "gid": "7731018214503701312",
                    "size": "0",
                    "download": "0"
                }
            },
            "decryptionkey": ""
        },
        "3455640": {
            "dlcappid": "3455640",
            "manifests": {
                "public": {
                    "gid": "6916552669922552955",
                    "size": "0",
                    "download": "0"
                }
            },
            "decryptionkey": ""
        },
        "3455650": {
            "dlcappid": "3455650",
            "manifests": {
                "public": {
                    "gid": "2505795137297270554",
                    "size": "0",
                    "download": "0"
                }
            },
            "decryptionkey": ""
        },
        "3455660": {
            "dlcappid": "3455660",
            "manifests": {
                "public": {
                    "gid": "4170582160719245550",
                    "size": "0",
                    "download": "0"
                }
            },
            "decryptionkey": ""
        },
        "3455670": {
            "dlcappid": "3455670",
            "manifests": {
                "public": {
                    "gid": "6518323434373129013",
                    "size": "0",
                    "download": "0"
                }
            },
            "decryptionkey": ""
        },
        "3455680": {
            "dlcappid": "3455680",
            "manifests": {
                "public": {
                    "gid": "505947815168506590",
                    "size": "0",
                    "download": "0"
                }
            },
            "decryptionkey": ""
        },
        "3455690": {
            "dlcappid": "3455690",
            "manifests": {
                "public": {
                    "gid": "1625887120786382698",
                    "size": "0",
                    "download": "0"
                }
            },
            "decryptionkey": ""
        },
        "3455700": {
            "dlcappid": "3455700",
            "manifests": {
                "public": {
                    "gid": "7623192973910909439",
                    "size": "0",
                    "download": "0"
                }
            },
            "decryptionkey": ""
        },
        "3455710": {
            "dlcappid": "3455710",
            "manifests": {
                "public": {
                    "gid": "5980255174760567009",
                    "size": "0",
                    "download": "0"
                }
            },
            "decryptionkey": ""
        },
        "3455720": {
            "dlcappid": "3455720",
            "manifests": {
                "public": {
                    "gid": "5472001412763796356",
                    "size": "0",
                    "download": "0"
                }
            },
            "decryptionkey": ""
        },
        "3455730": {
            "dlcappid": "3455730",
            "manifests": {
                "public": {
                    "gid": "4567526955539683538",
                    "size": "0",
                    "download": "0"
                }
            },
            "decryptionkey": ""
        },
        "3455740": {
            "dlcappid": "3455740",
            "manifests": {
                "public": {
                    "gid": "8926840029641144176",
                    "size": "0",
                    "download": "0"
                }
            },
            "decryptionkey": ""
        },
        "3455750": {
            "dlcappid": "3455750",
            "manifests": {
                "public": {
                    "gid": "4244965408397502339",
                    "size": "0",
                    "download": "0"
                }
            },
            "decryptionkey": ""
        },
        "3455760": {
            "dlcappid": "3455760",
            "manifests": {
                "public": {
                    "gid": "5238130809306352272",
                    "size": "0",
                    "download": "0"
                }
            },
            "decryptionkey": ""
        },
        "3455770": {
            "dlcappid": "3455770",
            "manifests": {
                "public": {
                    "gid": "1895440752477531160",
                    "size": "0",
                    "download": "0"
                }
            },
            "decryptionkey": ""
        },
        "3455780": {
            "dlcappid": "3455780",
            "manifests": {
                "public": {
                    "gid": "9117105489693743016",
                    "size": "0",
                    "download": "0"
                }
            },
            "decryptionkey": ""
        },
        "3455790": {
            "dlcappid": "3455790",
            "manifests": {
                "public": {
                    "gid": "2292585024885046177",
                    "size": "0",
                    "download": "0"
                }
            },
            "decryptionkey": ""
        },
        "3455800": {
            "dlcappid": "3455800",
            "manifests": {
                "public": {
                    "gid": "4611708334148986269",
                    "size": "0",
                    "download": "0"
                }
            },
            "decryptionkey": ""
        },
        "3455810": {
            "dlcappid": "3455810",
            "manifests": {
                "public": {
                    "gid": "4320048560320711764",
                    "size": "0",
                    "download": "0"
                }
            },
            "decryptionkey": ""
        },
        "3455820": {
            "dlcappid": "3455820",
            "manifests": {
                "public": {
                    "gid": "4434956553912519027",
                    "size": "0",
                    "download": "0"
                }
            },
            "decryptionkey": ""
        },
        "3455830": {
            "dlcappid": "3455830",
            "manifests": {
                "public": {
                    "gid": "7524668765410687734",
                    "size": "0",
                    "download": "0"
                }
            },
            "decryptionkey": ""
        },
        "3455840": {
            "dlcappid": "3455840",
            "manifests": {
                "public": {
                    "gid": "687981921316106912",
                    "size": "0",
                    "download": "0"
                }
            },
            "decryptionkey": ""
        },
        "3455850": {
            "dlcappid": "3455850",
            "manifests": {
                "public": {
                    "gid": "5771786335345398717",
                    "size": "0",
                    "download": "0"
                }
            },
            "decryptionkey": ""
        },
        "3455860": {
            "dlcappid": "3455860",
            "manifests": {
                "public": {
                    "gid": "1633644854099699577",
                    "size": "0",
                    "download": "0"
                }
            },
            "decryptionkey": ""
        },
        "3455880": {
            "dlcappid": "3455880",
            "manifests": {
                "public": {
                    "gid": "1441575742368027203",
                    "size": "0",
                    "download": "0"
                }
            },
            "decryptionkey": ""
        },
        "3455890": {
            "dlcappid": "3455890",
            "manifests": {
                "public": {
                    "gid": "7291531607379749610",
                    "size": "0",
                    "download": "0"
                }
            },
            "decryptionkey": ""
        },
        "3455900": {
            "dlcappid": "3455900",
            "manifests": {
                "public": {
                    "gid": "76775675728186899",
                    "size": "0",
                    "download": "0"
                }
            },
            "decryptionkey": ""
        },
        "3455910": {
            "dlcappid": "3455910",
            "manifests": {
                "public": {
                    "gid": "6246178643102444333",
                    "size": "0",
                    "download": "0"
                }
            },
            "decryptionkey": ""
        },
        "3455480": {
            "dlcappid": "3455480",
            "manifests": {
                "public": {
                    "gid": "445173418291314834",
                    "size": "0",
                    "download": "0"
                }
            },
            "decryptionkey": "03bb3eae9ad061fecc7200edc93cd5c191e99f2bb5a1cd6bceecdd6412ce5d5e"
        },
        "3455490": {
            "dlcappid": "3455490",
            "manifests": {
                "public": {
                    "gid": "222000967799659020",
                    "size": "0",
                    "download": "0"
                }
            },
            "decryptionkey": ""
        },
        "3455500": {
            "dlcappid": "3455500",
            "manifests": {
                "public": {
                    "gid": "7009974927254819261",
                    "size": "0",
                    "download": "0"
                }
            },
            "decryptionkey": ""
        },
        "3455510": {
            "dlcappid": "3455510",
            "manifests": {
                "public": {
                    "gid": "1536508292543751762",
                    "size": "0",
                    "download": "0"
                }
            },
            "decryptionkey": ""
        },
        "3455520": {
            "dlcappid": "3455520",
            "manifests": {
                "public": {
                    "gid": "5246403314681392395",
                    "size": "0",
                    "download": "0"
                }
            },
            "decryptionkey": ""
        },
        "3455530": {
            "dlcappid": "3455530",
            "manifests": {
                "public": {
                    "gid": "2733183481460021936",
                    "size": "0",
                    "download": "0"
                }
            },
            "decryptionkey": ""
        },
        "3455540": {
            "dlcappid": "3455540",
            "manifests": {
                "public": {
                    "gid": "2182254781328022291",
                    "size": "0",
                    "download": "0"
                }
            },
            "decryptionkey": ""
        },
        "3455550": {
            "dlcappid": "3455550",
            "manifests": {
                "public": {
                    "gid": "478375465625690450",
                    "size": "0",
                    "download": "0"
                }
            },
            "decryptionkey": ""
        },
        "3455560": {
            "dlcappid": "3455560",
            "manifests": {
                "public": {
                    "gid": "4853457105217630660",
                    "size": "0",
                    "download": "0"
                }
            },
            "decryptionkey": ""
        },
        "3455570": {
            "dlcappid": "3455570",
            "manifests": {
                "public": {
                    "gid": "1307855812862212866",
                    "size": "0",
                    "download": "0"
                }
            },
            "decryptionkey": ""
        },
        "3455580": {
            "dlcappid": "3455580",
            "manifests": {
                "public": {
                    "gid": "4979700229263818590",
                    "size": "0",
                    "download": "0"
                }
            },
            "decryptionkey": ""
        },
        "3455590": {
            "dlcappid": "3455590",
            "manifests": {
                "public": {
                    "gid": "3031947705278670813",
                    "size": "0",
                    "download": "0"
                }
            },
            "decryptionkey": ""
        },
        "3455600": {
            "dlcappid": "3455600",
            "manifests": {
                "public": {
                    "gid": "3418155349925423649",
                    "size": "0",
                    "download": "0"
                }
            },
            "decryptionkey": ""
        },
        "3455610": {
            "dlcappid": "3455610",
            "manifests": {
                "public": {
                    "gid": "8974219202528794113",
                    "size": "0",
                    "download": "0"
                }
            },
            "decryptionkey": ""
        },
        "3455620": {
            "dlcappid": "3455620",
            "manifests": {
                "public": {
                    "gid": "5144515421258593030",
                    "size": "0",
                    "download": "0"
                }
            },
            "decryptionkey": ""
        },
        "branches": {
            "public": {
                "buildid": "18009210",
                "timeupdated": "1745197220"
            }
        },
        "privatebranches": "1"
    }
}