{
    "appid": "3182000",
    "type": "Demo",
    "name": "Wet Slits Demo",
    "schinese_name": "",
    "isfreeapp": "0",
    "change_number": "28257225",
    "update_time": "2025-04-02 06:46:25",
    "depot": {
        "228989": {
            "config": {
                "oslist": "windows"
            },
            "depotfromapp": "228980",
            "sharedinstall": "1"
        },
        "228990": {
            "config": {
                "oslist": "windows"
            },
            "depotfromapp": "228980",
            "sharedinstall": "1"
        },
        "baselanguages": "english,german,french,koreana,schinese,russian,japanese,swedish",
        "3182001": {
            "config": {
                "oslist": "windows",
                "osarch": "64"
            },
            "manifests": {
                "public": {
                    "gid": "3121251581326666395",
                    "size": "722064040",
                    "download": "596713648"
                }
            },
            "decryptionkey": "0205e8907d676cafd5ef4305da66ae985c40edf911c4ce180c9d8a5f76290dfa"
        },
        "branches": {
            "public": {
                "buildid": "15891535",
                "timeupdated": "1727800961"
            }
        }
    }
}