{
    "appid": "3181820",
    "type": "Demo",
    "name": "The Rangers In The South Demo",
    "schinese_name": "",
    "isfreeapp": "0",
    "change_number": "26852452",
    "update_time": "2025-01-03 22:27:14",
    "depot": {
        "baselanguages": "english",
        "228989": {
            "config": {
                "oslist": "windows"
            },
            "depotfromapp": "228980",
            "sharedinstall": "1"
        },
        "228990": {
            "config": {
                "oslist": "windows"
            },
            "depotfromapp": "228980",
            "sharedinstall": "1"
        },
        "3181821": {
            "config": {
                "language": "english",
                "oslist": "windows"
            },
            "manifests": {
                "public": {
                    "gid": "367044550718485192",
                    "size": "2283406444",
                    "download": "1580782656"
                }
            },
            "decryptionkey": "9fea2b676f1209c9228b2431df537d71bc1a4a739716358527038bbb3c801a66"
        },
        "branches": {
            "public": {
                "buildid": "16433228",
                "timeupdated": "1731799060"
            }
        }
    }
}