{
    "appid": "3066050",
    "type": "DLC",
    "name": "Gravity Fields - Expansion Pack",
    "schinese_name": "",
    "isfreeapp": "0",
    "change_number": "24616128",
    "update_time": "2024-08-02 11:16:42",
    "depot": {
        "3066050": {
            "manifests": {
                "public": {
                    "gid": "5866044691759638575",
                    "size": "4990015714",
                    "download": "4965202656"
                }
            },
            "dlcappid": "3066050",
            "decryptionkey": "782ce55c3d99ccdc5fc1ff682408fa0b136cb75dd524a870f591d732ce9e9b76"
        },
        "branches": {
            "public": {
                "buildid": "15187096",
                "timeupdated": "1722568598"
            }
        }
    }
}