{
    "appid": "3083850",
    "type": "Demo",
    "name": "Trollge The Incidents Maker Demo",
    "schinese_name": "",
    "isfreeapp": "0",
    "change_number": "24344996",
    "update_time": "2024-07-16 02:47:11",
    "depot": {
        "3083851": {
            "manifests": {
                "public": {
                    "gid": "4564776276296158491",
                    "size": "3346831199",
                    "download": "492982688"
                }
            },
            "decryptionkey": "841b00353316973cd7621e469186c712f0002e9a330c3a3c54a779b8e7bf46e8"
        },
        "branches": {
            "public": {
                "buildid": "14951514",
                "timeupdated": "1720265134"
            }
        }
    }
}