{
    "appid": "2993650",
    "type": "Game",
    "name": "Hentai Tales: Backyard 33rd",
    "schinese_name": "",
    "isfreeapp": "0",
    "change_number": "28949657",
    "update_time": "2025-05-13 07:33:07",
    "depot": {
        "2993651": {
            "config": {
                "oslist": "windows"
            },
            "manifests": {
                "public": {
                    "gid": "3645338559587967763",
                    "size": "797261309",
                    "download": "182339040"
                }
            },
            "decryptionkey": "b075868eb8ed046c6f5239d63ccb14ffd52ad5a97bd35b837add89c426134ddc"
        },
        "2993652": {
            "config": {
                "oslist": "macos"
            },
            "manifests": {
                "public": {
                    "gid": "4850847358080698536",
                    "size": "791488189",
                    "download": "181080224"
                }
            }
        },
        "2993653": {
            "config": {
                "oslist": "linux"
            },
            "manifests": {
                "public": {
                    "gid": "3240367162235090354",
                    "size": "838136131",
                    "download": "182320320"
                }
            }
        },
        "baselanguages": "english",
        "branches": {
            "public": {
                "buildid": "14930035",
                "timeupdated": "1720088874"
            }
        }
    }
}