{
    "appid": "3344790",
    "type": "Game",
    "name": "眼傀公司",
    "schinese_name": "",
    "isfreeapp": "0",
    "change_number": "28327992",
    "update_time": "2025-04-06 08:01:14",
    "depot": {
        "baselanguages": "english,schinese",
        "228989": {
            "config": {
                "oslist": "windows"
            },
            "depotfromapp": "228980",
            "sharedinstall": "1"
        },
        "228990": {
            "config": {
                "oslist": "windows"
            },
            "depotfromapp": "228980",
            "sharedinstall": "1"
        },
        "3344792": {
            "manifests": {
                "public": {
                    "gid": "1531489270663428163",
                    "size": "660318226",
                    "download": "553977616"
                }
            },
            "decryptionkey": "d9776f57fb2ef6115d8d2b8e5c4787b9e53ed1271075ca157e42c75f8df4987e"
        },
        "branches": {
            "public": {
                "buildid": "17658965",
                "timeupdated": "1741596754"
            }
        }
    }
}