{
    "appid": "3490200",
    "type": "Demo",
    "name": "LOVE Hotel Simulator 🏩 Demo",
    "schinese_name": "",
    "isfreeapp": "0",
    "change_number": "27727418",
    "update_time": "2025-03-01 07:47:24",
    "depot": {
        "3490201": {
            "manifests": {
                "public": {
                    "gid": "1342405123381462777",
                    "size": "4421479939",
                    "download": "3759265216"
                }
            },
            "decryptionkey": "3a3217b2e040e4e7a2eefce16f3966350f74064536080e7b9aa4ea382755109e"
        },
        "branches": {
            "public": {
                "buildid": "17367406",
                "timeupdated": "1739540894"
            }
        }
    }
}