{
    "appid": "3017830",
    "type": "Game",
    "name": "Sky Resort 2",
    "schinese_name": "",
    "isfreeapp": "0",
    "change_number": "27280308",
    "update_time": "2025-02-03 05:12:10",
    "depot": {
        "3017831": {
            "manifests": {
                "public": {
                    "gid": "2313106884089752734",
                    "size": "1500344711",
                    "download": "1371808048"
                }
            },
            "decryptionkey": "9275462968d30aa2fa21aa6923ea1be771924dbe15f24af6b52e66fb4fbaf9fb"
        },
        "3030660": {
            "dlcappid": "3030660",
            "manifests": {
                "public": {
                    "gid": "1146379126484916939",
                    "size": "928598395",
                    "download": "930215376"
                }
            },
            "decryptionkey": ""
        },
        "3017832": {
            "config": {
                "language": "schinese"
            },
            "manifests": {
                "public": {
                    "gid": "7491592930862338961",
                    "size": "744",
                    "download": "448"
                }
            },
            "decryptionkey": "b11bcf0ad1915e2ab6a23999dfa901784aa8dc0a3e5f71cdb20da3b84df582b3"
        },
        "baselanguages": "english,schinese",
        "branches": {
            "public": {
                "buildid": "15765653",
                "timeupdated": "1726804548"
            }
        },
        "privatebranches": "1"
    }
}