{
    "appid": "3577740",
    "type": "DLC",
    "name": "Animation Pack - Aquilon's Sex Quest",
    "schinese_name": "",
    "isfreeapp": "0",
    "change_number": "28075495",
    "update_time": "2025-03-22 00:02:00",
    "depot": {
        "3577740": {
            "manifests": {
                "public": {
                    "gid": "2048132225973406555",
                    "size": "129678971",
                    "download": "129953136"
                }
            },
            "dlcappid": "3577740",
            "decryptionkey": "be966b809a1563c14b2e3d4e4c59e8d00c14a0e1c3a78c17486e910861ab3443"
        },
        "branches": {
            "public": {
                "buildid": "17769279",
                "timeupdated": "1742320021"
            }
        }
    }
}