{
    "appid": "3227220",
    "type": "Demo",
    "name": "快盗天使ツインエンジェル ～時とセカイの迷宮～ Re:light [Demo]",
    "schinese_name": "快盗天使双胞胎 〜时间与世界的迷宫〜 Re:light [Demo]",
    "isfreeapp": "0",
    "change_number": "27183442",
    "update_time": "2025-01-27 21:23:14",
    "depot": {
        "baselanguages": "english,schinese,japanese",
        "3227221": {
            "config": {
                "oslist": "windows"
            },
            "manifests": {
                "public": {
                    "gid": "5061928909160033176",
                    "size": "2924039202",
                    "download": "2558911872"
                },
                "beta": {
                    "gid": "8566634727477577141",
                    "size": "2924038805",
                    "download": "2558910784"
                }
            },
            "decryptionkey": "483fb5ecf0c1492237ecc8d6e27d9f53520aa9cb344b123559630246bef0908d"
        },
        "3227222": {
            "config": {
                "oslist": "macos"
            },
            "manifests": {
                "public": {
                    "gid": "2266447871527493971",
                    "size": "2932948378",
                    "download": "2558665056"
                },
                "beta": {
                    "gid": "1975410037620474367",
                    "size": "2933911702",
                    "download": "2558871776"
                }
            },
            "decryptionkey": ""
        },
        "branches": {
            "public": {
                "buildid": "16191544",
                "timeupdated": "1729948958"
            },
            "beta": {
                "buildid": "17145166",
                "description": "テスト",
                "timeupdated": "1737984189"
            }
        }
    }
}