{
    "appid": "3090910",
    "type": "Game",
    "name": "她杀-The Suspected Murder",
    "schinese_name": "",
    "isfreeapp": "0",
    "change_number": "29036088",
    "update_time": "2025-05-17 11:10:56",
    "depot": {
        "3090911": {
            "manifests": {
                "public": {
                    "gid": "7816555111728923000",
                    "size": "1397799014",
                    "download": "945621808"
                }
            },
            "decryptionkey": "c22a8cac9b7cb5cb9d17022ee77891cc84e8f77166aacfc08312faf79b8dd91b"
        },
        "branches": {
            "public": {
                "buildid": "17502134",
                "timeupdated": "1740500441"
            }
        },
        "privatebranches": "1"
    }
}