{
    "appid": "2945350",
    "type": "Game",
    "name": "Wukong's Pool",
    "schinese_name": "悟空的台球",
    "isfreeapp": "0",
    "change_number": "28235116",
    "update_time": "2025-04-01 03:51:23",
    "depot": {
        "2945351": {
            "manifests": {
                "public": {
                    "gid": "6607079930057932479",
                    "size": "139960952",
                    "download": "98793904"
                }
            },
            "decryptionkey": "04b2541818d3556dbffa38726e047bb46e8d0c5ee780a3a77a0dacd3e6ac6342"
        },
        "branches": {
            "public": {
                "buildid": "15299082",
                "timeupdated": "1723088761"
            }
        }
    }
}