{
    "appid": "3443100",
    "type": "Demo",
    "name": "Screaming In The Basement Demo",
    "schinese_name": "",
    "isfreeapp": "0",
    "change_number": "27402998",
    "update_time": "2025-02-10 23:27:01",
    "depot": {
        "228989": {
            "config": {
                "oslist": "windows"
            },
            "depotfromapp": "228980",
            "sharedinstall": "1"
        },
        "228990": {
            "config": {
                "oslist": "windows"
            },
            "depotfromapp": "228980",
            "sharedinstall": "1"
        },
        "3443101": {
            "manifests": {
                "public": {
                    "gid": "6467259098953011437",
                    "size": "1265535857",
                    "download": "1162366592"
                }
            },
            "decryptionkey": "40bb7a4df1bc6c109166ee08d4cc56392e593b307c6fd26ae2afa7b2a912cbd6"
        },
        "baselanguages": "english,spanish,russian,brazilian",
        "branches": {
            "public": {
                "buildid": "17158970",
                "timeupdated": "1738074282"
            }
        }
    }
}