{
    "appid": "3229880",
    "type": "DLC",
    "name": "Shadows of Doubt - Digital Artbook",
    "schinese_name": "",
    "isfreeapp": "0",
    "change_number": "25447231",
    "update_time": "2024-09-29 23:52:13",
    "depot": {
        "3229880": {
            "dlcappid": "3229880",
            "manifests": {
                "public": {
                    "gid": "6657243287478488132",
                    "size": "44799140",
                    "download": "22610208"
                }
            },
            "decryptionkey": "e15b606fff7e6421b843b4c26b2127e49b7e36af9c5e94f0367a5698b77a636a"
        },
        "branches": {
            "public": {
                "buildid": "15678507",
                "timeupdated": "1727430388"
            }
        }
    }
}