{
    "appid": "3434340",
    "type": "Game",
    "name": "Oblitus mortis",
    "schinese_name": "",
    "isfreeapp": "0",
    "change_number": "28778008",
    "update_time": "2025-05-02 09:02:01",
    "depot": {
        "baselanguages": "english,french,spanish,portuguese,brazilian,latam",
        "3434341": {
            "config": {
                "oslist": "windows"
            },
            "manifests": {
                "public": {
                    "gid": "8826078401043322043",
                    "size": "53571748",
                    "download": "39042608"
                }
            },
            "decryptionkey": "951d55fb1670c08c94e596f879320377f45817df1df0812ed5fa759ba8c38bb1"
        },
        "branches": {
            "public": {
                "buildid": "18315791",
                "timeupdated": "1746147716"
            }
        }
    }
}