{
    "appid": "3424330",
    "type": "Demo",
    "name": "Tower Wizard Demo",
    "schinese_name": "",
    "isfreeapp": "0",
    "change_number": "27728037",
    "update_time": "2025-03-01 08:46:04",
    "depot": {
        "3424331": {
            "manifests": {
                "public": {
                    "gid": "1640979839524884318",
                    "size": "109794960",
                    "download": "57331840"
                }
            },
            "decryptionkey": "bd8d48b280ae2bb941a5778f90eeafc74685b5d26a82d9953794e195e12224f0"
        },
        "branches": {
            "public": {
                "buildid": "17467710",
                "timeupdated": "1740237977"
            }
        },
        "privatebranches": "1"
    }
}