{
    "appid": "3025610",
    "type": "Game",
    "name": "OCON",
    "schinese_name": "",
    "isfreeapp": "0",
    "change_number": "24264305",
    "update_time": "2024-07-07 10:15:30",
    "depot": {
        "3025611": {
            "manifests": {
                "public": {
                    "gid": "1747254186277432701",
                    "size": "320126100",
                    "download": "126497360"
                }
            },
            "decryptionkey": "2febc89f680af56e8ebdbea86b9812851b7a4ff68d53d4a48761ea5a3589d0fb"
        },
        "branches": {
            "public": {
                "buildid": "14581625",
                "timeupdated": "1718373815"
            }
        }
    }
}