{
    "appid": "3427010",
    "type": "Game",
    "name": "Metal Strike",
    "schinese_name": "",
    "isfreeapp": "1",
    "change_number": "27533798",
    "update_time": "2025-02-18 20:19:36",
    "depot": {
        "228989": {
            "config": {
                "oslist": "windows"
            },
            "depotfromapp": "228980",
            "sharedinstall": "1"
        },
        "228990": {
            "config": {
                "oslist": "windows"
            },
            "depotfromapp": "228980",
            "sharedinstall": "1"
        },
        "hasdepotsindlc": "0",
        "3427011": {
            "config": {
                "oslist": "windows"
            },
            "manifests": {
                "public": {
                    "gid": "363353484420488045",
                    "size": "5920590055",
                    "download": "4652648496"
                }
            },
            "decryptionkey": "113436836eab4f450ae78147a7eb67a608874fd6e236612d27c9105ee0123a4f"
        },
        "baselanguages": "english",
        "branches": {
            "public": {
                "buildid": "17316548",
                "timeupdated": "1739249834"
            }
        }
    }
}