{
    "appid": "3292410",
    "type": "Game",
    "name": "转生魔塔",
    "schinese_name": "",
    "isfreeapp": "0",
    "change_number": "29006621",
    "update_time": "2025-05-16 00:12:41",
    "depot": {
        "3292411": {
            "manifests": {
                "public": {
                    "gid": "3139023840669163438",
                    "size": "273304095",
                    "download": "113160416"
                }
            },
            "decryptionkey": "16d7ececf2db5ba5a981ed018dbc31e6def80aa76eb66c810161e377fa53e010"
        },
        "branches": {
            "public": {
                "buildid": "18235728",
                "timeupdated": "1745571674"
            }
        },
        "privatebranches": "1"
    }
}