{
    "appid": "3215900",
    "type": "DLC",
    "name": "Dark Sky - Art Supporter Pack",
    "schinese_name": "",
    "isfreeapp": "0",
    "change_number": "25369569",
    "update_time": "2024-09-24 21:47:04",
    "depot": {
        "3215900": {
            "manifests": {
                "public": {
                    "gid": "2966659122826334949",
                    "size": "319867091",
                    "download": "314813200"
                }
            },
            "dlcappid": "3215900",
            "decryptionkey": "77fe00913724a65c72adc8d2faa994e95205d27bdce523ae30aad3f912843558"
        },
        "branches": {
            "public": {
                "buildid": "15749594",
                "timeupdated": "1726704544"
            }
        }
    }
}