{
    "appid": "3172270",
    "type": "Game",
    "name": "Blood & Lust [18+]🩸",
    "schinese_name": "",
    "isfreeapp": "0",
    "change_number": "29016408",
    "update_time": "2025-05-16 12:12:44",
    "depot": {
        "3172271": {
            "config": {
                "oslist": "windows"
            },
            "manifests": {
                "public": {
                    "gid": "7474253360789048276",
                    "size": "7495244977",
                    "download": "7005901872"
                }
            },
            "decryptionkey": "30232e38cc5f1ce612702bcbfb6aac63aec0c590a02c90bdb38d34ffcd7bb407"
        },
        "3172272": {
            "config": {
                "oslist": "macos"
            },
            "manifests": {
                "public": {
                    "gid": "7875794420818492309",
                    "size": "7518042143",
                    "download": "7011835760"
                }
            }
        },
        "3172273": {
            "config": {
                "oslist": "linux"
            },
            "manifests": {
                "public": {
                    "gid": "7429777486715264647",
                    "size": "7496619563",
                    "download": "7004841744"
                }
            }
        },
        "branches": {
            "public": {
                "buildid": "17559285",
                "timeupdated": "1740838773"
            }
        }
    }
}