{
    "appid": "3430570",
    "type": "Game",
    "name": "我要苟到100岁",
    "schinese_name": "我要苟到100岁",
    "isfreeapp": "0",
    "change_number": "28511965",
    "update_time": "2025-04-17 00:13:41",
    "depot": {
        "3430571": {
            "manifests": {
                "public": {
                    "gid": "1729344774680560139",
                    "size": "138825424",
                    "download": "78799552"
                }
            },
            "decryptionkey": "21406f4bbd4510b47b6459c0939f93ce751edde63b602b3147db0cf4b6d986a9"
        },
        "baselanguages": "english,schinese,japanese",
        "branches": {
            "public": {
                "buildid": "17789347",
                "timeupdated": "1742446124"
            }
        },
        "privatebranches": "1"
    }
}