{
    "appid": "2945540",
    "type": "Demo",
    "name": "Another Farm Roguelike: Rebirth Demo",
    "schinese_name": "另一个肉鸽农场 试用版",
    "isfreeapp": "0",
    "change_number": "27731742",
    "update_time": "2025-03-01 17:46:21",
    "depot": {
        "2945541": {
            "manifests": {
                "public": {
                    "gid": "3295749849069021439",
                    "size": "165461643",
                    "download": "121933216"
                }
            },
            "decryptionkey": "72627ac7ccb39b43201937056ae924647b932284c64b1301ad263dc8319576b9"
        },
        "branches": {
            "public": {
                "buildid": "17545994",
                "timeupdated": "1740742630"
            }
        },
        "privatebranches": "1"
    }
}