{
    "appid": "2960590",
    "type": "Game",
    "name": "Unveiling the Unknown",
    "schinese_name": "",
    "isfreeapp": "0",
    "change_number": "28139374",
    "update_time": "2025-03-26 07:09:13",
    "depot": {
        "2960591": {
            "manifests": {
                "public": {
                    "gid": "8776861192693946942",
                    "size": "622598066",
                    "download": "429145696"
                }
            },
            "decryptionkey": "a2f93acc1c318ea1a8a1be8039dff0a34abd50bf4be8e0a6145afff42ffe6d8a"
        },
        "branches": {
            "public": {
                "buildid": "14664060",
                "timeupdated": "1718022623"
            }
        }
    }
}