{
    "appid": "3122780",
    "type": "Demo",
    "name": "Defender Of Falyndor Demo",
    "schinese_name": "",
    "isfreeapp": "0",
    "change_number": "25111609",
    "update_time": "2024-09-06 23:58:15",
    "depot": {
        "228989": {
            "config": {
                "oslist": "windows"
            },
            "depotfromapp": "228980",
            "sharedinstall": "1"
        },
        "228990": {
            "config": {
                "oslist": "windows"
            },
            "depotfromapp": "228980",
            "sharedinstall": "1"
        },
        "3122781": {
            "manifests": {
                "public": {
                    "gid": "3799395603892360912",
                    "size": "589586712",
                    "download": "447836000"
                }
            },
            "decryptionkey": "a5ec5806f80209323f3e13b10f1d681f4ef32e55071d2a9e98cfc1772ac14d9f"
        },
        "branches": {
            "public": {
                "buildid": "15618292",
                "timeupdated": "1725638291"
            }
        }
    }
}