{
    "appid": "3060520",
    "type": "Game",
    "name": "Bio Prototype",
    "schinese_name": "原点计划",
    "isfreeapp": "0",
    "change_number": "28679322",
    "update_time": "2025-04-26 12:54:21",
    "depot": {
        "3060521": {
            "config": {
                "oslist": "windows"
            },
            "manifests": {
                "public": {
                    "gid": "9187145065143827237",
                    "size": "279494535",
                    "download": "147068016"
                }
            },
            "decryptionkey": "3e11db1edb76bd8d9d0d83c6b5b3c2d13d09d8b4238a4d842475a9efcae4683b"
        },
        "3060522": {
            "config": {
                "oslist": "linux"
            },
            "manifests": {
                "public": {
                    "gid": "2246335027466022111",
                    "size": "229907405",
                    "download": "112524000"
                }
            }
        },
        "3060523": {
            "config": {
                "oslist": "macos",
                "osarch": "64"
            },
            "manifests": {
                "public": {
                    "gid": "993583748228170729",
                    "size": "507504390",
                    "download": "164514464"
                }
            }
        },
        "branches": {
            "public": {
                "buildid": "16934822",
                "timeupdated": "1736303003"
            }
        },
        "privatebranches": "1"
    },
    "access_token": 6465466584869628857
}