{
    "appid": "3677300",
    "type": "Music",
    "name": "Phantom Breaker: Battle Grounds Ultimate Soundtrack",
    "schinese_name": "",
    "isfreeapp": "0",
    "change_number": "28736706",
    "update_time": "2025-04-30 06:17:33",
    "depot": {
        "3677301": {
            "manifests": {
                "public": {
                    "gid": "1645624564524477921",
                    "size": "222927360",
                    "download": "209456256"
                }
            },
            "decryptionkey": "c993ab2ff493d58e021c288f31db8e9642384bd6c6dc24d9c495d5fb02ab7bb2"
        },
        "branches": {
            "public": {
                "buildid": "18216718",
                "timeupdated": "1745456372"
            }
        }
    }
}