{
    "appid": "2991470",
    "type": "Demo",
    "name": "锈翅 Demo",
    "schinese_name": "",
    "isfreeapp": "0",
    "change_number": "27132090",
    "update_time": "2025-01-23 22:27:52",
    "depot": {
        "baselanguages": "english,schinese",
        "2991471": {
            "config": {
                "oslist": "windows"
            },
            "manifests": {
                "public": {
                    "gid": "1091892777908604465",
                    "size": "409592077",
                    "download": "344594960"
                }
            },
            "decryptionkey": "d1066c78a2ffe5319e5b6d47cce4c8c27a2bbe72abbdc88e390ac0ae8617ab21"
        },
        "branches": {
            "public": {
                "buildid": "16036406",
                "timeupdated": "1728909663"
            }
        }
    }
}