{
    "appid": "3478190",
    "type": "Game",
    "name": "Take Care (of me)",
    "schinese_name": "",
    "isfreeapp": "1",
    "change_number": "28542131",
    "update_time": "2025-04-18 11:17:32",
    "depot": {
        "228989": {
            "config": {
                "oslist": "windows"
            },
            "depotfromapp": "228980",
            "sharedinstall": "1"
        },
        "228990": {
            "config": {
                "oslist": "windows"
            },
            "depotfromapp": "228980",
            "sharedinstall": "1"
        },
        "3478191": {
            "manifests": {
                "public": {
                    "gid": "3322556489617870801",
                    "size": "2613499077",
                    "download": "2297534864"
                }
            },
            "decryptionkey": "afb7ef883936244170f63dc9059d9ff48bb8bb2f3778ce02042c7c6608fccaf5"
        },
        "branches": {
            "public": {
                "buildid": "17381329",
                "timeupdated": "1739670369"
            }
        }
    }
}