{
    "appid": "3298720",
    "type": "Game",
    "name": "Fish Shop Simulator",
    "schinese_name": "",
    "isfreeapp": "0",
    "change_number": "28828571",
    "update_time": "2025-05-06 03:30:07",
    "depot": {
        "3298721": {
            "manifests": {
                "public": {
                    "gid": "853966507095030479",
                    "size": "1539744430",
                    "download": "754929520"
                }
            },
            "decryptionkey": "3a588c3230c008e9b4e2146d016f727727c257b4b6b89da44a23338f18ea14cf"
        },
        "branches": {
            "public": {
                "buildid": "18263294",
                "timeupdated": "1745833801"
            }
        }
    }
}