{
    "appid": "3046350",
    "type": "Game",
    "name": "CHURIP",
    "schinese_name": "",
    "isfreeapp": "0",
    "change_number": "28932123",
    "update_time": "2025-05-12 12:33:43",
    "depot": {
        "baselanguages": "english,schinese,russian,japanese",
        "3046351": {
            "config": {
                "oslist": "windows,linux"
            },
            "manifests": {
                "public": {
                    "gid": "6839451657733381922",
                    "size": "227968199",
                    "download": "156523472"
                }
            },
            "decryptionkey": "8f9ee3b56a5f0a4adafc25489846c3e7cd033143eab6ca6aefc5a22d64dcceff"
        },
        "3046352": {
            "config": {
                "language": "schinese",
                "oslist": "windows,linux"
            },
            "manifests": {
                "public": {
                    "gid": "2294272023907146505",
                    "size": "227963800",
                    "download": "156524736"
                }
            },
            "decryptionkey": "2a70fe48deb8aed43e26ac79dd812070280a1572291c40ad5cd870c76e11df5a"
        },
        "3046353": {
            "config": {
                "language": "japanese",
                "oslist": "windows,linux"
            },
            "manifests": {
                "public": {
                    "gid": "7153005793347203412",
                    "size": "227965176",
                    "download": "156520128"
                }
            },
            "decryptionkey": "feb6ba5cb6f89856959b68c0b638cbdbdb116d821d0371310824658ac75c16e6"
        },
        "3046354": {
            "config": {
                "language": "russian",
                "oslist": "windows,linux"
            },
            "manifests": {
                "public": {
                    "gid": "6480020102587858808",
                    "size": "227966530",
                    "download": "157615376"
                }
            },
            "decryptionkey": ""
        },
        "branches": {
            "public": {
                "buildid": "17960977",
                "timeupdated": "1743629550"
            }
        }
    }
}