{
    "appid": "3267800",
    "type": "DLC",
    "name": "The Coma 2B: Catacomb - The Child of Destiny Skin",
    "schinese_name": "",
    "isfreeapp": "0",
    "change_number": "25932235",
    "update_time": "2024-10-28 22:10:02",
    "depot": {
        "3267800": {
            "manifests": {
                "public": {
                    "gid": "7028369895745961733",
                    "size": "27750364",
                    "download": "18815232"
                }
            },
            "dlcappid": "3267800",
            "decryptionkey": "f770c6897762740855879c63cae6ae64d14e503284b18a0c794cf6df7bfb8cd9"
        },
        "branches": {
            "public": {
                "buildid": "16202880",
                "timeupdated": "1730124598"
            }
        }
    }
}