{
    "appid": "3104100",
    "type": "Game",
    "name": "DeathStairwell99F",
    "schinese_name": "死亡楼梯:九十九层",
    "isfreeapp": "0",
    "change_number": "24758678",
    "update_time": "2024-08-13 09:27:28",
    "depot": {
        "228988": {
            "config": {
                "oslist": "windows"
            },
            "depotfromapp": "228980",
            "sharedinstall": "1"
        },
        "228989": {
            "config": {
                "oslist": "windows"
            },
            "depotfromapp": "228980",
            "sharedinstall": "1"
        },
        "228990": {
            "config": {
                "oslist": "windows"
            },
            "depotfromapp": "228980",
            "sharedinstall": "1"
        },
        "3104101": {
            "manifests": {
                "public": {
                    "gid": "151059127488564095",
                    "size": "1013601682",
                    "download": "865426640"
                }
            },
            "decryptionkey": "aca51e354a498391985e8c7e83fc08f070a010a8a84e3a4af387d4a2facc2134"
        },
        "baselanguages": "english,schinese",
        "branches": {
            "public": {
                "buildid": "15349153",
                "timeupdated": "1723512441"
            }
        }
    }
}