{
    "appid": "3597700",
    "type": "Game",
    "name": "Obscula",
    "schinese_name": "",
    "isfreeapp": "0",
    "change_number": "29032790",
    "update_time": "2025-05-17 05:13:25",
    "depot": {
        "228989": {
            "config": {
                "oslist": "windows"
            },
            "depotfromapp": "228980",
            "sharedinstall": "1"
        },
        "228990": {
            "config": {
                "oslist": "windows"
            },
            "depotfromapp": "228980",
            "sharedinstall": "1"
        },
        "3597701": {
            "manifests": {
                "public": {
                    "gid": "9041055917587851890",
                    "size": "1803522609",
                    "download": "1627002624"
                }
            },
            "decryptionkey": "3b1c005254d14ec55e205e34aa7f8c9fd627eebbbb8349744859a159c52af6c3"
        },
        "baselanguages": "english,german,french,italian,spanish,schinese,russian,japanese,portuguese,turkish",
        "branches": {
            "public": {
                "buildid": "18181507",
                "timeupdated": "1745248697"
            }
        }
    }
}