{
    "appid": "3560680",
    "type": "Game",
    "name": "Little Spaceman",
    "schinese_name": "",
    "isfreeapp": "0",
    "change_number": "28834533",
    "update_time": "2025-05-06 12:29:12",
    "depot": {
        "3560681": {
            "config": {
                "oslist": "windows"
            },
            "manifests": {
                "public": {
                    "gid": "3840953559342895555",
                    "size": "71749285",
                    "download": "51686000"
                }
            },
            "decryptionkey": "a9d177e30bd6014b1e4812c66c23f40bb435f4297be8a65fdd9435cd0d0b1653"
        },
        "baselanguages": "english,german,french,italian,spanish,brazilian",
        "branches": {
            "public": {
                "buildid": "18305373",
                "timeupdated": "1746072764"
            }
        }
    }
}