{
    "appid": "3094240",
    "type": "Demo",
    "name": "Super reaKtor Demo",
    "schinese_name": "",
    "isfreeapp": "0",
    "change_number": "26191072",
    "update_time": "2024-11-14 18:41:25",
    "depot": {
        "3094241": {
            "config": {
                "oslist": "windows"
            },
            "manifests": {
                "public": {
                    "gid": "6090316182507831211",
                    "size": "413569320",
                    "download": "86579808"
                }
            },
            "decryptionkey": "3adfe0d0a66617534915c134b21092e9e907a3b393abb5efa293ff8780bd204f"
        },
        "3094242": {
            "config": {
                "oslist": "linux"
            },
            "manifests": {
                "public": {
                    "gid": "2154636076144919992",
                    "size": "411284245",
                    "download": "83945520"
                }
            },
            "decryptionkey": ""
        },
        "3094243": {
            "config": {
                "oslist": "macos"
            },
            "manifests": {
                "public": {
                    "gid": "8728660760479877321",
                    "size": "406523025",
                    "download": "84727808"
                }
            },
            "decryptionkey": ""
        },
        "branches": {
            "public": {
                "buildid": "16318997",
                "timeupdated": "1730925397"
            }
        }
    }
}