{
    "appid": "3466730",
    "type": "DLC",
    "name": "Armored Suit Solgante - Expansion DLC",
    "schinese_name": "战甲机索尔冈特 - DLC",
    "isfreeapp": "0",
    "change_number": "29044063",
    "update_time": "2025-05-18 06:15:34",
    "depot": {
        "3466731": {
            "manifests": {
                "public": {
                    "gid": "3155292950403775751",
                    "size": "279408606",
                    "download": "131890080"
                }
            },
            "dlcappid": "3466730",
            "decryptionkey": "f02f3e4dc40ddda75f3fda720974c3ac55e53aa2267ef8a57c6ec21ff7cf3be0"
        },
        "3466732": {
            "config": {
                "language": "schinese"
            },
            "manifests": {
                "public": {
                    "gid": "1955335785584189510",
                    "size": "233244012",
                    "download": "126914736"
                }
            },
            "dlcappid": "3466730",
            "decryptionkey": "158b6c07345e06a8e1deb95a2464263f0aaa9f23511a8d4b5721189c054685ee"
        },
        "3466733": {
            "config": {
                "language": "japanese"
            },
            "manifests": {
                "public": {
                    "gid": "4660229079541553288",
                    "size": "233432972",
                    "download": "127012176"
                }
            },
            "dlcappid": "3466730",
            "decryptionkey": ""
        },
        "branches": {
            "public": {
                "buildid": "17997815",
                "timeupdated": "1743883809"
            }
        }
    }
}