{
    "appid": "3227250",
    "type": "Demo",
    "name": "生嚿叉燒好過生你 Demo",
    "schinese_name": "",
    "isfreeapp": "0",
    "change_number": "26685919",
    "update_time": "2024-12-18 07:48:55",
    "depot": {
        "3227251": {
            "manifests": {
                "public": {
                    "gid": "3086485417424778803",
                    "size": "4039007468",
                    "download": "1315473216"
                }
            },
            "decryptionkey": "252a6008c812fdc60904be79973b459d9bde761254e04d6db6c7442f65553ac0"
        },
        "branches": {
            "public": {
                "buildid": "16101137",
                "timeupdated": "1729282123"
            }
        }
    }
}