{
    "appid": "3263670",
    "type": "Demo",
    "name": "Rum N' Gold Royale Demo",
    "schinese_name": "",
    "isfreeapp": "0",
    "change_number": "27316086",
    "update_time": "2025-02-05 07:49:01",
    "depot": {
        "3263671": {
            "config": {
                "oslist": "windows",
                "osarch": "64"
            },
            "manifests": {
                "public": {
                    "gid": "4077395463428694672",
                    "size": "258230002",
                    "download": "130599344"
                }
            },
            "decryptionkey": "ac4c1ab513c7fb993286cbc35067ec8b8516dba3305ed1637037c2ed4e325440"
        },
        "baselanguages": "english",
        "branches": {
            "public": {
                "buildid": "15918875",
                "timeupdated": "1727973727"
            }
        }
    }
}