{
    "appid": "3099870",
    "type": "Game",
    "name": "Bussy Master: CLUB LEATHER",
    "schinese_name": "",
    "isfreeapp": "0",
    "change_number": "28970416",
    "update_time": "2025-05-14 08:00:55",
    "depot": {
        "3099871": {
            "manifests": {
                "public": {
                    "gid": "7167493620802233172",
                    "size": "1029244912",
                    "download": "735137264"
                },
                "v2.02.1.06": {
                    "gid": "7167493620802233172",
                    "size": "1029244912",
                    "download": "735137264"
                },
                "v2.01.1.05": {
                    "gid": "6049947743887452843",
                    "size": "1009344392",
                    "download": "729777664"
                },
                "v2.00.1.04": {
                    "gid": "198983211407190327",
                    "size": "1006113232",
                    "download": "727533376"
                },
                "v1.00": {
                    "gid": "3073098996059468231",
                    "size": "419169085",
                    "download": "294052656"
                }
            },
            "decryptionkey": "e1073cc9ed17a8603dc21936f3628426be623f0555afd6398603db249d36fcf0"
        },
        "branches": {
            "public": {
                "buildid": "18187520",
                "timeupdated": "1745293344"
            },
            "v2.02.1.06": {
                "buildid": "18187520",
                "description": "v2.02.1.06 (Achievement Update) [21-04-25]",
                "timeupdated": "1745292156"
            },
            "v2.01.1.05": {
                "buildid": "17824146",
                "description": "v2.01.1.05 [22-03-25]",
                "timeupdated": "1742697851"
            },
            "v2.00.1.04": {
                "buildid": "17317492",
                "description": "v2.00.1.04 [10-02-25]",
                "timeupdated": "1739257389"
            },
            "v1.00": {
                "buildid": "14983107",
                "description": "v1.00 [09-07-24]",
                "timeupdated": "1739060357"
            }
        }
    }
}