{
    "appid": "3260610",
    "type": "Demo",
    "name": "The Knight Girl And Dungeons Demo",
    "schinese_name": "地下城的女骑士 Demo",
    "isfreeapp": "0",
    "change_number": "27104840",
    "update_time": "2025-01-22 11:03:00",
    "depot": {
        "3260611": {
            "manifests": {
                "public": {
                    "gid": "5670834331991859457",
                    "size": "3472997629",
                    "download": "1719815984"
                }
            },
            "decryptionkey": "6abc4170d33dc43998f7cbb8e16ab1596dc89e2e3b8fe54015e0ffa121aaf276"
        },
        "branches": {
            "public": {
                "buildid": "15848954",
                "timeupdated": "1727432387"
            }
        }
    }
}