{
    "appid": "3355430",
    "type": "Game",
    "name": "Alice Mesmerizing Episodes of Neurosis (AMEN)",
    "schinese_name": "",
    "isfreeapp": "0",
    "change_number": "28832622",
    "update_time": "2025-05-06 09:31:34",
    "depot": {
        "3355431": {
            "config": {
                "oslist": "windows",
                "osarch": "64"
            },
            "manifests": {
                "public": {
                    "gid": "256980654277488954",
                    "size": "1720649805",
                    "download": "127743456"
                }
            },
            "decryptionkey": "a0890a8c5a8d754e41c86e390997241b386953139edb98e36e9d1c01b1dc7235"
        },
        "3355432": {
            "config": {
                "oslist": "linux",
                "osarch": "64"
            },
            "manifests": {
                "public": {
                    "gid": "5428187784595913887",
                    "size": "1719117622",
                    "download": "125947296"
                }
            },
            "decryptionkey": ""
        },
        "branches": {
            "public": {
                "buildid": "16801958",
                "timeupdated": "1734618759"
            }
        }
    }
}