{
    "appid": "3001180",
    "type": "Music",
    "name": "Dolls Nest Original SoundTrack -The Origin of Species-",
    "schinese_name": "",
    "isfreeapp": "0",
    "change_number": "29039786",
    "update_time": "2025-05-17 20:13:16",
    "depot": {
        "3001181": {
            "manifests": {
                "public": {
                    "gid": "8306912616325537029",
                    "size": "220961920",
                    "download": "220376432"
                }
            },
            "decryptionkey": "e31b212b20fce759ea1fccaf6235fd76a3facc1c69e5afe2664b617bf334fa8d"
        },
        "3001182": {
            "config": {
                "highqualityaudio": "1"
            },
            "manifests": {
                "public": {
                    "gid": "5946440551963292010",
                    "size": "1590591226",
                    "download": "1536580192"
                }
            },
            "decryptionkey": "3809e0c567f4826f7434640d88b9f8dc574fcce9890e57ace05e93c72d7e0a92"
        },
        "branches": {
            "public": {
                "buildid": "18021080",
                "timeupdated": "1744089289"
            }
        }
    }
}