{
    "appid": "2976160",
    "type": "Game",
    "name": "Yark Survivors",
    "schinese_name": "",
    "isfreeapp": "0",
    "change_number": "28772652",
    "update_time": "2025-05-02 01:35:04",
    "depot": {
        "228989": {
            "config": {
                "oslist": "windows"
            },
            "depotfromapp": "228980",
            "sharedinstall": "1"
        },
        "228990": {
            "config": {
                "oslist": "windows"
            },
            "depotfromapp": "228980",
            "sharedinstall": "1"
        },
        "2976161": {
            "config": {
                "oslist": "windows",
                "osarch": "64"
            },
            "manifests": {
                "public": {
                    "gid": "9176017145198013041",
                    "size": "458421619",
                    "download": "322724144"
                }
            },
            "decryptionkey": "4c32a37ed7920916be36b5e6d3e01506ea784ba2826510f53d9ee7a7ca86c8d5"
        },
        "baselanguages": "english",
        "branches": {
            "public": {
                "buildid": "18311878",
                "timeupdated": "1746120895"
            }
        },
        "privatebranches": "1"
    }
}