{
    "appid": "2975030",
    "type": "Game",
    "name": "Lust Shot",
    "schinese_name": "",
    "isfreeapp": "0",
    "change_number": "28778924",
    "update_time": "2025-05-02 10:41:36",
    "depot": {
        "2975031": {
            "config": {
                "oslist": "windows",
                "osarch": "64"
            },
            "manifests": {
                "public": {
                    "gid": "237602180438544084",
                    "size": "1091564327",
                    "download": "191343184"
                }
            },
            "decryptionkey": "b5376faaa3dfbd3d5040efbdc7e544f751d540be86afa609955b5b8e4a254991"
        },
        "branches": {
            "public": {
                "buildid": "15481256",
                "timeupdated": "1724503960"
            }
        }
    }
}