{
    "appid": "3268250",
    "type": "Game",
    "name": "Waifu Simulator: Beach Edition",
    "schinese_name": "",
    "isfreeapp": "0",
    "change_number": "26003685",
    "update_time": "2024-11-01 17:14:40",
    "depot": {
        "3268251": {
            "manifests": {
                "public": {
                    "gid": "1492247054240613975",
                    "size": "93338051",
                    "download": "79263200"
                }
            },
            "decryptionkey": "eae07c74cdd2ec56e9e942ea3f619c0a718a17f3311acd1c249e79aa102302f4"
        },
        "branches": {
            "public": {
                "buildid": "16040171",
                "timeupdated": "1728926923"
            }
        }
    }
}