{
    "appid": "3268600",
    "type": "Game",
    "name": "Milo's Dream",
    "schinese_name": "",
    "isfreeapp": "0",
    "change_number": "28823733",
    "update_time": "2025-05-05 22:16:26",
    "depot": {
        "3268601": {
            "manifests": {
                "public": {
                    "gid": "6251102594753838636",
                    "size": "22075539",
                    "download": "10111808"
                }
            },
            "decryptionkey": "c02a62265079b7984e629157ce299f25dc4fed5d43ab17a4246f3d83157be99d"
        },
        "branches": {
            "public": {
                "buildid": "16556119",
                "timeupdated": "1732730398"
            }
        }
    }
}