{
    "appid": "3080930",
    "type": "Game",
    "name": "Jimmy Craft",
    "schinese_name": "",
    "isfreeapp": "0",
    "change_number": "24724305",
    "update_time": "2024-08-10 01:47:50",
    "depot": {
        "baselanguages": "english",
        "3080931": {
            "config": {
                "language": "english",
                "oslist": "windows",
                "osarch": "64"
            },
            "manifests": {
                "public": {
                    "gid": "2904959647175195246",
                    "size": "602337482",
                    "download": "245252944"
                }
            },
            "decryptionkey": "7e0f745614d127ba2a6c174436f8687ad61024fcedb448f9fd7ba99f92c791f1"
        },
        "branches": {
            "public": {
                "buildid": "15245868",
                "timeupdated": "1722638151"
            }
        }
    }
}