{
    "appid": "3499520",
    "type": "Game",
    "name": "PianoGlow",
    "schinese_name": "",
    "isfreeapp": "0",
    "change_number": "29042403",
    "update_time": "2025-05-18 01:58:57",
    "depot": {
        "workshopdepot": "3499520",
        "3499521": {
            "config": {
                "oslist": "windows"
            },
            "manifests": {
                "public": {
                    "gid": "533637406025068167",
                    "size": "704990677",
                    "download": "378449808"
                }
            },
            "decryptionkey": "6446540b05ba8770b71879f6c2643d3ef753f44af502a943cd4ac3da3a925dcc"
        },
        "3499522": {
            "config": {
                "oslist": "macos"
            },
            "manifests": {
                "public": {
                    "gid": "7955184885038148375",
                    "size": "786345994",
                    "download": "376669088"
                }
            }
        },
        "branches": {
            "public": {
                "buildid": "18504189",
                "timeupdated": "1747504729"
            }
        },
        "workshopdepotdecryptionkey": ""
    }
}