{
    "appid": "2969070",
    "type": "Demo",
    "name": "Steve's Warehouse Demo",
    "schinese_name": "",
    "isfreeapp": "0",
    "change_number": "25559350",
    "update_time": "2024-10-07 06:26:03",
    "depot": {
        "baselanguages": "english,french",
        "2969071": {
            "manifests": {
                "public": {
                    "gid": "4348173291868852799",
                    "size": "50981105",
                    "download": "37284224"
                }
            },
            "decryptionkey": "171096f0912705c232f52ac702325e76f82065b3f1300cf7d3a662c1261a9e37"
        },
        "branches": {
            "public": {
                "buildid": "17448027",
                "timeupdated": "1740102699"
            }
        }
    }
}