{
    "appid": "2967920",
    "type": "Demo",
    "name": "ShapeHero Factory Demo",
    "schinese_name": "ShapeHero Factory 涂鸦英雄工厂 Demo",
    "isfreeapp": "0",
    "change_number": "27454371",
    "update_time": "2025-02-13 15:40:30",
    "depot": {
        "2967921": {
            "manifests": {
                "public": {
                    "gid": "7586608747445048200",
                    "size": "732381256",
                    "download": "341396144"
                }
            },
            "decryptionkey": "dbfad17db53b23804ed7dc4435d7096aa8ee46bdf644032706ede801df2abf74"
        },
        "baselanguages": "english,german,french,koreana,spanish,schinese,tchinese,russian,japanese,polish,turkish,brazilian",
        "branches": {
            "public": {
                "buildid": "16261593",
                "timeupdated": "1730678258"
            }
        },
        "privatebranches": "1"
    }
}