{
    "appid": "3176560",
    "type": "Game",
    "name": "Newspaper Day",
    "schinese_name": "",
    "isfreeapp": "0",
    "change_number": "29016408",
    "update_time": "2025-05-16 12:12:46",
    "depot": {
        "baselanguages": "english",
        "3176561": {
            "config": {
                "oslist": "windows"
            },
            "manifests": {
                "public": {
                    "gid": "2735288761836168744",
                    "size": "6545375281",
                    "download": "2462993296"
                }
            },
            "decryptionkey": "0aba2ded7570c7f70f7aa53d094684390d690d8e0a658081a2953c9aad6e5798"
        },
        "branches": {
            "public": {
                "buildid": "16596482",
                "timeupdated": "1733108838"
            }
        }
    }
}