{
    "appid": "3024830",
    "type": "Game",
    "name": "Chushpan Simulator 2",
    "schinese_name": "",
    "isfreeapp": "0",
    "change_number": "28936815",
    "update_time": "2025-05-12 18:34:54",
    "depot": {
        "228989": {
            "config": {
                "oslist": "windows"
            },
            "depotfromapp": "228980",
            "sharedinstall": "1"
        },
        "228990": {
            "config": {
                "oslist": "windows"
            },
            "depotfromapp": "228980",
            "sharedinstall": "1"
        },
        "3024831": {
            "manifests": {
                "public": {
                    "gid": "3705970170292098058",
                    "size": "8494710152",
                    "download": "8018228112"
                }
            },
            "decryptionkey": "6515f85aa697a4b8643a8f7e44979c68516da4ef2d497c1db7a3e8524219662d"
        },
        "hasdepotsindlc": "1",
        "branches": {
            "public": {
                "buildid": "17488969",
                "timeupdated": "1740426491"
            }
        }
    }
}