{
    "appid": "3388340",
    "type": "Game",
    "name": "Laundromat Manager Simulator",
    "schinese_name": "",
    "isfreeapp": "0",
    "change_number": "28980205",
    "update_time": "2025-05-14 22:48:19",
    "depot": {
        "228989": {
            "config": {
                "oslist": "windows"
            },
            "depotfromapp": "228980",
            "sharedinstall": "1"
        },
        "228990": {
            "config": {
                "oslist": "windows"
            },
            "depotfromapp": "228980",
            "sharedinstall": "1"
        },
        "baselanguages": "english,german,french,italian,koreana,spanish,schinese,russian,japanese,portuguese,turkish",
        "3388341": {
            "manifests": {
                "public": {
                    "gid": "5948010874227057865",
                    "size": "2901943250",
                    "download": "2784265360"
                }
            },
            "decryptionkey": "98c88b947c35686e9b71567e0f251a8bce888d9e5041c00795dcd474c90c4e1d"
        },
        "branches": {
            "public": {
                "buildid": "18223458",
                "timeupdated": "1745496666"
            }
        },
        "privatebranches": "1"
    }
}