{
    "appid": "2986960",
    "type": "Demo",
    "name": "World horror story: AI Demo",
    "schinese_name": "",
    "isfreeapp": "0",
    "change_number": "27429209",
    "update_time": "2025-02-12 08:00:56",
    "depot": {
        "2986961": {
            "config": {
                "oslist": "windows"
            },
            "manifests": {
                "public": {
                    "gid": "8463385550082980571",
                    "size": "14731250841",
                    "download": "10558413904"
                }
            },
            "decryptionkey": "0f844065b238a093f7f3bbb36ff59de7a09a98fa3e2fa425a51ceaa627dba536"
        },
        "branches": {
            "public": {
                "buildid": "16875227",
                "timeupdated": "1735562316"
            }
        },
        "privatebranches": "1"
    }
}