{
    "appid": "3181300",
    "type": "Game",
    "name": "Scream",
    "schinese_name": "尖叫声",
    "isfreeapp": "0",
    "change_number": "28086606",
    "update_time": "2025-03-22 19:19:47",
    "depot": {
        "3181301": {
            "config": {
                "oslist": "windows"
            },
            "manifests": {
                "public": {
                    "gid": "5881443663639647251",
                    "size": "3998158347",
                    "download": "3527293200"
                }
            },
            "decryptionkey": "465abe72103f4829f7d18a3054940c976186bdcab454dcbfb262feba7d0d76a6"
        },
        "3181302": {
            "config": {
                "language": "japanese",
                "oslist": "windows"
            },
            "manifests": {
                "public": {
                    "gid": "8017329668520304857",
                    "size": "428253",
                    "download": "429792"
                }
            },
            "decryptionkey": ""
        },
        "3253240": {
            "dlcappid": "3253240",
            "config": {
                "oslist": "windows"
            },
            "manifests": {
                "public": {
                    "gid": "1913551381719243936",
                    "size": "873038533",
                    "download": "869666624"
                }
            },
            "decryptionkey": ""
        },
        "3322460": {
            "dlcappid": "3322460",
            "config": {
                "oslist": "windows"
            },
            "manifests": {
                "public": {
                    "gid": "2486548176627181391",
                    "size": "20732347",
                    "download": "20452928"
                }
            },
            "decryptionkey": ""
        },
        "3407120": {
            "dlcappid": "3407120",
            "config": {
                "oslist": "windows"
            },
            "manifests": {
                "public": {
                    "gid": "4524287360756828587",
                    "size": "104153178",
                    "download": "105015168"
                }
            },
            "decryptionkey": "d2f981bec981e5ce0c4246026b4aa079a89f4d044e8fc88e55bcd7b95c9a13da"
        },
        "branches": {
            "public": {
                "buildid": "17435196",
                "timeupdated": "1740036170"
            }
        }
    }
}