{
    "appid": "3488310",
    "type": "Demo",
    "name": "Nomad Idle Demo",
    "schinese_name": "",
    "isfreeapp": "0",
    "change_number": "27504017",
    "update_time": "2025-02-17 00:15:53",
    "depot": {
        "3488311": {
            "manifests": {
                "public": {
                    "gid": "3758717655737274881",
                    "size": "208700368",
                    "download": "111770096"
                }
            },
            "decryptionkey": "d7ed9b8f5a7205da63388f04992ada5a992107bcfbcfe6b3b550fac700c0e130"
        },
        "branches": {
            "public": {
                "buildid": "17474789",
                "timeupdated": "1740331231"
            }
        }
    }
}